N,P,K,temperature,humidity,ph,rainfall,crop
84.2,48.7,22.5,26.2,68.8,6.55,981.5,wheat
70.7,56.4,105.4,28.6,51.8,6.36,564.4,muskmelon
101.3,65.6,75.2,22.8,76.2,6.37,2487.2,rice
107.3,64.0,91.7,21.8,65.7,6.52,2065.0,papaya
111.0,56.6,52.6,24.2,80.4,6.11,2805.9,rice
56.7,60.4,93.9,31.4,67.2,6.28,582.0,watermelon
83.1,45.4,109.6,29.1,61.4,6.71,793.5,muskmelon
98.0,53.1,49.8,28.5,93.7,6.19,2675.8,rice
114.0,57.5,109.2,32.9,58.5,7.54,948.6,cotton
50.0,48.8,54.5,27.7,53.7,6.82,594.0,pomegranate
26.6,45.6,29.1,31.2,50.9,5.82,1223.5,pigeonpeas
103.0,69.6,62.0,31.5,86.3,6.46,2893.2,jute
100.6,48.3,62.6,25.3,60.5,7.12,1762.6,orange
59.4,45.2,60.9,25.0,58.9,6.09,1302.8,pomegranate
89.4,54.8,96.3,25.2,89.2,6.69,2058.0,papaya
61.9,44.0,90.5,27.6,61.8,7.3,1134.7,grapes
125.8,62.9,50.8,24.9,93.8,5.9,2841.4,rice
80.6,56.3,95.5,24.0,69.7,6.37,2245.0,papaya
97.2,71.1,110.5,28.2,80.0,6.85,1795.7,papaya
41.0,38.4,34.0,29.6,72.7,6.61,1194.1,blackgram
20.8,30.0,20.2,30.9,44.8,6.26,391.4,mothbeans
95.8,56.3,27.5,20.5,59.6,7.2,1140.4,wheat
54.3,36.3,93.2,22.2,59.6,7.35,1072.8,grapes
89.5,44.5,95.1,27.6,88.2,6.58,2528.4,coconut
81.6,55.3,54.8,29.8,70.3,5.65,1937.6,orange
26.3,40.5,33.9,30.6,67.9,6.88,1333.0,blackgram
66.3,19.0,60.0,31.5,60.9,6.72,1380.3,mango
63.4,49.3,89.8,29.6,54.3,6.39,758.2,watermelon
141.9,57.8,61.9,24.7,80.9,5.78,3028.5,jute
22.2,42.0,24.3,32.2,42.8,7.14,568.0,mothbeans
106.6,44.6,115.6,30.1,81.6,6.05,2397.4,banana
53.3,50.6,79.2,22.5,62.2,7.01,1636.3,orange
73.0,44.0,72.0,31.8,85.6,6.78,2501.5,coconut
19.1,19.6,25.2,29.3,38.9,7.05,478.6,mothbeans
114.5,63.3,49.8,24.1,89.3,6.01,2379.0,rice
67.7,46.3,67.6,31.3,54.7,6.74,878.4,pomegranate
103.8,57.7,94.7,31.0,77.8,6.85,2212.3,banana
49.8,62.0,99.1,33.8,59.0,6.41,586.5,muskmelon
97.7,53.3,74.0,31.4,55.8,6.82,1189.5,cotton
104.4,53.8,75.5,23.1,71.9,6.95,1037.3,maize
86.7,42.1,91.1,25.1,77.3,6.04,2279.0,banana
91.2,36.8,44.6,28.8,63.1,6.74,1537.6,maize
115.5,65.8,50.8,33.6,80.3,6.03,2486.5,rice
118.0,56.2,93.8,26.7,80.6,6.49,2038.2,papaya
86.5,40.1,45.9,19.5,72.9,6.9,1044.1,maize
35.3,48.2,26.1,19.0,55.6,5.98,1130.0,pigeonpeas
99.8,39.7,53.0,18.3,62.0,7.08,1063.8,maize
122.6,48.7,53.6,30.3,78.7,6.44,2804.5,jute
107.4,54.6,41.9,17.6,56.8,6.99,1144.7,wheat
42.4,71.8,38.1,22.2,62.0,6.46,1069.0,kidneybeans
69.6,27.9,115.4,26.7,88.3,6.47,3263.4,coconut
46.6,57.0,38.6,20.5,53.4,7.0,724.5,chickpea
26.4,35.7,29.4,25.6,63.6,7.12,1315.6,pigeonpeas
61.1,29.9,123.7,27.5,87.1,6.4,2330.1,coconut
59.2,39.1,90.7,19.4,54.4,6.17,661.4,grapes
107.3,43.4,80.5,34.9,76.7,6.74,1915.2,banana
102.5,42.6,55.9,27.5,76.5,5.99,2846.6,rice
79.4,49.8,66.2,23.2,67.1,6.41,1844.7,orange
60.6,39.7,44.3,31.6,63.0,6.98,2066.0,mango
48.8,28.5,66.1,26.2,48.9,7.04,1068.5,pomegranate
59.0,34.8,65.4,38.2,64.1,6.44,1286.0,mango
26.5,24.4,17.0,34.7,43.0,7.06,589.1,mothbeans
38.0,34.9,24.3,23.2,50.8,7.11,677.0,lentil
99.0,37.0,38.9,21.6,78.3,6.52,1174.9,maize
49.0,38.3,52.8,31.3,51.0,6.12,925.5,pomegranate
63.9,63.3,90.1,28.2,62.3,6.86,890.5,watermelon
88.9,51.8,100.7,30.0,94.1,5.93,2408.1,banana
128.2,60.2,78.3,28.0,59.6,6.82,1341.4,cotton
116.7,55.2,63.6,37.6,94.3,6.35,2846.0,jute
46.5,64.1,41.5,19.9,70.4,7.28,1018.2,kidneybeans
127.0,47.6,48.2,31.1,84.6,5.39,2443.9,rice
45.0,63.1,98.8,22.6,59.3,6.47,586.7,muskmelon
76.5,57.5,96.8,26.0,63.3,6.92,688.6,muskmelon
98.9,72.8,70.0,29.5,83.1,6.51,2846.7,jute
102.1,52.6,76.5,28.2,63.9,6.52,532.0,muskmelon
41.4,48.6,41.5,25.5,71.3,7.12,849.2,blackgram
29.0,43.7,49.2,32.7,73.0,6.48,965.4,mungbean
34.5,51.1,30.0,28.0,60.5,6.6,1311.4,pigeonpeas
72.4,34.9,96.0,29.7,91.7,6.04,2427.1,coconut
72.6,24.8,44.6,34.1,57.6,6.69,1496.4,mango
22.1,32.9,40.9,19.2,63.0,6.46,758.5,lentil
16.2,18.2,29.2,31.9,33.2,7.15,674.0,mothbeans
58.9,43.8,88.6,31.8,57.3,6.55,1095.7,grapes
14.8,32.5,33.7,21.4,55.4,6.83,705.3,chickpea
98.9,65.4,58.5,20.8,59.9,6.35,715.3,maize
67.2,49.2,33.6,25.1,47.5,6.29,572.9,wheat
40.7,62.4,53.3,15.8,67.8,5.88,1064.9,kidneybeans
87.7,55.9,112.7,26.9,64.6,6.45,506.8,watermelon
83.1,61.5,85.9,23.2,80.3,5.95,2454.5,coffee
26.2,56.1,33.5,27.9,65.5,7.15,1187.5,pigeonpeas
72.9,58.8,103.4,25.0,78.1,5.59,2701.3,coffee
22.0,54.9,33.9,21.2,37.8,6.72,627.8,lentil
54.0,57.8,40.2,19.1,59.1,6.7,949.0,wheat
133.6,48.1,32.2,22.1,56.4,6.5,1051.7,maize
96.7,42.2,44.2,18.9,52.3,7.19,1131.7,wheat
24.0,33.7,41.7,28.5,71.5,7.1,1136.2,mungbean
80.8,38.0,54.2,31.1,49.9,7.04,1485.2,mango
89.2,49.8,63.0,27.0,89.0,6.32,3653.3,rice
71.9,39.1,49.5,31.8,65.2,6.75,1350.7,mango
23.6,51.7,43.9,18.9,58.9,6.92,686.2,chickpea
69.0,39.6,123.7,27.6,89.5,6.05,2686.4,coconut
20.2,26.9,17.7,31.6,40.7,6.95,511.1,mothbeans
22.3,50.3,32.1,19.9,44.0,6.6,532.8,lentil
75.5,51.4,45.8,18.1,47.5,6.77,990.9,wheat
101.9,38.1,65.6,27.0,81.6,6.29,1999.5,rice
43.9,44.9,52.1,34.6,64.8,7.18,2226.1,mango
15.3,42.8,27.5,13.8,54.9,5.95,792.7,lentil
53.9,53.2,43.9,20.5,68.7,7.03,1350.4,kidneybeans
63.8,38.6,67.2,22.9,68.6,6.25,1859.2,apple
108.4,61.2,116.2,28.3,74.4,6.14,1515.5,papaya
34.4,60.5,34.3,34.2,69.3,7.16,876.6,mungbean
75.0,65.8,115.9,27.5,64.0,6.33,813.0,watermelon
86.7,51.9,67.9,24.3,63.3,6.15,1891.7,orange
88.0,42.7,37.6,21.5,68.4,6.79,996.1,wheat
53.2,37.8,67.4,31.2,68.9,6.93,1498.7,mango
107.0,60.2,97.1,30.7,71.0,6.67,1547.3,papaya
60.7,35.2,67.2,30.4,73.5,6.48,926.0,grapes
83.5,42.4,75.1,18.9,46.6,7.17,749.0,grapes
37.6,36.7,72.7,16.1,72.1,6.11,1785.3,apple
101.8,63.6,71.3,27.5,60.0,6.31,1132.4,cotton
48.0,34.8,74.0,20.5,81.6,6.6,1579.6,apple
116.8,63.0,68.9,33.0,85.6,6.35,2221.7,jute
57.8,38.0,64.8,31.8,61.9,7.0,2191.1,mango
74.2,42.4,97.3,20.3,67.9,6.56,904.7,grapes
54.4,31.4,84.9,22.8,55.5,7.18,962.9,grapes
17.6,47.4,29.1,18.4,55.4,7.07,753.7,chickpea
70.8,35.7,84.5,25.4,78.7,6.57,1554.1,orange
42.9,22.6,48.6,31.6,66.7,6.25,2162.4,mango
71.3,42.3,90.7,29.5,67.2,6.68,675.0,watermelon
98.5,50.6,57.9,29.0,91.1,5.5,2772.1,rice
29.6,42.9,31.2,35.7,61.7,7.25,1160.1,mungbean
32.1,41.1,34.7,19.1,48.7,7.23,957.7,chickpea
28.3,38.8,34.4,24.8,54.0,6.95,918.0,chickpea
58.4,18.0,122.5,30.7,88.2,6.15,2281.3,coconut
116.5,47.8,70.0,32.5,83.3,6.35,2668.1,jute
33.2,65.3,35.6,26.9,63.6,6.64,1118.7,blackgram
121.8,62.9,57.6,26.4,87.4,6.8,2052.4,rice
112.5,50.7,46.3,24.9,89.1,6.31,2521.5,rice
127.2,64.5,68.4,26.8,56.8,6.55,1311.8,cotton
102.9,33.6,108.7,28.3,84.7,6.34,2442.0,banana
72.9,57.1,122.9,28.1,65.0,6.59,586.3,watermelon
21.0,42.2,28.2,25.0,52.1,6.31,705.2,lentil
57.3,36.0,56.3,20.7,72.1,6.62,1389.6,apple
134.5,73.4,46.7,28.3,83.8,6.2,3528.7,jute
38.3,32.1,131.3,25.3,86.2,5.86,2081.2,coconut
66.0,49.5,135.6,25.3,78.4,6.23,2022.9,coconut
83.5,51.1,55.1,24.4,65.1,6.91,931.4,maize
98.2,45.6,75.1,35.7,87.0,6.24,2882.4,jute
57.6,33.7,69.5,31.7,44.3,6.43,1031.0,pomegranate
62.7,31.5,97.4,36.3,68.2,7.06,1002.3,grapes
59.9,36.9,71.3,32.6,72.3,6.54,1633.2,mango
105.6,61.8,71.2,25.6,76.0,6.28,2456.3,rice
59.3,61.9,111.0,24.0,67.0,6.65,794.4,watermelon
131.0,54.9,67.1,24.0,69.7,6.45,1539.0,maize
39.7,37.2,41.6,27.2,61.3,7.39,1051.0,mungbean
74.6,49.8,72.9,21.8,79.4,5.95,1659.5,orange
99.6,49.0,81.2,36.2,71.0,6.78,899.6,cotton
24.7,26.8,21.2,19.0,55.9,7.19,527.9,lentil
37.2,68.4,47.1,15.2,68.7,7.01,1168.2,kidneybeans
68.2,55.1,70.2,22.3,62.6,6.0,2029.9,orange
49.6,59.5,31.2,24.5,63.1,6.44,1108.6,kidneybeans
116.6,52.4,54.0,25.6,87.6,5.94,2182.1,rice
77.8,28.5,63.6,27.9,64.6,6.15,1727.1,mango
75.1,38.7,74.2,27.9,56.1,7.04,1140.2,grapes
54.3,52.6,67.4,34.6,59.3,7.37,1325.7,pomegranate
135.3,48.5,102.4,30.2,82.8,6.37,2355.4,papaya
115.4,53.7,69.1,25.9,84.4,5.98,2764.4,rice
65.4,38.0,58.9,27.9,69.2,6.19,1854.8,mango
68.2,55.2,92.3,27.4,53.5,6.98,698.1,muskmelon
27.3,44.0,40.8,19.6,52.6,7.48,893.7,lentil
50.9,40.8,58.9,37.6,61.5,6.36,2060.3,mango
87.5,44.7,65.1,26.1,84.1,6.15,1948.3,rice
104.1,60.3,69.5,33.5,78.4,6.69,2678.5,jute
41.6,37.6,74.0,9.5,61.9,6.52,1612.1,apple
65.4,66.4,97.8,26.7,55.0,6.58,602.8,muskmelon
64.6,36.1,71.5,17.7,60.6,6.29,2057.2,apple
45.0,48.4,95.1,22.8,76.0,5.46,2700.9,coffee
125.3,56.2,57.9,28.6,82.6,6.39,2772.5,rice
31.1,50.0,37.4,28.8,75.9,6.61,903.3,blackgram
105.6,54.0,66.7,27.4,80.9,6.11,2641.3,rice
46.9,26.6,57.2,10.9,69.4,6.48,1893.5,apple
62.4,53.4,82.4,35.2,47.3,6.24,1212.3,pomegranate
72.0,62.4,75.8,28.7,64.8,6.89,894.0,cotton
51.7,39.3,91.4,24.7,53.4,6.42,540.0,grapes
30.4,47.3,32.5,28.2,74.7,7.17,980.7,blackgram
121.7,72.8,56.2,25.8,85.4,6.52,2141.5,jute
40.4,49.3,30.4,31.2,67.2,6.55,950.4,blackgram
33.6,40.6,35.2,28.5,68.2,6.4,1080.8,blackgram
22.7,33.7,44.1,20.0,52.6,6.73,805.8,lentil
114.7,58.0,80.9,20.9,52.4,6.68,1039.5,cotton
137.3,41.2,58.4,24.0,81.6,5.78,2708.2,rice
29.3,71.5,33.9,17.0,64.9,7.1,1082.4,kidneybeans
99.0,53.5,67.2,24.7,82.2,6.42,2686.9,jute
75.0,40.4,125.5,24.2,83.1,6.56,2977.0,coconut
117.6,51.5,93.8,27.9,72.6,7.12,1073.0,cotton
130.1,58.8,95.6,29.0,69.5,7.19,1576.6,papaya
113.7,56.8,84.4,30.3,80.6,6.38,1850.4,papaya
59.2,35.1,63.5,31.3,56.3,7.09,1348.4,pomegranate
67.7,42.1,70.1,29.6,55.4,6.38,874.6,grapes
34.4,57.9,35.8,21.0,47.4,6.83,659.0,chickpea
28.8,34.9,31.9,25.0,50.3,7.13,649.3,mothbeans
42.4,23.8,57.4,32.8,48.4,6.75,1996.3,mango
118.1,52.9,81.3,27.0,63.2,7.44,946.8,cotton
82.0,35.9,69.5,21.5,70.5,6.95,2025.6,orange
23.3,40.7,25.7,29.8,67.4,6.92,874.2,mungbean
85.3,55.6,87.7,28.1,71.0,6.36,1520.6,papaya
115.4,49.0,51.7,22.4,66.9,6.45,1197.6,maize
29.8,34.4,36.1,17.8,58.9,6.55,708.3,lentil
98.3,46.9,90.3,33.0,60.4,6.46,494.4,muskmelon
82.7,62.0,73.1,27.5,57.4,6.58,763.4,muskmelon
65.7,36.0,111.5,29.6,86.4,6.61,2421.7,coconut
95.7,54.7,56.6,26.9,81.8,6.24,2963.1,rice
62.2,51.1,102.2,18.5,77.4,5.37,2790.1,coffee
89.5,57.1,97.7,32.7,64.0,6.42,603.6,muskmelon
116.9,54.3,52.3,39.9,86.1,6.16,2673.8,jute
118.5,42.4,120.5,28.2,82.9,6.65,1929.8,banana
96.5,56.0,68.1,21.6,66.8,6.26,1314.6,maize
24.5,47.9,48.1,14.2,70.4,6.97,1010.4,kidneybeans
118.9,52.3,47.4,24.4,81.1,6.33,2298.3,rice
73.7,60.3,97.3,23.7,72.7,5.73,1620.0,coffee
86.6,36.6,94.8,29.5,80.3,5.82,2042.9,banana
16.2,17.7,26.2,31.0,46.5,7.13,537.7,mothbeans
52.4,45.5,75.2,28.2,43.9,7.43,1280.3,pomegranate
17.3,28.2,25.6,34.3,45.3,7.05,574.4,mothbeans
99.1,45.7,91.1,19.1,71.3,5.61,2038.3,coffee
28.8,60.3,35.4,32.4,61.2,6.9,975.1,pigeonpeas
60.3,32.0,58.6,33.3,62.5,6.56,1968.2,mango
26.8,46.7,39.3,28.9,58.6,6.55,920.9,pigeonpeas
85.7,55.2,50.5,27.9,64.4,6.79,1365.0,maize
99.8,61.2,72.0,28.4,84.8,5.87,3712.9,rice
59.5,55.4,99.4,24.0,66.7,6.67,746.7,muskmelon
38.5,31.1,30.9,37.5,34.1,6.88,410.8,mothbeans
28.9,56.6,38.1,23.6,67.1,6.28,1159.6,kidneybeans
82.7,54.9,95.4,26.3,59.9,6.75,748.4,muskmelon
85.9,61.2,58.5,22.4,64.0,5.95,782.9,maize
27.3,53.8,52.8,28.6,66.6,5.88,1181.2,blackgram
36.3,40.9,33.2,30.8,57.4,6.77,1042.8,pigeonpeas
95.1,51.9,117.5,31.6,85.8,6.54,2760.5,coconut
82.8,55.7,100.6,26.4,81.7,6.42,2038.1,banana
39.6,48.4,36.1,23.8,79.2,6.81,1114.8,blackgram
56.7,36.8,71.0,16.2,70.3,6.59,1860.2,apple
101.5,56.0,137.2,26.4,84.7,6.51,2097.1,banana
64.0,36.0,87.1,27.1,67.1,6.97,558.8,watermelon
87.5,50.9,58.9,33.6,58.0,6.58,1049.2,maize
56.9,36.1,94.2,23.5,48.4,6.58,840.2,grapes
108.1,63.8,100.8,28.5,79.5,6.38,1404.4,papaya
119.2,40.8,34.5,16.4,59.8,7.33,731.6,wheat
22.5,40.7,43.4,23.9,48.5,7.42,589.7,lentil
110.2,64.1,56.6,25.9,86.7,6.29,3190.7,rice
19.0,41.6,34.7,17.2,45.9,7.47,762.1,lentil
79.0,46.6,30.3,16.8,59.5,6.84,654.5,wheat
75.0,48.5,123.5,31.4,83.0,6.38,2020.9,coconut
41.1,72.6,42.7,22.5,66.1,6.93,799.1,kidneybeans
31.7,44.0,32.7,32.5,62.8,6.82,830.9,mungbean
40.8,41.9,80.8,32.7,61.9,6.62,1304.0,grapes
99.5,49.5,53.4,19.9,67.0,6.6,1220.4,maize
108.9,68.7,61.1,34.2,78.2,6.76,2578.4,jute
99.9,51.1,64.8,28.4,67.1,6.95,1013.9,maize
104.8,49.7,60.0,22.3,62.7,6.55,1427.2,maize
97.3,49.2,55.5,25.5,89.3,6.34,1660.7,rice
125.4,54.5,99.8,31.0,80.4,6.53,1507.8,papaya
84.1,46.8,101.3,28.0,79.0,6.78,1927.2,banana
31.9,31.6,36.8,27.9,72.7,6.76,795.5,mungbean
26.5,53.6,35.8,24.7,58.6,5.7,1041.4,pigeonpeas
94.1,66.8,86.5,24.5,75.8,6.46,2347.5,orange
93.6,49.9,87.7,28.1,56.2,6.69,893.9,cotton
76.1,40.6,113.1,32.8,63.6,6.56,592.7,muskmelon
17.3,23.5,18.1,26.1,39.1,7.3,711.5,mothbeans
117.2,53.5,52.0,25.4,87.9,6.2,3041.0,rice
57.6,32.8,54.0,17.5,77.6,6.22,1710.2,apple
119.3,48.0,79.6,22.0,79.7,7.02,1515.0,papaya
35.9,40.4,30.1,28.3,64.6,6.87,1009.8,blackgram
63.4,47.8,89.6,22.2,71.6,6.4,817.6,muskmelon
78.6,33.0,58.6,28.2,62.5,6.79,1530.7,mango
104.4,49.2,122.3,30.0,84.8,6.0,2575.5,banana
104.5,52.4,117.8,30.9,75.8,6.9,2310.0,banana
124.3,39.7,42.8,16.7,70.1,7.05,1018.1,wheat
108.5,51.7,46.4,32.1,65.0,6.78,1016.1,maize
72.2,51.4,70.8,24.6,57.6,6.48,540.1,muskmelon
38.6,65.2,47.0,21.0,76.4,6.64,1042.2,kidneybeans
71.5,53.4,107.9,23.4,45.9,6.11,550.4,grapes
36.6,35.9,84.4,17.6,63.0,6.75,1275.8,grapes
62.1,51.5,83.0,16.8,70.4,5.29,3012.7,coffee
127.4,52.2,75.4,25.6,79.8,6.13,2205.1,rice
109.1,61.6,42.6,23.2,65.4,6.79,783.2,maize
73.2,47.6,80.8,22.6,77.2,5.57,1892.6,coffee
77.1,56.4,86.1,34.0,63.8,6.66,847.5,watermelon
63.9,30.6,80.0,28.5,58.1,6.72,715.5,grapes
106.8,56.1,83.7,24.0,79.4,6.46,1699.7,papaya
121.9,71.4,55.2,30.9,86.0,6.72,2595.2,jute
71.7,34.8,97.3,27.4,79.5,6.9,2331.1,coconut
58.9,37.0,68.2,31.8,65.5,6.57,1398.8,mango
39.6,47.0,26.6,25.6,50.8,6.95,562.8,chickpea
37.9,39.3,30.1,26.7,62.2,6.99,1060.7,pigeonpeas
98.3,45.9,134.8,28.4,76.2,7.03,1936.4,banana
53.0,42.6,105.7,29.1,86.3,6.28,2390.2,coconut
43.5,37.2,34.1,19.0,53.1,5.39,1409.8,pigeonpeas
39.8,35.3,33.5,24.9,75.9,6.06,925.2,blackgram
70.9,39.7,89.5,34.9,49.0,6.75,1376.8,pomegranate
106.3,33.5,54.8,20.7,60.0,6.65,1017.7,maize
104.4,56.2,110.2,32.0,87.7,6.82,2282.1,banana
29.7,37.0,47.2,30.3,72.1,6.4,917.4,mungbean
13.2,19.7,36.7,29.5,41.3,7.08,609.0,mothbeans
69.1,53.6,108.0,19.2,81.0,5.49,2651.4,coffee
71.0,57.7,73.1,27.4,65.7,6.34,880.7,maize
103.6,63.9,59.9,30.8,52.7,7.52,1114.7,cotton
102.8,56.6,70.4,25.6,80.3,5.75,2327.0,rice
42.4,66.3,49.0,19.4,75.7,6.89,915.0,kidneybeans
63.5,32.0,92.8,34.1,55.0,6.55,1099.9,grapes
68.8,33.5,62.8,31.0,62.6,7.2,1187.4,grapes
68.0,55.4,49.6,30.8,51.7,7.14,1421.2,pomegranate
14.5,35.0,23.3,17.1,40.1,6.76,590.3,lentil
107.9,47.7,124.9,27.9,89.2,6.25,1885.4,banana
70.1,42.3,79.9,25.6,60.3,6.53,1417.8,orange
35.5,48.2,18.0,22.3,50.8,6.07,939.3,chickpea
33.6,67.0,36.9,25.6,62.2,6.89,992.8,blackgram
125.3,59.6,59.8,34.3,88.2,6.29,2802.4,jute
99.3,37.5,53.6,21.5,62.8,6.94,1199.5,maize
84.8,55.3,114.7,15.9,78.1,5.72,1620.0,coffee
124.7,40.3,85.0,29.9,84.7,5.94,1436.7,banana
72.6,41.2,66.2,26.5,59.8,6.58,2018.1,mango
116.3,48.6,36.8,24.6,81.7,6.08,1986.5,rice
63.1,41.6,89.1,29.1,82.8,6.67,3182.0,coconut
80.2,44.7,68.4,19.1,72.7,5.61,1750.3,coffee
85.5,48.5,76.4,27.2,49.4,7.1,1056.3,grapes
71.1,53.5,121.5,28.8,71.9,6.63,777.6,watermelon
43.4,31.2,56.0,32.0,61.8,6.43,1701.6,mango
115.1,48.0,41.0,23.6,73.4,6.72,1368.4,maize
69.0,56.4,82.3,26.8,65.9,6.7,703.5,muskmelon
86.8,58.1,97.7,25.3,54.2,7.06,761.4,muskmelon
35.7,46.7,26.0,24.3,54.2,7.19,606.9,chickpea
64.8,38.7,63.0,34.9,54.1,6.94,1709.5,mango
74.7,54.2,101.7,24.5,64.7,6.28,682.1,watermelon
69.4,49.0,84.7,29.9,71.8,6.44,1915.6,orange
29.9,27.0,33.0,30.2,67.3,6.35,1060.7,mungbean
123.1,44.8,69.8,28.1,82.7,6.65,1047.4,maize
97.7,57.1,107.4,23.7,57.7,6.95,807.1,watermelon
62.8,48.7,62.6,22.3,70.9,6.59,1675.9,apple
55.6,40.8,69.0,16.2,67.3,6.29,1388.3,apple
71.8,38.0,93.6,23.0,81.6,5.89,2482.1,coffee
97.7,51.9,51.7,19.6,69.2,6.59,1236.0,maize
75.3,40.9,70.1,28.1,58.6,7.83,1209.1,pomegranate
121.5,61.2,68.1,35.2,72.2,6.32,2726.1,jute
62.6,43.7,76.8,29.1,65.2,6.55,639.7,muskmelon
33.5,64.1,28.1,18.7,73.8,6.53,1222.2,kidneybeans
28.6,34.8,37.5,16.3,46.0,7.06,595.6,lentil
121.3,73.5,62.0,26.0,86.1,6.33,2948.1,rice
117.0,46.3,61.7,25.2,85.3,6.55,2969.1,rice
59.4,25.5,67.9,38.0,60.3,6.68,2398.2,mango
138.0,59.2,125.4,32.7,78.6,6.53,2493.5,banana
19.6,31.3,24.9,32.3,41.1,6.84,601.7,mothbeans
109.9,45.8,76.2,31.6,88.7,6.17,1679.8,papaya
65.9,49.8,59.1,21.2,68.1,6.57,1727.4,apple
39.3,46.5,36.2,32.1,63.3,6.59,1161.2,blackgram
83.8,35.5,76.3,26.5,75.3,5.66,2668.5,coffee
76.2,47.2,85.4,20.2,62.6,6.67,643.6,grapes
36.8,53.2,42.5,20.9,53.8,6.46,1143.8,kidneybeans
60.6,41.9,60.1,32.2,55.5,7.34,1165.1,pomegranate
92.1,41.3,38.0,25.2,64.6,6.62,693.9,wheat
100.8,54.2,105.7,26.2,83.8,5.92,2618.8,banana
103.5,56.3,41.7,21.6,64.1,5.95,1228.2,wheat
67.3,51.5,52.6,25.8,71.6,6.35,1723.2,orange
24.5,36.0,44.8,27.3,62.6,6.67,1571.7,pigeonpeas
54.4,34.6,74.3,27.2,49.1,7.22,1625.2,pomegranate
77.8,59.6,35.4,26.2,69.4,6.89,748.6,wheat
47.0,37.3,67.6,14.1,58.3,6.35,1788.8,apple
27.8,45.9,36.4,16.4,59.8,6.91,672.7,lentil
90.8,49.6,102.6,28.6,80.6,6.91,1588.9,papaya
61.9,37.8,59.7,13.2,59.5,6.68,1579.5,apple
104.6,55.5,58.1,22.5,78.0,5.87,2962.6,rice
86.3,52.2,35.1,23.0,60.4,7.03,1007.6,wheat
71.9,61.7,105.4,32.1,68.8,6.81,701.2,watermelon
69.8,43.6,41.8,24.2,54.1,7.58,901.8,wheat
42.4,43.8,38.6,22.5,50.8,6.96,986.6,chickpea
35.6,45.2,43.9,26.6,49.8,7.06,1222.3,pigeonpeas
89.9,51.5,59.9,23.9,65.2,6.82,919.3,cotton
77.2,56.7,84.1,30.2,60.5,6.92,780.6,watermelon
62.8,36.4,65.4,31.2,58.1,6.68,1023.6,mango
71.3,32.9,70.9,26.0,56.6,7.04,823.2,grapes
40.2,62.1,45.9,17.9,65.0,6.47,1463.9,kidneybeans
109.9,54.0,75.3,30.3,50.9,7.08,1007.3,cotton
61.5,39.4,59.2,29.0,68.9,7.25,1627.4,mango
69.6,40.6,81.5,37.9,45.3,6.5,1030.1,grapes
68.4,57.4,111.7,21.5,74.8,5.37,2588.0,coffee
70.9,50.1,38.5,13.0,56.1,6.78,1319.7,wheat
36.2,44.5,43.9,29.5,63.1,6.89,905.4,mungbean
59.0,41.4,101.7,31.4,85.2,6.39,2426.1,coconut
46.0,57.5,27.5,31.8,75.6,6.46,780.0,blackgram
92.9,51.5,87.8,28.1,81.0,6.06,2466.4,banana
74.6,47.3,59.7,18.2,59.2,6.54,1485.1,orange
128.4,52.1,86.4,28.7,61.5,7.74,1414.3,cotton
111.2,62.0,52.0,32.4,86.9,6.48,2896.7,jute
106.6,37.8,100.6,23.6,82.8,6.86,1912.3,papaya
26.7,37.1,24.8,22.3,50.0,7.32,1053.8,chickpea
63.8,38.1,58.4,28.9,58.8,6.34,1126.6,mango
133.7,59.3,50.3,29.2,85.9,6.74,2065.9,jute
19.5,41.0,36.0,19.5,47.2,6.74,693.9,lentil
44.5,47.4,21.2,29.3,55.8,6.82,1084.9,pigeonpeas
34.9,42.1,37.7,28.4,76.1,6.62,869.9,blackgram
80.8,32.7,122.0,27.0,87.7,6.49,2712.9,coconut
122.2,54.1,61.3,32.0,83.8,6.21,2611.7,jute
18.4,32.7,16.8,28.6,48.1,7.68,544.8,mothbeans
56.1,44.0,129.7,28.3,89.1,5.99,2485.0,coconut
81.5,68.8,102.1,25.4,71.0,6.74,2144.8,papaya
28.5,44.2,32.4,27.1,45.3,6.62,845.7,chickpea
90.0,47.2,89.9,28.2,81.1,6.88,1978.0,papaya
28.0,24.4,24.9,28.2,33.6,6.91,468.2,mothbeans
73.2,44.6,106.9,17.7,79.1,5.62,3344.9,coffee
73.6,25.1,71.2,32.0,62.7,5.9,1250.0,mango
13.5,41.1,25.9,22.4,60.3,7.09,857.6,chickpea
54.5,45.7,54.5,30.0,55.8,6.77,1634.3,mango
81.5,52.4,118.2,28.6,75.3,6.42,932.3,watermelon
78.3,51.9,48.9,27.4,64.2,6.74,1902.6,orange
71.0,43.6,115.5,29.7,83.7,6.49,3221.0,coconut
144.7,67.0,44.6,30.9,92.9,7.34,3021.1,jute
47.0,47.7,70.9,26.4,55.9,7.51,1286.8,grapes
64.3,36.9,94.8,35.5,85.1,6.31,1940.6,coconut
23.5,36.7,33.0,18.9,41.3,6.94,643.0,lentil
89.1,48.5,65.9,25.2,64.7,6.28,1353.5,orange
32.3,52.8,40.9,28.4,60.4,6.46,1210.9,kidneybeans
32.3,38.5,46.9,28.4,72.5,6.56,801.4,mungbean
84.1,54.4,75.9,24.8,60.6,6.83,1884.3,orange
58.8,53.9,69.9,20.5,67.1,6.05,1631.5,orange
74.7,60.0,84.8,30.0,66.8,6.4,1832.4,orange
83.8,56.1,122.3,33.4,59.8,6.43,594.4,muskmelon
80.0,62.1,65.8,27.2,79.1,5.84,2398.5,rice
62.6,40.2,67.5,12.8,62.3,6.24,1754.0,apple
111.9,55.4,132.3,35.2,81.5,6.24,1801.6,banana
59.4,46.7,67.2,16.5,63.2,6.43,1963.3,apple
68.5,39.3,87.5,29.4,81.8,6.43,2192.5,coconut
110.9,57.3,108.1,29.1,85.5,6.16,2696.7,banana
19.6,48.5,32.7,23.1,47.8,7.8,846.9,chickpea
79.6,74.0,59.9,26.9,90.8,5.9,2718.5,rice
39.2,41.4,47.1,30.2,79.4,7.56,837.0,mungbean
111.6,48.8,54.3,26.6,73.3,5.68,1398.6,maize
120.9,41.6,119.5,28.8,74.6,6.73,1692.1,banana
79.2,53.9,118.2,16.2,71.2,5.36,2522.2,coffee
37.0,32.0,61.0,28.6,50.7,6.98,1784.2,mango
134.1,51.1,84.1,33.8,83.6,6.89,3077.4,jute
77.8,45.3,79.1,25.7,66.7,6.53,1306.2,orange
35.3,41.3,42.9,25.2,60.9,7.4,747.8,chickpea
116.5,56.2,119.0,29.0,89.7,6.79,2066.1,banana
118.0,45.2,59.1,27.8,86.9,6.04,2954.1,jute
38.2,35.1,126.2,30.2,81.8,7.23,2492.7,coconut
53.1,43.7,51.8,20.8,64.3,5.86,1736.0,apple
28.7,58.7,34.2,26.6,41.0,6.35,938.6,chickpea
83.7,41.8,61.8,30.4,52.2,6.6,1019.5,pomegranate
59.7,37.0,58.6,32.3,73.7,6.76,1810.6,mango
103.9,45.7,77.0,32.1,54.3,7.06,1019.9,cotton
32.9,37.2,32.3,22.0,53.5,6.29,720.8,chickpea
21.1,41.3,35.1,22.1,55.4,6.37,570.2,lentil
63.2,31.1,70.7,28.9,50.8,7.33,1205.1,pomegranate
69.0,46.4,55.8,22.7,67.2,6.12,2028.4,orange
70.4,30.5,99.0,29.1,78.8,6.08,2744.0,coconut
145.4,52.8,63.2,27.8,84.5,5.68,2608.1,jute
68.9,46.5,91.1,27.5,90.0,6.47,2849.7,coconut
82.7,56.2,103.3,30.4,78.1,5.82,2207.5,banana
70.9,59.5,75.6,23.7,59.4,6.41,1669.1,orange
79.6,47.5,103.1,17.9,80.3,5.63,3000.2,coffee
96.1,65.8,73.5,26.0,82.5,5.89,2799.0,rice
21.9,40.2,18.0,16.9,48.0,7.36,658.1,chickpea
82.7,29.8,123.1,27.8,94.6,5.92,2436.6,coconut
16.8,35.8,25.7,26.4,60.7,6.34,1249.0,pigeonpeas
36.4,42.5,47.3,27.8,56.4,7.03,1337.8,pigeonpeas
19.9,47.0,29.8,23.0,45.4,7.06,771.7,lentil
80.2,68.1,94.8,31.2,71.0,6.78,759.0,watermelon
76.9,51.8,100.9,28.1,60.7,6.72,692.1,watermelon
76.9,41.3,95.6,34.0,71.5,6.98,1918.2,papaya
136.4,65.7,69.9,32.3,87.2,6.32,2992.0,jute
23.6,46.6,24.5,17.6,48.9,6.48,897.1,chickpea
75.4,37.1,60.4,21.8,75.1,6.99,1493.5,orange
103.5,45.6,66.9,27.6,68.1,6.79,1538.1,orange
78.5,44.8,78.9,31.3,63.9,6.42,2062.5,orange
135.3,67.7,85.5,35.0,60.7,6.48,1159.1,cotton
52.5,63.7,102.3,31.5,69.4,6.66,841.0,watermelon
101.4,40.9,62.9,27.3,90.4,6.13,2431.5,rice
128.4,58.0,56.0,34.6,91.9,6.52,2704.2,jute
30.4,51.6,22.5,30.5,75.9,6.96,1195.0,blackgram
49.9,35.2,54.0,30.8,70.8,6.9,1265.2,grapes
61.1,21.1,58.8,37.7,49.5,5.84,1934.0,mango
75.6,29.7,70.7,27.4,56.5,7.27,1058.9,pomegranate
84.1,54.9,51.8,24.4,57.3,6.05,1093.2,maize
18.6,42.2,24.2,17.5,45.5,6.94,701.5,chickpea
32.1,62.3,36.0,14.8,56.9,7.0,1245.8,kidneybeans
36.0,25.1,111.7,28.7,86.9,5.74,2523.8,coconut
59.3,34.8,56.7,28.7,55.2,7.06,1626.6,mango
22.5,42.4,46.7,28.7,59.2,6.61,968.3,mungbean
26.6,48.8,35.6,17.5,49.3,6.65,805.1,chickpea
74.9,59.8,104.6,21.7,54.3,6.9,590.9,watermelon
48.1,44.6,46.3,20.4,57.8,6.76,961.0,chickpea
137.3,49.6,78.2,29.3,55.8,6.2,1336.3,cotton
106.3,45.6,47.0,26.2,71.8,6.17,3365.2,rice
118.3,45.9,67.4,26.6,86.5,6.25,2277.3,rice
36.3,51.8,41.5,24.2,64.8,6.0,1165.4,blackgram
81.3,49.6,59.9,24.8,66.2,6.14,1658.6,orange
55.0,35.5,77.6,25.1,61.7,5.93,1209.7,orange
65.4,31.4,62.4,29.2,47.7,6.36,1146.2,mango
120.0,49.9,86.3,32.3,79.9,6.72,2588.0,jute
58.6,35.7,65.1,21.2,75.3,6.27,1599.6,apple
92.2,60.3,112.4,28.5,81.1,5.66,2550.5,coffee
111.3,59.3,57.3,31.8,84.9,6.22,2656.3,jute
67.7,35.7,69.1,36.2,66.0,6.74,1816.4,mango
131.0,45.1,47.6,25.9,61.9,7.34,946.5,maize
99.6,50.0,37.3,12.2,64.2,6.61,1407.5,wheat
75.2,49.9,101.1,27.7,86.7,6.08,2927.7,coconut
117.2,45.8,41.3,25.7,88.6,6.08,2318.5,rice
76.6,55.0,84.3,28.6,63.9,6.64,739.4,muskmelon
71.5,59.6,91.9,27.0,61.7,6.64,770.4,muskmelon
72.1,53.4,40.7,18.0,64.9,6.75,909.5,wheat
98.8,55.5,100.8,19.3,87.3,5.2,3260.9,coffee
46.5,40.2,26.4,28.2,61.3,6.49,1093.1,pigeonpeas
83.3,46.8,62.8,32.8,59.8,7.14,1096.9,grapes
93.2,39.9,29.1,19.7,63.6,6.59,761.1,wheat
81.6,47.5,104.2,23.1,59.5,7.06,735.4,watermelon
96.2,58.6,113.4,25.9,63.2,6.65,496.9,muskmelon
54.7,39.0,63.5,9.5,70.4,6.52,1661.5,apple
28.5,36.8,28.1,20.6,51.7,7.11,505.8,lentil
64.4,33.2,88.9,21.5,44.9,7.37,1328.3,pomegranate
27.9,39.5,39.8,30.7,59.5,7.18,925.9,mungbean
71.9,27.9,104.9,29.8,79.5,6.22,2456.8,coconut
40.7,49.6,28.9,24.7,59.6,6.39,722.0,chickpea
97.3,47.1,87.2,20.9,62.5,7.02,1043.3,cotton
93.1,36.3,85.3,27.2,88.2,6.1,1616.7,papaya
23.3,52.0,27.7,23.6,53.0,7.17,1185.6,pigeonpeas
104.0,62.7,75.1,31.8,60.5,7.51,1188.0,cotton
25.3,50.8,19.2,23.7,57.5,6.66,1051.2,pigeonpeas
74.0,41.3,59.6,15.4,70.6,6.69,1845.3,apple
51.4,40.2,45.1,17.7,66.7,6.33,1567.8,apple
146.2,60.1,135.4,28.6,80.3,6.61,1744.8,banana
100.4,56.0,90.2,32.8,63.1,7.1,1484.8,cotton
23.3,14.5,24.8,24.4,44.0,6.83,562.6,mothbeans
23.7,26.5,28.8,31.0,39.3,7.35,404.7,mothbeans
75.5,43.0,72.8,28.8,80.5,5.9,2685.6,banana
55.7,62.8,79.6,26.8,50.8,6.17,738.1,muskmelon
77.3,39.1,73.3,17.6,70.3,5.64,2769.3,coffee
37.6,75.4,34.4,24.0,68.3,6.67,1141.2,kidneybeans
42.1,43.7,30.5,32.3,74.9,6.55,980.1,blackgram
119.9,46.4,75.3,28.9,53.7,7.06,1065.9,cotton
48.9,43.1,89.0,39.5,56.7,6.37,592.5,grapes
119.1,48.2,73.2,32.9,77.6,6.65,2912.8,jute
33.1,39.0,36.3,27.1,52.2,6.45,1461.3,pigeonpeas
67.0,33.0,67.3,19.1,65.1,5.97,1469.6,apple
58.3,27.5,84.9,28.3,87.9,6.55,2555.5,coconut
111.7,52.8,79.9,29.5,62.5,7.03,1049.6,cotton
98.3,40.8,50.8,18.2,66.1,6.22,1540.8,maize
34.1,53.5,34.8,22.0,63.2,6.39,739.2,pigeonpeas
90.8,41.1,44.4,18.3,62.3,7.1,800.5,wheat
108.4,46.3,37.9,20.5,66.3,6.11,978.7,wheat
81.6,49.2,40.1,14.6,52.9,6.82,1242.7,wheat
113.8,51.9,51.4,29.6,84.0,6.05,3056.4,rice
126.3,54.1,85.5,32.6,82.8,6.46,1533.8,banana
104.2,61.7,38.1,14.8,56.7,6.78,940.8,wheat
109.4,58.9,76.4,27.7,84.6,5.89,3210.1,rice
34.9,48.3,35.4,28.3,80.3,6.52,1112.2,blackgram
66.9,68.1,100.9,19.2,63.2,6.38,2060.2,orange
109.3,60.1,83.7,26.7,57.4,7.88,1255.9,cotton
42.2,54.3,34.7,25.6,66.9,6.43,1009.5,blackgram
100.3,41.4,114.7,33.0,92.9,6.37,2258.9,banana
42.1,78.7,38.5,16.9,65.8,7.3,1023.4,kidneybeans
100.3,45.7,104.5,25.4,80.9,5.94,1410.4,banana
17.9,31.5,16.0,31.1,33.8,7.34,304.5,mothbeans
70.5,60.9,93.3,30.9,63.4,6.93,727.2,watermelon
69.9,55.5,55.6,18.3,64.6,6.29,1330.2,orange
54.6,48.8,91.9,22.7,76.3,6.26,3250.1,coffee
91.5,48.5,106.5,27.1,79.4,5.34,2815.2,coffee
39.5,44.5,52.8,17.9,64.6,6.29,1121.4,kidneybeans
63.5,28.3,103.8,29.0,93.1,6.41,2647.3,coconut
54.9,29.0,77.8,23.3,52.8,6.46,1280.3,mango
104.7,47.5,78.1,25.8,52.7,6.73,1006.1,cotton
78.1,47.1,74.1,23.0,69.6,6.39,1980.7,orange
62.9,36.0,49.0,28.5,52.4,7.16,1345.5,mango
65.6,38.2,66.5,14.8,62.9,6.56,1755.6,apple
23.1,38.3,36.9,31.6,54.4,7.0,1056.4,pigeonpeas
89.6,40.6,40.9,19.1,60.1,6.45,1027.2,wheat
96.4,35.9,57.2,26.2,62.6,6.24,992.3,maize
42.0,76.7,40.8,19.5,66.5,6.46,965.2,kidneybeans
27.1,42.0,30.5,20.9,56.7,6.23,666.2,lentil
57.3,61.5,80.2,30.3,58.4,6.02,863.6,muskmelon
81.9,63.4,95.9,36.8,73.8,6.88,786.1,watermelon
85.2,49.5,109.5,36.8,76.5,6.59,1921.4,papaya
91.1,47.1,72.7,26.3,90.5,6.37,2605.2,jute
74.0,44.2,22.5,17.6,69.5,6.01,1490.0,wheat
126.8,55.4,89.2,31.6,47.3,6.13,1095.4,cotton
124.9,61.2,81.7,26.1,64.0,7.0,1336.5,cotton
42.1,51.8,33.1,32.1,67.7,7.29,1009.9,blackgram
66.5,38.9,54.8,25.2,67.2,5.94,1567.2,apple
29.1,38.7,30.7,21.9,61.7,7.04,514.7,lentil
85.2,53.5,97.8,31.9,74.6,6.65,2252.3,papaya
34.5,57.1,46.9,21.9,67.7,6.59,1323.8,kidneybeans
31.4,48.6,43.0,29.1,69.7,6.86,915.3,mungbean
76.4,52.2,76.5,21.1,75.0,5.78,2743.0,coffee
106.5,58.7,72.8,31.9,88.5,6.81,2421.4,jute
93.4,52.8,79.4,34.2,63.6,6.98,1312.2,cotton
80.1,55.5,37.8,17.4,63.9,6.49,1069.6,wheat
38.0,32.2,44.3,19.2,39.6,6.73,706.2,lentil
22.5,43.6,25.5,22.9,48.1,6.64,764.1,chickpea
34.6,41.7,40.5,32.1,52.2,6.57,879.6,mungbean
95.5,55.7,23.2,16.1,61.1,6.93,953.2,wheat
68.9,40.2,43.1,13.7,59.3,6.48,1720.4,apple
39.1,53.6,26.1,30.6,70.7,7.13,1131.1,blackgram
72.6,19.8,57.6,33.0,68.7,6.76,1668.4,mango
38.6,70.6,54.7,24.4,72.9,6.7,1204.3,kidneybeans
67.3,42.7,59.3,27.5,49.0,6.45,1595.4,mango
96.3,56.6,109.4,28.9,75.8,6.68,1903.3,banana
98.9,64.8,53.0,27.4,81.8,5.96,2673.6,rice
127.7,60.4,51.8,30.3,90.3,6.52,2791.4,rice
85.6,40.5,71.9,30.5,57.4,6.72,1251.5,cotton
51.1,29.1,61.0,30.4,56.7,6.58,1485.6,mango
117.9,70.8,59.5,26.0,84.1,6.05,3326.5,rice
76.7,42.5,31.3,23.5,56.5,7.07,765.0,wheat
101.8,58.3,54.9,31.4,91.8,6.11,3364.2,rice
78.0,52.0,76.4,31.6,59.5,6.55,1770.7,orange
124.4,71.8,71.7,24.6,84.2,6.46,2021.0,rice
52.9,47.0,91.2,32.2,71.9,6.66,881.6,grapes
38.6,55.8,32.3,31.7,62.8,6.88,992.1,blackgram
23.7,47.9,26.7,32.2,67.2,7.08,1313.8,blackgram
68.4,48.0,70.2,25.8,59.3,6.15,851.9,watermelon
105.0,49.4,81.8,31.8,54.2,6.25,1198.4,cotton
105.1,57.1,73.2,27.3,71.9,5.89,1449.0,papaya
106.8,55.7,109.3,26.3,69.0,6.97,2287.9,banana
116.3,72.3,105.1,27.5,43.2,6.75,1363.7,cotton
43.3,29.8,88.6,18.4,72.4,6.35,1396.5,apple
28.0,29.3,27.8,31.4,42.2,7.48,516.3,mothbeans
43.9,40.9,70.7,31.5,53.4,6.75,1449.5,mango
113.6,66.1,69.3,28.3,77.7,6.36,2366.2,jute
66.3,54.0,80.5,27.8,65.9,6.91,739.3,watermelon
68.0,50.4,82.0,25.6,70.2,6.59,1842.3,orange
31.4,50.0,46.8,24.1,57.5,6.72,971.5,mungbean
102.7,54.6,68.9,31.4,55.9,6.1,1214.5,cotton
41.6,61.2,38.6,24.7,71.8,6.39,1324.4,kidneybeans
97.7,46.8,64.4,29.3,88.7,6.29,3072.1,jute
24.4,17.7,24.9,33.7,34.9,6.73,586.9,mothbeans
19.8,37.6,41.1,29.1,59.3,7.27,732.3,mungbean
55.2,34.8,68.8,30.4,52.8,6.1,1091.8,pomegranate
90.7,54.8,96.7,29.8,68.5,6.39,596.0,muskmelon
26.6,43.0,37.7,25.0,56.7,7.42,786.0,chickpea
65.5,59.5,114.0,28.7,67.3,6.97,839.7,watermelon
66.3,37.5,81.9,26.6,54.3,7.28,953.1,grapes
112.8,48.4,47.7,30.5,85.5,6.12,2698.3,rice
74.9,68.0,86.9,27.8,75.2,6.74,745.2,watermelon
29.1,44.3,30.1,24.6,73.8,6.26,923.6,mungbean
26.3,21.3,22.7,32.6,41.5,7.68,723.8,mothbeans
115.5,46.9,51.4,25.4,73.6,7.01,1247.6,maize
26.9,29.3,32.1,21.1,40.4,7.5,791.5,chickpea
112.4,52.5,56.7,26.2,85.6,6.31,2852.8,rice
41.8,34.5,40.3,20.4,49.2,6.88,789.6,lentil
118.6,60.7,67.2,34.3,73.1,6.66,2177.3,jute
113.6,45.3,113.8,33.1,82.1,5.81,1340.1,banana
95.9,58.4,93.1,28.1,58.9,6.56,1027.5,cotton
106.3,64.2,72.1,35.7,50.2,7.24,1180.5,cotton
53.6,46.1,132.1,27.7,77.0,6.11,3147.9,coconut
38.4,32.4,32.4,27.9,63.7,6.75,771.0,mungbean
34.3,37.1,28.3,11.4,54.6,6.22,707.9,lentil
55.6,41.5,55.1,35.2,55.3,7.11,798.0,pomegranate
63.8,40.0,80.3,17.4,71.1,6.3,1961.7,apple
110.1,46.3,56.4,20.9,60.9,6.61,854.0,maize
29.8,46.4,32.7,28.4,64.1,7.48,975.6,mungbean
27.5,41.4,41.4,28.8,66.1,5.7,1283.3,pigeonpeas
64.4,62.4,68.5,22.3,57.2,5.88,1935.8,orange
72.5,44.2,69.6,26.4,56.0,7.0,1418.8,grapes
74.2,61.5,108.8,33.0,68.7,6.54,487.4,watermelon
81.6,33.8,100.3,23.0,63.5,5.57,2738.8,coffee
82.8,59.7,71.9,23.5,60.4,5.75,1802.5,orange
24.1,16.3,21.9,30.7,46.5,6.46,342.5,mothbeans
48.0,60.2,40.0,22.3,66.1,6.32,1477.5,kidneybeans
59.5,31.2,63.4,31.6,53.4,6.54,1898.2,mango
75.0,22.3,89.0,28.3,83.0,5.51,2762.8,coconut
27.1,22.1,25.9,34.0,41.6,7.04,487.8,mothbeans
70.2,42.4,109.1,29.9,87.7,6.0,2424.4,coconut
81.8,51.1,43.4,23.1,68.1,6.0,648.0,maize
70.5,44.9,76.7,25.3,63.9,6.23,876.2,grapes
132.7,32.5,134.6,28.4,81.4,6.4,1675.5,banana
23.1,52.5,44.3,26.2,61.7,7.2,1319.2,kidneybeans
38.4,62.8,40.6,31.5,67.2,6.48,878.1,blackgram
66.8,31.6,57.7,35.2,65.5,6.57,1333.3,mango
78.6,35.3,122.2,29.6,92.1,6.33,2683.6,coconut
72.3,49.0,85.2,18.6,67.6,6.49,782.9,grapes
65.5,71.0,113.9,32.3,65.9,7.05,740.4,watermelon
24.9,42.6,36.4,26.9,62.2,6.34,862.6,pigeonpeas
117.7,46.8,71.8,29.3,84.6,5.68,3272.8,jute
28.0,33.9,22.0,32.4,44.5,6.77,512.0,mothbeans
79.3,44.6,30.2,15.5,71.4,7.38,884.6,wheat
130.1,48.6,111.1,25.8,67.4,6.29,2160.0,banana
86.6,52.7,100.4,24.1,74.2,5.65,1715.6,coffee
72.9,36.5,49.8,21.3,74.0,6.83,1336.3,wheat
102.7,49.8,38.9,20.1,51.5,7.0,1106.1,wheat
133.6,60.0,41.8,33.1,84.9,5.82,2555.4,jute
56.1,58.1,84.5,25.3,60.8,7.24,655.9,watermelon
22.8,29.9,24.9,27.5,35.2,7.19,557.3,mothbeans
89.6,55.2,48.6,27.9,57.5,7.12,994.5,maize
80.1,57.0,108.2,25.3,75.3,6.54,1644.3,papaya
39.5,27.6,56.3,36.5,51.5,6.81,1633.4,mango
121.8,61.3,51.9,26.4,89.0,6.82,2201.0,rice
114.6,46.3,48.1,31.1,87.0,6.15,2614.1,rice
70.7,59.8,106.8,20.7,75.8,5.41,3034.5,coffee
71.1,61.4,89.5,20.7,64.9,5.82,1985.9,orange
32.2,58.9,49.3,19.2,55.8,6.65,1413.0,kidneybeans
122.7,51.8,84.1,30.3,60.7,6.57,1336.1,cotton
105.3,58.2,60.7,26.9,83.3,5.94,3415.6,rice
61.4,44.0,76.6,19.8,60.3,6.97,1060.9,grapes
37.2,41.3,36.3,30.0,72.4,6.01,1164.1,blackgram
71.1,34.7,81.0,21.9,57.1,6.43,1081.2,grapes
107.6,58.8,82.9,30.7,65.6,5.88,1776.9,papaya
52.8,43.1,90.5,22.6,67.1,7.05,1285.2,grapes
29.4,52.3,32.0,30.8,58.2,6.11,776.5,mungbean
36.7,83.4,46.3,21.4,67.1,6.16,1311.7,kidneybeans
124.0,58.0,68.8,26.7,84.8,6.72,3148.1,rice
106.4,61.5,62.0,24.3,62.8,7.02,1134.9,cotton
125.3,45.6,53.9,29.8,86.4,6.6,2395.5,rice
35.3,49.2,44.3,26.7,63.3,6.5,1258.1,blackgram
60.0,41.8,124.8,28.8,90.2,6.25,2814.0,coconut
27.1,40.6,32.9,15.6,37.8,7.23,874.1,lentil
40.5,35.8,121.2,30.3,88.8,5.84,3183.2,coconut
59.6,28.7,113.9,26.5,85.4,5.89,2833.2,coconut
81.5,46.9,51.4,28.7,61.2,5.39,1770.5,orange
36.8,59.6,41.2,19.3,68.7,6.37,1197.1,kidneybeans
111.6,64.2,55.9,29.1,91.3,6.39,2489.3,rice
117.0,57.6,64.4,27.6,88.0,6.27,2898.4,jute
108.6,46.6,112.8,25.5,78.8,6.42,1912.5,banana
60.6,52.6,67.7,27.3,62.5,5.5,1405.4,orange
67.0,31.6,59.7,27.6,72.5,6.63,1893.1,mango
85.5,53.2,88.5,30.7,73.9,6.82,1937.2,papaya
84.7,62.9,111.2,18.1,78.5,5.63,2671.0,coffee
77.4,58.0,66.5,28.7,60.4,6.53,783.1,muskmelon
96.4,49.4,74.2,28.3,75.8,6.11,1891.6,papaya
103.1,49.1,64.2,34.1,91.3,6.24,3051.3,jute
93.8,50.5,41.5,28.8,62.7,6.93,1177.2,maize
45.0,48.5,88.6,26.3,67.1,6.62,1505.1,orange
119.9,66.5,61.4,28.8,86.3,6.1,2931.2,rice
21.2,17.0,27.2,26.7,41.9,6.23,591.1,mothbeans
74.9,43.7,84.5,32.6,66.6,6.8,727.7,grapes
42.5,62.7,47.5,22.4,55.1,6.7,1347.8,kidneybeans
111.0,56.1,50.1,29.3,91.4,6.87,2510.3,jute
14.6,23.6,24.7,30.5,28.5,7.44,508.2,mothbeans
92.2,45.3,113.5,34.8,85.0,6.49,2069.0,banana
120.2,57.1,56.5,30.3,83.2,6.05,2767.6,rice
106.4,59.6,96.1,32.4,47.7,6.91,1187.5,cotton
65.6,63.1,133.7,30.9,70.8,7.34,807.9,watermelon
71.8,28.6,49.9,33.4,61.6,6.29,1958.9,mango
86.4,54.1,40.8,15.2,64.3,6.34,755.2,wheat
124.8,62.1,67.3,33.3,80.7,6.83,2297.9,jute
77.0,51.6,104.7,31.2,60.8,6.5,755.5,muskmelon
25.2,50.8,34.9,21.9,53.8,7.95,943.3,chickpea
77.3,66.8,78.5,31.9,69.1,6.27,1507.5,orange
31.2,45.7,32.9,29.5,66.6,6.81,979.3,mungbean
81.1,69.9,71.9,18.8,68.1,5.97,1439.8,orange
130.4,56.1,67.6,28.1,89.5,6.43,2970.2,rice
48.2,29.1,88.5,19.2,62.8,6.86,1187.1,grapes
94.5,47.1,43.0,25.5,66.1,6.15,929.3,maize
89.1,51.8,90.1,35.0,79.7,6.26,1820.6,banana
69.3,41.7,91.7,27.8,86.7,6.58,2707.4,coconut
28.8,33.9,38.8,20.9,43.9,6.66,771.4,chickpea
80.1,53.5,48.0,29.2,56.9,6.72,777.2,maize
40.4,55.2,43.9,19.9,68.2,6.35,1449.8,kidneybeans
22.3,31.2,32.4,18.2,52.1,6.74,953.1,lentil
64.3,60.9,102.3,31.6,65.5,7.05,705.0,muskmelon
87.2,61.6,46.2,28.2,65.8,6.78,1258.0,maize
20.2,21.7,27.3,30.1,47.5,7.01,497.9,mothbeans
76.0,45.2,74.1,26.2,59.7,6.15,1803.8,orange
36.0,42.9,21.2,17.7,39.8,6.65,596.0,chickpea
48.7,41.5,117.7,26.9,82.2,6.44,2602.5,coconut
25.0,39.9,34.4,33.7,62.5,6.36,1254.1,pigeonpeas
125.6,56.3,81.4,27.5,84.7,6.1,2496.0,papaya
106.2,55.2,35.7,22.0,66.8,6.63,964.9,wheat
85.3,30.4,118.8,27.7,79.6,5.98,3606.6,coconut
48.9,34.6,63.3,26.9,48.3,6.86,1930.0,mango
37.4,71.2,47.1,22.9,58.2,7.01,1363.5,kidneybeans
52.9,29.5,89.0,24.5,53.1,6.83,1561.2,pomegranate
70.3,60.7,89.5,26.3,63.8,5.53,1921.0,orange
116.8,49.4,105.2,27.7,79.2,6.4,1661.0,banana
43.6,37.8,84.2,27.8,58.7,7.12,903.4,grapes
77.1,52.5,52.5,25.6,61.4,6.45,1059.6,maize
111.3,64.6,73.3,33.2,60.5,7.19,1203.9,cotton
118.4,48.8,54.0,23.2,82.4,6.28,3221.6,rice
20.3,44.8,33.5,25.3,69.4,7.0,1024.0,mungbean
116.8,51.0,110.7,26.6,78.1,6.37,1849.3,banana
35.7,40.2,40.2,28.0,43.8,6.89,936.1,pigeonpeas
87.1,43.2,71.8,23.4,75.9,5.88,2856.3,coffee
70.8,42.2,96.3,25.5,64.3,5.78,2927.2,coffee
96.6,58.9,101.8,27.5,77.6,6.66,2078.7,papaya
142.8,50.4,65.4,25.5,83.2,6.49,2880.0,jute
91.0,60.7,50.2,17.6,57.2,6.75,1237.6,maize
39.1,43.8,45.1,35.2,68.0,6.98,1208.6,blackgram
92.1,37.5,54.1,23.4,69.2,6.4,1270.6,maize
61.2,41.0,124.4,29.7,84.3,6.8,2423.0,coconut
32.2,39.6,32.5,20.3,58.5,7.09,547.2,chickpea
38.1,41.0,32.5,26.1,65.2,6.31,1103.0,blackgram
119.4,52.0,98.2,28.0,75.3,6.27,2305.5,papaya
101.0,44.9,52.0,22.3,62.9,6.86,1028.7,maize
118.8,67.1,72.0,33.2,50.7,7.37,1032.0,cotton
49.0,37.0,55.1,35.4,70.6,6.61,1768.7,mango
27.9,44.7,35.3,29.8,61.8,6.47,935.8,mungbean
120.3,46.1,60.6,21.0,63.7,6.33,848.2,maize
51.1,45.4,106.7,29.1,86.7,6.34,1841.7,coconut
81.9,53.5,70.6,25.9,59.2,6.08,1415.1,orange
56.7,66.3,97.8,26.4,63.4,6.82,727.4,watermelon
95.4,42.9,39.2,21.0,65.1,7.26,1274.5,wheat
37.8,45.8,51.4,17.9,63.7,6.99,1611.9,kidneybeans
74.9,29.0,68.5,28.4,69.0,6.5,1233.9,pomegranate
16.8,26.5,27.1,29.0,29.6,6.11,582.1,mothbeans
66.4,54.3,40.9,23.1,60.2,6.66,1134.9,wheat
82.6,59.3,93.2,29.4,67.6,7.34,2161.1,papaya
59.6,53.4,104.4,21.3,74.8,5.7,2025.5,coffee
39.1,61.8,50.2,22.1,56.6,6.78,1324.5,kidneybeans
41.0,42.9,26.5,21.3,55.3,7.34,989.2,chickpea
90.5,41.9,82.9,23.2,74.9,5.35,1798.4,coffee
54.1,47.5,36.0,32.9,67.9,6.26,1431.0,mango
108.0,61.5,39.7,27.9,65.4,6.55,781.4,maize
112.6,52.6,97.4,20.9,56.1,6.51,1243.6,cotton
89.3,51.5,39.9,22.9,60.6,6.58,837.5,wheat
95.0,41.5,39.4,14.1,61.7,6.56,779.9,wheat
66.3,35.7,55.6,15.0,54.0,6.64,1578.6,apple
75.1,34.6,47.7,30.6,50.1,6.49,1721.4,mango
43.1,48.6,58.4,18.0,66.4,6.24,1768.0,apple
19.6,51.3,34.3,31.8,70.0,7.06,851.7,mungbean
28.4,31.8,18.4,34.0,39.9,6.3,503.0,mothbeans
24.5,47.8,41.9,25.4,65.5,7.17,1143.6,pigeonpeas
20.1,52.9,50.3,20.8,68.3,6.38,1268.2,kidneybeans
88.2,51.5,92.3,19.7,71.3,5.08,3339.0,coffee
60.3,25.3,83.1,29.2,63.4,6.91,896.1,grapes
17.6,24.5,27.2,32.6,39.1,6.36,478.1,mothbeans
18.8,46.3,25.3,17.2,57.4,6.03,568.8,lentil
121.9,46.8,118.1,30.7,85.3,7.06,1296.0,banana
79.0,39.5,101.3,30.8,60.6,6.79,696.9,grapes
43.4,24.0,129.4,28.0,91.3,6.05,2511.7,coconut
73.9,52.2,87.2,31.4,76.2,6.35,2584.8,papaya
33.9,25.3,20.8,26.7,34.9,7.19,537.3,mothbeans
79.1,42.3,71.5,23.7,65.5,5.82,1877.2,orange
108.8,65.0,64.6,30.2,82.7,6.38,2685.7,jute
27.5,50.4,28.4,24.8,76.3,6.55,995.8,mungbean
70.1,35.9,69.3,30.6,47.0,6.38,970.6,mango
93.8,49.7,86.1,24.9,77.0,5.46,2014.2,coffee
114.6,36.5,47.4,24.6,77.5,6.17,1096.2,maize
85.7,43.4,77.8,22.9,67.2,6.95,1051.2,grapes
75.1,44.8,97.0,29.0,66.5,6.73,1933.6,banana
24.7,43.3,18.0,21.0,52.0,6.77,928.4,chickpea
75.9,46.6,53.0,31.0,62.7,6.5,2009.8,mango
72.5,57.7,94.3,25.0,67.4,5.54,2679.9,coffee
30.2,66.4,50.7,16.7,64.0,6.64,1078.4,kidneybeans
45.6,34.6,80.2,15.7,70.5,5.97,1569.9,apple
43.1,71.7,41.5,20.7,61.9,7.04,1194.0,kidneybeans
29.6,23.2,28.5,28.5,32.2,7.62,527.9,mothbeans
17.4,20.4,22.5,31.4,37.9,7.15,554.0,mothbeans
111.4,52.0,92.3,30.3,89.1,7.01,1736.7,banana
115.3,49.0,59.2,28.2,84.6,5.84,2821.4,rice
38.8,59.5,37.7,30.2,78.1,7.27,1216.6,blackgram
109.1,58.0,95.2,28.0,70.3,6.47,2315.5,banana
114.9,56.2,56.1,26.4,83.1,6.8,3161.6,rice
50.4,36.5,58.0,26.1,50.6,7.56,1452.0,pomegranate
65.6,50.4,88.4,25.8,64.3,6.61,649.2,muskmelon
84.3,52.6,69.2,26.6,61.1,6.68,495.4,muskmelon
140.9,48.7,72.0,28.2,82.4,6.5,2287.2,banana
69.8,37.9,80.7,26.9,56.8,7.17,1366.6,pomegranate
32.1,26.6,31.0,32.1,38.0,6.59,513.8,mothbeans
105.1,43.3,31.5,26.4,64.1,6.52,1141.9,maize
59.1,40.8,76.3,34.0,53.1,7.17,1259.2,pomegranate
74.0,41.6,89.0,30.1,58.5,7.13,1705.2,orange
137.3,65.3,51.2,39.5,83.1,6.89,2579.2,jute
24.9,50.9,46.6,23.8,66.7,7.09,1112.8,kidneybeans
25.0,30.3,30.7,34.4,32.1,7.05,336.1,mothbeans
63.9,57.1,94.0,29.2,60.4,6.38,582.1,muskmelon
42.1,59.7,46.7,29.4,71.1,7.08,1031.1,blackgram
76.3,43.8,114.0,28.2,76.2,6.71,1809.0,papaya
83.0,71.5,53.3,21.3,70.1,6.83,818.9,maize
51.9,28.6,59.0,28.9,64.6,6.37,2043.1,mango
144.9,53.9,61.2,23.8,75.3,6.38,2541.3,rice
116.2,70.5,60.0,26.2,84.3,6.25,1797.6,rice
46.6,43.8,42.4,30.4,65.0,7.03,1332.6,blackgram
30.3,52.6,29.0,21.6,54.3,6.49,992.3,chickpea
94.4,49.2,88.4,22.0,80.3,5.79,2941.8,coffee
80.4,47.0,107.2,31.9,80.3,6.1,2081.6,banana
103.4,43.9,124.4,31.1,84.2,6.88,2350.0,banana
122.4,52.8,81.9,28.4,74.1,7.21,2143.1,papaya
108.6,51.2,76.5,25.0,87.8,6.59,2257.7,rice
27.5,31.9,23.5,28.5,36.9,7.05,472.8,mothbeans
92.4,54.3,85.2,28.1,84.6,6.33,2493.4,banana
72.0,47.1,118.7,27.3,85.0,7.07,2060.1,banana
94.3,48.4,96.1,24.6,61.0,6.43,1053.0,cotton
27.6,40.8,38.2,27.8,63.5,6.5,870.4,mungbean
76.8,43.2,88.0,20.8,77.5,5.81,3192.6,coffee
76.4,44.3,60.9,24.6,77.4,6.44,1757.3,orange
115.2,45.2,82.7,29.5,68.5,7.2,1127.7,cotton
67.6,37.2,66.5,16.1,62.5,6.12,1618.3,apple
78.5,46.6,43.8,15.4,68.6,6.4,637.0,wheat
85.2,38.1,52.4,22.8,59.7,6.28,1487.3,mango
29.6,35.5,23.8,31.5,32.0,7.54,462.1,mothbeans
47.6,40.5,59.2,28.4,73.2,6.16,1568.4,mango
83.8,51.3,114.6,29.3,83.1,6.96,1948.1,banana
106.9,59.2,55.2,36.5,60.4,6.28,898.6,cotton
108.4,63.1,70.8,29.3,88.9,5.39,3600.2,rice
43.5,33.9,127.5,28.9,84.5,6.49,2298.1,coconut
23.1,31.1,24.6,21.2,43.4,6.32,799.2,lentil
85.8,53.2,86.9,21.2,68.3,5.5,2329.5,coffee
27.4,42.1,27.4,30.4,35.8,6.35,671.6,mothbeans
67.5,55.4,96.9,22.4,74.4,5.59,3113.5,coffee
37.0,52.4,35.7,30.8,52.4,6.72,1174.7,pigeonpeas
84.1,62.4,93.9,26.4,83.3,5.67,2561.9,coffee
140.3,53.4,102.9,24.3,87.3,6.36,2296.8,banana
74.6,45.0,68.4,27.5,56.7,6.53,1138.6,grapes
87.9,45.2,102.5,34.5,62.2,6.77,644.6,muskmelon
43.5,28.0,60.0,29.7,54.8,6.57,1500.0,mango
136.4,54.3,52.5,32.0,87.4,6.24,2964.6,rice
34.5,45.5,35.6,20.8,50.0,6.54,628.2,chickpea
109.5,48.5,113.6,29.5,86.7,5.98,1831.7,banana
67.1,39.7,57.0,33.8,60.4,6.32,1586.5,mango
63.5,67.6,94.7,27.7,69.7,7.07,790.6,watermelon
20.9,33.5,22.9,15.0,42.1,7.25,685.4,lentil
77.1,30.1,104.5,29.5,90.1,6.54,2605.1,coconut
69.5,53.5,63.7,23.4,72.4,6.0,1785.5,orange
97.2,55.2,89.0,26.1,73.9,6.37,1946.7,papaya
98.4,53.5,22.5,15.0,64.2,6.41,990.2,wheat
30.1,33.5,41.8,28.0,52.6,6.07,866.4,pigeonpeas
110.3,44.1,55.8,30.2,77.2,6.13,989.8,maize
58.6,43.5,108.2,30.9,80.9,6.86,2661.9,coconut
42.6,74.5,43.3,16.9,69.4,6.88,1105.1,kidneybeans
64.2,49.2,54.0,26.3,61.1,6.28,1078.1,maize
88.5,64.2,85.3,33.1,65.8,7.07,1361.4,cotton
66.0,45.0,53.3,31.3,73.0,6.4,1328.4,mango
93.7,49.8,47.4,28.4,73.0,6.21,888.6,maize
128.7,52.3,79.9,33.5,69.3,7.37,861.5,cotton
90.4,46.3,62.4,26.6,69.3,5.93,1022.2,maize
37.2,40.0,32.5,22.0,66.9,7.08,1310.6,pigeonpeas
77.6,28.3,71.3,34.6,53.4,6.41,930.4,pomegranate
89.9,66.4,93.5,36.8,76.7,6.22,1773.7,papaya
23.8,43.2,34.2,27.4,54.3,6.27,1178.6,pigeonpeas
125.1,40.7,28.1,14.5,71.0,7.01,1014.5,wheat
14.0,32.6,13.5,34.0,40.4,7.44,581.6,mothbeans
66.3,55.0,46.9,28.3,59.5,6.33,1691.9,mango
79.6,55.1,112.7,28.4,69.1,5.9,649.0,watermelon
78.9,22.2,120.3,31.1,87.5,6.07,2742.8,coconut
75.1,34.5,59.0,22.3,59.9,7.35,1116.5,pomegranate
38.9,43.9,21.2,25.9,60.3,6.58,896.8,chickpea
73.0,49.3,95.1,27.9,71.1,6.65,2093.4,papaya
36.6,50.1,39.4,30.9,63.2,6.7,1175.4,blackgram
59.2,37.6,64.6,30.0,67.6,6.06,1335.2,mango
101.3,62.1,87.0,33.3,52.1,6.8,1026.6,cotton
20.2,54.2,27.8,24.2,52.6,5.57,1315.8,pigeonpeas
68.1,42.9,52.1,28.2,61.7,6.8,1492.2,pomegranate
83.1,55.8,102.6,31.0,63.8,6.56,1009.4,watermelon
39.9,27.9,95.0,31.4,92.2,6.26,2477.0,coconut
59.9,47.1,62.1,14.8,60.6,6.21,1742.0,apple
63.7,37.6,55.5,19.0,45.1,6.28,905.6,pomegranate
62.5,21.2,43.1,34.2,48.3,6.23,1894.9,mango
28.8,40.4,35.5,25.8,53.4,6.18,707.1,pigeonpeas
119.4,45.4,108.8,28.7,64.1,6.74,1987.4,papaya
83.6,60.4,110.5,23.5,77.6,6.25,2322.7,papaya
38.7,80.4,44.8,22.8,70.4,6.4,1045.0,kidneybeans
33.3,39.1,37.7,26.3,52.8,5.49,1511.8,pigeonpeas
47.7,54.5,38.0,29.4,67.3,6.95,1246.6,blackgram
52.0,56.6,92.7,23.8,55.9,6.91,848.4,grapes
119.7,58.5,72.9,25.2,81.8,5.85,2589.9,jute
59.3,42.0,64.5,29.5,51.9,7.78,1203.4,pomegranate
48.8,42.4,99.0,34.4,45.5,6.76,1052.3,pomegranate
71.2,38.6,65.5,12.1,59.8,6.61,1566.1,apple
39.9,44.5,44.8,15.3,58.2,6.74,1351.7,kidneybeans
33.8,53.1,35.3,33.0,67.5,6.78,996.0,blackgram
108.0,43.6,99.0,26.1,72.4,6.32,2130.8,papaya
111.2,49.0,50.6,23.2,70.2,6.86,889.3,wheat
50.8,68.2,55.0,20.3,59.4,7.03,1488.0,kidneybeans
92.4,47.6,35.8,19.7,59.1,7.28,896.4,wheat
78.4,39.0,61.4,30.2,65.6,5.98,2199.0,orange
51.8,40.8,66.9,16.1,78.6,6.35,1419.2,apple
103.0,53.8,97.5,31.9,77.5,5.98,2319.1,banana
77.9,42.8,87.4,23.9,79.6,5.42,2166.4,coffee
55.3,43.8,54.1,25.8,61.1,6.85,865.2,pomegranate
58.4,50.9,66.8,26.9,61.5,6.08,1601.7,orange
83.8,51.0,51.2,21.5,72.8,6.84,998.6,maize
93.1,51.4,70.0,25.8,77.2,6.14,1434.4,papaya
75.9,43.9,66.4,34.6,68.6,7.04,2278.8,mango
71.0,39.9,72.6,28.8,62.9,6.53,633.0,muskmelon
71.9,28.3,90.7,34.0,75.4,5.83,2679.7,coconut
89.8,39.1,40.8,25.6,62.0,6.84,1249.1,wheat
126.6,53.5,60.0,27.3,81.1,5.82,2208.2,jute
50.3,29.7,55.1,31.3,60.4,6.43,2164.5,mango
28.3,40.1,39.5,16.8,42.5,6.76,446.9,lentil
80.6,72.0,84.8,27.5,66.3,6.35,616.5,watermelon
118.5,57.3,83.5,26.8,79.7,7.03,2198.3,papaya
37.1,57.4,34.5,30.8,60.4,6.22,1068.5,blackgram
73.7,62.9,104.8,34.6,65.0,5.97,619.7,watermelon
71.2,44.8,85.3,27.5,52.0,6.82,848.0,grapes
102.2,60.1,97.2,29.0,94.5,6.21,2271.1,banana
31.3,78.5,49.9,19.7,58.1,6.62,1278.5,kidneybeans
87.2,60.9,91.1,29.3,77.9,7.01,2101.1,papaya
117.5,54.6,75.7,27.2,48.8,6.36,1665.7,cotton
27.8,54.9,42.1,20.9,63.6,6.41,1018.9,kidneybeans
99.3,34.6,93.8,24.5,83.4,5.43,2506.7,coffee
66.8,58.9,104.9,25.9,71.3,6.65,954.1,watermelon
25.6,54.1,53.1,20.8,68.0,6.72,982.7,kidneybeans
112.1,63.0,56.3,30.4,90.3,6.42,2985.4,rice
11.6,19.7,20.5,30.0,47.2,7.0,688.0,mothbeans
28.8,36.7,39.6,31.4,68.7,5.96,1233.1,pigeonpeas
85.6,39.7,35.0,15.5,58.5,6.56,922.9,wheat
58.7,33.9,107.2,24.4,59.7,6.78,831.9,grapes
72.5,33.9,77.3,25.0,45.2,7.17,992.2,grapes
68.0,49.5,87.7,39.2,73.5,6.57,1032.0,grapes
41.8,44.5,41.3,33.3,68.4,6.22,1147.6,blackgram
27.1,39.9,49.5,23.4,66.8,6.58,1308.4,pigeonpeas
114.0,47.5,65.8,30.9,84.3,6.73,3403.2,jute
76.5,36.3,143.9,29.4,87.5,6.75,2697.7,coconut
70.2,57.1,109.6,30.7,63.7,6.92,690.7,watermelon
45.7,30.2,58.9,35.2,64.7,6.56,2027.1,mango
28.7,50.0,35.1,30.2,76.7,6.47,1132.2,mungbean
30.4,49.2,20.4,18.4,67.3,6.4,685.2,chickpea
65.2,22.8,68.4,32.1,59.1,6.13,1437.3,mango
31.5,71.5,53.0,15.8,65.6,6.56,1147.6,kidneybeans
70.6,33.3,40.5,17.0,69.8,6.6,1646.7,apple
32.2,44.3,27.7,19.3,48.0,7.18,708.4,lentil
25.7,64.9,58.2,21.6,62.3,6.47,1133.3,kidneybeans
63.9,28.2,59.6,28.9,72.6,6.47,1622.9,mango
37.1,38.8,36.4,13.6,51.3,7.39,461.1,lentil
27.1,48.4,29.7,14.0,50.6,7.04,639.7,lentil
54.1,53.8,132.4,27.1,72.6,6.89,682.9,watermelon
17.3,33.2,27.3,21.8,51.5,6.96,826.1,lentil
21.6,41.2,34.8,16.9,48.8,7.13,1056.0,lentil
77.9,24.6,72.5,15.9,68.3,6.56,1777.9,apple
69.9,39.5,71.4,33.8,38.0,7.2,901.7,pomegranate
114.8,51.4,50.1,25.2,68.1,6.0,1018.2,maize
102.8,45.2,95.8,26.7,84.6,6.17,2270.1,papaya
117.9,52.8,56.9,27.4,83.9,5.59,2651.4,rice
41.6,65.0,47.2,18.9,59.8,6.08,1103.9,kidneybeans
98.4,63.5,56.6,27.6,82.0,6.33,2426.8,rice
121.7,55.6,36.3,27.2,83.0,6.48,1129.4,maize
30.5,34.1,30.7,22.9,58.0,6.65,629.5,chickpea
108.7,61.7,61.6,30.4,76.2,6.4,2320.2,jute
60.4,41.1,71.0,27.8,56.6,6.82,927.2,pomegranate
26.9,21.7,23.7,35.8,42.9,7.32,403.0,mothbeans
16.3,48.0,30.1,25.8,65.6,6.8,1228.9,pigeonpeas
50.6,43.1,47.8,28.6,53.9,6.71,594.0,pomegranate
52.0,33.6,74.4,10.8,62.2,6.37,1544.2,apple
95.2,45.7,51.1,25.0,70.5,6.65,951.5,maize
76.5,68.3,111.7,29.4,60.5,6.75,823.8,watermelon
55.9,42.1,60.0,35.7,47.3,6.61,1740.0,mango
25.2,31.7,29.1,29.2,35.6,7.45,530.5,mothbeans
66.7,30.7,125.0,30.8,80.3,6.06,2556.6,coconut
75.8,42.5,114.2,31.1,93.5,6.03,2138.5,coconut
99.1,48.0,55.8,32.2,86.2,6.51,2436.9,jute
63.6,42.5,50.5,36.5,61.4,6.91,1722.8,mango
60.6,40.1,102.7,18.4,83.0,6.29,3126.9,coffee
106.1,46.3,128.5,26.1,82.5,6.53,1980.0,banana
36.6,40.8,34.7,22.6,58.7,7.27,837.7,chickpea
55.1,41.3,86.4,29.8,84.9,6.27,2121.6,coconut
22.0,29.0,28.9,28.8,48.3,6.94,590.2,mothbeans
88.6,61.8,117.7,28.1,81.0,5.68,1681.0,banana
29.3,52.0,33.3,15.3,51.5,6.31,595.8,lentil
79.8,53.4,98.8,28.1,56.9,7.08,573.2,muskmelon
37.7,69.3,36.8,26.0,62.3,6.89,1173.1,kidneybeans
112.4,42.7,117.1,24.8,77.3,6.81,2280.2,banana
50.8,46.6,68.9,31.4,60.4,6.94,677.4,grapes
34.8,43.2,27.3,16.7,45.1,7.96,1055.2,chickpea
65.2,38.6,64.7,28.8,47.4,6.91,816.5,pomegranate
22.5,42.8,32.8,16.9,56.7,6.36,462.8,lentil
82.2,47.6,67.9,28.1,71.6,7.14,2045.4,papaya
79.0,50.6,101.4,32.2,73.7,6.66,845.2,watermelon
78.6,53.8,77.3,28.9,67.0,6.85,604.4,watermelon
37.5,52.4,27.5,17.0,47.5,7.94,736.9,chickpea
95.8,56.7,78.5,31.6,56.3,7.61,1142.0,cotton
51.9,51.3,54.9,18.2,69.1,5.68,1745.2,apple
96.8,45.0,96.3,31.0,81.4,6.37,1921.5,banana
31.2,44.8,33.4,30.1,71.5,6.85,909.4,blackgram
87.8,70.4,108.3,27.1,83.2,6.38,1634.8,papaya
35.1,52.2,43.1,27.0,73.1,7.25,1096.8,mungbean
64.6,30.4,77.4,31.9,58.2,5.88,1045.2,grapes
102.5,59.9,82.4,28.5,64.5,7.36,1082.0,cotton
107.2,51.5,115.5,25.5,85.2,6.33,1948.1,banana
50.6,44.1,51.8,32.4,53.3,6.43,734.4,pomegranate
62.6,47.8,77.3,28.3,56.3,7.36,772.0,pomegranate
17.2,26.0,18.9,28.3,47.1,7.32,497.7,mothbeans
71.9,37.3,37.4,14.2,69.1,6.89,540.0,wheat
77.7,47.8,107.2,21.1,79.3,5.9,2124.3,coffee
115.8,43.5,39.8,15.9,49.2,6.77,1158.8,wheat
87.3,44.1,37.2,19.2,55.9,7.43,990.4,wheat
118.4,52.1,45.4,26.9,83.4,6.18,2497.5,rice
98.2,47.0,30.5,18.5,66.1,6.48,917.5,wheat
55.2,43.4,59.5,37.3,47.7,6.86,1027.8,pomegranate
59.0,25.2,53.1,29.2,58.7,6.04,2238.3,mango
89.9,45.9,29.2,22.3,60.0,6.17,1074.9,wheat
54.3,32.2,68.4,32.1,53.6,7.25,1012.4,pomegranate
85.1,51.5,80.5,28.5,68.7,5.95,1897.7,orange
82.9,47.2,50.8,28.2,71.9,5.94,1087.6,maize
36.2,52.7,33.0,31.0,83.4,7.08,1096.0,blackgram
117.1,61.0,115.5,32.1,76.9,6.48,1989.6,banana
47.4,40.2,60.1,18.8,66.7,6.83,1549.4,apple
53.4,31.2,66.5,13.5,69.8,5.68,1443.7,apple
30.9,53.7,32.8,17.3,59.2,6.82,687.5,lentil
29.6,44.3,25.9,17.8,52.3,7.47,604.8,lentil
69.0,40.9,63.2,26.9,59.6,7.25,1507.5,pomegranate
34.9,43.2,22.5,19.4,57.4,6.97,418.7,lentil
118.2,56.3,58.0,29.1,77.3,6.77,3010.2,jute
65.2,31.4,52.2,17.3,56.0,6.24,1492.6,apple
58.1,47.2,69.3,25.3,67.4,6.5,1658.8,orange
94.8,59.0,102.3,27.4,70.5,6.54,2170.6,papaya
59.0,34.1,61.2,16.0,73.2,6.47,1567.7,apple
68.6,56.6,100.2,25.6,62.1,6.19,1828.2,orange
118.2,39.2,116.2,30.1,89.4,5.99,1833.4,banana
45.2,46.3,84.1,32.4,65.4,6.56,948.7,grapes
107.5,43.0,89.9,27.1,73.8,7.34,1296.0,banana
22.4,31.6,38.8,18.9,41.0,6.55,550.2,lentil
17.6,22.5,29.0,15.3,52.5,7.09,777.4,lentil
68.1,29.5,84.4,37.4,46.0,6.79,1249.4,pomegranate
35.8,40.4,31.9,22.0,56.3,6.39,925.0,chickpea
113.8,58.0,110.2,27.9,70.4,5.98,2180.8,papaya
63.0,28.4,48.6,31.3,60.6,7.34,1589.4,mango
113.1,50.9,68.9,26.7,83.9,5.89,2018.4,rice
63.6,39.2,61.1,38.1,57.5,6.27,1978.7,mango
58.3,44.4,94.6,26.2,60.1,6.06,671.6,muskmelon
118.7,56.0,76.3,24.5,84.1,5.61,2442.3,rice
77.5,33.5,80.7,30.4,57.4,7.17,855.1,grapes
58.8,34.0,63.5,28.0,59.7,6.52,2335.2,mango
34.7,55.2,31.6,27.2,53.3,7.66,921.5,chickpea
43.9,45.3,73.6,33.3,54.4,6.95,608.3,pomegranate
66.6,39.7,58.8,18.0,64.9,6.16,1700.5,apple
109.7,57.5,103.9,34.1,73.3,7.05,2183.7,papaya
105.7,39.5,105.8,28.6,83.9,6.17,2405.3,banana
55.4,39.0,52.4,30.2,59.8,6.44,1641.4,mango
36.3,58.0,59.8,16.8,64.5,6.39,1077.7,kidneybeans
89.6,48.1,46.1,17.8,63.2,7.12,932.8,wheat
75.2,63.8,95.3,36.1,60.0,6.43,777.2,muskmelon
39.7,40.1,31.7,31.0,80.8,6.25,782.7,blackgram
90.2,48.9,95.3,24.4,70.7,6.31,1942.5,orange
98.4,49.7,93.9,32.7,65.5,6.47,1962.3,papaya
118.6,49.8,55.8,24.4,69.8,6.14,811.9,maize
104.4,46.4,94.2,34.0,84.1,6.74,2366.5,banana
124.1,57.4,63.6,28.5,57.5,6.98,1105.5,cotton
80.0,50.7,123.2,29.2,83.6,6.41,2863.3,coconut
119.1,67.6,104.7,25.1,84.9,6.16,1941.2,banana
103.9,48.6,97.9,29.7,76.2,6.52,1391.9,papaya
81.2,53.0,48.7,30.6,81.6,5.88,2618.4,rice
38.9,38.9,33.8,22.9,55.8,6.87,1235.8,pigeonpeas
97.8,58.9,58.7,29.4,83.8,6.59,3489.6,jute
30.8,42.9,25.0,30.8,67.2,7.2,1290.6,pigeonpeas
100.0,60.6,40.4,26.0,87.6,6.3,1736.4,rice
35.4,46.2,32.9,20.0,49.1,6.46,521.9,lentil
56.0,46.4,59.9,30.5,52.2,7.46,1297.5,pomegranate
64.2,56.1,90.1,29.9,47.5,7.37,941.8,grapes
99.6,48.2,70.8,27.2,67.7,6.5,815.8,maize
73.4,55.6,84.5,30.6,61.8,6.64,767.3,muskmelon
78.9,63.1,84.1,31.2,60.7,6.78,508.9,muskmelon
113.8,51.3,129.2,27.5,86.9,6.36,2208.8,banana
98.0,52.8,153.4,33.6,84.8,5.83,1862.7,banana
122.7,67.7,70.5,27.2,79.0,6.62,2430.2,rice
58.6,58.5,112.8,27.7,67.5,6.96,905.7,watermelon
93.9,44.3,51.2,15.4,58.1,6.72,958.0,wheat
102.7,46.7,41.1,11.9,64.9,6.44,1119.0,wheat
23.3,37.2,41.6,17.6,62.7,6.82,769.2,lentil
109.0,59.1,113.8,24.0,78.6,6.99,2042.8,banana
102.1,60.8,92.2,31.5,58.1,6.52,1455.9,cotton
118.8,64.8,86.4,27.1,79.4,5.97,1397.1,papaya
22.5,56.8,32.1,23.5,53.7,6.8,648.0,pigeonpeas
74.4,55.6,74.9,24.9,62.3,6.54,1905.1,orange
146.0,60.9,118.6,28.5,88.3,6.44,1950.8,banana
100.8,37.9,104.3,27.3,81.9,6.28,2317.3,banana
67.1,24.9,87.2,22.1,51.7,7.14,1015.0,pomegranate
64.9,57.7,89.1,28.3,59.6,6.39,677.4,muskmelon
37.5,47.9,29.6,25.2,63.7,6.02,1148.6,pigeonpeas
133.4,76.5,66.4,30.8,81.2,6.26,2346.1,jute
122.1,66.3,67.1,35.9,87.2,6.29,2692.1,jute
59.2,25.2,99.7,32.4,81.3,7.03,2007.9,coconut
112.5,60.4,43.4,26.3,77.9,5.81,2652.0,rice
58.5,32.2,55.3,28.8,67.1,7.19,2552.7,mango
104.6,40.6,34.5,25.2,67.5,6.93,1169.3,maize
22.6,43.0,27.5,27.9,62.9,6.23,766.4,pigeonpeas
22.7,25.3,27.7,31.4,44.0,6.57,425.1,mothbeans
95.3,42.6,79.7,30.4,67.8,6.32,617.3,muskmelon
65.1,55.3,116.8,24.3,72.7,5.51,2735.0,coffee
110.2,72.0,81.9,34.8,63.9,6.85,962.5,cotton
112.7,63.5,75.5,30.7,61.3,6.32,969.2,cotton
114.1,56.6,64.4,33.9,80.6,6.4,2468.7,jute
61.6,46.7,61.1,26.0,54.5,6.76,948.3,pomegranate
52.2,33.9,78.1,24.8,49.6,7.1,1017.5,pomegranate
92.9,38.9,50.9,20.7,57.0,7.65,890.7,wheat
90.2,64.0,76.0,23.0,42.8,7.66,1351.9,cotton
69.2,30.8,54.0,30.2,60.4,5.82,1486.4,mango
72.5,44.3,69.2,34.8,46.4,6.6,1402.1,pomegranate
67.1,39.3,76.1,23.9,55.7,6.88,947.0,grapes
79.4,38.7,87.1,31.0,50.4,6.87,895.1,grapes
38.2,40.8,26.4,31.5,62.5,7.14,959.4,blackgram
66.6,60.5,74.1,28.8,48.2,6.65,811.8,grapes
39.4,55.2,31.2,18.7,61.6,6.34,1042.8,kidneybeans
28.6,27.6,28.5,14.1,56.3,6.85,660.6,lentil
59.2,25.9,127.5,26.4,93.3,5.87,1977.2,coconut
18.4,48.6,29.0,24.9,55.7,6.44,1296.6,pigeonpeas
62.0,41.7,36.1,18.1,52.0,5.88,1070.8,wheat
36.7,59.8,30.7,17.9,74.8,7.02,1132.4,kidneybeans
50.5,31.5,108.1,30.9,86.7,6.03,3040.4,coconut
135.3,54.4,56.2,33.2,88.9,6.74,2992.4,jute
99.0,37.6,97.4,28.0,55.5,6.54,742.3,grapes
18.0,63.9,53.3,26.2,71.7,6.67,953.6,kidneybeans
14.7,28.6,19.1,32.3,57.8,6.55,421.0,mothbeans
30.9,46.6,33.7,31.1,50.7,5.39,1261.3,pigeonpeas
80.4,78.0,97.6,30.5,69.0,6.51,648.4,watermelon
20.0,25.1,34.7,33.6,44.7,5.97,680.8,mothbeans
116.5,54.4,110.3,30.5,90.5,6.16,2093.7,banana
26.4,53.2,30.5,31.4,47.7,5.73,1208.0,pigeonpeas
120.7,73.3,70.4,34.0,86.1,6.35,2061.9,jute
21.5,55.6,32.6,35.5,70.5,6.72,906.1,pigeonpeas
74.7,37.3,60.3,20.5,69.6,6.46,843.7,maize
28.5,31.5,32.3,27.4,63.1,5.96,920.5,blackgram
58.7,41.7,79.6,23.7,39.3,7.39,936.4,pomegranate
86.4,63.5,43.1,18.2,68.2,6.29,629.7,wheat
88.1,56.2,65.4,24.1,81.3,6.05,2623.2,rice
36.2,45.6,26.0,30.6,63.0,6.78,1169.7,blackgram
76.5,46.5,114.5,24.5,92.8,6.43,2859.6,coconut
124.6,46.4,81.9,33.0,87.0,6.74,2437.5,banana
119.4,71.4,63.2,28.6,82.3,6.1,2372.9,jute
114.6,63.4,77.2,31.7,73.9,6.74,1663.0,papaya
56.6,47.2,54.5,23.8,75.8,5.63,2508.0,orange
102.7,57.5,62.4,29.4,68.0,6.76,804.4,maize
74.5,54.1,66.5,24.9,79.7,6.17,1749.9,orange
75.3,73.0,100.5,30.7,61.4,6.95,879.1,watermelon
21.5,41.7,33.4,28.6,65.8,6.88,1203.4,pigeonpeas
61.1,45.7,81.1,20.9,83.5,5.89,3177.8,coffee
129.0,60.9,66.1,32.6,83.2,6.06,3139.4,jute
52.4,27.6,53.1,23.4,73.5,6.3,2225.0,mango
76.0,34.8,59.2,34.2,64.8,6.6,1874.9,mango
15.5,23.4,30.9,24.8,33.4,6.59,701.7,mothbeans
26.4,63.1,42.5,19.1,66.5,6.64,1413.3,kidneybeans
35.4,49.3,40.8,31.2,57.2,6.88,992.9,pigeonpeas
63.0,51.8,62.0,19.9,62.9,6.52,1524.6,apple
80.8,38.6,113.2,34.7,61.8,7.03,605.2,grapes
46.9,41.8,35.8,24.4,64.1,6.34,928.7,mungbean
68.7,31.7,139.7,27.6,92.5,5.77,3543.0,coconut
99.4,70.2,94.6,33.1,69.4,7.02,2284.5,papaya
103.3,61.5,58.7,26.8,80.3,6.21,2590.5,rice
125.4,48.1,62.1,24.3,69.6,6.59,916.2,maize
51.6,44.5,62.2,27.0,64.0,6.37,1584.8,mango
130.1,56.1,71.2,29.6,74.0,5.84,2732.2,rice
114.5,52.9,41.9,20.7,55.7,7.53,664.7,wheat
70.8,54.0,91.4,27.7,62.4,6.54,559.1,muskmelon
27.4,49.1,37.9,20.2,50.6,6.58,730.5,chickpea
149.9,66.1,63.5,35.1,85.4,6.41,2162.3,jute
33.7,57.3,27.8,29.8,61.0,6.07,1543.8,pigeonpeas
26.8,21.5,27.4,33.7,41.0,6.46,409.1,mothbeans
84.8,36.4,55.9,33.0,59.4,6.77,1151.7,pomegranate
20.6,46.0,25.8,21.5,52.9,6.66,641.6,lentil
67.9,35.4,119.6,28.1,81.4,5.82,3029.4,coconut
77.1,40.0,119.3,24.4,72.9,5.78,2860.4,coffee
125.6,65.3,43.4,24.7,78.3,6.81,3449.8,rice
80.8,46.6,66.0,28.4,63.0,6.82,1771.9,orange
14.2,42.3,37.9,27.5,67.3,6.61,757.1,mungbean
34.2,28.8,25.8,27.5,47.0,6.52,537.7,mothbeans
105.0,46.5,105.3,22.1,75.6,6.7,1992.4,papaya
32.0,51.4,36.4,28.2,67.4,6.9,893.1,mungbean
97.1,56.9,95.3,29.0,79.8,5.81,2672.3,coffee
103.6,63.4,62.3,33.3,75.4,7.01,3210.2,jute
86.9,51.5,84.7,28.5,52.9,6.51,770.9,muskmelon
95.8,39.4,55.6,24.3,84.3,5.82,2058.0,rice
112.9,38.9,38.4,15.1,52.3,6.53,1029.1,wheat
96.3,44.4,62.2,21.8,69.5,6.3,1985.7,orange
21.7,44.6,25.5,11.4,49.2,7.65,809.7,lentil
23.4,27.9,31.9,36.2,57.5,6.57,328.6,mothbeans
86.9,31.7,100.2,33.3,76.6,6.84,2581.8,banana
57.4,30.8,110.6,27.1,79.7,7.0,1863.9,coconut
20.7,15.5,24.1,28.7,56.9,7.55,569.7,mothbeans
120.6,58.5,62.5,36.1,77.9,6.26,2977.3,jute
37.5,55.5,29.1,20.3,63.9,7.36,589.1,chickpea
64.2,38.0,67.2,24.7,56.3,6.81,716.4,pomegranate
73.8,58.4,112.3,25.8,61.5,6.88,791.9,watermelon
102.7,70.1,85.9,32.4,61.2,7.15,951.9,cotton
83.9,42.3,83.2,33.2,68.3,6.65,834.0,grapes
50.1,36.4,53.8,34.3,58.5,5.99,2019.7,mango
142.0,53.0,66.3,34.1,90.1,6.36,2400.8,jute
56.6,25.7,76.0,29.0,58.8,5.81,1935.8,mango
33.4,46.2,25.5,36.8,51.5,5.47,1233.7,pigeonpeas
70.3,48.4,87.3,29.6,53.3,6.43,840.4,grapes
73.2,44.2,68.6,38.6,59.7,5.73,1838.1,mango
26.5,42.3,22.7,19.2,63.4,6.47,718.0,chickpea
115.4,51.3,64.9,31.1,62.6,6.72,1449.4,cotton
81.8,63.5,88.5,27.7,60.3,6.38,648.2,muskmelon
69.9,44.2,49.2,23.5,69.2,6.3,991.3,maize
103.1,55.5,103.6,17.9,84.4,5.38,2843.6,coffee
47.6,31.7,52.9,36.1,47.0,6.8,1105.0,mango
23.4,41.1,40.4,25.3,54.4,6.7,642.8,chickpea
44.7,74.9,39.5,23.9,52.2,6.59,1086.7,kidneybeans
57.8,50.3,89.7,25.0,54.3,6.37,1416.0,pomegranate
23.2,37.6,34.2,15.0,52.4,6.83,660.0,lentil
124.1,48.5,57.2,32.9,79.7,6.78,2870.1,jute
94.6,47.5,39.4,23.6,71.8,6.94,1334.8,wheat
31.5,49.8,25.2,26.7,44.8,7.03,784.2,chickpea
122.0,54.8,138.9,28.6,79.1,6.08,2547.6,banana
85.2,43.5,74.3,25.9,63.6,6.44,1614.0,orange
96.0,38.3,100.1,23.5,72.4,5.47,2962.8,coffee
81.6,55.4,107.8,27.1,59.7,5.99,577.9,muskmelon
63.8,49.0,66.1,28.2,38.0,7.13,860.6,pomegranate
30.3,32.1,36.5,15.7,43.0,7.08,725.1,lentil
67.1,45.9,90.3,16.7,72.4,5.75,2450.8,coffee
12.6,19.6,21.1,33.1,45.8,7.27,448.7,mothbeans
36.3,67.0,46.7,18.6,66.8,6.35,1240.1,kidneybeans
100.7,62.8,78.8,28.9,61.9,6.93,2017.0,papaya
47.3,71.6,45.5,21.3,69.3,6.84,932.2,kidneybeans
112.0,46.8,42.8,19.0,59.0,6.64,1121.0,wheat
31.0,48.0,23.3,25.4,69.1,6.85,1281.7,pigeonpeas
59.0,35.7,90.0,26.6,69.4,6.97,917.7,grapes
74.9,61.7,96.4,23.6,61.3,6.54,378.0,muskmelon
89.9,46.1,41.3,20.5,61.0,6.67,1028.3,wheat
38.1,52.2,34.0,25.4,73.5,7.14,989.5,mungbean
72.8,32.6,52.6,33.5,59.3,6.16,2442.8,mango
82.4,38.6,117.2,28.1,86.8,6.7,2803.6,coconut
50.5,37.1,57.3,15.5,71.4,6.14,1781.1,apple
25.2,27.8,32.0,29.3,47.5,7.16,659.4,mothbeans
61.3,42.5,76.1,33.0,61.3,6.43,1983.2,mango
94.6,43.3,87.6,30.2,76.1,6.87,2433.0,banana
93.3,48.3,119.3,31.5,87.4,6.63,2057.6,banana
59.5,39.9,60.7,16.6,69.5,6.37,1498.3,apple
62.8,35.8,44.0,22.8,53.9,7.0,1339.1,mango
90.9,53.5,109.9,29.0,71.6,6.53,2020.5,banana
38.8,66.1,34.7,22.7,57.5,6.59,892.8,kidneybeans
98.3,43.7,45.0,30.6,71.4,6.68,2053.5,orange
32.8,40.0,34.2,27.9,52.9,6.4,1006.7,pigeonpeas
48.0,50.0,101.9,30.3,57.9,6.91,896.2,grapes
48.4,32.8,63.6,13.9,78.0,6.13,1952.5,apple
24.8,37.7,31.6,32.6,61.1,6.77,998.2,mungbean
32.1,50.0,50.5,31.1,66.1,6.49,911.4,mungbean
26.5,36.1,28.3,22.6,38.5,6.61,508.3,lentil
22.9,61.1,43.6,28.1,61.5,6.76,1293.0,blackgram
64.6,28.0,52.2,30.4,62.8,6.72,1663.1,mango
56.1,40.0,41.5,31.7,55.5,6.23,1514.8,mango
55.1,31.0,68.6,29.1,56.7,6.63,1227.9,mango
87.3,47.7,59.8,23.0,68.3,5.89,1326.9,maize
24.7,45.2,30.2,19.1,55.0,6.27,685.3,lentil
86.7,67.3,68.2,32.7,83.8,6.19,3060.4,jute
87.7,37.4,64.7,17.1,63.0,6.63,1926.8,apple
36.2,50.0,37.1,28.2,60.8,7.14,1155.1,mungbean
88.6,51.3,53.0,23.3,66.2,6.66,1107.7,maize
82.1,53.4,72.0,23.5,62.9,6.71,2158.6,orange
112.7,52.4,61.8,24.9,86.3,5.93,2466.3,rice
36.6,34.3,34.7,33.1,62.7,6.57,888.7,mungbean
109.7,55.6,78.0,28.5,88.1,6.45,2612.1,rice
65.1,43.4,88.1,17.4,76.4,4.9,2903.1,coffee
98.9,45.9,34.0,19.6,62.8,6.99,962.4,wheat
33.9,54.0,30.1,23.7,60.8,5.99,1006.4,pigeonpeas
87.9,44.2,33.7,23.8,56.4,7.15,904.2,wheat
107.7,47.2,64.7,39.0,87.5,6.81,2909.7,jute
36.2,54.5,47.3,20.8,75.3,6.41,1341.5,kidneybeans
112.5,64.2,59.8,25.6,72.0,5.76,3040.5,rice
98.5,47.4,33.5,15.3,66.5,7.3,1021.8,wheat
102.1,56.4,71.3,28.8,80.7,6.49,2316.3,papaya
103.3,66.8,78.6,24.0,50.1,6.14,1523.7,cotton
73.0,82.3,120.2,31.3,59.6,6.69,776.8,watermelon
58.3,35.4,62.7,36.2,66.2,6.21,1649.7,mango
81.3,50.6,94.7,21.9,79.8,6.17,2522.1,coffee
72.4,36.4,67.5,27.6,55.8,6.8,1843.0,mango
81.5,37.1,63.6,17.6,62.6,6.09,1810.0,apple
54.4,39.7,40.5,22.9,63.5,7.74,1237.5,pomegranate
126.6,53.2,73.7,32.7,53.5,7.1,898.3,cotton
121.1,51.0,59.6,27.6,62.3,6.04,648.0,maize
65.4,40.5,84.8,30.0,79.6,6.38,2523.3,coconut
74.4,43.1,79.2,21.3,67.5,6.66,1355.8,orange
23.9,38.2,32.2,17.0,55.3,7.0,636.9,lentil
113.5,42.6,58.8,33.2,89.4,5.97,2846.5,jute
104.7,50.7,90.1,31.1,60.0,6.86,931.2,cotton
122.1,53.1,56.3,30.6,72.2,6.21,3064.1,rice
97.5,56.1,66.5,25.3,73.2,6.36,1649.1,orange
74.6,50.0,63.2,27.9,63.4,6.43,1016.0,pomegranate
79.5,49.9,73.5,28.9,64.8,6.8,1659.9,orange
75.3,57.3,77.5,34.2,67.4,6.57,1454.1,cotton
34.4,51.2,33.8,31.5,65.0,6.42,854.1,blackgram
51.1,41.1,94.2,20.6,79.6,5.77,2580.1,coffee
38.1,51.1,38.8,31.1,63.9,6.91,1005.0,blackgram
90.5,69.0,65.5,22.0,82.6,6.2,2213.7,rice
141.5,60.5,65.8,39.9,85.7,6.86,2860.4,jute
24.3,47.2,23.8,18.2,53.7,6.91,670.1,chickpea
132.0,57.4,38.0,11.4,60.1,6.24,1064.2,wheat
101.4,57.1,55.3,26.0,71.5,6.73,831.2,maize
63.0,23.3,71.6,24.3,47.3,6.42,2033.1,mango
78.6,56.4,49.3,11.4,69.2,6.4,1242.4,wheat
30.1,30.0,20.8,30.0,43.2,7.65,587.5,mothbeans
128.0,34.7,56.6,33.6,68.8,6.41,1072.5,maize
19.3,36.1,29.7,20.5,55.2,6.23,1014.6,lentil
109.1,57.6,57.2,25.6,67.8,6.26,1192.5,maize
31.6,44.9,44.6,22.1,50.7,7.44,719.2,chickpea
69.1,53.4,98.1,30.8,56.5,6.28,709.4,muskmelon
34.3,48.6,47.6,28.6,68.0,6.39,1072.8,mungbean
87.2,47.9,63.1,25.5,66.1,7.34,1221.3,maize
80.1,51.4,64.4,23.6,66.6,6.45,1285.6,orange
25.0,54.5,37.5,22.1,70.2,6.94,823.6,mungbean
146.5,40.4,60.1,33.8,74.7,6.92,3681.9,jute
31.8,47.8,37.1,23.3,68.8,6.93,1474.6,kidneybeans
127.2,42.7,103.8,31.1,72.3,7.0,1771.9,banana
81.7,46.5,109.7,23.0,69.8,6.84,762.1,watermelon
64.5,34.2,132.8,31.0,93.6,6.3,2904.3,coconut
79.6,59.2,74.5,25.6,73.4,6.56,526.4,muskmelon
54.8,26.3,60.7,14.7,57.5,6.27,1864.4,apple
76.6,48.5,100.4,19.4,80.3,5.38,2672.3,coffee
73.2,48.2,117.2,34.9,66.2,6.05,575.3,muskmelon
45.7,48.6,59.2,28.6,58.0,7.05,1155.1,pomegranate
110.8,57.3,120.1,29.9,85.9,6.32,1977.8,banana
107.4,59.4,86.8,32.9,61.0,7.3,1254.9,cotton
22.1,31.8,28.5,31.3,32.7,7.25,559.0,mothbeans
103.2,48.7,56.3,28.6,68.8,6.56,1007.6,maize
73.0,42.4,118.5,15.9,77.0,5.31,2381.4,coffee
67.9,33.7,36.0,33.6,50.5,6.2,1853.9,mango
28.6,42.6,41.9,30.6,55.6,6.58,934.1,pigeonpeas
59.4,36.3,59.7,19.1,60.0,6.02,1515.5,apple
41.6,37.2,102.1,33.2,87.6,6.18,2527.7,coconut
66.3,47.0,64.9,35.9,68.9,6.94,1473.9,mango
111.3,46.3,60.9,33.0,88.0,6.43,2880.5,jute
96.9,55.6,75.3,25.8,75.7,5.69,2916.3,rice
125.6,61.4,56.3,39.7,85.4,5.7,2605.1,jute
90.0,60.4,107.5,35.1,74.9,6.81,659.2,watermelon
53.8,51.5,35.1,32.6,68.9,6.68,1058.5,blackgram
24.4,42.6,27.0,24.6,45.5,7.41,828.6,lentil
105.5,49.2,69.5,31.4,73.5,6.46,2194.5,jute
63.4,50.3,70.0,27.5,56.9,6.86,1411.8,orange
43.6,29.6,57.3,26.7,59.5,6.41,1398.1,mango
84.6,53.4,95.4,29.4,65.2,6.91,770.0,watermelon
92.2,63.1,70.5,29.6,79.2,6.77,2785.7,jute
35.3,47.2,31.7,22.1,56.7,6.85,549.9,chickpea
75.5,37.0,58.0,25.1,58.8,7.22,1113.9,pomegranate
29.7,44.6,33.1,19.1,56.1,7.05,775.9,chickpea
81.8,43.1,92.5,16.5,71.3,5.29,2466.5,coffee
101.2,62.3,103.5,26.3,54.0,7.49,1506.4,cotton
75.3,27.8,65.4,20.5,66.0,6.05,1569.0,apple
64.7,37.7,100.3,31.1,83.5,6.87,3375.6,coconut
22.7,45.7,36.9,32.7,75.5,6.77,1213.8,blackgram
34.3,40.1,30.4,21.6,52.2,6.36,548.7,lentil
84.9,43.6,35.7,19.5,73.8,6.78,964.0,wheat
98.4,44.1,68.8,26.7,74.1,6.8,1110.4,maize
58.4,46.7,113.9,23.3,86.2,5.35,2565.6,coffee
24.6,38.9,37.8,26.2,54.7,7.05,992.7,lentil
33.2,45.2,24.8,21.2,56.5,6.6,900.7,chickpea
72.6,44.6,102.2,21.9,84.7,5.32,2187.2,coffee
74.8,51.4,65.0,23.4,66.6,5.7,1579.4,orange
75.5,44.5,74.5,20.0,82.5,5.94,2965.6,coffee
42.3,47.1,48.1,21.2,54.1,6.7,729.8,lentil
48.4,28.8,105.9,30.5,88.0,6.19,2645.6,coconut
32.2,59.6,51.1,19.3,61.6,6.49,1025.7,kidneybeans
130.7,65.3,53.9,29.6,82.7,6.32,2652.6,rice
51.8,29.5,101.4,26.0,48.7,6.63,770.8,grapes
102.3,56.0,85.0,25.9,67.7,6.71,1151.2,cotton
40.3,52.6,48.2,18.1,55.3,6.57,1181.9,kidneybeans
91.7,55.4,70.5,25.0,58.4,7.05,1190.8,cotton
45.1,43.8,34.5,35.1,86.1,6.16,949.9,blackgram
28.1,44.4,39.2,24.9,71.5,7.03,854.9,mungbean
59.9,43.4,64.3,25.1,66.1,6.77,1940.6,mango
100.6,48.5,36.1,21.1,61.4,6.56,957.4,wheat
102.3,53.6,93.8,32.9,69.3,6.7,2196.3,papaya
31.8,35.1,34.2,27.4,40.5,7.57,726.3,chickpea
106.0,48.6,53.0,25.4,75.7,6.66,840.4,maize
71.6,42.2,34.9,14.0,58.1,7.54,760.8,wheat
128.2,46.4,66.7,28.3,85.5,6.48,2967.0,jute
93.6,52.4,48.8,21.7,65.6,6.74,1462.0,wheat
93.1,53.2,91.8,22.2,73.8,5.34,2752.7,coffee
83.0,63.7,95.6,28.2,65.7,6.77,740.2,watermelon
120.5,53.9,123.9,29.8,71.7,6.84,1970.4,banana
105.5,43.5,56.0,27.5,76.6,6.38,1139.9,maize
80.2,51.4,74.4,34.7,72.0,6.91,1534.7,papaya
41.2,47.2,38.3,30.1,67.2,7.08,903.2,blackgram
20.4,18.4,20.9,29.4,50.3,6.09,490.2,mothbeans
50.1,57.9,31.8,26.8,71.7,6.42,910.1,blackgram
52.9,37.4,55.4,35.3,39.7,7.14,778.5,pomegranate
33.5,60.1,56.3,22.6,66.8,6.27,1491.8,kidneybeans
27.0,44.2,20.2,24.9,54.1,6.89,677.5,chickpea
98.9,54.9,57.3,26.8,65.5,6.29,1070.9,maize
97.7,44.5,39.3,24.0,59.2,6.55,1287.4,wheat
61.0,22.9,60.0,30.1,59.1,6.44,1905.3,mango
22.2,38.1,23.1,32.1,36.5,7.13,673.4,mothbeans
63.9,34.7,59.5,29.9,57.2,6.38,1908.6,mango
91.5,50.8,46.5,26.4,69.9,6.62,1035.0,maize
71.4,26.4,59.8,27.7,55.8,5.68,1535.0,mango
62.0,41.3,121.9,29.7,78.5,6.27,2919.3,coconut
69.5,30.2,105.1,29.5,82.2,6.7,2665.0,coconut
88.6,50.0,55.3,26.6,69.6,5.54,1618.8,orange
33.4,41.5,44.9,27.2,70.7,7.4,743.3,mungbean
89.1,52.2,105.2,23.8,73.9,6.65,709.6,muskmelon
128.1,66.5,77.9,25.0,64.8,7.04,1148.3,cotton
61.8,40.0,144.2,32.8,83.5,6.58,3196.8,coconut
30.6,52.9,35.2,25.8,80.6,6.52,901.0,mungbean
39.9,32.2,45.3,29.7,62.6,7.01,1095.3,blackgram
75.1,46.3,78.0,31.4,69.7,6.31,1584.4,orange
60.8,33.8,89.5,35.5,65.4,6.61,1083.8,grapes
107.3,53.9,90.1,27.0,77.7,6.45,1897.5,papaya
25.1,50.5,28.8,15.4,48.5,7.34,736.8,lentil
56.7,40.9,63.1,29.7,70.6,6.09,1697.4,mango
130.2,58.7,70.0,32.0,89.7,5.7,2951.6,jute
62.0,38.8,58.4,16.4,69.9,5.86,1738.7,apple
63.8,58.0,101.0,36.8,81.9,6.94,788.2,watermelon
57.5,53.4,63.0,25.0,76.7,6.44,718.3,watermelon
122.1,63.0,88.0,30.1,81.6,6.05,2891.9,jute
119.3,56.9,66.3,28.7,50.6,6.84,1049.5,cotton
103.3,61.0,55.5,28.3,74.0,6.34,2295.7,rice
106.1,46.7,28.4,20.1,59.4,6.27,1292.0,wheat
61.3,50.2,84.6,30.9,58.8,6.89,806.3,pomegranate
95.2,44.3,35.7,17.8,64.9,6.86,1012.4,wheat
53.8,53.3,77.7,17.1,43.1,6.17,804.7,grapes
81.4,46.2,38.8,15.9,58.7,6.74,911.0,wheat
67.9,43.8,68.1,20.3,65.6,6.4,1243.6,orange
51.0,43.7,50.5,20.0,54.1,6.64,1600.6,apple
15.7,39.6,41.7,17.4,49.1,6.95,792.7,lentil
94.7,51.8,113.6,30.6,74.1,5.99,517.7,watermelon
65.4,30.1,40.5,34.6,62.7,6.65,1680.5,mango
88.6,57.0,106.5,32.7,75.4,6.5,1842.1,papaya
56.2,51.3,51.5,16.2,69.6,6.46,1602.7,apple
69.3,45.8,110.8,23.7,77.1,5.15,3036.7,coffee
102.8,47.3,137.7,31.3,86.7,6.7,2331.4,banana
112.6,48.2,57.0,24.8,68.5,6.1,1254.8,maize
41.1,50.6,31.8,28.1,64.4,6.72,1179.8,blackgram
32.9,50.6,30.9,17.6,45.2,6.51,1009.9,chickpea
95.3,55.0,72.7,27.5,86.6,6.43,3460.5,rice
56.4,40.8,72.2,32.7,62.3,6.2,1487.6,mango
94.0,56.2,109.5,26.2,68.9,6.83,691.3,watermelon
26.8,51.8,34.2,21.1,57.0,6.77,861.9,lentil
76.5,50.8,100.2,25.5,74.2,6.0,2479.4,coffee
68.8,40.1,70.2,29.3,53.5,7.96,963.0,pomegranate
110.3,42.3,58.2,27.4,69.4,6.98,1382.7,maize
60.3,33.3,75.0,31.3,55.6,6.46,1195.0,pomegranate
87.8,45.8,39.2,30.3,63.0,6.94,1080.0,maize
34.0,47.7,46.0,30.1,55.6,6.21,1225.9,pigeonpeas
56.8,44.3,79.9,23.5,77.1,7.34,1822.4,orange
96.9,49.2,89.1,32.0,76.9,6.91,1560.5,papaya
80.2,50.3,103.4,23.0,84.7,5.22,2464.8,coffee
91.7,53.7,94.0,29.6,67.7,6.69,809.7,watermelon
67.3,57.0,99.1,20.3,72.0,5.64,2556.8,coffee
48.5,43.2,101.9,26.3,87.4,5.86,2541.8,coconut
59.3,52.9,98.8,36.3,72.0,6.59,477.3,muskmelon
37.2,52.2,30.6,24.4,54.9,7.07,1107.4,pigeonpeas
26.7,40.8,43.3,26.5,69.9,7.03,946.5,mungbean
109.3,49.7,71.3,33.1,66.6,7.2,1091.1,cotton
94.0,45.1,55.4,21.3,71.8,6.59,1395.7,orange
76.5,52.7,40.7,16.3,59.8,6.69,1081.6,wheat
33.4,44.7,27.9,31.8,70.0,7.65,1206.3,blackgram
61.3,22.5,62.1,29.8,62.7,6.15,1829.4,mango
104.4,48.4,79.2,25.4,61.7,6.29,996.7,cotton
96.9,46.1,60.3,28.4,84.8,6.64,2934.5,rice
42.5,50.8,46.9,17.5,63.1,6.88,1238.3,kidneybeans
45.6,60.6,52.2,20.1,70.9,6.81,1272.0,kidneybeans
25.2,46.7,38.4,20.4,55.5,6.14,803.6,chickpea
42.4,44.2,67.6,12.2,67.5,6.51,1563.7,apple
34.5,43.9,36.2,21.9,57.9,6.35,1258.3,pigeonpeas
65.0,29.4,115.2,26.0,81.0,6.29,2497.0,coconut
49.2,33.6,117.2,30.9,89.8,5.55,2727.0,coconut
74.8,41.9,85.8,25.7,67.7,5.76,1883.0,orange
101.2,48.4,34.7,26.2,64.9,6.29,935.5,maize
99.0,51.3,75.8,32.6,87.4,6.2,3258.7,rice
63.9,47.5,93.3,20.9,72.6,5.9,2561.9,coffee
41.8,26.0,56.5,33.7,57.6,6.52,1757.9,mango
68.0,44.3,68.5,23.0,65.5,6.37,1516.0,mango
52.0,29.3,57.4,36.5,60.8,6.83,1303.9,mango
86.3,32.6,117.7,28.4,76.5,6.5,2470.8,banana
23.8,46.5,46.8,18.5,50.7,6.04,1007.2,chickpea
73.7,43.6,47.4,25.0,71.7,6.41,968.6,maize
63.7,38.2,57.4,30.6,60.9,6.29,1603.8,mango
62.9,37.9,68.9,18.2,59.4,5.76,1403.6,apple
55.9,46.5,94.5,18.9,57.7,6.49,1182.3,grapes
26.7,50.0,40.2,26.4,71.9,7.33,810.8,mungbean
74.9,41.5,81.4,34.4,61.0,7.07,1115.5,pomegranate
99.1,57.3,83.1,24.9,60.9,7.48,1270.4,cotton
75.7,32.2,98.3,26.4,62.8,6.75,772.2,grapes
62.6,42.0,66.9,15.5,64.2,6.94,1769.7,apple
70.1,26.7,119.0,26.6,87.7,6.51,2587.5,coconut
103.4,58.9,111.5,32.1,85.9,6.94,2273.6,banana
58.1,25.9,57.9,14.6,62.5,6.52,1964.5,apple
85.6,45.0,80.3,30.0,70.2,6.24,1482.2,orange
81.0,58.9,54.8,18.8,62.4,6.57,1272.4,wheat
123.5,70.6,61.5,27.1,54.6,6.75,869.5,cotton
69.2,48.7,57.1,27.5,60.5,6.26,1866.7,orange
31.3,47.0,42.6,26.7,62.4,6.47,712.8,mungbean
84.1,56.7,75.0,25.4,57.0,6.16,459.3,muskmelon
78.0,57.9,87.8,30.8,62.1,6.8,746.4,watermelon
77.6,45.4,93.1,26.0,60.2,6.93,842.8,grapes
105.4,40.8,129.9,25.3,82.1,6.66,2082.9,papaya
80.0,39.4,58.0,12.5,57.0,6.76,1513.6,apple
95.7,46.5,104.6,32.1,67.2,6.51,1445.7,papaya
25.4,46.6,31.9,33.4,55.0,5.78,1082.0,pigeonpeas
21.2,33.1,19.7,36.4,33.2,6.89,398.5,mothbeans
33.8,46.6,18.0,22.5,54.4,6.16,935.9,chickpea
87.9,51.4,30.0,14.3,68.9,7.2,908.7,wheat
33.4,26.8,16.9,34.2,47.9,7.34,467.5,mothbeans
40.7,71.2,43.3,21.4,62.1,6.03,1015.9,kidneybeans
23.6,65.5,38.3,29.2,56.0,6.97,1294.1,pigeonpeas
71.3,34.3,74.1,28.2,65.6,7.1,1140.3,grapes
111.4,50.4,60.1,29.3,84.8,6.71,3165.8,jute
40.6,35.7,28.8,28.4,64.2,7.08,903.9,mungbean
35.8,38.7,46.9,34.5,74.3,6.74,1063.4,mungbean
90.4,29.0,98.2,34.5,55.5,6.61,1117.9,grapes
84.3,53.2,44.1,15.9,61.0,6.29,1086.5,wheat
68.2,36.5,111.6,29.7,84.0,5.78,1931.5,coconut
34.9,48.0,35.4,16.1,45.7,7.09,764.9,lentil
25.4,43.0,28.1,16.7,50.5,6.61,572.0,lentil
91.5,61.7,46.6,28.1,66.3,5.96,985.9,maize
25.8,56.2,34.5,15.0,45.2,7.9,953.0,chickpea
90.5,57.9,56.6,27.5,67.8,6.47,779.5,maize
103.1,70.5,77.3,29.6,71.5,6.79,2355.4,jute
82.0,60.2,109.4,28.8,85.4,6.7,1915.7,banana
78.2,35.1,99.9,22.3,74.7,5.81,2289.1,coffee
83.1,50.6,87.6,22.9,96.6,6.46,2425.6,banana
37.6,60.0,46.6,25.5,68.8,6.42,1200.2,kidneybeans
88.4,56.8,69.4,30.9,85.2,6.26,2623.5,rice
61.0,28.5,55.7,27.5,63.5,6.15,1870.3,mango
98.3,56.7,69.1,33.9,56.7,7.59,1066.3,cotton
103.6,58.3,56.0,27.0,76.3,6.29,1326.4,maize
20.4,55.3,48.4,23.6,65.7,6.33,1171.6,kidneybeans
109.5,62.7,62.7,31.3,81.7,6.2,2701.7,rice
115.1,45.0,75.4,25.8,83.4,5.89,2502.0,rice
111.1,61.3,70.7,26.7,55.8,6.9,1369.0,cotton
62.1,36.3,53.7,28.9,68.1,6.06,776.6,pomegranate
27.8,52.8,36.7,23.5,47.6,7.25,812.7,chickpea
73.9,25.5,127.0,33.9,91.5,5.88,2019.9,coconut
98.7,45.7,76.2,22.4,77.7,6.09,1015.4,maize
74.6,51.9,107.3,28.2,88.3,6.73,1444.3,banana
109.5,56.1,103.5,29.4,80.0,6.74,2007.8,banana
83.3,36.8,65.8,18.0,67.8,6.06,1600.8,apple
124.1,49.7,84.9,28.8,82.6,6.3,2786.4,rice
28.3,32.6,30.6,17.7,44.8,6.86,762.7,lentil
73.8,31.1,50.4,23.9,55.6,6.07,2214.0,mango
13.5,39.9,34.9,20.2,57.5,7.6,872.6,chickpea
73.2,44.7,77.0,23.7,70.7,6.37,1128.0,maize
21.2,55.0,41.4,30.9,66.3,6.21,959.0,mungbean
21.9,29.1,31.6,25.5,49.0,7.25,1115.4,pigeonpeas
45.0,44.2,64.9,21.8,66.0,5.43,2437.3,coffee
71.8,57.9,78.6,23.9,70.0,5.88,912.6,grapes
53.2,48.8,62.5,32.4,59.4,6.2,1392.7,pomegranate
100.4,59.3,47.2,20.3,64.9,6.71,1146.9,wheat
87.6,44.4,31.8,16.8,69.1,6.33,1584.0,wheat
18.9,30.4,29.0,30.1,43.3,6.79,676.4,mothbeans
54.5,32.2,62.6,15.7,68.5,6.37,1860.9,apple
52.9,37.6,78.4,24.5,53.4,6.72,1047.3,grapes
95.1,43.7,116.6,27.5,65.5,6.87,615.2,watermelon
90.6,51.1,44.6,23.7,78.7,6.77,905.4,maize
84.9,59.8,148.3,27.3,84.5,5.68,1776.9,banana
112.8,55.1,103.1,29.0,87.4,6.13,1581.9,banana
17.2,31.9,35.8,19.0,42.7,6.68,597.3,lentil
30.1,38.1,32.7,20.4,61.6,6.16,951.2,pigeonpeas
47.7,68.0,37.6,21.9,71.0,6.42,1607.8,kidneybeans
75.9,35.4,117.9,29.6,78.4,6.95,2250.3,coconut
33.4,38.3,37.5,27.1,57.5,6.92,913.1,mungbean
106.2,62.8,99.9,29.6,86.8,6.33,1930.3,banana
114.6,45.8,49.0,22.4,79.9,6.4,2894.8,rice
66.9,60.8,121.7,26.4,60.7,5.97,814.6,watermelon
25.8,50.5,33.7,31.9,69.8,7.27,825.2,mungbean
90.6,60.4,132.4,31.7,71.8,6.84,790.4,watermelon
57.1,29.4,73.7,21.7,69.1,6.16,1634.0,apple
95.2,63.6,103.9,22.6,67.7,5.02,2640.1,coffee
100.9,52.3,59.6,26.2,84.6,5.39,2538.5,rice
116.6,55.0,139.1,30.1,81.6,5.92,1800.9,banana
12.0,29.1,28.9,33.1,40.6,6.87,287.4,mothbeans
87.1,46.0,50.5,27.4,79.9,6.09,2837.6,rice
41.9,49.5,44.2,25.4,76.6,6.69,1149.8,pigeonpeas
23.3,33.2,31.5,19.4,43.8,6.93,502.5,lentil
93.7,52.0,55.5,24.3,71.7,6.42,1011.6,maize
42.4,47.5,88.5,22.8,53.1,6.06,820.9,grapes
48.7,44.9,54.0,30.5,63.4,6.47,1037.0,grapes
123.3,67.9,64.1,27.8,85.0,5.86,2483.1,rice
22.1,44.0,39.1,24.3,64.4,7.47,995.1,pigeonpeas
52.5,35.7,66.5,30.7,65.6,7.45,1050.1,pomegranate
89.0,51.0,22.5,21.5,54.6,6.85,1232.8,wheat
66.0,38.0,30.2,16.2,53.8,7.04,918.3,wheat
114.1,53.4,90.0,36.2,55.1,7.07,1307.1,cotton
105.3,51.8,54.6,20.1,73.8,6.7,988.8,maize
62.6,32.8,69.9,16.6,56.8,6.47,2305.4,apple
70.6,49.0,31.5,25.2,67.5,6.42,1136.1,maize
75.8,60.8,69.8,27.7,83.3,6.39,2374.5,rice
106.0,53.5,109.1,27.5,77.5,6.37,2711.7,banana
20.8,37.2,20.5,28.9,35.0,7.46,495.4,mothbeans
103.9,61.3,83.8,29.0,69.4,6.63,1805.9,papaya
68.0,36.3,72.1,11.4,74.6,6.28,1668.7,apple
62.1,60.0,67.1,24.2,57.7,6.26,2053.3,orange
62.8,36.9,64.6,31.0,64.3,6.78,1689.3,mango
116.4,56.5,100.1,35.1,59.4,6.94,1233.3,cotton
24.4,66.0,42.8,33.3,52.2,6.94,958.4,mungbean
51.2,30.2,60.2,33.5,67.6,6.86,1871.1,mango
99.0,34.2,70.2,22.8,50.9,6.63,540.0,grapes
110.4,69.8,52.3,30.6,78.2,6.32,2788.6,jute
97.1,46.2,49.5,27.4,65.0,6.46,898.5,maize
63.4,40.3,85.9,23.2,77.7,5.27,2618.5,coffee
46.0,47.0,33.1,28.2,75.5,7.37,1177.5,blackgram
71.2,42.1,67.9,31.5,66.4,6.05,1041.9,pomegranate
123.9,44.3,34.0,21.7,57.0,6.77,1108.2,wheat
127.5,46.4,56.0,33.6,71.0,6.27,988.5,maize
114.7,59.1,66.4,32.1,81.1,6.28,2624.0,rice
108.6,67.7,73.9,25.2,52.9,6.95,1295.4,cotton
129.9,53.2,62.1,25.5,83.0,6.11,3395.1,jute
111.1,32.3,135.5,28.7,70.0,6.36,2091.9,banana
95.1,55.3,108.1,29.0,74.5,7.13,1880.5,papaya
116.1,64.4,71.4,30.6,88.2,6.11,2470.2,rice
41.4,32.5,61.3,28.5,52.3,7.05,1097.9,pomegranate
116.6,50.4,109.7,34.2,82.7,5.76,1787.6,banana
128.8,48.2,65.4,31.2,78.6,6.95,2378.9,jute
113.3,52.6,42.0,11.4,61.8,6.58,1048.2,wheat
87.2,64.9,48.7,17.7,64.0,6.49,1053.4,maize
128.7,44.6,72.2,27.2,90.8,6.57,2367.0,rice
24.7,54.2,32.4,24.8,61.9,7.49,831.2,mungbean
57.6,32.8,53.7,15.7,68.6,6.19,1401.1,apple
57.3,34.5,48.5,25.2,67.6,6.44,2021.1,mango
93.3,58.6,97.1,34.8,62.2,6.39,1864.0,papaya
67.8,37.4,109.2,28.9,71.0,6.27,669.4,muskmelon
27.3,33.4,38.2,31.2,64.0,7.13,1364.6,pigeonpeas
29.5,48.6,45.4,28.3,57.4,7.51,1195.5,pigeonpeas
76.1,43.7,105.4,28.1,75.9,6.22,2559.9,papaya
56.5,43.3,122.5,26.9,82.5,6.13,2943.2,coconut
76.3,42.0,39.8,13.6,60.4,7.65,910.5,wheat
99.2,49.5,38.1,19.0,64.1,7.33,966.1,wheat
85.2,38.9,111.1,30.3,57.6,7.65,861.6,grapes
35.7,35.7,30.2,20.8,48.0,6.87,881.1,chickpea
62.2,33.2,105.8,22.6,72.9,5.59,2121.8,coffee
33.5,45.0,29.3,20.6,49.2,6.83,628.4,chickpea
110.9,57.3,74.9,39.8,65.0,7.0,884.7,cotton
76.3,50.0,86.3,22.1,70.0,6.36,1725.4,orange
112.9,58.0,51.7,38.8,86.7,6.97,2550.8,jute
23.1,32.3,37.0,28.2,59.4,6.92,902.9,pigeonpeas
21.0,30.3,15.7,25.9,44.3,6.73,632.3,mothbeans
135.5,70.5,65.5,26.5,80.8,5.74,2824.3,rice
67.6,30.6,129.3,27.6,87.7,7.28,2609.2,coconut
43.3,36.1,62.9,12.2,77.8,6.38,1394.7,apple
112.1,41.2,65.2,33.5,79.2,7.32,2545.4,jute
69.1,62.3,100.9,22.5,70.6,6.61,778.7,watermelon
67.4,33.5,91.7,25.8,55.8,7.65,1126.2,grapes
115.5,59.7,63.7,27.1,79.9,6.25,3807.8,rice
76.8,47.7,68.7,35.8,61.6,6.66,541.6,muskmelon
88.7,52.8,64.0,31.6,73.8,6.86,1123.0,maize
106.9,60.9,62.0,20.0,64.1,6.13,889.4,maize
40.2,41.6,31.9,27.6,58.8,6.2,1346.8,pigeonpeas
51.1,45.3,103.0,31.7,60.4,6.58,599.2,grapes
74.9,29.5,88.3,34.5,54.8,6.87,751.0,grapes
52.1,48.5,79.9,32.3,60.8,6.91,742.3,grapes
46.0,37.8,39.0,19.9,54.6,6.49,735.9,chickpea
26.4,46.7,26.7,24.0,54.1,7.49,616.9,chickpea
94.7,46.9,95.1,27.9,82.6,5.68,2124.8,banana
24.4,50.4,34.1,27.2,49.6,6.99,774.8,chickpea
100.0,55.7,70.9,32.3,58.0,6.49,995.1,cotton
16.4,44.7,34.6,31.2,53.9,6.79,1225.1,pigeonpeas
54.0,41.3,149.6,26.0,87.1,6.72,3007.8,coconut
78.5,51.4,26.3,23.6,63.0,6.47,1154.4,wheat
75.5,33.5,51.1,25.3,63.6,6.32,1371.0,maize
62.4,34.0,54.5,27.4,59.2,6.94,1622.5,mango
131.8,52.7,110.8,25.5,79.8,6.16,1773.8,banana
22.9,46.0,37.9,24.0,42.6,6.27,324.0,lentil
75.4,38.0,58.1,13.6,65.5,6.21,1761.2,apple
78.5,55.6,104.5,24.6,79.3,6.72,1788.5,papaya
108.2,59.5,33.5,16.7,56.0,6.98,918.9,wheat
112.1,49.7,38.5,18.8,61.8,6.91,1201.4,wheat
102.1,37.6,100.2,29.5,84.6,6.05,2042.1,banana
119.4,42.0,48.1,27.9,90.9,5.66,2118.0,rice
68.8,30.1,58.8,34.6,62.1,6.1,1435.9,mango
67.9,66.7,103.3,23.5,71.2,6.18,615.9,watermelon
92.1,71.9,79.0,29.1,69.5,6.36,709.8,watermelon
97.7,44.3,52.0,24.3,90.9,6.46,3020.0,rice
53.1,32.4,47.5,31.6,71.6,6.55,1633.9,mango
109.2,54.2,89.5,28.6,64.7,7.28,1262.7,cotton
24.1,77.1,48.0,22.3,78.8,6.78,1397.8,kidneybeans
125.7,45.6,71.5,27.9,61.5,6.85,1043.0,cotton
111.7,49.1,68.9,25.9,86.3,5.39,2713.0,rice
122.3,66.5,51.4,28.8,87.1,5.87,3304.0,rice
62.4,44.2,76.4,10.6,57.1,6.22,1943.7,apple
101.9,57.9,80.0,31.2,59.7,7.85,1347.5,cotton
64.8,27.7,50.1,32.7,61.1,6.13,1602.4,mango
81.0,36.0,103.4,30.1,73.8,6.57,2105.6,papaya
21.5,19.2,20.0,29.3,45.7,6.29,634.8,mothbeans
140.2,57.4,126.1,30.4,77.4,6.55,2303.8,banana
63.9,28.3,59.3,33.0,61.5,5.99,1696.6,mango
117.7,48.6,107.4,23.9,72.6,6.35,2755.2,papaya
83.4,47.2,56.5,28.5,81.5,5.95,3011.0,rice
81.9,40.0,41.9,16.4,62.1,6.52,1082.8,wheat
85.3,53.7,90.4,36.8,61.5,6.4,556.0,muskmelon
113.2,50.0,79.0,39.9,53.2,6.78,1011.0,cotton
26.1,57.7,48.3,21.2,72.1,6.53,1048.6,kidneybeans
85.0,41.6,47.9,33.3,71.0,6.57,1108.0,maize
59.0,31.9,74.7,39.3,70.6,6.41,1712.1,mango
78.8,29.2,61.1,31.0,57.1,7.45,1092.5,pomegranate
25.9,33.8,37.5,22.3,53.7,6.59,636.4,lentil
65.9,47.4,59.1,30.5,48.7,7.13,1210.4,pomegranate
77.0,49.4,74.1,23.7,77.3,5.3,2610.6,coffee
54.2,45.3,130.0,35.0,89.1,6.45,2480.5,coconut
67.7,46.5,85.6,31.1,63.7,6.38,727.1,grapes
107.8,31.5,91.1,30.0,88.5,6.04,2455.5,banana
128.3,60.3,52.0,28.4,79.7,6.52,1959.9,jute
18.0,38.9,29.0,31.2,63.9,6.85,1220.9,blackgram
29.8,45.1,25.3,15.3,55.2,7.07,773.5,chickpea
42.2,53.0,34.6,34.3,68.7,7.2,838.2,mungbean
80.2,18.9,59.8,30.3,59.7,5.94,2077.0,mango
49.8,30.6,82.2,25.8,66.2,6.66,968.9,grapes
64.8,33.8,61.1,18.5,67.9,6.07,1633.6,apple
54.5,31.9,66.6,30.8,71.8,6.19,2021.5,mango
21.4,18.0,31.8,35.5,39.5,7.2,446.5,mothbeans
92.5,27.1,118.7,33.6,72.5,5.73,2091.7,coconut
75.6,38.1,29.9,18.8,58.6,6.82,1122.0,wheat
36.0,54.5,94.0,31.2,49.8,6.73,756.5,grapes
137.4,50.3,87.0,23.4,56.2,6.87,1227.3,cotton
67.4,33.3,56.6,16.8,62.9,6.33,1740.3,apple
76.4,55.5,92.4,23.1,73.3,5.9,2781.7,coffee
79.0,31.3,55.8,27.3,56.8,6.56,1435.3,pomegranate
32.0,55.1,29.7,23.5,56.1,6.97,1022.7,chickpea
82.3,49.4,60.0,27.9,86.0,6.38,2333.7,rice
145.6,67.3,55.8,30.6,83.3,5.68,2178.1,jute
25.1,28.9,31.3,23.9,49.6,6.46,457.6,mothbeans
56.3,51.9,56.3,15.9,62.2,6.27,1953.0,apple
89.8,38.8,47.1,18.2,61.7,6.95,540.0,wheat
105.0,57.4,93.6,30.9,85.4,6.94,2166.1,banana
56.4,29.5,86.3,21.3,73.5,6.62,936.2,grapes
10.1,32.7,24.8,31.3,28.5,7.54,408.7,mothbeans
67.0,31.8,64.4,33.3,50.0,6.54,987.4,pomegranate
83.0,57.1,39.0,20.7,61.0,6.17,1251.8,wheat
104.7,57.5,86.2,33.8,84.1,6.12,2363.3,papaya
112.0,42.1,70.9,33.4,84.9,6.45,2259.4,jute
82.7,47.5,35.6,28.6,77.6,6.13,1121.0,maize
21.6,39.3,28.6,30.0,52.7,5.96,836.5,pigeonpeas
79.1,56.1,92.4,30.4,68.9,6.51,759.6,watermelon
79.5,46.8,96.7,23.3,82.3,6.27,2275.0,coconut
55.0,38.6,150.4,29.4,88.5,6.45,2550.9,coconut
72.5,49.6,70.3,31.7,59.5,6.72,1716.0,pomegranate
41.1,48.8,38.7,29.5,76.7,6.42,1239.7,blackgram
113.5,51.9,112.2,26.2,81.7,6.31,1673.5,banana
89.2,45.4,79.1,30.1,57.6,6.66,1141.4,cotton
37.2,50.4,31.9,23.2,66.2,6.36,1147.0,pigeonpeas
108.3,47.0,84.0,31.1,71.7,6.62,1432.2,papaya
23.2,52.5,35.5,25.4,63.4,7.65,991.9,mungbean
103.1,60.0,73.3,30.8,48.2,7.17,1135.3,cotton
38.6,36.8,38.0,24.6,67.3,6.58,885.7,mungbean
46.4,24.0,59.3,33.5,70.5,6.68,1339.9,mango
84.0,33.5,76.2,33.6,58.8,5.91,1082.2,pomegranate
79.0,52.4,76.6,23.8,74.9,5.68,2220.3,coffee
41.6,69.1,60.7,18.8,63.7,6.61,1467.5,kidneybeans
86.4,39.9,91.7,24.2,48.4,5.94,1070.2,grapes
100.5,68.8,40.9,25.2,57.4,6.47,871.8,maize
15.9,35.3,41.9,16.1,46.1,6.57,656.1,lentil
63.6,32.4,77.9,28.9,60.6,7.17,1358.2,pomegranate
25.4,48.9,42.9,16.2,52.4,6.13,610.1,lentil
48.2,42.3,62.9,28.0,64.4,7.13,794.4,pomegranate
87.8,56.4,83.6,25.2,77.9,6.69,2206.4,papaya
98.2,44.7,32.1,19.8,55.0,7.65,1098.6,wheat
21.3,31.2,31.2,33.3,38.5,7.03,670.7,mothbeans
58.1,18.3,85.7,27.1,67.5,6.72,1706.1,mango
68.8,56.6,33.2,17.2,66.3,6.98,1158.1,wheat
136.9,60.5,49.4,30.2,81.1,6.01,2562.6,jute
83.3,39.0,136.3,22.8,92.9,5.98,1830.5,coconut
122.7,48.0,84.8,37.9,43.5,6.34,1281.4,cotton
102.1,54.3,38.8,27.7,62.7,6.89,1258.2,maize
53.0,33.0,115.6,30.8,90.6,6.69,2446.5,coconut
65.3,51.1,56.6,25.7,55.6,6.99,1475.3,orange
120.5,44.4,59.2,23.0,71.3,6.19,895.2,maize
54.8,39.6,87.9,29.2,51.1,7.33,1215.1,pomegranate
69.3,65.1,114.1,24.3,63.6,7.34,788.6,watermelon
107.1,41.5,56.7,30.3,89.2,6.93,2690.8,jute
64.1,50.3,33.5,17.4,56.1,6.81,1373.5,wheat
84.8,31.5,86.9,24.9,72.6,5.54,2183.3,coffee
31.4,21.9,23.1,24.2,40.7,8.04,484.5,mothbeans
44.6,37.9,70.7,31.8,48.6,7.21,802.9,pomegranate
89.7,33.6,81.6,29.3,66.3,6.7,2064.6,orange
115.0,47.9,67.8,27.0,82.6,6.01,2071.2,rice
35.7,66.0,46.3,29.2,78.8,6.72,944.7,blackgram
30.9,30.3,25.5,21.6,47.9,5.92,712.6,chickpea
85.8,53.7,55.3,30.3,70.6,6.15,1199.0,maize
68.7,36.1,63.8,20.5,64.0,6.42,1466.5,apple
16.9,32.4,30.2,29.4,40.9,7.36,437.7,mothbeans
89.2,47.8,54.5,28.2,53.7,6.26,1349.0,maize
95.5,49.0,100.1,24.9,72.9,6.81,1710.9,papaya
110.0,44.5,108.9,22.0,76.9,5.79,2344.6,coffee
134.2,48.7,92.2,24.8,76.0,6.75,2150.7,banana
50.1,26.4,59.7,32.6,55.0,6.51,1400.1,mango
81.2,45.6,46.5,31.0,46.5,6.62,1067.9,pomegranate
49.2,38.5,77.4,20.6,64.1,5.86,1558.7,apple
35.0,67.2,36.8,19.3,65.3,6.35,993.6,kidneybeans
50.2,35.1,68.4,32.0,55.2,6.89,1352.2,mango
96.9,60.5,94.2,30.4,72.6,6.49,2036.0,banana
23.2,24.4,16.6,31.3,34.8,6.58,543.3,mothbeans
102.0,62.8,92.4,23.9,88.2,6.73,2166.3,papaya
73.0,23.1,120.2,25.3,92.3,5.78,2206.4,coconut
25.1,48.1,18.0,28.5,64.3,7.12,1231.9,pigeonpeas
89.1,57.6,115.8,34.2,72.7,6.69,679.2,watermelon
55.8,67.3,97.2,30.2,72.8,7.1,736.4,watermelon
96.7,53.5,85.8,32.6,77.7,6.37,2273.8,papaya
125.2,57.8,63.8,32.9,91.5,6.48,3142.7,jute
72.7,48.3,110.0,30.3,62.6,7.34,704.9,watermelon
16.7,21.5,35.9,30.3,38.3,7.43,405.2,mothbeans
28.4,45.7,49.5,17.0,40.5,7.44,871.2,lentil
94.2,50.8,53.3,25.1,71.3,6.51,1084.2,maize
102.1,53.3,98.7,28.1,70.1,6.28,2265.0,papaya
29.8,38.5,49.3,29.2,78.6,6.78,830.4,mungbean
110.7,56.7,71.3,27.0,84.2,6.26,2097.3,rice
54.1,44.9,67.0,24.2,61.3,6.47,1709.7,apple
98.7,57.7,76.0,33.5,67.1,6.6,1278.5,cotton
34.2,48.6,29.7,23.0,53.8,6.19,725.1,pigeonpeas
66.0,41.7,46.9,36.3,64.7,7.04,1622.2,mango
123.2,46.1,104.0,29.2,74.6,6.99,1643.0,banana
66.8,43.2,61.9,30.5,52.4,6.55,942.9,pomegranate
58.6,33.6,61.2,35.0,50.8,7.26,1819.7,mango
62.4,38.7,38.7,22.7,65.1,6.38,1145.6,wheat
97.3,44.1,69.1,25.3,68.9,7.3,1721.2,orange
121.0,62.6,83.6,26.6,53.6,7.18,1450.8,cotton
79.8,43.1,45.8,23.8,68.0,6.97,918.4,maize
102.0,55.0,84.8,23.4,77.0,5.88,2450.2,coffee
51.2,35.5,64.4,31.2,51.5,7.07,902.7,pomegranate
63.3,43.7,105.1,33.3,68.4,7.18,1070.0,grapes
65.6,51.5,70.1,30.0,71.5,6.73,2195.1,orange
128.4,48.9,114.3,30.5,89.6,7.02,2250.8,banana
68.3,31.4,83.7,30.4,51.3,6.34,1379.3,pomegranate
36.0,48.8,35.6,26.7,73.7,6.8,953.6,mungbean
80.7,49.8,112.3,27.3,51.6,6.33,572.5,muskmelon
36.9,28.3,53.8,34.4,66.3,6.8,2189.2,mango
145.8,74.8,67.2,32.2,80.9,6.52,2669.8,jute
27.8,35.9,34.7,27.4,69.7,6.8,832.9,mungbean
76.7,34.5,38.3,22.3,69.7,6.77,540.0,wheat
35.4,52.4,28.9,22.8,52.5,7.25,775.1,lentil
21.3,23.5,31.5,33.5,45.3,7.25,735.0,mothbeans
23.4,33.8,26.4,20.6,56.3,6.46,414.3,lentil
42.0,58.8,39.0,31.4,76.4,6.74,795.5,blackgram
27.1,35.9,32.6,18.2,61.8,7.09,666.1,lentil
81.2,60.0,88.5,24.9,60.2,6.31,720.2,muskmelon
82.9,52.5,84.6,24.4,74.6,5.06,2853.4,coffee
74.2,47.9,66.7,21.6,87.9,5.2,2165.8,coffee
73.0,34.0,47.6,25.5,61.2,6.16,1077.5,mango
79.1,46.9,79.0,29.0,70.4,6.56,1807.3,orange
35.4,68.4,56.7,18.3,59.4,6.32,917.7,kidneybeans
76.6,43.7,78.2,27.1,59.0,6.1,1668.8,orange
109.7,53.3,90.7,25.7,80.8,6.37,2470.1,papaya
64.5,48.5,57.1,13.2,64.6,6.93,1635.8,apple
116.8,55.3,62.7,20.9,81.5,6.73,3465.8,rice
139.4,62.9,61.3,27.3,85.1,6.37,3231.7,jute
96.7,46.1,50.6,18.2,64.2,6.08,1243.7,maize
80.5,41.7,50.2,17.1,58.5,6.07,1919.9,orange
108.7,52.9,27.2,20.9,67.8,6.97,1506.1,wheat
110.3,68.8,63.0,29.8,86.3,6.23,2626.7,rice
94.1,48.3,60.0,35.3,81.1,5.91,3150.1,jute
139.4,67.3,117.5,29.4,91.7,6.72,1947.3,banana
116.2,63.9,57.9,32.1,81.6,6.58,2338.3,jute
117.4,56.3,125.1,31.4,79.0,6.58,1835.0,banana
68.8,38.1,126.6,29.6,90.8,6.74,2185.8,coconut
51.6,47.3,100.4,32.0,97.4,6.54,2204.4,coconut
94.0,51.1,34.6,14.9,67.0,6.72,964.5,wheat
59.9,34.9,79.1,27.2,66.2,5.93,2343.3,orange
70.4,36.9,73.6,28.1,52.6,6.19,1190.3,grapes
115.8,57.9,56.9,26.1,91.3,5.85,3041.3,rice
121.7,65.4,66.4,33.7,79.0,6.46,2135.7,jute
25.3,34.6,30.1,27.9,64.6,6.66,1280.3,pigeonpeas
66.5,41.3,46.6,29.5,57.6,6.57,2301.1,mango
121.4,60.2,27.8,21.5,73.0,6.42,1276.8,wheat
61.6,47.4,75.5,21.4,62.7,5.98,1567.5,orange
67.4,35.4,64.5,26.3,58.3,6.77,755.2,pomegranate
25.3,71.2,48.9,19.5,70.0,6.65,1227.6,kidneybeans
36.9,55.1,35.3,30.6,46.0,5.83,1146.5,pigeonpeas
92.5,60.2,65.5,24.5,84.8,6.3,2602.8,rice
76.4,50.5,100.4,20.4,76.8,5.8,2374.9,coffee
22.9,49.2,24.9,26.1,66.6,6.18,1006.2,mungbean
36.0,33.4,51.8,29.4,55.4,6.12,1988.1,mango
81.3,51.2,92.9,19.0,69.1,5.07,2384.1,coffee
35.2,34.4,38.0,22.5,50.7,6.02,911.6,chickpea
26.0,45.2,27.4,27.3,53.8,6.54,1145.1,pigeonpeas
40.7,34.0,26.6,23.3,60.0,6.54,705.5,chickpea
75.9,45.8,91.0,24.3,72.0,6.89,1881.7,orange
96.9,56.6,91.2,32.9,73.3,6.22,2313.3,banana
101.7,52.8,35.9,14.1,62.2,7.65,776.4,wheat
92.5,38.7,108.3,27.6,84.4,6.63,1820.3,papaya
30.3,33.9,35.5,15.3,56.1,6.53,691.1,chickpea
57.3,37.2,63.0,38.7,58.6,6.55,1191.0,grapes
39.2,35.7,30.6,29.7,59.8,7.05,985.7,mungbean
76.6,32.2,103.0,31.1,79.9,6.75,2789.1,coconut
117.3,51.9,77.3,31.2,88.0,6.1,2695.5,rice
89.6,64.5,111.7,19.5,79.5,5.5,2260.1,coffee
94.3,46.1,139.7,29.0,73.4,6.37,1912.5,banana
108.6,53.1,45.8,28.4,88.4,5.93,2738.4,rice
111.8,48.6,79.1,35.6,49.1,7.14,666.1,cotton
101.6,58.0,70.0,37.1,85.1,6.27,2027.4,jute
24.5,66.0,36.4,25.7,50.7,5.88,1215.4,pigeonpeas
43.7,35.5,78.5,12.2,65.7,6.05,1664.9,apple
140.7,58.5,63.5,35.4,82.2,6.47,3138.6,jute
46.6,47.3,78.9,31.0,49.7,6.16,736.6,grapes
28.6,33.2,33.4,18.8,57.1,7.11,842.1,chickpea
60.5,39.1,75.5,30.0,65.0,6.9,1042.0,grapes
80.6,48.0,103.6,25.0,68.0,5.75,2927.8,coffee
78.0,39.4,107.9,20.7,57.4,5.88,940.4,grapes
89.3,52.7,103.6,23.6,62.0,6.74,636.0,muskmelon
35.7,72.5,51.9,14.2,77.6,6.44,1483.1,kidneybeans
32.4,20.4,13.5,31.5,38.5,6.8,531.9,mothbeans
19.2,40.2,32.4,22.6,59.3,7.11,541.1,chickpea
18.3,44.0,35.7,22.4,50.4,6.28,591.8,lentil
26.7,55.9,43.9,30.0,69.8,6.78,1035.9,mungbean
86.0,50.6,73.7,26.3,68.0,6.55,2114.7,orange
65.7,66.0,100.7,21.3,66.3,6.14,699.2,muskmelon
92.2,42.8,112.7,23.0,71.5,7.17,744.3,watermelon
100.8,54.2,50.8,24.5,68.0,6.18,767.4,maize
64.0,40.7,110.2,33.6,87.6,6.14,2832.9,coconut
88.5,48.3,82.7,29.3,54.4,6.84,587.4,muskmelon
22.6,42.3,40.7,27.8,59.2,6.39,1076.0,pigeonpeas
33.5,47.3,37.8,28.5,59.1,6.49,1239.4,pigeonpeas
64.0,41.2,116.1,28.2,86.5,6.37,2546.6,coconut
55.6,34.2,64.5,32.0,58.0,6.36,1921.0,mango
91.7,54.1,68.4,25.0,89.2,6.15,2463.1,rice
126.1,52.3,69.3,25.8,97.9,5.97,2225.1,rice
26.2,37.3,39.1,29.6,62.2,6.74,1080.2,pigeonpeas
35.0,41.5,43.5,24.3,77.9,7.08,943.7,mungbean
71.7,52.1,64.0,29.1,76.1,5.87,1438.3,orange
102.6,49.7,92.7,22.3,76.3,6.2,2570.0,coffee
63.3,54.3,61.1,20.2,56.4,6.38,1644.5,orange
89.8,56.0,109.9,31.6,82.4,6.3,2353.8,banana
56.3,56.6,72.2,22.5,67.4,7.03,1638.1,orange
33.4,50.7,24.2,25.6,52.6,6.4,1146.6,pigeonpeas
78.1,33.0,45.7,18.6,57.8,6.77,1204.2,wheat
36.1,44.9,42.4,27.9,75.3,6.95,917.1,mungbean
65.9,57.1,98.5,23.2,66.4,6.8,769.0,watermelon
121.3,51.6,58.6,25.3,88.4,5.92,2674.8,rice
27.0,40.5,30.2,21.3,43.6,6.4,782.5,chickpea
51.5,45.6,84.8,22.3,86.5,5.32,2721.3,coffee
109.3,51.0,98.4,32.6,54.6,6.58,951.2,cotton
80.3,38.0,68.8,22.6,66.2,6.64,1885.9,orange
87.3,57.8,81.6,28.6,51.3,7.08,1066.8,cotton
112.4,64.8,122.4,27.5,79.3,6.16,2202.1,banana
74.9,39.2,95.5,30.6,57.5,6.34,538.3,muskmelon
70.2,68.5,75.7,20.2,68.6,5.83,1974.2,coffee
36.4,57.8,31.2,18.7,62.8,6.85,770.2,chickpea
94.1,51.4,30.7,18.9,65.8,6.85,1346.7,wheat
22.2,48.9,36.9,27.4,71.4,6.88,750.9,blackgram
64.3,26.0,71.3,19.6,63.9,6.58,1923.5,apple
88.1,55.2,111.3,28.4,63.6,7.01,830.0,watermelon
25.8,27.7,27.3,13.6,55.4,7.5,819.3,lentil
11.9,28.1,30.3,32.8,44.7,6.78,637.6,mothbeans
83.7,58.0,86.8,31.7,74.3,6.38,1618.1,papaya
25.8,40.5,40.5,24.8,71.3,6.69,1045.4,kidneybeans
82.3,60.5,114.1,19.3,81.3,5.45,2325.3,coffee
56.2,47.6,56.1,27.5,70.2,6.65,938.9,pomegranate
34.9,38.1,36.5,23.5,62.5,7.09,987.1,mungbean
125.5,50.7,122.6,30.5,82.8,6.57,1857.8,banana
13.5,32.0,49.5,19.9,47.3,6.54,582.0,lentil
112.8,46.1,80.0,26.0,73.1,6.3,1790.8,papaya
98.1,45.9,63.7,23.9,76.9,5.85,3233.9,rice
30.1,74.2,46.3,20.9,68.1,6.72,1427.5,kidneybeans
104.1,40.9,101.8,30.8,82.5,6.87,1970.3,banana
29.9,45.2,31.8,29.5,72.7,7.58,1075.6,mungbean
118.7,60.6,64.3,29.6,75.6,6.6,3212.3,jute
112.3,44.1,40.3,27.4,80.7,5.9,2855.2,rice
71.2,55.8,87.7,25.2,61.2,6.16,589.8,watermelon
71.8,49.5,74.8,31.6,64.5,6.75,526.8,muskmelon
84.8,44.2,53.4,19.4,62.5,6.43,1337.0,maize
121.3,42.5,69.0,31.2,50.1,7.19,1244.0,cotton
24.0,38.2,39.2,22.5,55.4,6.51,700.4,lentil
77.7,38.1,65.9,16.2,66.3,6.48,1599.9,apple
130.3,46.8,74.5,32.7,79.0,6.3,2776.8,jute
69.8,69.1,109.5,28.5,71.0,6.99,622.3,watermelon
143.0,55.2,96.2,29.1,72.3,6.73,2439.2,papaya
87.0,45.1,62.4,24.4,64.9,6.36,1561.2,orange
31.3,58.7,34.9,33.0,79.6,6.53,870.9,blackgram
88.8,36.6,60.7,25.5,89.8,6.19,2953.5,rice
87.4,54.1,97.4,30.2,79.4,6.63,1856.7,papaya
110.5,64.4,61.9,31.5,56.5,7.84,1634.4,cotton
107.9,56.7,58.4,20.9,47.0,7.35,1358.7,cotton
25.4,42.8,41.6,32.8,78.2,7.09,757.1,mungbean
51.5,44.9,72.3,35.0,52.4,7.48,1050.5,pomegranate
72.0,44.0,94.3,24.8,78.4,6.85,1731.1,banana
74.1,50.0,61.7,19.7,59.9,5.53,1928.2,orange
37.2,51.0,37.1,20.8,74.9,6.78,1241.2,kidneybeans
82.1,44.7,112.8,33.1,89.6,5.79,2510.6,coconut
59.3,39.4,125.1,25.4,82.7,6.84,2468.8,coconut
100.9,48.4,45.6,19.8,57.4,7.21,780.6,wheat
27.9,43.8,32.9,22.2,49.9,6.5,782.0,lentil
80.6,38.3,78.6,33.6,57.9,7.41,839.3,pomegranate
142.9,63.1,48.1,23.9,73.6,6.14,1188.7,maize
27.6,48.5,42.3,27.4,67.6,6.64,1038.2,mungbean
27.5,60.3,39.4,34.6,73.6,5.93,998.0,blackgram
51.4,49.9,54.1,30.8,45.0,6.32,1130.8,pomegranate
82.3,56.0,77.3,24.7,51.5,6.97,1350.6,cotton
107.2,48.9,65.6,26.5,87.4,6.19,2191.4,rice
25.4,40.4,26.2,14.2,47.6,6.81,881.5,lentil
154.0,59.0,67.6,27.9,87.3,5.75,2395.6,rice
58.3,30.4,124.3,25.9,83.2,6.36,2808.2,coconut
122.7,50.3,50.0,26.0,58.9,6.56,838.8,maize
113.9,53.2,57.8,34.9,73.0,6.75,2562.1,jute
120.1,46.4,66.2,23.6,77.3,6.01,2801.7,rice
44.4,30.8,86.9,35.6,53.7,6.81,995.6,grapes
106.9,39.5,106.0,25.9,85.8,6.78,1749.1,banana
27.6,15.5,29.9,28.1,49.2,6.8,512.0,mothbeans
33.4,37.3,31.1,18.0,56.7,6.76,526.8,lentil
19.7,15.3,24.4,36.3,39.8,7.15,560.1,mothbeans
70.7,48.3,39.7,23.7,62.6,6.85,871.0,wheat
23.4,49.4,23.8,15.5,48.4,6.47,798.4,chickpea
72.3,37.1,75.8,27.3,53.8,6.77,847.9,grapes
71.2,48.5,77.0,16.9,82.3,5.63,2338.6,coffee
38.0,50.3,36.1,29.2,63.1,6.59,856.5,blackgram
89.7,58.3,80.5,26.2,86.6,6.58,2028.5,banana
40.0,53.1,44.7,31.8,63.8,6.68,1178.4,blackgram
52.7,66.1,112.3,30.4,67.2,7.01,879.2,watermelon
78.9,38.8,67.9,22.4,70.2,5.95,1708.8,orange
104.3,60.3,57.1,33.6,80.8,6.48,2809.7,jute
88.0,42.5,77.6,26.3,57.8,6.88,1079.2,grapes
83.9,44.0,84.1,29.0,63.4,6.77,607.3,muskmelon
34.8,61.8,46.7,19.4,52.8,7.01,957.5,kidneybeans
101.0,55.1,88.1,28.7,54.4,6.74,1182.0,cotton
125.5,55.9,62.0,25.3,84.1,5.9,2826.9,rice
95.8,59.0,47.8,33.8,80.6,6.32,2460.9,jute
79.5,38.2,105.2,25.2,64.9,6.69,939.6,grapes
133.0,48.9,59.5,35.2,86.0,6.26,2363.6,jute
63.9,30.8,63.4,25.8,60.2,6.49,1620.1,mango
104.0,52.4,40.8,17.1,60.1,6.42,1176.2,wheat
34.3,44.2,28.3,24.8,58.6,7.66,760.1,chickpea
16.6,22.3,23.8,35.7,48.4,7.29,502.0,mothbeans
72.9,30.0,93.2,28.2,84.8,6.81,3001.7,coconut
90.0,46.9,88.5,30.2,84.2,7.01,2150.4,banana
88.5,59.8,97.6,18.4,63.7,6.72,1973.3,orange
135.8,69.6,72.0,29.8,89.0,6.79,2003.9,jute
30.1,52.9,31.9,29.7,74.0,6.32,1220.3,blackgram
78.4,57.4,115.0,22.8,80.5,5.81,2722.9,coffee
84.3,52.4,31.6,28.2,67.4,6.84,1208.7,maize
55.9,18.0,69.6,31.9,65.1,6.91,1471.9,mango
31.8,34.7,35.6,19.2,56.2,6.73,1157.5,pigeonpeas
59.2,30.4,66.4,27.6,59.7,6.53,1561.7,mango
71.6,56.5,83.5,25.6,77.5,5.96,2770.3,coffee
92.8,57.8,119.4,26.3,80.2,5.23,3043.7,coffee
93.5,49.8,38.2,21.7,57.4,6.55,745.0,wheat
76.7,43.4,55.2,29.5,45.3,6.6,1639.4,pomegranate
111.8,66.6,61.2,29.7,80.6,7.18,2692.2,jute
63.4,38.6,103.5,29.5,90.9,6.36,2506.2,coconut
41.7,64.8,56.0,15.6,65.0,6.92,1543.6,kidneybeans
29.6,33.4,28.6,15.7,55.9,6.8,791.1,chickpea
98.9,53.1,82.4,31.8,56.2,6.57,643.8,muskmelon
90.4,36.0,93.3,31.1,78.0,6.42,2301.7,papaya
99.1,45.1,70.8,27.9,54.2,7.0,1013.7,cotton
31.4,45.9,40.1,26.0,69.0,6.53,1134.5,blackgram
102.8,53.6,105.3,33.0,84.3,6.89,1783.8,banana
126.6,53.4,87.0,27.2,62.5,7.14,1027.1,cotton
62.7,34.2,52.8,34.6,57.9,6.54,1308.1,mango
31.2,51.2,47.7,19.5,64.5,6.45,984.2,kidneybeans
40.1,62.2,45.4,31.8,74.5,6.43,928.3,blackgram
32.5,63.9,32.5,35.0,70.1,7.28,962.2,mungbean
44.5,57.1,24.9,29.1,59.5,6.64,732.6,mungbean
28.1,40.6,28.4,23.8,59.7,6.3,1027.1,pigeonpeas
142.4,47.8,118.6,25.1,82.8,6.51,2251.9,banana
27.3,36.8,24.4,23.6,60.4,6.46,1484.2,pigeonpeas
115.9,55.7,57.7,30.4,79.1,5.71,2352.6,rice
28.3,21.0,13.6,33.1,41.5,7.09,640.2,mothbeans
80.5,54.4,64.9,24.4,64.3,5.87,1757.0,orange
67.8,46.4,33.9,22.6,70.4,6.4,1123.6,wheat
24.2,42.3,39.1,29.6,68.6,6.19,806.2,mungbean
48.1,27.9,57.2,17.3,71.5,6.86,1580.3,apple
50.2,31.7,121.2,26.5,76.8,6.66,2372.7,coconut
102.8,44.0,72.9,30.8,85.6,5.93,2901.8,jute
41.0,54.4,53.6,19.6,58.3,6.19,1273.4,kidneybeans
114.5,54.9,114.9,28.0,67.7,7.03,2114.1,banana
102.7,59.3,63.5,30.9,68.3,7.02,648.0,cotton
110.6,48.9,91.8,23.6,73.1,6.44,1978.4,papaya
61.8,40.9,71.8,37.7,51.7,6.34,1129.4,grapes
33.9,34.8,30.9,29.9,53.7,5.87,1297.2,pigeonpeas
56.6,33.4,91.4,31.9,51.9,7.1,1021.9,pomegranate
28.8,41.3,35.5,25.1,45.0,6.89,1034.6,chickpea
72.7,60.5,115.6,29.5,65.3,6.79,714.4,watermelon
92.6,43.8,88.0,27.5,81.6,6.8,2851.8,jute
137.4,52.1,71.9,29.3,81.4,6.61,2977.0,jute
80.5,48.4,37.1,16.7,62.8,6.69,839.3,wheat
132.0,55.2,68.2,31.0,94.3,6.48,2839.9,rice
57.2,48.7,48.0,22.4,64.1,6.37,1484.2,wheat
26.9,69.8,39.8,28.5,68.9,6.94,1235.9,blackgram
35.8,42.0,22.9,20.5,56.7,7.44,996.8,chickpea
50.6,54.0,43.6,18.0,71.2,6.81,1168.3,kidneybeans
94.6,42.5,50.7,21.0,73.3,7.11,1221.8,maize
48.4,38.5,54.0,23.4,45.9,7.01,920.2,grapes
111.0,62.1,55.4,34.8,80.8,6.69,2801.4,jute
39.6,51.9,41.6,25.8,62.0,6.48,934.6,mungbean
105.3,49.1,115.2,31.1,84.7,6.62,2240.8,banana
26.6,24.4,22.6,35.4,33.0,7.15,560.3,mothbeans
120.8,44.9,75.4,36.1,53.7,7.18,1227.8,cotton
27.1,22.5,36.0,15.1,57.0,7.28,573.5,lentil
45.4,36.9,58.2,30.2,57.0,6.49,835.4,pomegranate
113.4,59.3,101.1,29.5,80.0,6.14,1818.4,papaya
41.8,45.3,33.1,33.6,60.6,6.87,916.6,mungbean
34.2,43.2,44.5,21.8,51.5,7.03,1040.6,chickpea
37.4,45.7,36.4,29.3,55.4,6.56,912.3,mungbean
32.1,57.6,38.0,24.5,67.8,6.64,1136.0,blackgram
27.2,58.3,42.2,23.7,64.3,6.87,1239.0,kidneybeans
56.7,37.9,74.8,24.3,69.3,6.31,1649.2,apple
64.3,52.3,93.9,24.6,63.2,6.09,839.4,watermelon
33.7,55.0,36.7,31.7,63.4,7.11,1108.0,blackgram
86.6,50.2,91.0,27.0,75.7,7.07,1764.1,papaya
139.2,50.6,98.9,26.6,74.6,6.47,2062.7,banana
55.2,35.4,76.3,14.4,67.6,6.47,1470.1,apple
25.3,35.8,28.3,25.2,57.1,5.94,1144.8,pigeonpeas
38.5,32.7,37.0,30.3,72.2,7.65,1031.2,blackgram
32.5,65.5,46.7,23.3,69.2,6.61,1452.7,kidneybeans
87.3,51.8,94.9,27.1,56.6,6.23,647.7,muskmelon
32.2,47.6,27.6,29.7,57.1,7.36,776.2,mungbean
54.7,41.6,62.1,22.7,64.4,5.94,1535.5,orange
120.0,65.0,69.5,34.7,59.1,6.86,1345.4,cotton
103.0,58.7,121.0,30.7,75.7,6.62,2107.6,banana
33.2,55.7,31.3,21.2,59.2,7.14,765.1,chickpea
27.7,29.4,19.5,39.2,43.0,7.0,490.1,mothbeans
51.8,52.6,66.6,30.5,48.2,6.16,1071.1,grapes
80.3,49.8,82.1,21.2,60.4,6.07,1440.2,orange
58.4,56.1,112.2,26.9,69.0,6.7,672.7,watermelon
24.7,45.0,44.1,31.4,67.0,6.67,968.5,mungbean
109.5,57.4,111.3,30.6,75.3,7.06,2405.8,banana
20.4,30.9,21.1,31.9,51.4,6.27,490.4,mothbeans
26.0,36.1,20.5,18.3,53.4,6.91,847.3,lentil
63.2,51.2,115.9,30.3,64.3,6.81,684.5,watermelon
58.9,46.0,100.3,25.6,67.7,6.29,598.1,watermelon
34.2,68.6,41.1,19.3,63.9,6.74,1503.1,kidneybeans
107.2,55.1,97.9,31.4,78.1,5.98,2011.7,banana
52.9,26.0,70.1,27.5,58.0,6.45,1107.5,mango
19.1,47.3,30.3,13.8,52.9,6.53,723.1,lentil
74.2,35.7,59.4,30.4,52.9,6.81,1363.1,pomegranate
31.8,51.9,53.3,19.4,64.4,7.01,1180.3,kidneybeans
97.1,65.3,93.2,25.6,54.0,6.64,568.7,muskmelon
84.7,48.5,49.1,24.2,63.3,6.18,1164.3,maize
33.6,45.8,36.9,30.2,62.7,6.23,925.4,blackgram
84.9,40.6,100.1,39.9,60.6,6.39,1169.4,grapes
142.2,70.2,66.8,39.2,83.4,6.3,2838.6,jute
80.2,49.4,58.2,20.7,66.3,7.24,961.0,maize
95.8,45.1,52.0,22.3,84.0,6.06,1822.2,rice
65.9,38.4,72.9,25.2,72.4,6.78,1526.3,apple
22.4,43.0,26.7,14.7,54.5,6.76,418.6,lentil
76.5,63.9,105.9,32.7,90.0,6.61,1975.8,banana
143.6,65.7,113.7,27.6,79.3,6.76,2437.8,banana
84.3,63.1,94.5,25.7,70.0,6.3,606.0,muskmelon
85.4,38.8,43.9,13.6,67.9,7.62,887.0,wheat
116.7,49.0,110.7,27.9,72.4,6.99,1587.4,papaya
40.1,40.4,37.2,27.2,60.5,6.84,824.3,mungbean
100.2,62.1,106.1,29.6,74.6,6.37,2036.8,papaya
102.7,53.8,104.0,28.1,77.9,6.3,2160.6,banana
23.7,35.9,35.5,29.1,55.7,7.46,605.6,mothbeans
108.6,54.3,57.1,28.4,84.9,6.13,2464.1,rice
14.6,33.9,26.1,24.4,43.7,7.37,591.4,lentil
84.1,45.0,22.5,18.8,57.9,6.65,1121.6,wheat
13.5,43.8,27.1,31.2,66.2,6.98,1139.6,mungbean
54.8,46.8,130.2,22.9,86.6,6.48,2844.7,coconut
44.6,59.6,47.9,16.7,61.7,6.06,1263.3,kidneybeans
29.0,46.0,34.4,28.9,52.6,6.15,1265.4,pigeonpeas
86.6,46.1,88.4,30.0,55.4,6.38,797.8,grapes
52.6,55.7,51.4,20.6,69.1,6.16,1000.5,kidneybeans
63.5,54.2,89.7,25.8,52.1,6.43,803.3,grapes
102.3,49.2,113.9,30.1,82.1,6.29,1855.6,banana
109.3,45.1,81.2,24.5,62.8,6.45,2008.2,papaya
65.8,52.6,101.6,28.8,64.5,6.55,469.4,muskmelon
38.4,56.3,31.7,27.6,54.8,6.82,885.5,mungbean
95.8,58.7,111.0,33.3,76.3,6.73,1717.1,papaya
109.6,43.6,38.0,11.4,67.1,6.58,1004.4,wheat
26.6,38.1,35.3,31.3,68.1,7.05,974.8,blackgram
115.5,55.5,93.0,35.9,47.0,7.43,951.7,cotton
32.1,44.4,37.1,32.2,73.0,7.36,950.7,mungbean
42.8,60.3,44.8,18.7,64.9,6.33,1300.5,kidneybeans
38.3,31.5,27.6,17.9,57.9,6.76,974.6,chickpea
135.2,61.1,59.4,31.7,88.9,6.3,2773.3,jute
50.4,41.4,119.7,30.9,79.6,6.61,2465.1,coconut
112.6,58.0,88.4,32.5,60.1,7.14,966.2,cotton
97.3,54.1,97.5,30.6,80.2,6.22,1931.0,banana
27.7,37.9,29.3,16.0,39.0,7.22,540.8,lentil
102.6,50.5,87.7,15.5,72.8,5.51,2799.2,coffee
40.3,49.1,38.4,27.8,55.0,6.5,1331.9,kidneybeans
32.8,25.6,38.5,32.7,43.4,6.89,572.5,mothbeans
68.4,39.1,42.8,25.3,43.7,7.37,1082.2,pomegranate
97.0,48.0,99.1,36.4,51.3,7.13,1025.3,cotton
142.8,53.4,76.2,33.9,77.1,6.43,2717.0,papaya
61.8,46.5,63.9,33.9,61.7,6.54,2432.1,mango
110.0,35.8,48.6,20.7,65.6,6.33,1006.5,wheat
110.1,57.7,56.4,27.5,89.0,6.25,2869.1,rice
144.6,73.3,69.4,32.3,85.6,6.34,2473.1,jute
142.4,49.8,83.5,26.1,51.8,6.56,1426.3,cotton
127.4,51.7,66.1,33.6,71.1,6.12,990.3,maize
29.5,40.2,28.7,26.6,65.6,6.33,648.0,pigeonpeas
95.2,64.0,47.0,28.6,61.3,6.49,1121.4,maize
88.5,47.5,76.4,21.9,72.5,6.01,1485.3,orange
127.7,44.5,84.4,27.3,62.0,6.49,1526.5,cotton
98.3,48.3,117.0,27.0,93.8,6.84,2333.9,banana
56.7,26.0,73.9,31.1,52.5,7.13,1188.8,pomegranate
112.1,44.1,86.9,28.0,80.1,6.25,2028.7,papaya
73.2,51.6,125.4,33.5,72.6,6.82,665.8,watermelon
43.1,46.0,34.3,16.4,53.8,6.76,520.7,chickpea
28.5,50.4,42.7,29.3,72.5,7.31,1081.1,mungbean
78.5,42.6,116.2,27.0,79.7,6.84,1858.6,banana
73.8,39.0,94.5,20.3,76.9,5.75,2637.3,coffee
59.2,44.5,102.9,24.0,62.7,6.49,1037.6,grapes
27.0,39.3,34.7,25.4,59.4,5.79,1469.3,pigeonpeas
63.7,76.7,117.3,29.8,64.6,6.86,738.2,watermelon
37.3,41.5,35.1,24.2,56.9,6.13,530.9,chickpea
53.8,48.3,64.9,21.5,59.3,7.23,1290.7,pomegranate
52.6,39.3,61.8,24.7,54.9,6.41,1092.7,pomegranate
67.6,51.1,74.8,28.4,74.7,6.12,3192.0,coffee
86.6,50.2,56.8,23.4,63.3,6.74,1826.0,orange
98.4,65.4,74.7,32.3,73.3,6.57,2652.3,jute
99.9,48.2,28.4,18.7,64.0,7.24,1262.4,wheat
119.4,57.5,66.0,34.1,59.4,7.25,1125.2,cotton
83.2,31.9,54.1,25.5,48.6,7.17,1055.9,pomegranate
86.5,55.9,111.3,22.3,80.6,5.57,2700.8,coffee
35.1,55.8,34.6,28.4,61.5,6.67,662.2,chickpea
79.6,45.2,71.4,26.2,65.5,6.74,1360.6,orange
58.4,33.0,54.9,36.0,60.1,6.91,1244.2,pomegranate
111.4,55.5,70.6,25.0,94.5,5.93,1736.2,rice
34.9,45.2,22.1,30.2,61.0,6.37,1152.8,pigeonpeas
60.7,41.4,57.3,38.9,65.9,6.25,2044.3,mango
127.2,51.1,70.2,20.9,64.0,7.29,1029.0,cotton
81.6,59.5,33.3,13.5,68.8,6.72,986.3,wheat
67.2,26.6,57.7,35.2,58.6,6.43,1656.1,mango
49.1,59.9,86.2,28.3,58.4,6.79,604.8,muskmelon
92.0,35.9,59.7,30.1,76.0,5.79,1101.0,maize
102.0,54.0,57.1,37.1,82.9,6.61,2877.4,jute
29.6,51.6,32.2,17.4,55.3,6.75,756.1,chickpea
55.9,39.8,63.4,34.2,55.3,6.46,1995.6,mango
40.0,40.7,31.2,20.5,53.9,6.28,798.7,lentil
135.0,56.2,63.4,27.4,83.2,7.08,3161.6,jute
29.7,40.4,27.9,16.5,52.5,6.96,428.3,lentil
38.6,49.1,48.1,28.5,75.5,6.84,1026.5,blackgram
55.2,33.8,53.2,18.0,64.3,6.31,1445.1,apple
81.6,57.4,79.0,22.2,76.3,5.38,2444.7,coffee
64.6,58.2,125.6,32.1,63.5,7.3,619.5,watermelon
92.5,57.5,101.5,29.5,71.5,6.15,1383.8,papaya
83.6,57.8,120.9,28.1,62.7,6.73,858.5,watermelon
84.7,58.4,90.8,28.0,64.1,6.53,606.4,muskmelon
21.7,35.8,27.2,31.8,37.2,6.83,639.3,mothbeans
72.1,37.4,67.4,24.1,67.0,6.58,1806.7,apple
30.5,62.0,28.3,29.9,72.3,6.56,922.5,blackgram
75.9,55.8,106.0,27.4,67.9,6.86,623.6,muskmelon
105.5,52.1,79.5,33.1,42.8,7.11,1222.4,cotton
83.6,42.0,46.6,17.1,63.3,6.45,1372.4,apple
73.2,43.5,77.2,33.0,69.0,6.73,1598.1,mango
26.9,13.5,22.9,31.8,47.2,7.08,536.7,mothbeans
85.5,66.6,70.1,23.3,83.3,5.42,3276.6,rice
61.4,32.3,58.1,14.7,69.4,5.91,1965.0,apple
110.9,65.7,56.7,22.7,81.1,6.04,2930.3,rice
107.6,54.1,62.7,34.8,77.9,6.41,2952.9,jute
16.4,49.3,51.6,33.9,71.2,6.0,847.1,mungbean
69.7,46.9,70.2,21.3,58.9,7.23,1640.1,pomegranate
112.0,55.6,61.6,27.0,75.6,5.76,2154.2,rice
72.1,48.9,63.4,38.9,60.8,6.66,1763.8,mango
81.4,43.6,43.3,18.5,63.7,6.67,960.5,wheat
59.5,33.2,65.7,16.3,68.9,6.1,1276.1,apple
56.9,30.5,62.5,16.0,68.9,5.9,2107.7,apple
127.9,38.3,105.0,32.5,80.6,6.22,1911.5,banana
17.9,47.4,37.3,31.3,60.0,6.45,903.7,mungbean
30.0,39.8,33.5,33.3,62.3,6.55,885.6,mungbean
66.2,53.6,94.2,25.2,63.5,6.8,757.7,muskmelon
35.9,60.2,49.5,17.9,68.5,6.59,1290.9,kidneybeans
67.8,33.0,39.8,39.9,68.4,6.59,1220.9,mango
22.0,45.7,39.6,23.1,63.4,7.11,949.9,mungbean
24.3,14.2,33.3,29.4,47.0,6.93,387.3,mothbeans
100.8,53.5,98.7,30.6,58.3,6.2,520.4,muskmelon
36.1,69.0,53.1,18.4,70.9,6.58,1289.3,kidneybeans
56.5,27.9,49.9,35.6,63.4,6.19,1357.8,mango
68.5,44.2,71.1,27.5,68.1,6.77,1678.6,orange
117.5,43.4,63.0,26.1,78.2,5.64,1920.1,rice
36.1,45.5,49.4,33.1,61.7,6.53,777.4,mungbean
50.2,18.3,58.9,29.2,51.3,6.61,2117.3,mango
93.2,64.6,114.4,31.5,80.2,6.75,1873.5,banana
18.0,49.1,45.7,24.1,72.2,6.57,1344.1,kidneybeans
83.5,44.6,33.8,16.8,62.3,6.65,1354.3,wheat
35.5,27.7,44.0,19.5,45.0,6.28,763.3,chickpea
63.3,58.7,58.5,25.1,54.0,6.42,804.2,muskmelon
82.5,27.8,83.1,26.5,61.3,6.94,1006.6,grapes
72.2,60.1,122.5,30.5,68.7,6.96,887.1,watermelon
23.8,48.2,24.2,25.0,59.8,6.48,983.9,pigeonpeas
77.6,41.2,77.6,33.6,59.7,6.53,916.2,pomegranate
60.5,42.1,89.8,27.8,76.7,6.79,1691.2,orange
76.4,37.8,43.9,16.8,66.9,6.16,1184.2,wheat
63.3,58.9,116.4,32.0,72.4,6.8,755.8,watermelon
104.5,49.3,55.3,23.4,66.8,6.01,1172.9,maize
39.7,42.9,24.6,27.8,58.8,7.05,1093.6,chickpea
67.8,35.5,50.8,13.5,62.4,6.72,1529.7,apple
35.4,35.9,27.4,33.6,30.5,7.68,715.1,mothbeans
88.3,69.4,124.3,31.2,82.0,6.57,1655.0,papaya
25.1,41.9,26.4,23.1,57.6,6.36,1372.2,pigeonpeas
117.7,51.9,90.9,29.5,69.8,5.88,1569.7,papaya
100.3,50.0,66.9,27.2,73.5,6.52,806.3,maize
105.9,45.2,101.5,25.4,81.8,6.73,2643.1,banana
45.0,64.3,48.4,21.4,57.6,6.5,1443.7,kidneybeans
36.2,47.1,23.4,27.3,49.0,6.76,1151.2,pigeonpeas
37.8,43.4,38.7,26.4,69.0,6.87,738.3,mungbean
88.4,52.3,51.4,29.1,64.9,6.47,730.1,maize
20.2,30.9,19.3,25.6,57.7,6.69,529.7,mothbeans
94.2,37.2,80.1,24.8,78.6,6.47,2174.6,banana
136.4,51.0,115.5,29.2,80.6,6.27,2032.9,banana
19.3,48.4,35.1,30.1,51.0,6.4,1149.7,pigeonpeas
53.4,29.1,56.2,24.3,55.9,6.67,1933.2,mango
93.2,61.0,77.6,26.6,66.0,6.89,969.6,watermelon
36.0,42.9,50.8,35.2,75.9,7.22,995.9,mungbean
79.8,60.3,57.6,30.8,57.2,6.06,1600.1,orange
55.7,36.5,65.5,33.0,57.4,6.61,2132.7,mango
19.6,47.5,34.2,25.0,47.0,5.98,881.6,pigeonpeas
31.6,41.2,23.7,31.7,62.2,7.0,1299.3,pigeonpeas
28.1,56.0,33.6,29.1,75.7,6.61,948.8,blackgram
80.6,49.5,72.1,23.7,58.3,6.61,2101.7,orange
109.4,61.1,52.5,34.6,82.6,6.63,2658.8,jute
66.4,36.0,104.6,31.9,85.0,6.37,2513.5,coconut
98.3,60.5,84.1,37.7,54.9,6.96,968.3,grapes
119.8,58.7,107.9,27.3,74.7,6.41,2102.8,banana
29.5,44.8,48.6,30.7,57.0,6.68,1305.0,blackgram
31.0,53.7,35.1,28.4,60.9,7.7,889.6,chickpea
64.0,53.9,100.6,29.5,64.9,6.25,581.9,watermelon
71.1,48.0,95.9,25.8,54.8,6.99,2225.2,orange
115.0,41.6,91.9,34.7,51.1,7.21,1110.5,cotton
25.9,28.8,20.0,27.7,42.8,7.4,561.1,mothbeans
83.2,42.6,99.1,29.7,61.9,6.92,719.4,muskmelon
36.9,54.4,52.5,22.1,73.4,6.26,1046.4,kidneybeans
106.1,66.1,67.0,39.4,83.2,6.32,2202.0,jute
61.2,42.1,51.9,22.9,71.4,6.78,845.2,pomegranate
102.3,44.8,64.0,25.1,74.2,7.13,1211.3,maize
24.3,54.6,38.5,21.4,49.0,6.52,764.7,chickpea
117.9,60.5,44.7,24.7,80.9,6.63,2589.3,rice
52.4,35.8,73.1,31.5,52.0,6.57,1846.0,mango
65.9,51.9,110.5,26.1,74.0,6.37,633.3,watermelon
76.2,48.9,101.8,25.1,73.0,5.11,1822.3,coffee
103.2,55.9,73.7,30.7,70.9,6.17,1940.1,papaya
57.1,63.0,105.5,29.3,74.6,6.42,650.9,watermelon
48.2,22.9,72.0,28.7,89.2,6.28,2758.2,coconut
20.9,31.6,22.7,30.4,42.9,7.15,568.1,mothbeans
96.2,53.8,87.4,33.2,83.9,6.56,2069.0,banana
32.7,49.3,26.5,26.5,68.5,6.49,1274.1,pigeonpeas
43.3,42.4,39.4,24.7,47.6,6.63,1233.0,pigeonpeas
28.4,23.1,25.4,26.9,39.1,6.65,543.1,mothbeans
31.1,41.1,32.9,17.1,50.6,7.16,482.5,lentil
84.9,31.9,95.4,32.8,61.3,6.54,1076.4,grapes
55.2,65.4,105.4,29.8,55.7,6.5,758.9,watermelon
77.4,33.8,104.5,17.5,76.2,5.68,3124.5,coffee
114.6,44.5,51.3,20.9,91.1,6.33,2495.4,rice
78.8,52.7,48.3,23.0,67.4,6.96,1225.3,maize
51.8,47.4,75.7,31.0,62.1,6.58,899.3,grapes
114.6,43.5,42.9,24.0,64.7,6.61,825.7,maize
36.2,60.9,50.6,23.2,57.9,6.45,1304.2,kidneybeans
57.1,33.8,67.1,26.6,52.5,6.68,2096.8,mango
26.4,36.0,40.4,23.9,65.3,6.38,929.6,mungbean
27.7,44.8,33.7,31.2,61.5,6.87,855.9,pigeonpeas
31.0,45.0,30.9,24.0,47.2,6.27,843.3,chickpea
36.2,45.5,41.1,15.4,52.5,6.7,746.4,chickpea
31.6,43.7,37.9,28.1,73.2,7.03,954.6,blackgram
75.6,40.6,110.4,21.0,79.7,6.25,2550.9,coffee
31.5,62.0,50.3,31.3,71.3,6.95,1059.1,mungbean
18.2,65.7,35.5,28.7,71.0,6.94,1054.5,mungbean
122.6,52.9,113.4,27.8,83.3,6.52,2079.5,banana
132.4,39.6,55.1,22.5,75.5,6.52,1193.6,maize
24.0,35.7,34.7,11.4,52.3,6.97,576.6,lentil
64.1,43.3,78.9,28.7,61.8,6.39,872.3,mango
47.8,29.6,65.4,13.8,53.2,6.62,1614.7,apple
109.8,58.4,53.9,26.2,81.3,5.88,3531.1,jute
107.1,58.2,58.5,25.7,82.3,5.77,2798.3,rice
112.5,66.2,54.3,24.5,93.8,5.5,2284.6,rice
55.2,33.9,68.7,15.8,67.7,6.92,1601.1,apple
53.5,32.8,79.2,32.5,65.8,7.19,1090.3,pomegranate
120.5,43.4,66.9,32.2,79.1,6.08,2344.0,jute
21.8,36.3,36.2,23.1,60.3,6.6,877.6,mungbean
70.6,43.8,42.6,22.5,60.4,6.9,1046.1,wheat
43.5,49.8,29.8,26.3,76.7,6.5,990.4,mungbean
66.1,58.6,107.7,28.2,59.4,6.73,410.9,muskmelon
41.4,40.3,43.5,26.3,59.2,6.81,884.6,mungbean
60.5,35.8,68.5,34.3,50.0,5.73,1450.4,mango
101.0,46.8,83.6,29.7,76.1,6.28,2051.9,banana
45.0,27.6,49.1,29.3,43.1,6.77,785.6,pomegranate
88.3,41.1,70.4,27.1,48.5,7.04,1322.2,cotton
92.7,49.7,47.1,26.9,66.9,5.76,1362.4,maize
107.3,64.3,46.5,28.5,81.6,6.35,3122.7,jute
114.0,59.0,113.0,30.5,73.1,6.46,2109.8,banana
101.9,51.0,71.4,29.9,57.0,6.76,1052.2,cotton
79.2,49.0,41.9,27.0,69.7,6.63,1148.9,maize
76.2,46.9,136.8,31.0,73.8,6.44,2573.4,coconut
67.0,44.4,58.6,32.5,69.3,6.82,1817.6,mango
48.1,23.5,105.1,32.2,82.9,6.16,2919.5,coconut
23.5,46.2,23.9,21.1,47.2,6.53,1170.7,chickpea
29.6,29.9,33.4,20.4,50.6,7.31,904.8,chickpea
122.1,55.4,100.3,31.7,77.9,6.26,2272.4,banana
22.0,25.9,13.5,31.5,39.9,7.04,547.7,mothbeans
115.4,47.0,52.6,24.4,81.4,5.93,3285.1,rice
75.7,55.0,87.6,29.1,69.5,7.18,775.5,watermelon
26.9,25.8,32.4,15.7,47.1,6.42,681.9,lentil
71.1,47.9,98.4,18.7,75.9,5.92,2364.0,coffee
93.4,72.4,81.2,26.4,90.8,6.28,2605.9,rice
66.9,35.7,112.0,19.5,83.7,5.69,2545.5,coffee
34.1,46.9,25.6,24.4,49.6,6.95,972.1,chickpea
101.3,53.7,94.7,26.4,69.1,6.05,2338.1,papaya
10.8,31.1,25.8,31.5,44.0,7.29,511.3,mothbeans
56.1,30.3,125.6,27.3,83.9,6.19,2417.2,coconut
80.0,57.1,106.1,19.1,74.5,5.57,3311.3,coffee
74.5,62.8,104.1,22.5,90.6,5.15,2248.0,coffee
116.5,67.1,73.5,25.2,79.5,6.18,3010.9,jute
105.9,54.6,48.8,27.5,86.4,6.22,1868.7,rice
137.5,44.0,77.5,25.1,58.2,6.76,1086.3,cotton
82.0,48.2,102.7,26.7,78.5,6.84,1947.3,papaya
109.2,57.4,56.4,20.9,58.1,6.87,893.7,maize
34.1,46.1,30.9,21.5,69.7,6.64,990.0,mungbean
22.9,47.0,37.5,23.3,54.0,7.93,850.5,chickpea
78.9,49.8,63.2,27.1,63.5,5.76,1836.4,orange
28.8,40.5,33.3,27.0,60.8,6.65,962.4,pigeonpeas
113.0,43.2,46.1,21.5,66.7,6.43,834.8,maize
26.5,39.3,30.7,31.4,56.6,6.31,719.1,pigeonpeas
109.9,55.2,73.3,35.3,87.7,6.15,3081.8,jute
120.9,60.0,57.1,29.9,81.8,6.42,2706.7,jute
50.7,40.4,59.5,27.9,57.1,6.74,935.8,grapes
32.4,28.9,24.4,21.2,40.2,7.65,909.1,lentil
64.7,34.2,86.4,16.4,56.3,7.08,1114.5,apple
76.0,44.9,48.3,25.0,65.5,6.16,753.8,maize
57.3,24.6,69.7,25.8,54.8,6.86,2088.2,mango
70.6,45.6,66.7,10.6,61.9,5.85,1466.2,apple
90.4,42.5,96.6,27.1,42.8,6.72,1218.1,grapes
28.0,60.1,39.6,21.1,67.8,6.72,1312.3,kidneybeans
99.1,56.7,49.0,20.6,68.0,6.3,1401.0,maize
69.7,36.5,64.6,38.9,70.3,6.27,1471.3,mango
69.9,26.8,88.4,35.1,55.1,6.88,985.3,grapes
94.8,53.4,86.9,24.4,67.8,6.53,539.2,muskmelon
20.4,38.7,31.2,28.0,47.6,5.85,1690.1,pigeonpeas
34.5,46.4,41.8,27.2,71.1,6.73,1053.8,blackgram
65.7,45.6,114.4,28.0,77.9,6.56,2718.0,coconut
121.7,62.0,56.6,28.1,79.4,6.71,2509.1,rice
88.8,49.1,89.9,32.4,76.7,6.32,1188.0,papaya
29.4,41.7,34.8,29.6,77.0,7.4,1296.3,blackgram
62.7,31.9,52.0,13.8,64.4,6.47,1570.4,apple
72.5,29.8,53.5,30.7,61.6,6.6,1458.1,mango
24.0,56.3,30.1,30.9,58.3,6.53,1174.4,mungbean
105.0,65.1,96.9,30.5,78.4,6.91,2051.4,papaya
145.6,50.0,72.9,36.6,89.7,6.59,2309.4,jute
116.9,56.4,72.0,27.7,87.9,6.34,2618.4,jute
35.4,44.6,40.8,24.9,68.2,7.06,861.6,mungbean
34.3,59.2,51.5,28.4,59.2,5.99,1029.6,kidneybeans
44.0,72.6,41.1,17.3,68.0,6.51,1139.1,kidneybeans
93.4,53.0,71.5,31.5,81.0,7.21,2269.0,jute
27.4,30.0,33.2,16.1,45.7,6.63,628.6,lentil
79.4,34.3,87.1,23.7,41.3,6.54,1047.9,pomegranate
120.7,48.8,57.8,31.2,84.7,6.53,2980.0,jute
31.6,43.2,28.8,26.7,60.7,6.92,998.4,mungbean
33.1,59.2,48.5,17.8,64.1,6.97,1456.4,kidneybeans
58.8,33.0,83.3,20.4,59.2,6.7,1651.1,apple
70.2,43.3,35.8,23.9,64.0,6.72,746.4,wheat
107.0,59.7,73.0,26.7,84.8,6.62,3240.7,rice
129.7,52.5,116.3,28.6,75.2,6.16,1805.1,banana
18.4,55.3,49.6,31.8,64.7,6.99,1190.9,blackgram
120.7,58.6,104.3,26.8,77.3,6.74,2425.8,banana
131.0,43.1,51.6,31.1,71.2,6.55,2611.5,rice
82.0,67.4,106.4,21.8,72.5,6.56,737.5,watermelon
100.9,46.1,123.2,32.3,76.2,5.79,2265.8,banana
77.2,44.8,86.6,32.7,50.5,5.88,1177.0,cotton
78.0,59.5,51.7,22.7,68.7,5.8,1644.7,orange
29.2,41.3,31.7,24.6,69.1,7.07,1000.5,mungbean
69.9,61.4,62.8,27.8,65.4,6.18,2127.3,orange
96.8,45.9,71.2,27.0,80.3,6.24,2151.3,rice
33.9,47.2,27.6,17.2,45.3,6.64,638.5,chickpea
65.5,42.8,73.1,25.7,51.5,6.66,518.6,muskmelon
27.7,33.0,22.5,31.6,38.4,7.32,588.1,mothbeans
79.6,38.9,95.2,21.4,52.7,6.46,652.3,muskmelon
36.2,50.0,43.3,30.3,67.6,6.41,981.5,blackgram
24.5,28.1,24.7,33.8,44.9,7.36,484.9,mothbeans
44.3,46.4,42.0,16.4,71.5,7.14,1984.1,apple
112.3,77.6,64.2,30.5,90.8,6.68,2481.4,jute
59.5,33.1,59.6,27.2,49.7,7.04,1867.4,mango
118.5,44.4,69.4,22.4,86.0,6.15,1722.2,rice
122.8,48.4,61.0,25.5,80.7,6.32,2676.0,rice
116.2,58.5,52.6,25.6,84.6,5.9,2769.5,rice
76.9,61.9,97.4,25.9,56.7,7.12,708.3,muskmelon
73.0,51.0,103.7,28.1,57.5,6.54,442.8,muskmelon
97.1,63.0,89.9,29.2,49.6,7.35,1041.2,cotton
39.0,55.9,21.9,21.8,57.8,7.05,1139.7,pigeonpeas
61.1,47.1,62.4,33.8,74.1,6.67,1773.1,mango
50.3,22.4,64.2,29.0,55.4,6.31,2621.2,mango
74.0,48.7,72.3,31.4,47.3,7.2,1108.9,pomegranate
127.2,58.8,82.4,29.7,71.7,6.76,1860.9,papaya
131.0,66.0,72.8,31.2,80.1,7.17,2257.2,jute
100.4,68.2,86.2,32.9,57.3,6.54,1065.9,cotton
123.5,63.5,97.6,30.8,74.6,5.96,1852.6,papaya
114.3,31.5,95.8,29.8,68.8,5.73,1296.0,banana
61.9,23.4,51.7,35.6,50.2,6.37,1315.0,mango
105.2,36.0,72.5,34.8,85.0,6.69,2448.6,jute
37.2,49.7,31.2,25.4,43.3,5.78,1111.1,pigeonpeas
41.3,69.5,48.5,20.3,62.8,6.57,1574.3,kidneybeans
121.2,71.5,121.1,31.5,80.4,6.1,2055.8,banana
118.9,53.6,86.5,28.6,81.6,6.5,2076.3,papaya
104.9,57.6,55.2,26.0,82.5,6.31,3063.7,rice
112.8,43.1,44.1,14.1,58.9,7.13,1313.4,wheat
93.1,44.3,37.2,19.9,60.6,6.49,841.7,wheat
107.5,57.3,45.4,21.9,72.3,6.26,986.3,maize
35.5,57.5,40.4,21.7,61.4,6.88,1320.1,kidneybeans
111.4,51.9,73.4,29.1,63.3,6.74,1060.5,cotton
78.4,58.0,92.8,21.5,59.2,6.47,826.7,watermelon
129.7,57.2,86.7,27.8,63.0,7.04,1365.9,cotton
109.5,68.0,49.3,33.1,84.5,6.62,2501.5,jute
110.7,44.5,75.9,26.2,90.3,5.95,2320.5,rice
22.8,54.2,24.5,22.8,53.2,5.88,490.5,lentil
20.3,35.2,43.7,26.5,70.6,6.76,1116.7,mungbean
95.7,60.0,37.4,19.6,53.1,6.78,607.1,wheat
122.4,57.9,64.3,34.0,84.2,6.32,3007.0,jute
137.2,65.2,67.4,31.6,83.3,6.03,3144.1,jute
71.4,37.9,86.2,30.6,50.5,6.28,1093.1,grapes
68.2,44.6,69.4,23.6,76.4,6.3,1806.4,apple
107.6,60.5,113.3,26.9,77.6,5.97,1827.8,banana
48.2,59.7,36.0,27.2,65.7,6.69,901.6,pigeonpeas
88.1,39.8,68.0,27.3,64.6,7.34,1786.5,orange
81.4,46.2,50.8,28.0,74.1,6.83,1243.9,maize
62.0,36.2,75.0,26.2,57.7,6.34,813.5,grapes
23.9,45.9,46.1,29.3,59.1,5.88,884.4,mungbean
75.3,38.0,70.9,35.5,68.5,6.9,1233.3,pomegranate
27.2,24.3,29.7,30.8,30.8,7.66,544.2,mothbeans
18.2,43.2,29.8,19.0,74.8,5.64,1079.5,pigeonpeas
131.5,68.4,63.5,37.0,82.2,5.93,3066.4,jute
82.2,58.4,56.8,25.3,65.5,5.93,1759.6,orange
88.7,43.7,94.6,28.6,76.0,6.49,2904.0,banana
102.0,61.2,75.4,33.1,58.7,7.05,859.4,cotton
84.0,40.9,67.0,31.4,61.4,6.01,2107.3,orange
77.8,45.7,40.4,33.5,62.1,6.8,1127.7,maize
51.3,53.0,71.0,27.2,56.7,6.3,417.3,muskmelon
123.1,54.7,72.6,23.4,84.2,5.69,1839.4,rice
66.9,33.8,49.2,31.5,67.2,6.02,2027.3,mango
105.6,36.0,28.7,18.4,63.1,6.76,1126.4,wheat
97.3,47.2,41.8,22.6,63.4,6.59,1003.0,wheat
60.6,58.6,78.4,33.2,62.2,6.42,675.9,muskmelon
125.0,55.0,58.1,34.4,75.2,6.88,2756.3,jute
98.9,48.7,126.7,28.9,88.9,6.03,2572.4,coconut
74.2,46.6,60.0,30.4,54.3,7.24,927.9,pomegranate
79.8,48.0,49.0,28.5,69.3,6.61,1095.4,maize
23.3,42.3,37.2,21.4,54.0,6.42,647.2,chickpea
95.5,60.3,99.4,26.6,59.0,6.79,1122.2,cotton
37.9,75.1,58.7,20.9,53.7,7.12,1159.8,kidneybeans
127.4,51.7,78.3,31.5,68.5,7.77,1234.7,cotton
25.4,35.1,37.4,29.2,74.2,6.68,985.3,mungbean
31.0,66.8,46.5,24.2,76.1,5.88,973.0,kidneybeans
50.5,43.0,59.4,25.3,62.9,5.39,1785.7,orange
44.8,59.6,60.6,22.8,55.5,6.56,1099.4,kidneybeans
59.7,48.0,75.4,26.2,68.7,6.68,2043.7,orange
35.4,62.1,44.7,25.9,69.1,6.99,702.0,blackgram
30.3,33.4,44.2,20.3,46.5,7.22,807.9,chickpea
68.3,52.8,81.3,23.8,53.2,6.26,552.8,muskmelon
69.0,25.5,80.8,20.0,67.4,6.06,1598.8,apple
102.4,43.9,105.3,23.8,85.3,6.63,1575.8,banana
110.1,40.0,113.5,26.4,73.4,6.18,1919.8,banana
34.1,51.5,35.4,30.5,59.9,5.94,810.7,pigeonpeas
42.3,46.4,25.6,21.8,48.0,7.59,562.0,chickpea
20.7,53.1,23.8,17.4,56.1,6.92,664.4,chickpea
126.1,58.9,96.4,30.5,87.0,6.69,1696.1,banana
82.7,45.5,40.9,24.3,57.8,6.35,1213.8,wheat
89.1,55.0,66.2,33.8,89.5,6.83,2824.3,jute
109.5,48.9,73.3,31.3,83.9,6.62,2538.0,jute
129.3,56.0,56.3,28.9,87.0,6.07,2810.3,rice
123.4,49.2,74.4,36.5,50.3,5.88,1270.6,cotton
134.9,50.2,111.3,30.2,84.9,6.94,1826.5,banana
106.6,52.3,121.5,33.8,77.3,7.03,2352.5,banana
79.3,37.9,68.0,34.8,56.8,7.07,1028.0,grapes
63.4,61.7,101.8,25.5,72.7,6.16,492.7,watermelon
20.1,49.5,34.7,18.0,51.7,7.05,811.4,lentil
63.1,46.0,86.4,24.9,53.6,7.15,912.2,grapes
90.0,41.6,36.1,17.3,65.3,7.06,956.8,wheat
64.2,48.8,56.3,25.8,50.5,6.58,1216.7,pomegranate
22.4,35.0,27.4,17.9,38.0,6.82,607.9,lentil
36.2,33.5,32.6,37.8,43.0,6.83,490.9,mothbeans
116.5,56.0,77.1,27.3,86.0,6.12,2668.8,rice
101.1,44.5,110.8,26.3,74.6,6.68,2073.1,banana
99.1,46.5,56.8,28.8,80.0,6.4,1261.9,maize
57.6,39.7,66.5,27.1,55.7,6.49,1882.2,mango
137.1,52.0,86.2,32.2,64.0,7.01,1401.8,cotton
26.6,62.9,50.3,19.7,59.6,6.24,1144.8,kidneybeans
88.2,63.7,97.6,28.3,59.4,6.29,725.5,watermelon
38.1,51.7,35.9,28.1,74.4,7.17,963.4,blackgram
90.4,50.9,58.4,27.3,67.6,6.82,1016.5,maize
69.8,43.7,108.3,27.3,81.8,6.52,3487.5,coconut
25.0,41.2,37.7,21.5,57.3,6.78,939.1,mungbean
27.4,55.3,30.5,22.5,56.9,6.57,951.8,chickpea
65.8,36.0,108.4,26.3,63.0,6.67,671.2,muskmelon
39.6,56.8,51.3,19.2,64.6,6.39,1221.0,kidneybeans
52.7,39.9,72.9,19.9,67.1,6.73,1774.4,apple
42.9,67.1,56.9,19.3,62.6,6.01,1169.9,kidneybeans
47.5,45.7,83.9,22.2,78.0,5.85,2006.9,orange
43.0,55.7,76.0,26.5,59.7,6.72,1369.4,pomegranate
58.3,38.3,86.4,35.1,62.8,6.2,591.0,grapes
33.2,53.0,27.6,19.4,56.6,7.46,658.9,chickpea
48.1,40.2,62.4,33.6,56.8,5.97,1794.2,mango
75.2,33.0,105.4,27.6,83.6,6.0,1966.7,coconut
35.7,69.1,42.2,17.6,61.5,6.37,1489.8,kidneybeans
75.3,44.3,104.3,26.8,71.6,6.86,623.2,watermelon
54.8,65.8,67.5,27.3,70.5,7.34,774.7,watermelon
63.1,37.1,59.1,13.9,62.9,6.33,1483.9,apple
31.8,27.3,31.2,24.9,63.2,7.24,606.2,lentil
83.7,68.1,92.4,33.4,65.0,6.41,706.7,watermelon
103.9,46.9,68.2,34.7,55.6,6.8,1097.3,cotton
62.2,37.0,56.2,13.2,69.6,6.89,1882.4,apple
107.9,56.3,112.7,30.5,69.4,6.15,1975.6,papaya
117.8,56.1,73.8,24.4,87.7,6.07,3537.9,rice
32.1,67.3,59.9,23.6,60.8,6.17,1265.7,kidneybeans
46.3,26.0,90.2,32.6,88.9,5.96,2652.3,coconut
72.4,38.5,64.9,24.5,50.3,7.47,1196.2,pomegranate
92.5,40.4,78.9,23.4,66.0,6.72,652.7,watermelon
67.2,37.3,47.1,15.9,64.5,6.44,1827.1,apple
27.1,35.0,21.3,25.0,54.4,6.55,1538.8,pigeonpeas
117.7,58.1,54.5,22.1,56.8,6.18,973.4,maize
111.5,55.4,47.4,34.2,85.5,6.23,2974.9,jute
54.4,39.2,80.9,24.1,65.9,6.4,1683.3,orange
91.5,58.5,59.6,20.8,62.8,6.03,2010.6,orange
19.8,43.2,43.7,32.1,67.5,6.18,1077.7,pigeonpeas
78.5,53.8,62.7,33.8,38.0,6.08,1240.7,pomegranate
37.0,46.4,26.8,27.9,61.5,5.56,1311.6,pigeonpeas
15.2,20.0,27.5,28.5,43.2,7.75,519.6,mothbeans
89.4,51.6,92.0,23.5,70.1,7.23,1847.2,papaya
32.8,44.8,32.3,33.5,50.5,6.34,1616.2,pigeonpeas
24.9,45.3,46.2,22.9,43.1,6.77,699.2,lentil
46.8,41.2,61.3,15.2,70.2,6.08,1594.0,apple
19.9,36.9,32.5,30.3,64.2,7.38,1290.3,pigeonpeas
115.8,52.2,60.5,26.0,57.9,6.02,1165.3,maize
117.3,48.4,58.2,27.2,62.7,6.57,1240.1,maize
105.9,52.3,43.5,26.9,65.8,6.15,959.8,maize
19.2,67.6,49.2,24.3,65.9,6.05,1077.0,kidneybeans
78.4,45.5,64.0,26.2,69.8,6.06,896.7,maize
14.3,32.3,38.5,30.0,63.7,6.07,978.9,mungbean
21.7,33.3,25.8,31.9,32.3,6.86,403.0,mothbeans
76.6,55.9,97.5,20.6,85.7,5.31,2596.9,coffee
65.5,48.8,91.3,31.6,62.9,6.86,1471.4,orange
111.5,59.3,100.6,27.7,83.0,6.79,2484.8,banana
22.1,28.1,28.3,30.5,38.4,7.99,668.9,mothbeans
29.6,41.8,31.5,25.1,49.1,7.38,676.9,chickpea
56.1,62.6,113.1,26.2,51.6,6.61,553.1,muskmelon
64.1,43.4,79.5,35.0,64.6,6.77,1448.3,mango
86.9,63.6,85.4,27.0,66.6,6.84,698.8,muskmelon
72.9,30.4,106.6,33.1,94.6,7.34,2692.4,coconut
128.9,57.4,71.0,34.3,78.3,6.06,2358.7,jute
115.1,48.8,49.6,31.2,65.8,6.9,780.0,maize
87.0,35.3,92.4,21.2,61.7,6.89,811.4,grapes
113.2,76.0,77.4,35.8,81.0,7.18,2547.5,jute
104.9,55.2,98.9,26.1,71.8,6.7,1675.8,papaya
25.3,53.7,40.8,32.9,74.9,6.52,1116.7,blackgram
50.2,36.8,56.3,29.3,59.7,7.7,1044.0,pomegranate
83.6,41.3,38.4,14.0,58.5,6.53,1186.9,wheat
98.4,53.5,107.4,30.7,69.1,6.96,730.7,watermelon
96.1,53.1,59.5,26.5,89.1,6.46,3363.6,rice
117.0,53.4,58.8,31.3,77.8,6.37,2945.5,jute
73.8,47.6,74.5,25.3,53.4,6.78,1264.6,pomegranate
108.5,53.8,69.0,29.6,62.8,6.56,970.0,cotton
135.6,63.1,87.9,31.6,86.6,5.84,2038.6,banana
66.4,32.0,79.5,19.1,58.4,6.61,2076.3,orange
130.1,50.2,127.7,29.7,80.3,6.56,1869.5,banana
71.0,36.1,51.8,35.2,55.0,6.46,1374.2,mango
70.3,35.9,75.5,34.2,62.4,7.21,1075.6,pomegranate
96.0,52.1,90.7,27.6,66.4,6.38,1688.1,papaya
88.9,50.2,43.6,25.6,69.9,6.45,1325.3,maize
63.3,59.5,62.7,27.8,63.8,6.0,1356.0,orange
74.5,49.1,88.3,25.3,68.7,6.39,1603.2,orange
34.2,49.4,41.9,30.0,60.5,6.53,681.3,mungbean
127.3,65.3,92.2,28.1,61.8,6.61,1826.8,papaya
96.3,71.0,100.9,33.9,60.8,6.3,894.2,watermelon
67.5,23.4,101.9,27.8,84.0,6.38,1862.4,coconut
106.5,48.1,92.0,30.2,74.0,6.77,1690.2,banana
38.8,43.1,32.1,19.5,39.3,6.15,562.3,lentil
38.2,46.3,47.4,28.3,69.5,7.51,998.9,blackgram
60.3,46.0,124.6,28.5,90.8,6.07,2026.4,coconut
33.9,47.7,41.6,33.0,73.9,6.33,1075.0,blackgram
63.7,52.4,65.9,27.7,64.6,7.6,1091.6,pomegranate
90.8,36.8,65.9,27.3,71.4,6.4,1164.8,maize
107.3,38.7,106.3,32.5,76.9,6.45,2256.9,banana
49.6,44.2,54.9,31.5,47.6,6.65,2194.4,mango
109.2,57.2,51.5,18.3,65.2,6.48,1019.8,maize
22.0,48.1,45.2,21.9,74.4,6.72,1029.5,kidneybeans
55.1,25.3,66.8,30.0,54.6,6.78,1138.1,grapes
33.6,54.1,44.0,23.8,63.1,5.98,896.2,chickpea
108.0,67.8,68.2,29.1,80.7,5.91,3136.9,jute
96.4,44.4,69.2,24.5,72.7,6.09,1310.9,orange
117.4,51.0,43.5,24.6,62.9,6.45,740.3,maize
110.2,38.5,56.6,24.9,63.8,6.94,963.6,maize
44.7,39.7,75.4,26.4,44.4,6.51,1510.6,pomegranate
36.0,43.7,86.1,34.0,51.7,6.66,1051.7,grapes
25.3,51.2,38.4,29.7,72.2,6.88,955.2,blackgram
111.4,60.3,72.9,30.4,84.5,6.34,2907.4,rice
116.5,62.7,127.9,28.8,84.4,6.34,1927.7,banana
106.3,55.3,37.3,25.7,68.1,6.39,1184.9,maize
87.7,21.4,120.8,27.2,83.5,5.39,3127.2,coconut
108.9,52.7,117.5,26.7,77.2,6.73,2445.2,papaya
35.4,31.5,34.9,16.6,51.3,6.93,761.5,chickpea
34.5,63.0,48.4,16.8,63.7,6.53,1284.3,kidneybeans
87.9,51.4,63.4,26.2,58.1,6.42,726.8,maize
37.5,58.8,39.5,24.3,66.1,6.62,1337.0,kidneybeans
35.4,70.4,49.8,17.5,70.5,6.67,1065.7,kidneybeans
88.4,59.2,98.2,24.2,75.1,5.28,3048.8,coffee
79.4,56.1,80.5,20.9,69.6,6.48,908.0,watermelon
72.5,56.2,75.0,32.9,58.1,7.06,1295.8,pomegranate
68.4,51.3,85.0,29.4,66.2,6.0,2313.6,orange
131.7,68.4,87.7,30.8,61.1,6.62,1384.9,cotton
95.7,48.5,84.9,28.7,54.6,6.76,929.0,cotton
62.5,43.8,69.1,14.9,62.7,6.85,1822.2,apple
130.4,61.6,128.1,31.3,76.9,6.24,2371.3,banana
75.8,47.8,89.7,32.5,65.7,6.71,604.3,muskmelon
52.6,39.3,63.2,20.8,66.1,6.57,1947.5,apple
95.0,45.5,107.8,27.8,70.3,6.42,613.7,muskmelon
32.8,48.2,27.3,19.1,62.6,6.79,696.3,chickpea
117.3,41.8,83.3,26.3,60.8,6.63,1367.5,cotton
115.4,47.6,48.5,31.7,83.1,6.34,1784.2,rice
115.9,63.2,65.8,36.4,86.4,6.52,3014.7,jute
49.8,48.9,29.3,30.6,70.2,6.86,1107.5,blackgram
27.5,54.2,40.2,32.4,78.4,6.8,875.3,blackgram
65.3,37.1,67.1,28.9,51.5,5.88,1154.3,pomegranate
60.8,30.7,69.4,33.0,64.7,6.19,1719.6,mango
68.6,20.0,65.6,33.1,54.8,6.55,1571.0,mango
129.3,40.0,93.4,30.2,57.1,7.71,1016.2,cotton
60.0,44.5,96.3,18.7,55.5,6.41,925.3,grapes
40.6,54.6,36.4,22.4,48.8,6.83,801.8,chickpea
84.9,44.1,115.5,18.8,66.6,5.57,2977.3,coffee
63.6,41.5,61.8,30.4,59.9,7.03,1469.4,mango
64.0,40.5,76.6,33.5,54.1,7.4,540.0,grapes
116.4,59.1,116.4,25.7,85.9,6.53,2031.5,papaya
88.5,48.9,88.1,36.8,57.9,6.67,603.9,muskmelon
95.9,60.7,41.3,24.3,65.7,7.18,989.6,wheat
101.5,63.9,59.0,31.1,69.4,5.97,1094.4,maize
33.4,57.0,44.3,29.8,74.6,7.24,768.9,mungbean
71.8,67.4,97.1,33.9,64.4,6.51,644.1,watermelon
73.0,39.3,52.6,31.9,62.4,6.19,1370.6,mango
100.4,52.7,38.0,11.7,63.4,6.79,1109.4,wheat
104.4,40.0,51.8,27.4,93.7,6.14,2598.0,rice
64.7,35.1,93.4,24.1,72.4,6.77,1017.1,grapes
57.5,41.3,80.1,17.3,59.1,6.91,1932.7,apple
113.4,54.5,49.6,23.4,82.2,6.32,3164.3,rice
45.7,49.0,34.1,24.9,65.2,7.09,720.2,mungbean
41.3,42.0,52.0,14.1,71.7,6.75,1837.2,apple
79.2,31.9,105.4,25.1,86.1,5.92,3096.9,coconut
60.9,46.6,81.6,32.2,78.9,6.81,2268.4,coconut
88.8,32.1,78.3,28.8,58.6,6.37,1065.8,grapes
28.3,69.4,51.1,19.4,65.5,6.39,1329.4,kidneybeans
122.6,72.5,69.5,32.0,76.6,6.53,2679.2,jute
28.0,48.9,33.8,20.4,49.6,6.47,702.8,lentil
100.4,53.6,53.5,32.3,87.4,6.33,2681.2,jute
81.8,32.0,112.1,27.8,84.7,6.28,2138.8,coconut
105.0,65.1,79.4,35.0,64.2,6.68,2038.7,papaya
88.3,49.0,97.6,26.1,67.5,5.79,2266.9,coffee
75.0,44.2,61.1,25.8,38.0,6.24,924.9,pomegranate
28.8,37.1,32.7,19.4,42.6,6.4,649.5,lentil
68.4,32.6,59.1,30.1,53.8,6.92,1100.1,pomegranate
123.3,53.4,54.0,28.8,88.9,7.01,3340.4,jute
69.1,44.7,45.7,32.8,54.5,6.67,1089.3,pomegranate
95.7,60.5,71.3,34.2,65.0,6.84,1125.3,cotton
79.3,69.3,111.2,32.5,71.4,6.71,717.2,watermelon
57.3,29.7,85.0,16.2,68.0,6.3,2119.1,apple
37.2,46.0,43.6,27.7,65.5,6.23,1105.9,blackgram
60.2,35.9,47.8,31.6,65.7,5.88,1512.4,mango
65.0,40.8,73.6,31.9,52.3,6.6,1951.3,mango
72.5,42.9,66.9,35.6,47.2,7.29,917.4,grapes
63.0,63.1,57.9,23.6,53.9,6.09,890.7,maize
82.6,41.9,38.1,19.8,78.8,6.86,931.4,wheat
88.6,47.3,94.0,20.1,87.8,5.25,2626.5,coffee
35.7,50.2,44.7,15.1,57.8,6.97,554.5,lentil
103.0,38.5,45.8,21.3,65.4,6.82,1027.1,wheat
127.9,53.0,102.6,29.7,85.7,6.84,1737.9,banana
97.6,49.1,54.0,28.6,56.5,6.21,1596.1,orange
87.1,38.5,27.4,16.9,47.5,6.77,1085.2,wheat
36.6,43.0,40.4,22.1,52.0,6.75,678.4,chickpea
37.7,59.7,28.3,30.3,57.1,6.67,1129.8,blackgram
126.0,59.1,80.4,28.8,54.6,6.88,1118.3,cotton
44.2,52.5,53.5,32.1,59.4,7.08,1762.4,mango
91.8,52.7,36.9,14.1,67.8,6.84,1098.1,wheat
54.8,41.4,75.5,17.9,61.2,6.16,834.1,grapes
88.6,58.4,87.1,32.2,71.6,6.82,1722.3,papaya
126.3,55.4,65.8,29.0,76.8,6.86,2726.2,jute
56.4,40.4,38.8,32.8,57.2,6.13,2239.4,mango
49.4,37.7,80.4,28.3,60.0,6.64,820.1,grapes
54.6,50.2,83.5,17.1,77.2,6.25,1115.3,orange
89.0,63.5,103.7,24.0,84.1,5.59,2833.0,coffee
125.6,56.9,51.6,33.9,85.1,6.27,2874.0,jute
131.7,41.6,122.6,26.8,70.8,6.04,2192.9,banana
113.0,65.5,57.5,25.7,90.4,5.9,2346.8,rice
49.8,40.7,45.0,35.7,63.5,5.89,1358.1,mango
110.4,46.6,55.2,27.8,61.8,6.33,1310.5,maize
41.7,36.2,24.3,25.6,48.5,6.9,1041.6,pigeonpeas
61.6,25.3,36.0,31.2,52.3,6.32,2219.4,mango
36.6,55.6,43.9,24.4,69.5,6.8,892.8,blackgram
53.1,29.0,62.7,31.5,52.6,6.61,1970.3,mango
45.0,52.0,88.5,25.1,69.0,6.3,1543.5,orange
62.9,38.7,85.2,31.8,71.4,7.1,752.3,grapes
77.7,47.8,32.9,15.1,59.5,6.91,684.1,wheat
114.8,44.0,88.3,21.9,86.1,6.18,2006.0,papaya
71.9,42.3,84.3,22.7,85.9,5.37,2511.4,coffee
34.0,53.1,34.2,30.5,65.1,6.82,1149.4,blackgram
58.4,36.5,79.4,30.8,48.8,6.21,1050.2,pomegranate
117.1,40.7,61.9,23.8,87.4,6.2,2770.5,rice
43.8,31.5,81.1,31.1,49.4,6.51,975.3,grapes
31.6,42.3,34.9,23.1,59.9,6.4,1141.4,chickpea
120.1,64.2,68.8,35.0,84.1,6.34,3205.1,jute
37.1,57.7,53.6,34.7,70.1,7.12,983.1,blackgram
115.7,67.2,101.9,31.6,81.5,6.63,2427.5,banana
148.7,53.2,53.6,30.2,82.1,6.78,2986.3,jute
85.6,45.3,62.9,29.3,80.3,6.09,2232.5,jute
62.4,32.7,122.8,33.6,86.5,6.21,2548.2,coconut
64.7,56.4,70.0,29.2,52.8,6.57,661.1,muskmelon
23.3,73.2,43.8,20.3,54.5,6.77,1088.5,kidneybeans
58.9,28.2,73.8,39.9,61.7,6.28,998.5,grapes
57.8,19.7,102.1,30.6,81.6,6.52,2540.9,coconut
82.8,49.2,106.1,19.2,69.2,5.36,2127.3,coffee
29.0,81.6,51.8,23.3,57.4,6.44,1384.3,kidneybeans
127.0,47.6,51.3,26.5,63.6,6.01,1128.8,maize
27.2,36.8,36.4,23.5,50.6,6.73,794.7,chickpea
104.2,65.2,67.6,30.0,86.9,6.23,2830.2,jute
66.3,22.8,59.6,14.2,71.8,5.84,1766.7,apple
57.0,38.0,87.7,30.6,62.2,6.97,779.2,grapes
91.4,52.3,94.7,27.4,66.7,6.93,833.5,watermelon
91.3,65.4,57.2,31.3,77.3,6.6,2593.5,jute
128.0,63.4,76.0,28.9,80.8,6.29,1595.9,papaya
35.5,40.9,35.4,28.9,75.2,6.57,1057.2,blackgram
125.1,71.8,51.0,31.1,76.9,6.6,2621.5,rice
19.1,16.3,26.4,39.9,53.3,6.41,444.2,mothbeans
125.8,60.5,54.1,23.9,78.6,6.14,1831.3,rice
66.4,60.8,98.5,28.7,66.9,6.66,898.3,watermelon
25.1,37.7,30.2,21.9,57.1,7.55,573.4,lentil
41.1,61.0,40.5,24.3,64.8,7.15,1206.6,kidneybeans
61.0,37.3,58.5,26.0,51.3,7.24,1096.5,pomegranate
130.9,47.6,66.1,30.5,76.2,7.34,2839.7,jute
87.3,68.3,101.7,26.2,70.9,5.88,725.4,watermelon
58.7,27.3,67.5,26.1,57.7,6.69,1631.6,mango
76.8,62.9,88.9,28.0,64.4,6.61,796.3,muskmelon
37.1,60.4,43.6,32.8,73.8,6.34,937.3,blackgram
34.3,42.1,30.1,17.6,40.1,6.79,591.9,lentil
29.1,51.0,32.0,28.5,69.2,6.11,924.0,mungbean
111.8,51.9,46.6,24.6,61.2,6.47,1283.5,maize
60.9,36.3,82.4,27.8,58.8,6.29,1594.2,mango
36.0,69.6,51.6,20.6,64.8,6.75,1459.6,kidneybeans
88.8,50.2,37.8,16.8,74.3,6.14,1038.5,wheat
94.4,55.3,92.0,31.2,70.8,6.06,1803.2,papaya
13.5,29.6,37.2,28.4,55.8,6.9,528.6,chickpea
131.8,46.4,112.1,26.8,73.7,6.93,2141.3,banana
59.4,43.4,74.7,19.6,70.5,6.75,2007.9,apple
67.4,53.2,87.0,20.6,73.7,7.31,1304.7,orange
95.7,38.2,124.6,28.5,69.4,6.31,2089.8,banana
111.4,50.4,82.5,32.9,79.8,5.98,2793.9,jute
111.7,64.6,66.2,30.9,83.1,6.72,2725.9,jute
63.9,39.8,70.5,27.2,45.0,6.82,1422.7,pomegranate
50.3,18.0,65.6,23.2,55.1,6.49,1513.7,mango
28.1,42.1,41.0,27.4,73.8,5.98,1284.6,pigeonpeas
72.0,43.3,56.4,33.6,50.2,6.16,1281.5,pomegranate
36.6,70.3,50.3,27.2,72.1,6.54,1289.4,kidneybeans
39.6,38.0,60.4,23.2,59.5,6.89,837.7,grapes
72.6,35.9,114.9,30.2,89.8,6.69,2535.7,coconut
29.1,44.7,30.7,23.1,57.7,7.21,678.0,chickpea
31.4,63.3,37.6,21.8,62.0,6.1,1095.1,kidneybeans
61.3,58.7,100.9,27.6,60.8,6.48,591.4,muskmelon
68.0,35.6,59.3,24.7,69.7,6.79,1686.8,apple
32.3,37.8,21.1,20.2,48.9,6.03,626.6,lentil
96.5,44.8,35.0,20.5,51.9,7.47,1283.8,wheat
49.0,59.6,41.1,20.9,57.1,6.59,1160.5,kidneybeans
84.5,62.3,103.1,21.1,74.3,5.9,2696.7,coffee
94.9,55.3,37.1,14.3,59.1,6.68,1251.4,wheat
75.6,31.7,73.1,37.5,54.3,7.21,1817.1,mango
37.2,46.0,44.0,25.7,69.4,6.96,951.1,mungbean
98.3,55.6,61.0,26.3,83.7,6.34,2956.9,rice
70.8,50.0,102.8,19.9,79.7,5.27,2465.0,coffee
99.3,41.3,117.5,31.4,73.2,6.37,1917.8,papaya
82.4,50.5,115.1,21.0,71.1,5.75,2170.4,coffee
87.9,55.8,103.9,29.8,70.2,6.82,642.9,watermelon
57.9,41.7,87.3,24.9,59.4,7.1,957.3,grapes
61.2,34.8,70.8,27.6,55.9,6.32,1708.9,mango
107.9,67.5,97.0,27.7,69.5,6.81,1769.5,papaya
110.3,58.0,78.2,31.6,67.2,6.31,1141.0,cotton
101.2,50.4,53.5,26.7,81.6,5.94,2817.5,rice
63.5,42.7,55.3,10.2,64.4,6.77,1382.5,apple
69.3,35.6,60.3,24.0,59.2,7.3,991.5,pomegranate
91.9,48.3,49.8,24.1,71.7,6.92,861.4,maize
76.7,52.9,85.4,22.3,75.2,5.67,2107.2,coffee
101.3,55.4,72.7,37.0,59.4,6.6,869.2,cotton
25.7,54.8,27.9,21.6,59.3,7.03,1467.9,pigeonpeas
124.2,43.3,71.3,32.5,60.3,7.79,1047.6,cotton
89.5,56.5,91.6,25.0,70.5,6.78,1791.0,papaya
55.2,55.0,133.4,30.3,93.4,5.99,3043.2,coconut
136.2,50.2,53.5,28.0,82.5,6.72,2773.0,rice
135.9,58.4,51.5,28.1,79.1,6.44,3764.8,rice
94.5,51.5,103.2,28.6,83.6,6.41,1851.9,papaya
51.8,45.1,57.7,20.4,72.5,6.07,1609.5,apple
71.2,42.8,83.4,27.9,56.4,7.23,1222.9,grapes
28.7,41.1,36.4,18.6,57.1,7.2,929.8,chickpea
49.8,45.1,78.1,25.0,62.6,7.07,1246.2,grapes
79.7,42.7,118.2,26.9,78.6,6.3,1960.6,coconut
21.7,35.2,20.3,33.8,37.2,7.05,426.9,mothbeans
69.4,54.3,114.6,27.9,64.7,6.4,703.5,watermelon
83.6,66.1,119.7,22.6,85.4,5.65,2028.8,coffee
92.2,37.4,43.0,19.2,53.1,6.62,899.3,wheat
124.6,63.0,83.9,32.1,71.8,6.64,1783.1,papaya
62.8,44.7,83.0,25.1,57.4,7.39,1078.9,pomegranate
54.1,61.3,84.4,20.1,74.1,5.72,2908.9,coffee
81.1,44.3,95.1,22.5,70.2,5.7,2474.4,coffee
59.3,34.8,57.5,28.6,58.2,6.64,2333.3,mango
71.0,41.1,60.2,29.8,56.7,6.76,985.3,pomegranate
76.5,42.6,41.0,19.2,66.2,6.93,921.7,wheat
61.9,38.6,49.8,32.1,65.3,7.09,1441.1,mango
104.9,51.8,45.3,23.4,79.1,6.67,1013.4,maize
77.7,35.8,76.4,23.6,71.0,6.69,1734.0,orange
69.8,43.8,94.7,24.1,81.6,5.09,2739.0,coffee
83.4,18.0,66.4,27.8,56.1,6.58,1795.4,mango
66.4,47.7,105.7,27.3,86.7,6.44,2383.2,coconut
67.6,55.5,95.1,25.0,74.4,5.8,2038.7,coffee
48.3,26.2,110.3,25.3,93.1,6.55,2518.6,coconut
138.4,54.4,68.5,27.1,54.1,6.01,1049.9,cotton
30.1,58.2,46.0,28.5,73.1,6.91,1204.8,blackgram
33.4,42.7,41.2,34.0,61.8,7.64,851.3,mungbean
88.2,52.5,104.3,24.2,61.2,6.31,774.6,watermelon
97.8,51.3,74.2,24.9,82.2,6.36,3090.9,rice
60.6,33.3,55.7,30.6,56.1,6.02,1484.7,mango
76.5,38.4,63.8,28.7,61.0,7.1,890.5,grapes
54.1,25.9,59.2,37.3,47.9,6.4,864.0,mango
31.1,47.5,33.6,32.4,66.2,6.68,826.1,blackgram
100.1,38.9,49.0,29.5,69.9,6.28,1097.5,maize
38.5,67.5,35.7,28.0,72.3,6.69,907.5,blackgram
94.8,61.1,121.1,24.7,73.1,6.57,1863.6,papaya
65.4,38.0,130.3,30.1,83.4,5.91,2858.5,coconut
61.6,38.8,88.6,21.3,60.3,7.01,1065.9,grapes
108.7,54.6,88.6,24.6,64.0,7.01,1146.4,cotton
66.4,38.1,110.8,28.5,89.0,5.76,2620.8,coconut
69.1,41.0,57.7,17.5,64.2,6.55,1844.4,apple
64.6,29.6,65.8,34.3,44.9,6.86,2322.9,mango
9.7,29.4,24.7,37.4,45.4,7.04,394.2,mothbeans
77.5,52.3,83.9,25.5,70.9,6.92,1476.8,orange
86.2,36.6,113.7,25.0,84.3,6.96,3008.8,coconut
116.9,53.7,118.1,31.8,76.7,6.03,2130.9,banana
27.3,39.8,36.3,28.8,64.7,6.89,813.5,mungbean
76.2,42.8,61.5,21.6,51.7,7.23,992.5,grapes
42.3,56.6,33.7,31.0,64.9,6.28,1255.5,blackgram
28.3,54.9,28.9,22.1,68.0,6.16,1414.9,pigeonpeas
71.6,46.5,54.9,11.0,74.1,6.14,1699.5,apple
87.3,65.3,103.8,33.2,63.3,6.28,619.7,muskmelon
111.0,45.5,50.4,26.1,83.6,6.5,2558.9,rice
100.1,51.2,39.0,19.7,74.0,7.27,673.4,wheat
97.0,43.7,38.1,17.3,67.0,6.49,864.9,wheat
116.9,40.9,79.3,27.7,62.3,6.1,1815.1,papaya
73.0,51.4,59.7,27.7,78.7,5.71,1197.4,orange
123.9,60.4,107.0,27.8,81.8,6.56,2415.4,papaya
42.6,66.0,38.1,31.0,67.2,6.97,948.6,blackgram
104.1,46.9,43.0,23.3,62.8,7.14,1215.9,maize
113.5,53.3,62.1,24.7,85.9,6.68,2666.5,rice
123.1,44.5,83.5,30.8,83.6,6.49,2344.7,jute
98.4,70.6,48.8,27.3,81.4,6.18,3155.6,rice
21.3,40.2,27.9,13.4,46.8,7.22,557.2,lentil
96.2,49.9,99.9,25.3,78.1,6.87,2252.8,banana
87.7,54.9,86.0,23.0,54.7,7.1,1022.4,cotton
60.6,38.9,73.2,18.2,54.2,7.35,899.6,grapes
26.7,46.8,42.0,23.7,59.8,7.34,575.1,chickpea
33.9,56.2,38.1,31.0,61.6,6.8,1064.7,mungbean
83.7,61.6,55.6,21.8,66.6,6.24,981.5,maize
60.4,37.0,71.5,31.5,66.0,6.98,1170.1,grapes
84.9,48.4,88.6,28.0,68.3,5.88,806.6,cotton
13.5,39.2,38.6,27.8,60.7,6.85,777.3,mungbean
100.7,53.0,101.2,24.2,77.6,6.91,1745.7,papaya
62.7,56.7,82.6,29.8,67.5,6.93,695.0,muskmelon
42.0,43.0,43.4,21.1,54.1,6.34,583.8,chickpea
76.8,59.5,45.3,27.3,60.1,6.63,1198.9,maize
60.4,61.4,79.5,27.9,64.6,6.52,710.0,watermelon
80.0,63.5,58.5,28.0,58.2,6.27,852.0,muskmelon
55.3,35.4,43.7,15.8,57.3,6.71,1722.3,apple
38.0,25.5,89.1,30.3,86.6,6.58,3038.3,coconut
43.7,45.0,56.3,9.6,64.0,5.99,1899.1,apple
87.5,52.3,49.0,19.6,70.0,6.76,888.1,wheat
20.5,47.0,23.9,26.9,58.3,5.77,957.2,pigeonpeas
122.5,55.6,85.4,27.8,72.3,6.77,1719.6,papaya
114.8,44.2,101.5,32.3,66.5,6.37,2378.0,papaya
54.5,27.4,53.2,30.6,56.5,6.66,1728.2,mango
28.5,28.2,24.2,23.8,50.1,6.74,453.4,mothbeans
47.3,39.4,60.2,37.7,53.3,6.96,2065.5,mango
68.8,47.4,96.3,21.5,86.2,5.82,1869.4,coffee
83.3,67.3,103.1,25.0,77.5,5.9,3281.8,coffee
30.0,53.4,44.2,24.6,51.5,6.59,730.2,chickpea
94.3,59.3,89.4,26.6,60.8,6.49,559.9,muskmelon
79.6,47.7,68.9,23.0,70.5,5.9,2226.4,orange
58.9,62.9,66.9,25.6,67.3,6.57,1851.8,orange
29.2,47.7,25.7,22.2,49.3,6.71,1016.6,chickpea
27.9,38.4,33.6,21.4,60.3,6.93,1049.4,chickpea
64.6,40.1,68.8,29.8,65.7,6.62,1960.7,mango
78.2,77.9,97.2,34.2,61.1,6.52,734.4,watermelon
68.0,31.1,83.5,30.1,54.7,6.88,1319.4,pomegranate
109.3,55.1,60.7,29.1,83.1,5.99,2121.8,jute
63.5,60.3,100.0,26.2,63.3,6.74,918.1,grapes
104.0,49.6,33.8,23.1,47.5,6.8,1027.1,wheat
43.5,28.8,25.2,25.6,58.4,7.0,498.3,chickpea
57.5,22.5,58.7,11.3,74.9,6.09,1558.3,apple
89.1,38.5,40.8,15.4,68.5,7.1,1283.9,wheat
87.9,46.6,110.2,27.4,86.8,5.74,1760.4,banana
87.8,51.4,68.6,20.4,61.9,6.51,1549.5,orange
80.8,36.5,49.2,29.0,51.3,6.34,1008.7,pomegranate
91.3,49.5,84.9,31.7,55.4,5.75,1623.6,orange
58.5,42.6,92.1,24.2,48.4,7.03,1210.9,pomegranate
106.7,50.8,63.0,31.7,74.9,6.64,2316.3,jute
71.6,30.0,76.5,32.0,68.3,6.7,1527.6,mango
61.0,34.9,67.6,9.5,58.7,6.66,1490.3,apple
113.9,51.0,67.4,31.2,70.2,7.83,849.2,cotton
101.0,38.4,47.5,13.9,63.9,7.1,905.0,wheat
31.6,40.7,20.8,22.1,51.9,6.67,698.8,chickpea
19.8,37.7,18.8,23.9,39.9,6.25,611.7,lentil
83.3,45.5,89.4,22.7,83.1,5.54,1991.1,coffee
107.6,46.1,58.0,23.7,86.7,6.51,2254.8,rice
44.3,43.1,47.3,32.6,66.6,6.21,1232.3,blackgram
32.2,44.8,28.8,32.0,66.6,6.91,763.6,mungbean
25.0,51.8,36.9,25.2,58.5,6.59,729.3,mungbean
22.6,32.0,28.0,19.4,51.3,6.74,827.4,lentil
60.2,27.3,57.1,30.2,63.4,5.91,1713.2,mango
23.9,52.8,32.9,20.9,43.2,7.96,734.1,chickpea
65.5,59.1,102.8,32.8,75.4,6.18,1703.9,papaya
98.2,52.6,97.6,25.6,77.6,6.45,1842.3,papaya
29.9,41.6,51.4,29.4,64.8,6.52,1121.3,blackgram
91.7,47.5,49.3,19.7,54.1,6.65,1232.4,wheat
106.4,40.7,89.0,34.0,91.9,6.65,1659.5,banana
10.4,20.4,30.8,39.9,57.8,6.69,586.9,mothbeans
118.2,65.3,98.0,30.8,57.6,6.98,1481.7,cotton
79.8,47.6,60.7,26.5,68.1,6.04,1643.8,orange
74.1,49.6,37.6,17.9,63.4,6.52,1032.2,wheat
31.9,44.2,32.2,19.5,41.8,7.14,575.1,lentil
79.3,61.2,86.6,29.3,66.7,6.56,816.9,muskmelon
53.6,30.6,68.0,13.9,66.4,6.6,1518.3,apple
35.4,30.3,34.3,27.7,61.6,6.9,674.8,mungbean
32.4,48.2,19.2,17.0,57.3,6.58,637.3,lentil
61.6,53.6,64.2,27.9,53.7,6.77,1794.0,mango
26.0,74.9,37.5,22.8,63.1,6.58,1366.6,kidneybeans
39.3,55.4,46.8,20.0,64.5,6.27,1255.8,kidneybeans
65.1,33.0,61.7,26.1,57.5,6.38,1424.2,pomegranate
78.5,34.3,64.6,17.0,64.0,6.07,1465.8,apple
27.6,31.1,24.0,16.3,46.1,6.67,548.6,lentil
70.7,51.6,40.1,20.2,55.3,7.17,1048.2,wheat
127.8,48.3,68.4,36.8,80.9,6.43,1836.0,jute
36.9,55.7,36.9,27.0,61.3,6.93,1001.2,pigeonpeas
56.0,36.4,72.1,14.5,64.3,6.74,2014.7,apple
88.3,50.9,113.9,28.8,85.2,6.77,2138.3,banana
40.9,42.3,73.3,25.7,60.8,6.76,1235.5,mango
102.7,45.5,99.2,30.5,69.6,6.99,1966.0,papaya
103.5,60.3,54.0,32.4,54.4,6.66,964.8,cotton
67.4,57.6,99.9,29.6,53.7,6.46,668.7,muskmelon
93.2,56.2,30.8,19.8,51.0,6.02,1491.0,wheat
30.3,33.2,28.2,26.5,48.7,6.37,431.1,mothbeans
61.4,41.5,66.1,18.0,68.4,6.47,1641.0,apple
25.3,41.2,27.6,27.2,45.2,7.59,842.4,chickpea
76.2,30.9,77.9,28.9,52.1,6.5,1045.3,pomegranate
33.8,52.5,38.5,31.7,81.8,6.58,1119.0,blackgram
28.2,47.6,33.7,23.2,57.8,6.53,907.0,pigeonpeas
102.7,31.6,138.5,23.3,74.6,5.68,2109.7,banana
76.6,46.3,84.4,21.9,56.4,6.39,709.9,watermelon
35.3,44.6,32.7,16.5,48.0,6.89,742.3,lentil
89.2,66.9,92.1,34.0,60.4,6.16,708.9,muskmelon
35.5,52.9,35.7,27.9,72.1,6.42,1027.6,blackgram
58.8,69.5,97.4,30.5,71.2,6.23,963.0,watermelon
163.3,66.6,58.1,31.4,80.9,6.59,2375.9,jute
88.5,39.3,93.1,23.8,71.9,5.78,2987.4,coffee
129.0,48.5,57.9,29.8,82.6,5.99,1909.1,rice
106.4,55.9,97.6,29.8,71.5,6.63,2245.4,papaya
53.7,37.8,76.1,26.3,57.0,6.51,914.8,grapes
44.3,34.3,36.7,14.2,47.0,6.87,912.0,chickpea
74.6,57.5,83.7,28.8,60.9,6.8,579.7,muskmelon
21.3,31.4,25.0,14.4,48.6,6.62,680.7,lentil
76.7,50.3,84.2,33.0,56.4,6.28,739.7,muskmelon
81.1,36.5,130.2,26.2,80.2,6.86,2090.8,coconut
76.0,54.9,76.8,27.4,70.1,6.44,1646.4,orange
54.6,32.6,126.4,30.4,84.3,6.25,2609.4,coconut
32.2,38.5,38.2,25.3,58.0,6.57,840.1,mungbean
20.7,44.2,24.9,13.6,51.5,6.16,915.6,lentil
31.6,53.1,35.2,21.2,64.9,6.79,1243.8,kidneybeans
32.2,41.6,40.3,27.9,63.7,6.3,878.8,mungbean
35.0,36.0,30.0,20.1,51.4,6.47,401.3,lentil
113.0,39.1,112.5,27.2,80.8,6.25,2237.2,banana
88.0,53.2,35.1,23.8,58.5,6.96,1128.0,wheat
79.6,60.0,62.1,24.9,62.6,6.7,1124.1,maize
64.7,43.9,63.3,13.5,66.8,6.22,1837.0,apple
63.4,38.7,52.9,13.3,67.9,6.63,1733.2,apple
106.2,56.3,62.8,30.5,80.4,6.77,2402.8,jute
82.3,45.7,33.6,15.8,64.4,6.35,1029.5,wheat
74.9,49.5,37.6,22.7,58.3,6.79,1014.9,wheat
127.7,62.6,62.3,35.5,84.7,6.19,2115.1,jute
57.5,41.4,75.5,17.1,59.9,5.88,767.5,grapes
61.6,39.0,67.6,29.4,51.5,6.24,1905.5,mango
86.7,55.3,104.3,29.5,63.1,6.57,783.4,muskmelon
36.0,43.7,69.5,36.0,53.3,7.28,1234.2,grapes
112.0,46.6,36.0,29.3,77.0,6.44,2576.7,rice
28.8,55.1,40.7,31.8,61.1,6.51,821.4,mungbean
102.9,50.6,54.0,18.8,65.8,6.34,1076.8,wheat
120.9,51.3,69.2,33.1,83.2,6.78,2961.7,jute
48.4,45.3,25.3,22.1,44.2,7.06,650.4,chickpea
89.3,52.1,45.3,26.8,62.1,6.59,1018.4,maize
84.2,51.8,102.8,20.9,64.7,6.18,776.5,muskmelon
56.1,30.7,118.2,33.4,78.3,6.92,2396.2,coconut
79.5,45.2,79.9,26.2,82.7,6.18,2837.9,rice
83.6,58.9,80.0,28.1,63.3,6.69,637.2,muskmelon
86.6,52.9,62.9,29.6,58.3,6.42,480.1,muskmelon
113.3,57.0,82.0,29.6,61.9,7.4,1350.2,cotton
66.1,35.3,124.4,29.1,75.4,6.19,3344.2,coconut
26.3,53.8,25.1,29.7,65.6,6.95,1153.0,blackgram
95.2,57.0,85.7,31.3,61.6,6.39,1186.7,cotton
68.4,47.4,70.6,22.0,68.5,6.13,1587.0,orange
95.0,51.7,102.9,31.2,62.1,6.61,862.3,watermelon
111.9,53.7,68.8,26.3,80.0,6.51,3251.8,rice
117.7,50.8,60.9,26.2,80.5,5.96,2534.0,rice
78.0,56.7,97.2,28.6,60.0,6.84,537.0,muskmelon
109.2,59.4,53.2,18.6,70.1,6.09,970.3,maize
28.8,30.6,35.9,21.4,49.9,6.44,665.0,chickpea
64.6,54.9,109.3,30.4,58.6,6.7,698.0,muskmelon
36.9,66.6,44.4,28.4,66.3,6.22,1368.9,kidneybeans
51.0,47.6,78.8,32.6,46.7,6.41,1055.6,pomegranate
68.1,32.5,53.4,27.9,68.0,6.67,1365.3,mango
59.5,54.3,98.0,24.7,75.7,6.23,615.5,watermelon
66.5,46.3,82.7,29.0,64.2,6.72,580.2,watermelon
138.6,40.9,75.1,35.2,82.6,6.72,2249.9,jute
42.4,32.2,63.9,32.2,68.9,6.37,1970.4,mango
95.9,58.6,73.6,29.0,81.3,5.7,3377.8,rice
23.4,57.3,48.5,19.3,63.3,6.51,1334.7,kidneybeans
121.8,44.2,63.7,31.6,92.4,6.47,1914.7,jute
101.2,53.7,70.9,24.0,89.3,6.41,2129.0,rice
74.6,52.2,73.4,24.4,56.6,6.67,1599.7,orange
98.2,54.4,71.6,30.4,71.2,6.87,1652.7,papaya
118.4,36.9,91.1,36.8,73.5,6.87,2382.1,papaya
77.4,51.9,32.0,16.8,57.8,6.38,1237.2,wheat
46.0,35.2,65.1,18.4,73.0,6.26,1311.1,apple
81.8,49.3,82.5,37.6,45.8,6.55,1002.5,pomegranate
57.0,30.2,59.0,16.8,67.6,6.69,1524.8,apple
75.0,47.2,70.0,25.8,71.1,6.3,2159.4,orange
55.0,61.8,133.3,22.8,67.1,6.31,692.7,watermelon
14.6,42.1,21.0,16.4,44.2,6.13,773.7,lentil
116.5,58.3,114.1,23.1,70.2,6.49,1910.9,papaya
75.1,57.4,77.3,29.5,72.0,6.58,1830.3,orange
76.6,47.3,98.7,27.3,60.9,6.49,480.7,muskmelon
46.1,29.6,72.1,22.3,68.4,6.13,1227.2,apple
73.6,44.5,58.0,25.2,50.1,6.77,1311.4,pomegranate
47.6,32.1,140.1,31.6,96.4,6.1,2651.1,coconut
38.4,53.1,47.9,19.9,66.7,6.65,1204.7,kidneybeans
59.5,29.6,53.3,28.1,57.7,6.03,1760.0,mango
58.9,69.0,79.4,20.8,80.7,5.35,2749.0,coffee
69.8,43.9,40.7,37.3,54.8,7.11,2392.0,mango
60.1,32.2,69.8,29.3,60.6,6.33,1628.3,mango
77.7,61.5,107.1,21.3,73.4,5.37,2824.8,coffee
55.3,39.1,70.3,22.3,54.4,6.37,624.7,grapes
91.0,62.8,122.2,27.5,63.1,6.45,610.8,muskmelon
31.9,44.5,47.8,24.8,70.2,5.91,866.1,blackgram
32.2,42.2,35.2,21.8,56.9,6.32,628.1,chickpea
24.1,46.4,51.0,27.2,72.2,7.65,1182.7,blackgram
124.7,68.0,71.1,28.5,80.2,6.55,2722.3,jute
73.7,52.0,69.3,19.5,61.2,6.59,1671.9,apple
93.7,40.3,111.1,29.9,79.2,6.32,1799.3,banana
19.0,38.2,35.3,20.1,54.9,7.05,826.3,chickpea
39.7,62.5,31.2,18.3,52.5,6.45,856.2,chickpea
36.4,53.9,41.0,17.7,49.7,7.96,922.3,chickpea
79.4,59.3,104.1,27.6,62.5,6.22,730.1,watermelon
31.6,54.4,37.2,20.3,62.1,6.51,1163.7,kidneybeans
65.9,40.5,58.3,32.1,49.9,6.46,1622.1,mango
27.5,35.5,32.8,19.2,43.7,7.16,914.6,lentil
105.3,62.6,104.1,32.9,53.5,7.37,710.3,cotton
39.3,60.6,33.6,15.5,68.1,6.97,957.4,kidneybeans
108.4,54.7,65.8,28.5,84.8,6.41,2867.3,jute
83.5,30.2,100.6,19.6,58.8,6.39,765.9,grapes
48.1,38.5,72.7,26.5,53.3,7.01,814.5,pomegranate
41.6,40.8,44.4,26.3,71.4,6.62,963.4,mungbean
71.4,65.0,98.2,28.1,62.6,6.54,629.9,watermelon
29.0,38.8,41.4,34.3,67.1,6.98,781.0,mungbean
60.5,64.6,81.0,29.7,54.8,6.19,436.9,muskmelon
72.2,63.4,41.2,26.3,82.4,5.92,2677.8,rice
95.3,49.4,66.9,27.9,83.6,6.91,2932.7,jute
63.9,36.0,52.9,19.1,69.1,6.88,1537.0,apple
27.2,61.7,42.7,30.6,69.4,6.29,925.4,mungbean
32.5,44.4,41.0,34.8,72.6,7.09,1065.9,blackgram
95.1,49.0,34.9,14.4,58.7,6.98,837.8,wheat
48.1,34.7,38.9,31.5,78.5,6.52,782.6,mungbean
62.8,32.7,86.1,33.3,54.8,6.9,873.8,pomegranate
54.1,61.9,84.7,24.2,55.8,6.43,559.4,muskmelon
24.5,59.9,34.9,27.6,71.7,6.58,1102.1,blackgram
117.8,55.2,65.7,27.0,75.3,7.34,1645.3,papaya
91.4,66.0,65.7,29.5,92.8,6.11,2498.2,rice
38.5,15.1,21.9,36.5,46.5,7.19,442.2,mothbeans
27.7,41.9,42.3,27.0,70.4,6.87,978.2,mungbean
84.6,46.4,114.9,18.1,64.4,5.8,2669.3,coffee
78.0,47.5,67.2,21.0,63.5,6.16,1962.3,orange
108.7,39.6,65.5,21.8,73.0,6.2,1410.1,maize
42.7,84.4,30.9,20.9,64.3,6.66,971.0,kidneybeans
102.6,57.1,78.5,22.1,47.8,7.16,1002.9,cotton
62.1,62.6,72.3,26.1,71.0,7.18,753.6,watermelon
80.2,60.0,84.7,32.4,61.8,7.56,731.8,cotton
80.0,56.8,86.9,33.6,69.1,6.16,571.7,watermelon
107.2,66.1,108.1,25.9,71.9,5.9,2107.8,papaya
22.9,38.8,38.4,31.5,62.4,5.8,1332.0,pigeonpeas
97.4,44.8,67.8,31.6,88.7,6.55,1986.5,jute
104.8,48.2,56.4,28.5,76.9,6.5,933.4,maize
51.7,46.7,44.8,29.9,77.0,6.67,1046.8,blackgram
122.6,60.8,68.3,30.2,82.1,5.75,2948.8,jute
74.7,42.7,49.3,16.8,68.4,6.06,1806.1,apple
87.8,60.6,74.7,25.9,73.1,6.84,1779.7,papaya
99.5,56.7,24.4,24.3,70.5,6.98,776.3,wheat
61.7,60.6,112.9,18.3,79.8,5.64,2880.4,coffee
51.7,65.7,103.9,24.2,69.4,6.22,911.0,watermelon
66.3,54.6,102.5,27.3,64.9,6.58,959.3,watermelon
139.1,49.0,103.0,27.6,81.2,6.37,1463.8,banana
33.0,53.3,33.6,11.4,44.7,6.44,699.9,lentil
58.2,30.4,96.7,19.9,52.8,7.26,809.8,grapes
37.9,53.3,32.6,30.4,63.4,6.7,1716.0,pigeonpeas
38.8,36.7,28.3,21.1,66.7,6.51,924.1,chickpea
105.2,55.2,51.3,28.5,68.3,6.86,835.5,maize
68.7,58.6,58.2,22.4,66.2,6.19,1157.8,maize
78.0,32.5,97.4,28.5,85.6,6.06,2809.2,coconut
64.5,34.2,68.0,11.7,73.9,6.67,1819.9,apple
39.3,63.8,44.6,20.2,61.9,6.67,1077.9,kidneybeans
67.8,31.9,101.1,22.3,77.7,5.52,2236.9,coffee
81.3,35.6,142.9,26.1,89.5,6.78,3081.7,coconut
39.9,55.5,38.4,19.0,69.8,6.86,1064.0,kidneybeans
98.7,52.6,49.5,26.8,67.7,6.66,1325.3,maize
28.8,35.5,41.6,25.3,59.5,6.5,818.9,mungbean
68.2,36.6,84.2,25.0,59.2,6.54,1030.5,grapes
110.8,50.1,78.1,27.1,75.4,6.69,2219.4,papaya
48.0,32.3,62.1,19.4,68.3,6.14,1622.1,apple
76.2,71.1,102.7,26.8,67.2,6.39,662.2,watermelon
78.6,47.4,88.8,25.1,67.5,6.6,1592.1,papaya
79.7,59.5,101.4,27.2,70.1,6.93,1865.3,papaya
28.7,41.8,49.5,19.3,56.6,7.4,724.6,chickpea
94.0,58.7,62.4,28.9,59.3,6.47,966.8,cotton
29.3,40.5,32.8,25.9,70.7,6.61,646.8,mungbean
17.3,39.4,34.2,19.9,57.8,6.63,680.4,chickpea
106.3,41.8,27.2,16.7,64.7,7.0,1099.1,wheat
41.9,46.1,41.4,31.7,68.6,6.81,1107.2,blackgram
121.4,53.0,123.7,28.6,84.3,5.78,2399.4,banana
50.4,30.2,65.3,20.1,61.2,6.6,1520.9,apple
62.6,34.6,74.1,15.3,68.3,6.53,1842.0,apple
43.1,39.8,44.1,35.5,53.7,6.0,1668.3,mango
92.1,33.5,85.0,32.7,81.4,5.76,2357.6,coconut
47.5,50.1,43.1,34.4,82.2,6.69,890.2,blackgram
113.9,56.4,65.5,30.7,63.5,6.53,1455.8,cotton
85.1,46.2,40.9,21.6,58.4,6.34,1012.8,wheat
91.0,55.4,46.8,31.8,64.5,6.71,1249.8,maize
105.2,59.3,93.7,28.6,77.6,6.23,2153.9,banana
23.9,50.5,32.8,15.8,48.3,7.51,718.1,lentil
36.9,70.9,45.6,18.4,66.6,7.02,1135.8,kidneybeans
111.1,55.2,40.2,21.3,52.3,6.6,1028.7,wheat
45.6,32.3,35.2,30.6,69.2,6.99,1086.1,blackgram
47.1,35.9,90.9,25.8,47.9,6.84,1034.1,grapes
92.3,44.6,31.6,17.7,61.4,5.88,1026.2,wheat
13.0,14.4,23.5,32.7,28.5,6.03,751.5,mothbeans
42.5,41.3,64.0,22.0,68.7,6.25,1762.8,apple
90.3,45.0,77.7,32.0,81.1,6.65,1866.8,papaya
32.4,40.4,32.7,21.8,49.2,7.34,707.1,chickpea
95.4,39.5,28.8,22.8,65.4,6.76,714.1,wheat
32.1,53.9,43.4,31.5,73.2,7.36,906.4,blackgram
99.6,64.8,78.7,34.5,58.3,6.22,1490.5,cotton
55.6,36.2,123.3,29.7,83.1,5.96,2286.5,coconut
85.2,54.9,128.1,28.8,87.1,6.26,2219.0,banana
41.0,44.3,29.6,30.8,55.3,7.14,934.7,mungbean
98.7,49.4,88.5,29.4,79.3,6.54,2158.8,papaya
53.8,37.0,115.4,26.1,86.6,6.9,2737.3,coconut
125.4,56.3,65.0,22.1,89.0,6.25,1620.0,rice
69.5,34.7,63.9,31.2,60.3,6.97,1630.3,pomegranate
87.0,51.2,45.3,12.5,62.7,6.37,947.9,wheat
54.3,40.4,44.6,36.8,68.8,6.88,2092.0,mango
19.4,50.0,33.4,22.2,60.9,7.12,1016.2,chickpea
43.7,57.0,45.0,28.6,72.4,6.71,1031.3,blackgram
72.4,58.3,97.0,29.9,67.0,6.74,727.9,muskmelon
59.9,54.2,74.5,34.0,61.2,5.95,524.5,muskmelon
69.4,24.2,113.0,31.1,93.5,6.49,2647.7,coconut
61.8,54.0,27.8,22.3,75.0,6.32,703.0,wheat
101.9,59.8,83.4,23.7,58.7,7.34,1027.0,cotton
72.6,40.6,53.1,11.7,57.2,5.68,1430.3,apple
34.7,49.1,32.5,31.2,74.3,6.63,1068.6,blackgram
76.1,49.8,105.3,24.8,69.2,5.39,2504.3,coffee
76.8,38.5,86.3,34.2,49.8,7.16,1283.9,grapes
100.8,55.0,89.5,30.5,72.9,6.88,1948.8,papaya
62.3,39.1,43.7,30.0,61.1,6.41,1568.8,mango
97.9,51.8,66.5,27.5,89.7,6.15,2712.5,rice
117.1,70.3,63.7,24.6,85.4,5.85,2779.9,rice
114.7,52.1,93.4,26.4,72.1,6.49,1939.6,papaya
67.8,62.2,58.5,29.1,67.8,6.91,1468.6,orange
57.5,41.7,69.2,21.2,62.3,6.49,868.9,grapes
89.3,51.6,77.3,29.9,42.8,7.44,961.9,cotton
38.9,43.9,35.3,31.7,59.4,6.64,1304.1,pigeonpeas
80.9,43.2,40.5,31.4,60.3,6.19,1436.2,pomegranate
110.0,50.2,96.3,26.3,79.4,6.87,2272.0,banana
57.9,34.6,59.9,35.8,43.7,6.57,701.5,pomegranate
68.1,29.8,72.4,25.3,53.9,7.15,786.4,grapes
72.5,66.6,93.0,21.0,64.3,6.59,1344.8,orange
107.1,67.4,51.5,28.9,91.7,6.22,1620.0,rice
63.0,30.6,60.1,19.0,63.9,6.15,1609.0,apple
58.3,29.2,52.5,32.7,56.5,6.73,1230.8,mango
60.3,44.0,125.0,30.0,79.1,5.94,2308.0,coconut
20.0,34.0,23.2,35.5,44.4,7.91,556.5,mothbeans
75.0,59.4,112.0,30.2,55.3,6.26,777.4,muskmelon
85.6,48.1,35.7,20.6,61.7,6.12,1196.8,wheat
107.7,42.3,38.9,25.0,70.2,6.24,814.2,wheat
25.2,49.7,34.8,28.6,58.7,7.08,799.1,mungbean
23.3,38.6,30.2,16.8,49.7,6.47,400.6,lentil
93.6,67.8,64.1,29.6,78.9,5.68,2323.1,jute
71.7,39.0,94.1,38.3,62.4,6.68,575.5,grapes
31.3,49.8,34.3,26.5,53.9,6.41,857.5,pigeonpeas
71.6,38.1,60.0,25.4,67.8,6.18,1483.8,mango
105.9,47.4,45.6,28.5,95.1,5.98,2742.6,rice
43.0,63.6,38.9,30.9,59.2,5.88,1259.8,blackgram
53.7,30.9,75.4,27.1,58.5,6.11,2022.4,mango
57.6,41.6,43.3,29.4,66.0,6.41,1165.7,mango
69.5,47.7,88.2,25.7,71.2,6.59,1874.2,orange
108.5,44.5,77.5,30.4,82.8,6.51,2280.4,jute
76.1,62.9,100.4,24.9,56.8,6.36,668.3,muskmelon
30.9,51.2,27.9,16.8,55.6,6.71,988.4,lentil
43.7,49.1,31.6,24.3,48.9,7.16,667.7,chickpea
34.3,53.2,44.0,27.5,51.7,6.57,1096.2,pigeonpeas
99.5,48.3,71.8,23.8,52.1,6.31,1222.4,cotton
112.4,63.9,62.3,27.7,87.2,6.28,3119.7,rice
76.1,58.0,56.3,25.3,69.0,6.52,1128.4,maize
60.8,25.8,79.7,18.7,68.0,6.46,1830.7,apple
50.1,36.2,51.7,30.4,49.7,6.62,1913.3,mango
89.0,41.9,67.5,25.7,89.8,6.03,3237.5,rice
87.7,58.5,43.3,26.8,92.1,6.81,3438.1,rice
24.2,38.5,26.3,21.5,53.4,7.61,856.1,chickpea
69.6,31.7,65.8,28.7,69.1,6.71,991.3,mango
67.7,38.6,59.6,14.1,65.9,6.03,1528.4,apple
30.6,65.3,46.0,20.3,63.6,6.51,1305.7,kidneybeans
85.7,54.7,36.4,16.5,68.9,7.07,1067.4,wheat
30.2,38.4,34.6,29.6,71.0,7.26,1206.2,blackgram
101.3,49.2,114.8,23.8,77.3,6.54,1570.9,banana
66.7,69.2,87.6,20.4,83.9,5.77,2734.4,coffee
113.6,46.5,107.2,26.6,83.1,6.43,2091.0,banana
88.4,41.0,67.7,21.0,63.3,6.46,1608.5,orange
66.8,57.5,93.1,29.7,59.8,6.37,658.7,muskmelon
90.2,66.0,103.8,28.0,65.2,6.55,676.0,watermelon
98.9,54.6,31.6,14.5,70.8,7.14,962.8,wheat
44.7,46.0,36.4,33.2,70.6,6.73,1083.1,blackgram
33.0,62.1,39.1,29.6,70.6,6.99,1169.7,blackgram
82.1,60.7,83.7,23.0,92.4,6.19,2394.9,coffee
46.2,36.5,36.2,21.5,61.6,5.98,576.0,chickpea
101.3,62.1,99.6,27.2,89.4,5.8,1792.2,banana
106.6,50.9,50.0,26.2,67.5,6.09,950.4,maize
110.5,52.4,41.1,21.6,51.3,6.82,1053.3,wheat
84.9,32.0,116.4,35.2,88.8,5.82,2135.2,coconut
43.9,38.0,58.9,30.6,62.1,6.04,1786.4,mango
72.8,29.5,108.5,28.9,73.2,6.05,3327.3,coconut
131.6,49.9,74.9,28.7,62.2,7.33,898.8,cotton
31.7,56.4,30.1,19.2,43.6,7.26,829.7,chickpea
78.2,43.1,73.7,33.4,42.7,7.01,904.6,pomegranate
29.1,60.5,33.4,17.4,36.0,7.32,740.0,lentil
39.6,45.0,71.7,18.0,68.3,6.24,1627.6,apple
96.9,48.8,41.1,25.4,68.3,6.67,856.1,maize
74.1,38.7,75.6,29.6,52.8,6.87,973.5,grapes
75.6,53.4,95.1,25.1,59.5,7.24,621.9,watermelon
98.0,45.4,85.9,33.5,77.3,6.07,2256.4,papaya
112.0,49.7,61.5,24.6,83.6,6.18,3657.0,rice
111.6,47.8,91.0,29.8,86.0,6.52,2051.1,banana
93.6,49.7,117.7,31.1,68.8,6.62,1648.0,papaya
110.5,55.5,48.8,32.9,80.3,7.01,2938.4,jute
129.3,50.9,61.8,33.6,60.9,7.6,1254.6,cotton
122.8,55.0,114.3,32.0,78.7,6.86,2347.7,banana
105.2,60.3,48.3,24.2,59.7,6.42,730.3,maize
75.0,82.5,109.2,23.8,72.6,6.39,611.7,watermelon
106.3,49.5,97.5,29.3,92.7,5.98,2616.0,banana
25.5,32.0,20.7,34.7,34.8,6.68,521.8,mothbeans
30.9,52.9,40.4,34.2,71.9,6.56,1206.2,blackgram
92.8,62.5,91.9,29.6,46.2,6.72,862.7,cotton
28.0,36.1,40.3,17.1,51.7,6.27,637.8,lentil
38.5,55.3,33.7,20.4,64.4,6.91,1175.5,kidneybeans
33.5,36.2,32.1,16.7,60.0,6.72,679.5,lentil
50.8,47.9,70.2,20.3,75.2,6.45,1952.5,orange
56.0,51.9,71.0,31.7,50.7,7.45,1294.2,pomegranate
66.1,52.7,112.0,29.9,59.6,6.62,701.0,muskmelon
89.3,49.2,112.7,27.3,79.4,6.86,2257.8,banana
39.0,73.4,49.2,23.9,64.1,7.01,1045.1,kidneybeans
22.1,24.1,35.5,29.5,39.0,7.29,469.5,mothbeans
24.8,51.6,34.8,23.6,46.2,6.21,1210.1,pigeonpeas
55.8,31.3,83.4,27.2,55.6,6.47,1694.7,mango
62.7,51.0,37.4,17.5,66.9,6.91,1020.7,wheat
80.2,37.8,157.7,29.0,85.7,6.61,2743.2,coconut
37.6,44.5,31.7,29.9,70.7,6.49,666.6,mungbean
83.2,43.8,72.0,25.3,61.3,7.11,1491.6,orange
60.8,33.2,76.7,28.8,57.0,6.91,1753.5,mango
87.1,32.7,101.9,19.5,50.9,7.12,1015.0,grapes
105.3,47.9,54.8,28.8,68.3,7.19,1267.1,maize
65.7,18.3,138.2,29.9,82.6,5.7,2762.4,coconut
73.5,48.1,63.2,36.8,50.1,6.6,1143.1,pomegranate
109.5,38.4,70.9,26.6,86.6,6.18,2441.6,rice
52.3,39.9,65.0,28.9,54.3,6.71,2105.2,mango
68.8,52.5,98.2,21.8,80.4,5.8,2883.0,coffee
110.0,49.7,62.7,22.1,81.9,5.9,3567.4,rice
99.3,63.2,49.3,24.9,82.9,6.22,2471.9,rice
63.6,45.7,95.6,23.0,74.4,5.53,2487.5,coffee
67.9,42.0,92.7,11.0,57.1,6.41,1605.7,apple
69.6,49.0,96.7,23.9,77.1,5.88,1962.9,coffee
22.2,21.3,26.8,29.2,38.5,6.82,462.9,mothbeans
109.1,42.1,48.1,31.7,75.8,6.07,2778.0,rice
80.9,50.3,49.7,18.8,67.2,6.66,1092.4,wheat
94.5,53.1,69.5,21.0,72.4,6.51,1754.9,papaya
57.9,42.5,61.2,30.9,45.7,6.58,1464.3,mango
31.7,46.7,53.3,27.8,69.5,6.51,940.5,mungbean
91.3,48.1,43.0,19.4,59.7,6.14,1358.3,wheat
22.1,25.9,29.5,26.6,45.4,5.88,457.1,mothbeans
111.9,59.6,81.6,26.9,61.2,6.9,1399.0,cotton
32.0,40.4,31.1,27.6,65.7,6.86,1386.1,pigeonpeas
124.1,59.1,78.7,28.1,47.5,6.81,1113.0,cotton
16.6,28.0,29.4,29.3,44.9,6.54,589.7,mothbeans
26.8,43.0,30.5,15.0,52.5,7.24,914.0,chickpea
95.3,42.1,36.2,19.1,66.5,6.45,1317.1,wheat
43.0,44.6,45.5,31.3,72.7,7.15,1149.0,blackgram
63.0,30.6,69.0,28.5,60.7,6.32,695.9,grapes
69.1,44.6,75.2,25.8,55.9,6.58,1983.1,orange
72.5,40.5,58.6,27.3,70.6,6.41,1404.8,orange
99.3,49.7,89.1,28.8,72.8,6.5,2068.9,papaya
20.3,51.3,29.7,22.6,48.0,7.12,884.7,chickpea
84.2,53.3,63.0,30.3,82.6,6.63,2192.6,papaya
97.1,45.8,75.8,33.8,57.0,7.37,1355.7,cotton
68.0,30.9,58.5,18.0,65.6,6.33,1658.0,apple
118.5,53.1,81.9,32.4,63.2,6.22,1308.4,cotton
22.0,61.3,25.0,25.4,49.4,6.91,519.8,chickpea
20.4,30.6,22.8,32.2,50.8,7.37,399.0,mothbeans
74.0,45.8,46.8,18.3,69.3,6.35,1005.6,wheat
105.7,47.8,102.8,31.1,49.6,6.9,1267.2,cotton
28.7,36.4,29.5,29.4,49.0,6.83,390.9,mothbeans
82.1,63.1,96.4,27.4,55.5,6.31,537.0,muskmelon
66.3,38.8,68.3,26.5,56.9,6.77,1113.6,pomegranate
108.9,55.0,27.6,16.8,56.3,6.24,998.4,wheat
69.5,42.7,68.1,13.8,73.1,6.5,1645.9,apple
106.5,65.6,75.0,32.0,84.5,6.77,1202.8,papaya
84.4,42.5,45.0,23.7,65.7,6.11,1645.3,orange
72.1,49.0,93.7,31.4,61.8,6.61,707.6,muskmelon
79.9,46.5,113.1,21.1,72.9,5.72,2622.7,coffee
122.8,48.0,89.1,30.9,74.6,7.24,1885.7,banana
85.3,48.9,86.6,29.8,60.4,6.26,728.3,muskmelon
68.5,64.1,112.0,29.9,60.9,7.01,453.5,muskmelon
47.9,23.3,46.1,28.5,64.3,7.12,1510.8,mango
64.1,80.4,95.8,24.1,59.5,6.6,812.7,watermelon
78.8,39.6,48.3,16.0,61.6,6.75,2186.8,apple
61.5,43.6,85.6,33.7,51.4,6.91,1149.9,grapes
35.9,47.8,28.7,24.0,55.2,6.1,665.3,lentil
26.1,62.3,35.9,27.5,67.3,6.88,1251.3,blackgram
78.0,58.5,69.1,26.2,62.8,6.62,2030.3,orange
53.3,42.9,62.4,34.4,42.3,7.18,1311.3,pomegranate
57.6,31.9,63.0,10.4,68.0,6.11,1867.3,apple
66.7,35.3,51.3,38.3,62.2,6.64,2016.6,mango
38.1,40.5,53.9,19.9,71.3,7.17,1424.0,kidneybeans
72.0,54.8,60.8,24.8,78.5,6.09,3008.5,rice
84.2,45.2,89.3,29.6,61.6,6.51,729.4,muskmelon
30.9,39.4,22.1,28.4,52.7,6.79,882.8,pigeonpeas
86.3,45.1,24.5,14.4,66.2,6.62,1093.8,wheat
71.3,29.1,60.3,29.6,49.4,6.67,2640.0,mango
87.1,63.1,95.4,30.4,71.2,6.42,717.2,muskmelon
89.3,44.7,43.4,17.9,59.3,6.95,1584.0,wheat
58.6,47.3,55.2,19.0,54.1,7.0,1051.3,pomegranate
100.8,47.8,90.8,31.3,53.6,6.69,1093.6,cotton
104.3,57.4,47.7,26.2,69.8,6.59,1052.2,maize
91.7,31.5,101.1,21.6,71.8,6.21,2201.6,coffee
133.9,58.6,88.3,25.3,69.2,6.79,2050.7,papaya
25.2,45.0,35.6,20.7,39.3,6.73,556.8,lentil
86.2,54.4,89.7,33.0,56.2,6.94,1094.5,cotton
114.1,54.5,52.2,24.9,72.6,6.53,1268.6,maize
21.1,66.2,29.8,30.0,77.3,6.79,1059.3,blackgram
146.4,65.3,59.7,35.8,90.1,6.2,2622.7,jute
27.8,43.5,38.4,32.9,70.3,6.78,917.1,mungbean
85.6,50.8,106.9,24.8,82.4,6.13,2000.0,banana
32.0,30.5,32.8,17.8,50.6,6.74,988.0,lentil
126.8,48.6,49.7,21.6,65.8,6.04,842.4,wheat
26.7,45.9,41.3,32.7,69.2,6.64,888.2,mungbean
54.5,33.3,42.2,24.5,51.0,6.76,1081.3,pomegranate
107.7,45.3,53.4,24.6,73.2,6.26,1236.1,maize
64.3,33.6,54.9,29.9,55.9,6.64,1699.7,mango
86.4,42.5,35.6,26.2,67.3,6.29,869.8,wheat
24.0,45.9,31.8,14.4,42.5,6.39,624.1,lentil
35.6,49.3,38.1,25.4,65.7,6.7,1200.6,blackgram
68.3,27.1,55.9,33.9,64.0,6.87,1236.6,mango
62.7,50.9,65.0,23.7,74.6,6.54,1460.6,orange
93.6,55.9,102.7,26.7,77.2,6.71,1910.7,papaya
45.7,45.3,45.4,26.3,74.8,7.16,1036.9,blackgram
65.5,46.2,63.6,31.3,41.0,6.19,1041.0,pomegranate
51.1,30.3,68.6,34.5,58.0,6.22,1831.0,mango
135.6,50.8,56.3,31.3,83.8,6.87,2475.7,jute
81.4,44.9,73.4,29.2,67.0,7.34,1374.8,orange
124.1,43.4,102.1,23.5,68.8,5.95,1862.4,papaya
67.9,39.9,82.7,20.8,77.1,5.24,2978.8,coffee
46.9,48.7,36.9,32.4,78.2,7.13,849.6,blackgram
65.3,49.2,65.8,15.5,59.9,6.68,1700.6,apple
128.1,52.3,77.6,24.6,55.2,7.0,1656.9,cotton
124.7,54.4,94.5,27.3,64.9,7.08,988.6,cotton
78.6,64.2,58.5,28.6,70.7,6.45,618.2,muskmelon
114.0,40.7,102.1,24.0,75.4,6.68,2541.9,papaya
116.3,61.1,48.9,27.4,82.9,6.38,2277.3,rice
59.9,35.3,58.6,13.7,70.3,6.41,1569.8,apple
21.7,33.7,25.0,28.7,39.0,6.94,392.5,mothbeans
56.6,64.2,87.7,32.8,66.7,6.39,664.1,muskmelon
85.3,34.6,103.1,29.4,83.7,6.54,2650.9,coconut
125.3,45.3,57.7,30.3,85.9,6.59,2657.2,jute
62.4,40.2,67.6,22.2,64.2,6.78,1707.9,apple
112.7,46.9,59.0,30.0,54.8,6.92,1587.0,cotton
107.7,69.2,60.0,32.5,80.6,6.23,2470.8,jute
131.9,64.9,88.5,31.4,74.7,7.02,1780.7,papaya
66.2,40.9,78.6,16.2,70.8,6.04,1979.7,apple
128.9,63.7,56.2,22.8,68.5,6.75,1019.3,maize
78.6,37.8,75.6,19.0,53.8,6.95,1142.2,pomegranate
115.9,45.3,66.3,25.0,58.0,6.77,828.0,maize
21.1,40.8,38.8,22.9,55.2,6.32,1396.9,pigeonpeas
82.8,52.7,102.9,29.7,77.3,6.7,1485.8,papaya
103.7,57.6,88.5,29.9,58.2,6.82,1302.0,cotton
68.0,48.1,64.0,10.9,73.7,6.61,1701.2,apple
67.8,53.2,79.8,28.8,66.4,6.85,534.4,watermelon
63.3,40.4,47.0,31.2,70.4,6.63,1376.9,mango
67.7,55.0,74.9,24.5,61.2,6.46,1617.3,orange
51.7,31.5,126.5,33.7,89.0,6.61,2865.8,coconut
47.4,49.8,46.2,24.2,49.4,7.56,820.7,chickpea
130.5,54.7,59.1,29.1,89.0,6.2,2567.3,rice
104.2,50.0,39.5,21.4,63.8,6.25,942.1,maize
81.5,46.0,83.6,30.2,54.4,6.69,795.8,grapes
96.3,55.6,116.9,28.0,90.3,6.7,1781.2,banana
26.3,53.4,40.9,26.0,65.2,6.65,1038.1,blackgram
78.5,40.2,65.3,23.2,73.9,6.12,1768.0,orange
66.6,36.3,106.4,35.7,59.8,6.74,827.6,grapes
29.7,60.4,31.3,17.8,63.9,7.06,1061.1,kidneybeans
40.2,57.4,25.5,32.3,67.8,6.71,1230.7,blackgram
62.2,50.1,79.1,26.7,54.0,7.05,738.1,grapes
84.0,68.5,72.2,22.9,72.4,6.82,729.4,watermelon
60.7,41.0,72.6,37.6,66.4,5.93,1625.6,mango
107.9,34.2,103.2,24.3,81.5,5.59,2375.5,coffee
120.6,48.0,46.5,20.0,69.0,6.42,1157.4,maize
51.6,35.0,69.3,12.5,67.0,7.14,1475.5,apple
71.0,52.6,82.6,29.3,77.3,6.55,1795.2,orange
60.5,39.7,70.7,12.1,65.5,6.84,1460.5,apple
99.1,49.5,94.4,33.4,72.3,7.03,1947.2,papaya
64.5,42.9,62.2,32.4,58.6,6.84,1062.0,pomegranate
33.2,58.4,43.1,31.0,66.6,6.92,966.0,blackgram
27.1,31.7,33.7,18.6,50.2,7.18,666.0,chickpea
82.6,39.0,108.3,23.8,74.4,5.3,2693.5,coffee
23.2,29.9,35.0,29.9,65.1,7.04,860.3,mungbean
34.7,52.4,32.2,32.0,49.4,6.45,1031.8,pigeonpeas
69.4,25.0,109.3,29.4,55.8,7.37,1014.0,grapes
87.1,46.8,69.3,31.8,68.2,6.36,1829.2,orange
73.2,35.4,72.0,18.8,64.0,6.03,1921.5,apple
60.3,34.5,98.0,23.3,91.0,5.11,2489.6,coffee
17.2,59.8,48.4,27.2,67.1,6.74,806.2,mungbean
69.7,59.5,81.6,34.0,67.6,6.88,688.0,muskmelon
47.3,27.2,107.2,30.6,83.3,6.5,2495.3,coconut
71.3,32.7,137.9,34.4,88.3,6.64,2879.9,coconut
91.8,44.4,37.3,20.4,62.6,6.71,1090.6,wheat
153.7,49.2,94.0,30.2,73.5,7.01,2285.2,banana
86.5,36.4,101.7,29.6,84.1,5.5,2860.6,coconut
96.5,57.4,48.9,28.8,80.0,5.85,2345.9,rice
35.6,37.8,34.9,25.7,76.9,6.52,1123.8,blackgram
120.7,64.3,61.2,30.8,90.6,6.62,2424.4,jute
31.3,40.2,31.0,23.7,54.5,6.73,690.9,chickpea
45.2,50.4,72.8,23.6,69.1,6.63,1893.3,orange
29.5,47.9,40.7,25.2,52.9,6.56,938.0,chickpea
37.7,38.1,41.5,29.7,60.4,6.69,1040.3,mungbean
31.1,48.3,34.5,24.7,64.3,5.82,1006.6,pigeonpeas
103.9,57.7,71.8,30.0,79.3,6.04,2612.2,jute
103.7,49.1,57.6,28.8,90.0,6.11,2588.7,rice
67.1,60.0,45.0,24.0,64.9,6.54,1645.2,orange
114.1,52.5,41.2,24.6,70.9,6.42,889.5,maize
33.7,43.4,38.8,19.1,41.2,6.68,379.7,lentil
35.1,43.4,33.1,25.2,72.3,7.4,758.0,blackgram
53.0,41.4,67.3,28.9,57.4,6.5,1037.3,pomegranate
87.1,46.4,58.1,26.7,67.9,5.47,1740.7,orange
60.2,28.2,78.1,11.0,61.6,6.04,1459.9,apple
85.6,48.7,80.1,28.0,67.4,6.88,1339.8,cotton
37.6,68.4,47.7,24.1,63.2,6.81,993.5,kidneybeans
26.4,45.2,38.2,17.5,57.7,7.42,945.8,chickpea
73.0,54.6,57.8,29.5,72.9,6.31,1652.4,orange
69.3,50.6,97.7,24.5,62.5,6.35,500.7,muskmelon
69.4,47.7,74.9,30.6,55.0,6.66,1921.5,mango
47.1,40.5,63.2,15.1,66.7,6.81,1627.9,apple
32.1,50.5,37.5,27.5,51.3,7.24,868.2,chickpea
22.9,39.3,18.0,33.9,66.2,5.9,1690.0,pigeonpeas
66.6,25.4,105.3,30.9,81.5,6.56,3129.7,coconut
57.0,55.6,115.5,23.9,75.8,6.03,2367.4,coffee
51.4,44.6,77.8,23.8,49.9,7.73,1213.6,pomegranate
105.9,34.5,92.9,29.7,82.4,6.57,2189.5,banana
79.3,37.8,87.0,22.6,56.1,7.03,842.9,grapes
116.4,50.4,55.7,25.7,88.4,6.12,3130.9,rice
30.7,36.4,22.8,17.9,57.0,6.49,697.8,lentil
45.8,39.7,59.3,34.1,57.1,7.02,1367.3,mango
73.2,44.2,55.6,20.1,73.2,6.4,2054.2,apple
61.8,61.2,94.2,27.7,57.7,6.57,741.8,muskmelon
126.0,47.4,70.1,24.4,88.4,6.11,2683.7,rice
67.1,46.0,54.0,28.5,58.0,6.47,866.1,grapes
97.4,61.3,38.7,17.7,62.7,6.79,1023.1,wheat
98.3,62.9,110.2,34.0,75.9,6.52,2461.1,papaya
64.7,43.6,109.8,29.0,84.5,6.68,2496.6,coconut
96.7,64.6,92.9,25.2,63.5,6.64,960.4,cotton
26.6,30.6,21.6,29.5,45.4,6.62,626.0,mothbeans
18.0,35.4,16.6,31.9,50.1,6.8,416.4,mothbeans
29.6,17.9,30.8,32.1,43.8,7.8,429.6,mothbeans
61.3,45.7,93.1,25.4,78.4,5.54,2682.6,coffee
62.7,52.9,115.1,30.9,59.9,6.79,743.6,watermelon
58.8,39.7,58.2,29.9,38.0,6.3,1189.2,pomegranate
78.5,55.0,104.2,30.9,60.3,6.78,934.8,watermelon
103.0,47.0,29.1,15.0,61.2,6.82,679.9,wheat
94.6,77.7,97.3,29.7,59.3,6.56,725.7,watermelon
61.5,61.0,90.1,24.9,65.5,5.41,2674.7,coffee
110.2,51.9,46.3,27.0,63.6,6.83,1276.4,maize
105.3,57.8,43.2,26.9,73.5,6.23,1025.4,maize
103.6,64.6,68.5,32.5,58.2,6.42,1413.1,cotton
43.5,42.9,44.4,30.4,56.9,5.97,1105.9,pomegranate
123.1,48.1,37.4,19.5,63.4,7.01,803.0,wheat
72.6,32.2,102.1,24.5,83.1,6.83,2692.2,coconut
53.6,51.8,132.3,31.0,81.7,6.75,2985.5,coconut
72.9,49.9,87.3,24.7,76.8,5.93,2621.1,coffee
66.8,45.4,60.7,27.6,66.6,6.41,2019.6,orange
64.8,47.1,96.9,21.9,79.6,5.55,3029.5,coffee
16.5,59.5,29.8,20.6,53.0,6.66,1027.3,chickpea
63.4,38.2,47.1,29.0,68.0,5.98,1761.8,mango
82.9,59.7,56.3,28.1,59.5,6.23,690.1,maize
41.9,56.5,38.7,27.3,47.6,6.24,896.3,pigeonpeas
80.8,69.0,94.8,25.0,60.6,6.58,700.2,watermelon
34.7,37.0,38.0,19.3,50.3,7.11,639.4,chickpea
90.1,41.3,106.6,27.2,71.9,6.41,2179.4,papaya
44.5,42.7,75.2,27.1,67.6,6.1,1930.1,mango
93.8,52.7,77.0,23.2,75.9,6.16,1330.8,maize
84.7,57.0,42.8,21.3,63.5,6.3,1257.2,maize
106.6,54.5,56.1,31.0,78.2,6.3,1988.7,rice
49.3,38.6,66.9,24.9,60.7,6.97,1386.9,pomegranate
120.8,54.0,147.0,28.5,78.6,6.33,2193.1,banana
78.9,49.5,45.6,19.0,64.4,6.93,1157.2,wheat
86.1,36.3,85.2,24.4,71.6,5.83,1937.7,coffee
23.5,33.7,42.7,24.2,57.4,7.25,941.5,mungbean
100.4,48.3,55.5,31.2,70.2,6.18,1114.1,maize
43.7,41.1,51.3,11.5,64.1,6.79,2038.9,apple
38.6,56.9,51.5,20.8,60.3,6.33,1051.8,kidneybeans
70.4,34.7,69.4,28.1,57.7,6.86,1296.1,grapes
105.1,46.3,95.5,26.1,71.4,6.36,1571.7,papaya
110.7,63.4,51.4,35.8,86.8,6.81,2501.8,jute
108.7,51.2,34.5,20.8,60.9,6.29,760.6,wheat
66.7,45.2,63.1,14.2,68.8,6.68,1263.7,apple
31.0,46.7,26.4,26.1,73.6,6.6,1029.5,pigeonpeas
32.1,51.9,42.6,26.6,71.7,6.65,855.9,blackgram
86.4,39.1,29.5,18.7,55.7,6.43,1059.8,wheat
26.9,42.8,35.2,15.5,53.4,6.51,611.5,lentil
88.8,66.8,79.5,34.5,78.9,6.44,2135.6,papaya
79.0,54.0,89.7,19.1,69.5,5.65,2628.0,coffee
44.9,56.2,47.2,28.3,53.9,7.37,986.5,pomegranate
65.9,31.0,82.2,32.0,57.8,6.78,1051.2,grapes
40.8,41.2,56.6,19.5,63.5,6.46,1337.2,kidneybeans
39.5,68.2,41.7,27.4,71.0,6.61,988.4,blackgram
110.3,62.6,99.4,25.1,73.7,6.83,2113.5,papaya
28.4,38.8,46.6,19.6,51.4,6.98,759.8,chickpea
89.5,31.5,38.1,17.9,55.8,6.06,1047.2,wheat
55.9,57.1,84.0,25.3,73.8,6.68,1528.2,orange
98.3,54.5,58.6,26.0,79.5,6.2,2419.9,rice
33.6,66.5,31.1,22.9,54.7,6.1,1404.9,kidneybeans
31.2,41.1,18.8,20.1,50.0,6.46,549.3,chickpea
36.0,26.8,137.4,31.5,84.0,6.67,2232.6,coconut
57.5,52.5,69.3,20.6,70.2,6.33,1221.8,orange
137.5,72.3,68.8,32.1,86.2,6.74,2197.5,jute
99.4,35.7,37.9,28.2,73.5,6.6,1318.1,maize
63.7,30.6,54.4,31.4,66.2,6.52,1455.0,mango
94.4,31.5,33.0,23.2,52.3,7.0,935.9,wheat
63.9,38.6,80.7,31.5,45.4,6.41,1875.0,mango
39.8,63.9,55.5,18.1,73.9,6.42,1122.4,kidneybeans
77.8,46.6,37.4,14.6,72.6,7.1,827.7,wheat
46.8,29.9,58.8,22.8,59.8,6.39,1112.2,mango
93.7,42.4,65.8,19.6,72.0,6.14,1528.6,maize
36.3,47.7,33.9,33.0,68.7,6.07,1131.5,blackgram
60.7,48.9,48.5,22.3,60.8,6.55,1059.9,wheat
36.0,35.3,80.4,32.0,49.3,6.81,1303.5,mango
39.2,55.3,31.4,28.4,65.3,6.81,1418.6,pigeonpeas
104.2,37.6,69.5,31.5,86.3,6.41,2217.0,rice
72.8,35.1,90.2,25.1,58.2,7.01,937.0,grapes
130.6,55.1,67.7,30.0,86.2,6.3,3025.0,jute
54.9,33.4,76.6,13.0,69.6,6.38,1317.2,apple
97.4,41.7,63.2,24.3,77.0,6.32,1363.6,maize
91.8,59.1,129.5,27.2,67.8,6.33,590.5,muskmelon
28.9,43.5,31.0,25.9,49.3,6.88,1054.2,chickpea
88.9,47.0,117.5,28.3,64.1,6.78,571.9,muskmelon
66.8,51.8,80.7,22.0,80.9,6.32,2401.9,coffee
28.8,38.7,36.3,12.0,42.8,6.51,756.7,lentil
103.3,52.9,103.7,32.8,70.1,6.95,2136.1,papaya
53.2,37.3,62.0,14.7,64.6,6.77,1857.2,apple
65.3,40.2,97.9,19.5,51.5,6.32,1004.6,grapes
68.7,42.0,77.7,26.5,52.9,6.85,829.0,pomegranate
36.6,46.2,27.1,21.1,58.9,6.49,770.4,chickpea
101.7,53.6,90.8,25.2,86.9,6.97,1676.2,banana
60.4,40.4,63.4,24.2,59.8,6.21,1738.2,apple
40.1,61.7,43.3,21.4,66.3,6.43,1085.8,kidneybeans
86.5,51.0,112.1,22.4,78.4,6.92,1802.7,papaya
70.7,31.3,59.5,30.7,55.8,6.26,1013.1,mango
66.2,25.0,125.1,29.3,83.9,5.77,3696.0,coconut
105.8,63.4,71.6,28.3,81.9,6.65,2619.7,rice
78.1,53.2,34.3,15.6,62.9,6.19,1289.1,wheat
121.1,61.1,73.1,35.4,50.8,7.58,745.3,cotton
20.6,46.9,31.8,17.5,52.5,6.44,691.0,lentil
83.8,56.6,62.3,24.8,84.2,6.23,2415.2,rice
57.8,33.2,63.4,19.5,71.9,6.48,1808.0,apple
60.8,31.8,74.5,31.6,64.5,7.2,1189.3,pomegranate
32.2,63.4,31.0,16.9,55.1,6.07,995.3,chickpea
86.5,51.9,29.9,19.4,49.8,6.58,896.7,wheat
33.8,52.1,28.8,30.8,74.7,6.85,1132.5,blackgram
23.3,48.5,34.5,20.8,56.2,7.31,832.9,chickpea
45.0,46.1,67.9,20.1,63.7,6.64,1623.5,orange
49.1,61.6,102.0,27.1,56.6,6.66,794.3,muskmelon
77.4,59.8,94.6,25.6,55.0,6.59,774.6,muskmelon
29.6,37.1,27.7,33.4,44.8,7.1,576.3,mothbeans
25.4,35.8,31.9,21.3,50.6,5.88,686.4,chickpea
27.6,48.1,32.9,29.3,67.4,7.05,1053.5,blackgram
52.0,53.9,98.5,18.8,79.5,5.74,2625.9,coffee
43.9,50.6,67.9,33.0,51.3,6.35,1737.8,mango
22.2,18.5,26.8,29.3,44.2,6.43,395.8,mothbeans
34.8,56.9,32.3,30.6,69.4,6.06,984.8,blackgram
100.1,50.8,40.0,17.6,62.2,6.9,887.6,wheat
115.6,37.2,64.5,24.9,59.6,6.35,779.2,maize
88.6,46.3,39.4,18.1,74.8,7.08,1142.2,wheat
65.5,34.7,136.6,28.5,87.0,6.51,2505.1,coconut
87.1,48.3,120.2,27.4,81.7,6.65,1976.9,banana
87.4,54.4,97.9,28.9,61.5,6.45,384.1,muskmelon
123.7,49.1,66.9,29.1,87.0,6.77,3074.2,jute
123.3,51.8,43.7,20.2,56.6,7.29,961.2,wheat
74.2,34.1,66.9,14.8,66.8,6.72,1374.3,apple
115.7,52.6,39.6,29.0,85.2,6.45,2701.6,rice
112.2,77.0,62.8,32.5,60.3,6.69,1067.4,cotton
94.9,59.6,88.2,30.3,72.6,6.12,1888.4,papaya
35.4,50.5,39.7,29.1,68.0,6.57,1116.0,blackgram
88.4,49.2,35.9,19.8,49.3,6.27,1009.6,wheat
110.9,65.0,62.4,33.5,72.2,6.31,2933.5,jute
82.6,50.9,86.1,24.6,82.0,6.51,2266.8,papaya
55.9,47.8,53.8,17.1,65.6,6.1,1235.0,apple
89.6,46.9,72.3,32.6,46.2,6.85,1417.9,cotton
36.3,60.1,37.7,19.9,70.0,6.35,1280.1,kidneybeans
54.0,38.1,147.3,27.3,95.2,6.52,3103.3,coconut
52.2,60.1,127.2,25.9,67.1,6.88,487.7,watermelon
19.1,28.1,27.4,25.1,48.3,7.82,579.5,mothbeans
13.5,44.4,36.5,20.7,51.7,6.53,757.6,lentil
18.1,53.2,25.1,19.5,59.6,7.76,917.4,chickpea
96.6,47.5,36.0,32.6,81.7,5.93,2007.0,rice
34.8,50.2,40.2,33.9,69.9,7.04,1043.9,blackgram
107.4,52.9,121.8,28.4,81.7,6.56,2289.5,banana
91.2,62.8,60.8,22.5,71.9,6.65,2425.1,orange
119.2,47.4,33.9,19.2,65.9,7.04,720.3,wheat
38.2,44.8,25.9,30.1,48.5,5.83,1177.5,pigeonpeas
34.0,53.9,25.6,23.7,56.1,7.14,754.6,chickpea
79.8,41.3,93.3,18.6,68.3,6.79,880.0,grapes
69.2,63.0,98.7,24.3,60.5,6.64,580.8,muskmelon
72.6,45.8,73.4,25.1,50.8,7.09,1172.9,grapes
109.6,50.7,62.6,26.4,82.6,6.02,2785.3,rice
33.7,40.4,44.6,28.5,76.8,6.96,999.4,blackgram
63.2,39.2,120.8,33.4,89.0,6.1,2772.1,coconut
96.3,52.5,64.5,27.2,78.5,6.58,1946.2,papaya
29.4,60.2,28.4,26.3,62.7,5.97,1576.8,pigeonpeas
122.9,51.4,89.7,26.3,48.0,5.95,1102.7,cotton
86.6,55.8,95.6,31.9,74.3,6.88,1764.6,papaya
31.9,46.0,25.4,26.7,58.7,6.39,954.0,pigeonpeas
109.0,39.2,114.7,26.4,73.0,6.73,1812.4,banana
64.7,42.1,106.9,32.8,88.9,6.46,3541.3,coconut
119.7,53.6,106.7,29.7,71.8,6.53,1907.3,papaya
88.8,35.0,78.7,35.0,58.6,6.43,791.4,grapes
25.9,44.1,42.7,26.7,60.5,6.59,998.9,mungbean
49.6,48.7,68.7,19.0,61.0,6.0,1033.0,grapes
92.7,50.5,72.6,28.2,88.5,5.94,3276.0,rice
88.5,33.4,122.9,30.2,86.3,6.62,2257.5,banana
38.3,55.7,36.8,30.3,66.5,7.55,982.7,blackgram
85.4,47.8,75.1,28.4,68.7,5.76,1637.6,orange
95.0,54.2,102.3,24.6,78.4,6.65,1296.0,banana
106.3,45.8,77.0,28.2,76.1,6.78,954.4,maize
57.5,47.5,64.7,25.2,43.3,6.69,1381.5,pomegranate
24.4,28.0,39.5,33.5,75.4,7.0,1284.3,pigeonpeas
21.6,42.6,36.7,29.1,74.9,6.72,932.4,mungbean
69.6,43.3,41.0,19.5,68.4,6.87,1359.5,wheat
63.6,31.5,45.6,31.9,62.7,6.49,2619.5,mango
37.9,44.6,31.0,28.5,68.9,7.02,849.0,blackgram
71.9,54.4,69.9,26.3,47.0,6.97,927.6,pomegranate
110.8,57.5,51.0,29.3,65.6,6.61,1223.7,maize
35.9,33.5,25.3,30.2,75.7,6.47,689.5,pigeonpeas
87.6,52.5,122.5,30.6,78.4,6.88,2858.1,coconut
78.9,42.5,31.6,21.2,63.8,6.43,1208.3,wheat
46.0,47.1,33.5,17.7,52.1,6.46,545.9,chickpea
97.1,55.6,67.3,27.5,77.7,5.9,2400.8,rice
114.3,42.2,70.4,27.2,90.4,5.79,3107.2,rice
75.6,34.1,81.9,32.1,54.1,6.53,723.6,grapes
34.1,40.3,36.9,19.3,55.6,7.07,725.3,lentil
84.6,44.9,72.9,28.2,79.1,6.19,644.7,watermelon
76.8,41.7,51.4,18.6,66.3,6.07,1615.0,apple
93.1,61.7,58.2,24.7,83.9,6.12,2915.1,rice
128.1,53.7,74.8,27.1,60.9,7.96,1137.4,cotton
134.2,42.0,43.9,26.3,84.7,6.58,3179.6,rice
31.5,47.6,42.1,30.1,74.8,6.72,955.4,blackgram
80.3,42.5,92.0,25.9,76.8,6.7,2116.9,papaya
95.5,52.8,97.4,28.4,72.9,6.11,2000.4,banana
96.2,44.3,111.8,30.4,74.5,7.18,1645.5,papaya
39.1,44.8,23.7,18.7,54.8,6.13,889.3,chickpea
125.7,54.0,80.6,32.7,55.4,6.82,1380.5,cotton
64.3,24.6,129.5,33.4,82.2,6.27,2746.5,coconut
62.1,57.1,64.2,21.1,74.1,6.66,1860.6,orange
50.3,50.2,72.6,23.8,57.6,6.29,1011.8,grapes
69.2,29.9,106.5,30.5,89.5,5.67,2379.6,coconut
40.6,57.4,29.3,31.9,67.5,6.3,1160.8,blackgram
54.5,36.7,64.0,35.4,66.9,6.58,1702.3,mango
77.5,45.6,58.6,37.1,61.6,6.27,748.9,grapes
51.8,36.6,110.2,34.5,88.3,6.69,2856.1,coconut
102.1,49.4,124.0,25.0,86.8,7.16,2280.3,banana
16.6,30.9,20.6,28.4,38.6,6.88,472.9,mothbeans
80.1,42.8,78.8,18.9,62.9,6.26,2091.9,orange
29.8,43.5,37.1,19.0,52.1,6.86,748.2,chickpea
33.5,38.7,33.7,24.1,48.3,6.85,657.7,lentil
71.6,44.2,105.5,28.4,92.3,6.57,2815.4,coconut
79.9,36.7,85.0,26.7,67.3,6.7,616.1,muskmelon
65.9,43.7,76.2,28.1,71.9,5.46,1533.7,orange
24.2,60.3,46.3,30.1,64.6,6.39,882.3,mungbean
68.3,46.7,49.5,19.8,73.8,6.66,708.2,wheat
105.2,47.2,94.8,26.6,63.7,6.79,434.6,watermelon
29.7,61.5,30.7,22.3,62.7,6.49,1075.1,kidneybeans
22.1,59.8,26.3,27.4,61.0,6.73,906.3,mungbean
52.9,36.6,64.0,32.3,52.4,6.75,1374.3,mango
73.4,56.7,91.3,27.6,70.1,6.32,686.4,muskmelon
115.8,59.3,60.1,27.2,87.0,6.87,2436.4,jute
38.5,31.6,16.2,28.9,40.0,6.54,500.0,mothbeans
87.8,56.8,86.6,30.0,67.4,6.65,1824.1,orange
63.9,43.0,101.4,30.3,65.7,6.45,580.7,muskmelon
124.3,55.2,71.9,23.4,92.8,6.35,2637.6,rice
122.1,47.3,39.0,12.9,61.3,7.31,1168.9,wheat
86.5,63.3,88.8,29.5,57.9,6.9,468.4,muskmelon
80.1,37.5,40.5,13.2,48.7,6.96,901.5,wheat
95.1,56.6,90.1,24.9,70.1,5.16,3158.0,coffee
65.2,42.3,85.1,26.9,60.4,6.65,923.2,grapes
51.3,41.6,58.7,11.4,69.2,6.17,1671.0,apple
102.9,46.0,84.3,28.6,56.0,6.83,930.3,cotton
27.3,50.4,38.6,29.6,72.5,7.28,1109.2,blackgram
62.8,23.0,43.1,28.8,52.3,6.69,1426.2,mango
78.4,40.8,91.2,21.5,74.8,5.53,3018.2,coffee
109.5,48.4,131.0,31.1,86.6,6.8,1895.3,banana
28.2,44.4,35.3,19.0,44.2,6.26,423.7,lentil
94.6,71.9,94.8,31.4,76.5,6.57,726.0,watermelon
127.4,62.5,71.8,32.3,87.1,6.0,2744.7,jute
36.8,36.8,81.2,29.1,51.9,5.88,918.1,pomegranate
129.0,47.7,57.7,30.3,82.8,6.85,2545.8,jute
66.0,56.0,86.7,26.4,64.7,5.88,700.1,watermelon
33.9,49.7,29.2,32.8,60.5,6.52,845.8,pigeonpeas
83.4,52.1,94.8,31.5,63.1,7.02,1199.8,grapes
116.0,58.0,57.7,29.8,79.5,5.76,2104.2,rice
65.9,38.7,60.3,36.0,62.8,6.27,1420.7,mango
82.4,47.8,123.6,31.3,78.1,6.63,1784.7,banana
104.7,50.9,72.0,27.9,47.4,6.66,1423.5,cotton
74.7,62.0,74.0,27.3,69.9,6.56,1789.2,orange
56.5,42.7,64.5,15.7,65.4,6.21,1779.1,apple
77.5,45.6,109.3,21.0,81.0,5.79,2432.7,coffee
74.0,41.6,108.6,33.9,82.7,6.13,2536.3,coconut
25.9,23.8,38.3,19.2,37.9,6.87,659.9,lentil
22.7,37.6,31.4,22.0,67.0,5.97,567.7,chickpea
26.2,42.1,45.9,15.1,41.6,6.54,582.3,lentil
124.3,62.3,83.9,27.9,51.6,6.1,1129.2,cotton
85.6,43.4,41.3,19.5,70.8,7.13,1092.6,wheat
24.5,39.4,34.0,21.8,52.5,6.89,793.2,chickpea
125.4,49.3,64.8,35.8,81.0,6.53,2859.4,jute
66.2,51.6,57.6,26.1,75.9,6.59,1898.7,orange
20.4,29.0,13.5,30.3,44.8,7.12,591.6,mothbeans
129.9,56.2,122.9,30.3,75.9,6.39,1838.1,banana
114.9,56.7,82.3,31.9,62.6,6.83,1000.7,cotton
80.9,49.7,43.6,20.3,65.0,6.58,1103.5,wheat
35.9,82.7,50.3,21.9,62.8,6.46,1126.7,kidneybeans
16.8,45.8,33.4,22.2,64.6,7.19,910.0,chickpea
30.9,50.8,31.0,20.7,33.2,6.89,744.3,lentil
71.7,45.1,37.3,20.8,61.8,6.01,814.4,wheat
74.6,37.5,50.2,29.7,58.4,6.84,1704.0,mango
96.5,75.1,86.3,33.0,75.4,6.75,1465.8,papaya
78.8,44.2,74.8,21.9,86.0,5.65,2818.5,coffee
49.0,48.8,73.6,24.8,70.1,6.35,1674.6,orange
30.0,84.5,42.5,23.8,68.5,6.28,1083.7,kidneybeans
102.4,52.4,34.7,27.5,66.2,6.46,1047.3,maize
85.3,50.5,30.0,20.0,52.2,7.43,922.8,wheat
72.6,53.0,112.1,18.6,83.1,5.61,1929.1,coffee
72.9,31.1,57.8,25.7,61.6,6.29,1662.0,mango
26.1,26.1,15.7,27.8,39.3,7.7,443.0,mothbeans
54.9,28.6,85.7,27.3,67.1,6.77,1194.4,pomegranate
85.0,50.3,96.4,15.6,73.8,5.24,2939.4,coffee
19.6,30.7,36.9,18.9,56.1,6.92,546.1,lentil
75.8,40.8,46.5,23.1,55.7,6.62,1082.4,pomegranate
94.3,55.0,45.5,21.7,72.2,6.77,1122.9,maize
62.3,49.5,105.3,25.0,75.7,5.49,2096.3,coffee
68.9,42.5,87.4,28.6,73.2,7.16,855.4,watermelon
58.8,21.8,50.3,27.1,56.2,6.64,1561.6,mango
63.0,34.7,95.5,17.4,65.7,5.52,2699.8,coffee
66.5,42.6,51.9,18.0,69.8,6.67,1608.8,apple
106.6,58.0,114.5,30.5,68.3,6.39,1599.6,papaya
21.1,13.5,21.0,39.3,50.6,7.32,320.7,mothbeans
38.7,50.8,31.1,17.0,61.1,6.77,687.2,chickpea
105.8,63.4,59.6,28.4,81.9,6.06,1641.4,rice
50.3,53.1,97.4,24.0,56.3,6.83,603.2,muskmelon
67.1,58.6,66.0,22.5,79.9,5.87,2689.1,coffee
32.6,50.4,30.0,20.2,47.8,6.33,1041.7,chickpea
111.5,60.9,67.9,26.9,87.9,6.6,1789.9,rice
68.9,40.5,83.3,29.0,58.9,6.8,891.5,grapes
116.9,50.4,101.5,31.2,83.6,6.01,2626.3,banana
25.5,51.3,19.9,26.0,43.8,6.79,1599.8,pigeonpeas
102.9,62.1,70.8,29.8,54.5,7.08,1463.0,orange
123.8,55.4,94.4,28.9,58.4,7.04,849.6,cotton
27.5,49.6,21.5,26.0,59.0,6.64,903.1,chickpea
86.1,41.7,110.0,23.0,71.3,6.7,2028.2,papaya
105.5,69.7,42.6,27.9,85.8,6.04,2642.3,rice
104.6,40.2,64.1,25.9,81.2,6.5,1836.0,jute
78.4,53.9,60.3,25.1,62.9,6.36,1679.4,orange
23.5,42.9,31.1,25.9,63.9,5.83,1252.7,pigeonpeas
67.3,50.6,94.1,29.0,54.6,6.16,772.3,muskmelon
117.2,53.0,105.7,29.6,78.6,6.57,1560.7,banana
19.0,37.5,26.7,23.3,49.7,7.12,792.6,lentil
55.6,28.5,114.4,26.1,80.8,6.54,2320.8,coconut
41.7,52.8,31.8,24.5,75.3,6.78,732.9,blackgram
67.8,52.5,51.5,21.0,68.4,5.87,1648.4,apple
86.4,50.1,55.4,20.8,56.0,7.09,1080.0,orange
25.5,42.4,31.7,14.2,42.0,7.3,702.9,chickpea
75.6,50.8,63.6,22.5,69.4,6.31,904.4,maize
71.5,46.7,70.0,26.8,47.6,7.06,1451.2,pomegranate
82.4,61.4,47.6,20.1,72.1,6.01,1184.8,maize
106.1,70.9,74.2,32.1,84.5,6.22,2779.7,jute
31.0,49.7,35.2,21.0,53.1,7.13,547.7,chickpea
39.7,39.5,28.7,23.0,48.8,6.92,1044.2,chickpea
70.6,51.2,62.3,25.3,50.0,6.51,1784.2,mango
25.9,38.5,35.4,24.7,66.4,6.6,922.4,mungbean
81.1,62.3,102.4,28.4,79.8,6.55,2223.0,papaya
69.7,37.8,79.3,28.1,67.2,7.05,1921.2,orange
60.7,37.3,129.2,31.8,71.2,6.45,2317.4,coconut
74.8,45.8,61.3,21.1,74.8,6.22,2144.3,orange
29.6,35.9,36.9,22.6,47.7,6.85,753.4,lentil
72.9,43.3,92.9,33.0,58.7,6.73,921.8,grapes
74.8,36.6,72.6,22.7,60.8,7.04,926.2,grapes
101.9,56.5,94.5,31.2,61.9,6.1,1373.9,cotton
30.0,40.7,32.5,33.7,44.7,6.51,1193.6,pigeonpeas
94.2,36.3,92.0,26.2,70.2,5.82,2441.1,coffee
103.9,59.7,82.5,34.4,76.2,6.39,1981.4,papaya
20.9,51.7,35.3,27.2,67.6,6.29,1048.8,blackgram
36.0,46.5,81.7,26.0,64.7,7.07,1134.5,grapes
40.7,62.9,51.5,19.3,62.5,6.69,958.7,kidneybeans
55.8,66.0,78.0,32.6,54.4,6.51,818.9,muskmelon
76.9,37.4,51.1,26.0,62.8,7.19,1090.8,pomegranate
28.0,42.1,28.5,34.1,58.2,6.37,963.7,pigeonpeas
55.2,40.9,71.7,16.7,68.7,6.46,1949.8,apple
114.8,57.3,72.6,26.9,80.2,6.62,2776.2,rice
81.2,31.6,56.0,32.8,65.4,6.82,1546.1,mango
124.4,47.6,116.8,26.4,74.4,6.43,1828.1,papaya
67.7,59.4,92.2,33.1,64.6,6.77,1329.0,orange
103.8,58.3,55.1,31.3,78.5,6.82,2167.3,jute
104.9,45.4,38.6,15.8,63.2,7.48,1038.8,wheat
99.0,44.1,64.4,26.6,63.6,6.52,1173.3,maize
51.8,22.2,60.1,32.5,53.2,6.42,1694.6,mango
84.4,56.6,88.7,22.2,61.4,6.85,561.0,watermelon
67.9,54.7,104.1,25.9,62.0,7.14,692.8,grapes
43.4,48.2,73.1,28.9,57.9,6.88,720.6,pomegranate
110.5,46.8,78.6,25.7,85.9,5.83,1797.8,rice
128.5,43.9,108.3,30.5,82.6,7.01,1832.5,banana
21.7,47.6,23.7,22.2,57.4,7.22,734.9,chickpea
51.6,69.7,114.2,31.2,61.5,6.69,792.8,watermelon
37.9,29.6,34.2,22.5,56.3,6.89,782.9,chickpea
27.9,30.2,29.3,21.8,53.0,6.11,736.4,chickpea
121.6,64.3,52.4,28.8,84.7,6.22,2340.4,jute
37.2,42.3,27.4,33.0,53.3,6.29,1506.1,pigeonpeas
94.0,44.1,56.7,24.6,63.7,7.05,1061.9,maize
98.8,51.1,63.5,23.2,80.7,5.66,2621.6,rice
59.9,35.9,41.7,22.5,68.1,6.39,1616.7,apple
95.0,52.7,65.8,28.6,75.1,6.4,1361.7,papaya
34.8,42.9,34.2,24.5,53.5,6.98,801.0,chickpea
47.1,30.5,68.7,11.6,59.5,6.37,1629.8,apple
75.8,52.6,111.6,24.7,64.7,6.6,651.1,muskmelon
22.0,41.8,25.7,30.1,69.5,6.63,1009.9,mungbean
85.2,66.2,67.3,25.9,88.0,5.97,3020.7,rice
80.3,42.6,82.5,34.8,69.4,6.58,1131.3,grapes
80.0,33.3,90.7,31.7,58.2,7.15,1182.7,grapes
97.3,52.1,68.3,24.9,59.8,6.54,982.0,maize
115.2,59.2,60.6,26.4,89.6,5.88,1881.7,rice
110.7,56.8,46.0,26.9,71.2,5.71,1064.9,maize
39.4,52.0,24.1,23.4,63.2,7.16,1316.1,pigeonpeas
57.3,35.2,53.2,33.3,59.5,6.18,1988.0,mango
20.2,43.0,36.6,26.4,59.1,6.68,1275.1,pigeonpeas
102.1,63.9,53.2,25.9,83.2,6.32,1620.0,rice
102.1,39.2,117.5,27.0,93.3,6.38,1746.2,banana
54.7,45.8,60.8,32.3,52.3,6.45,2138.1,mango
96.5,53.3,115.6,32.9,73.9,6.97,2376.3,papaya
24.1,48.8,40.0,15.5,52.7,6.89,718.7,lentil
93.6,38.5,49.8,26.2,86.6,6.94,2463.9,rice
33.4,51.8,32.2,33.9,62.3,6.52,978.1,pigeonpeas
60.5,48.7,76.5,26.3,49.9,6.5,739.1,muskmelon
123.8,55.4,106.8,27.6,70.6,6.68,2223.0,papaya
121.1,45.5,117.9,27.5,82.5,6.75,2418.4,banana
59.5,31.3,83.9,23.1,55.4,6.78,1227.6,grapes
89.9,52.1,69.2,24.9,67.5,7.34,1692.2,orange
61.2,22.5,63.5,15.3,76.5,6.41,1292.6,apple
58.4,52.3,110.4,27.4,57.1,6.51,574.7,muskmelon
142.4,54.9,60.3,25.0,82.4,6.09,3082.4,rice
86.6,53.6,97.7,32.6,68.2,6.44,599.4,muskmelon
94.6,62.0,69.2,26.6,62.2,6.18,1670.3,orange
97.0,54.8,80.4,27.7,67.2,6.32,688.6,watermelon
87.4,37.3,70.2,23.8,62.1,7.57,731.9,pomegranate
73.3,44.0,64.8,29.6,47.4,7.27,1280.7,pomegranate
37.2,55.0,35.9,26.4,60.2,7.19,1008.2,mungbean
20.1,39.3,42.1,32.0,57.7,7.24,900.2,mungbean
46.0,48.3,96.5,17.3,70.7,6.77,1169.8,grapes
87.7,46.1,129.0,28.8,80.8,6.67,1661.7,banana
119.2,41.4,100.3,31.0,91.7,7.09,2246.6,banana
74.8,46.8,60.6,36.7,64.4,6.14,2610.9,mango
99.1,45.8,66.5,29.7,60.1,7.02,1403.5,cotton
34.8,39.2,39.2,32.0,65.7,6.53,603.9,mungbean
75.6,43.0,66.2,20.1,57.9,6.31,2177.1,apple
53.4,33.2,103.0,28.5,60.1,6.28,876.0,grapes
78.6,34.3,74.6,30.3,46.2,6.44,677.7,pomegranate
62.2,49.6,85.7,24.8,57.5,7.15,903.7,grapes
99.2,43.9,40.5,22.3,70.2,6.59,1470.9,maize
67.3,62.0,77.6,26.2,68.1,6.86,2036.1,orange
120.4,43.0,58.1,29.9,83.1,6.39,2647.1,jute
36.1,64.3,48.2,24.9,68.5,7.15,1519.1,kidneybeans
64.5,40.7,99.2,22.1,73.7,5.43,3128.4,coffee
80.0,63.3,111.3,28.5,62.7,6.4,687.3,muskmelon
33.8,40.8,18.0,17.2,45.0,7.4,529.0,lentil
110.4,53.7,107.3,28.8,89.0,6.33,2390.6,banana
78.6,47.8,85.4,25.7,78.0,6.69,1575.1,papaya
73.5,62.2,101.4,26.3,59.6,6.13,638.4,muskmelon
74.9,43.5,58.4,23.0,67.2,6.0,1806.9,orange
63.9,35.8,66.2,27.3,51.7,6.69,1908.0,mango
25.5,59.3,32.2,23.0,42.9,7.29,884.1,chickpea
56.9,35.1,96.2,39.9,61.3,6.14,717.3,grapes
65.1,30.6,74.6,29.2,85.1,6.46,2639.7,coconut
32.3,58.0,44.7,21.7,59.6,6.76,1166.3,kidneybeans
110.8,49.8,73.9,31.4,65.4,6.62,1186.6,cotton
95.4,55.5,59.5,28.7,65.5,6.46,930.0,maize
39.9,53.6,44.4,23.0,60.4,6.47,1133.3,kidneybeans
21.7,63.8,42.6,22.1,70.1,6.75,1279.2,kidneybeans
82.1,63.8,71.1,22.7,59.9,6.42,1723.5,orange
35.8,38.6,33.4,33.3,56.7,7.27,823.3,pigeonpeas
89.4,61.2,103.2,25.7,62.4,6.43,766.2,watermelon
119.2,52.7,109.9,27.5,86.1,6.66,1911.1,banana
49.3,33.3,94.8,36.8,91.5,6.63,2276.6,coconut
71.0,56.3,125.3,30.2,70.2,6.41,639.4,watermelon
100.7,70.1,80.7,34.3,70.2,5.88,966.9,cotton
104.4,59.5,68.6,33.1,85.7,6.05,2911.3,jute
96.0,33.3,32.0,19.0,66.3,7.5,1164.2,wheat
66.0,31.8,68.1,30.8,70.2,7.02,1206.7,grapes
21.8,23.0,15.9,31.0,38.5,6.67,675.3,mothbeans
120.4,54.4,40.2,23.7,58.3,6.75,911.0,wheat
33.4,43.9,31.9,21.6,49.2,6.69,914.4,chickpea
18.6,30.8,29.4,28.7,38.2,7.35,639.6,mothbeans
70.9,31.5,97.6,25.0,77.9,6.21,2520.4,coffee
69.5,45.5,104.2,17.2,73.4,5.63,2350.9,coffee
70.8,52.6,110.8,19.9,83.6,5.32,2897.9,coffee
36.2,66.0,45.7,15.1,60.9,6.73,1218.7,kidneybeans
94.7,54.2,69.1,26.0,64.6,6.28,1417.1,orange
80.4,43.5,89.6,20.4,63.6,6.91,854.4,grapes
38.4,39.3,27.4,28.1,65.5,6.07,1126.9,pigeonpeas
56.7,52.5,34.5,23.8,66.3,7.03,821.1,wheat
42.9,40.6,36.6,26.1,64.0,6.67,771.5,mungbean
21.3,45.7,27.3,17.9,52.0,6.72,1008.7,chickpea
52.1,30.5,72.8,29.3,55.6,7.14,1073.4,pomegranate
41.4,65.4,41.5,21.3,76.1,6.37,1342.9,kidneybeans
127.9,52.6,42.7,39.9,90.0,7.34,2928.0,jute
82.8,47.6,93.6,21.6,77.0,5.91,3313.4,coffee
28.5,52.7,39.6,32.9,64.9,6.62,628.1,mungbean
96.6,56.3,61.2,30.6,84.0,6.59,3161.9,rice
88.2,43.4,32.4,16.7,68.6,7.16,950.5,wheat
50.8,50.7,71.7,22.3,65.7,5.79,1274.8,orange
57.7,27.5,39.7,28.4,57.1,6.52,1970.9,mango
35.5,70.0,48.8,23.4,57.5,6.67,1189.5,kidneybeans
116.1,47.2,47.1,37.9,76.1,6.45,2422.0,jute
101.4,44.5,54.1,28.1,83.5,6.75,2844.8,rice
65.7,48.2,97.8,31.6,73.5,6.64,815.3,grapes
93.0,54.5,68.1,23.9,64.1,5.99,1548.4,orange
40.8,56.9,42.0,21.7,72.8,7.11,796.8,kidneybeans
18.6,28.9,31.7,31.8,44.7,6.69,577.5,mothbeans
24.9,42.0,32.6,20.4,51.8,7.46,780.9,chickpea
61.3,48.7,101.2,22.6,85.9,5.57,1656.8,coffee
57.5,39.8,77.8,15.1,60.1,5.8,1794.3,apple
120.9,62.9,67.5,26.6,78.5,6.35,2731.2,rice
78.9,58.3,98.4,35.3,61.8,6.47,676.9,watermelon
106.2,45.6,96.0,28.3,61.4,6.22,1180.0,cotton
96.8,45.9,50.6,27.3,68.2,6.2,1047.0,maize
81.7,38.3,99.9,28.7,85.9,6.87,1978.6,banana
50.0,58.0,113.1,28.9,70.9,6.62,566.9,watermelon
33.7,64.1,48.9,26.0,61.6,6.76,1266.0,kidneybeans
27.5,50.0,27.8,19.8,50.5,6.63,779.5,chickpea
154.0,47.6,120.5,28.6,89.0,6.3,2040.6,banana
47.1,36.2,81.1,34.8,55.1,7.05,1265.6,pomegranate
84.2,56.7,110.5,29.3,65.5,6.98,752.9,watermelon
66.0,24.0,58.1,30.4,46.5,6.43,1865.8,mango
75.9,57.1,44.4,20.6,52.0,6.73,762.6,wheat
81.2,46.1,32.7,16.8,55.6,6.59,1077.3,wheat
78.8,54.0,65.5,28.4,62.2,6.63,1744.8,orange
52.4,57.5,80.2,22.5,60.3,6.69,1708.8,orange
87.2,61.4,79.2,27.1,47.4,7.41,1377.3,cotton
76.0,56.2,110.8,29.6,72.1,6.52,1992.3,papaya
132.5,54.2,134.5,26.5,86.8,6.31,2196.2,banana
24.0,36.3,40.9,23.6,76.4,5.92,938.8,mungbean
31.2,59.3,37.2,19.1,78.1,6.65,1084.3,kidneybeans
98.2,59.6,83.1,25.2,75.8,6.11,1748.9,papaya
56.2,37.2,103.0,31.9,63.6,6.31,964.7,grapes
34.7,48.3,36.0,19.4,53.0,6.59,689.4,chickpea
81.3,65.4,105.8,33.7,71.6,6.57,2152.6,banana
24.9,51.2,35.1,12.7,34.8,6.62,536.2,lentil
103.5,53.5,84.3,26.6,61.4,6.56,1349.3,cotton
86.4,42.6,78.6,23.7,73.1,5.85,2710.0,coffee
74.6,53.9,63.0,20.9,72.6,5.59,2424.8,coffee
20.9,28.2,21.6,32.0,48.5,7.09,621.6,mothbeans
113.8,51.8,100.1,30.1,79.0,6.62,2068.8,banana
59.3,33.9,91.1,26.8,89.8,5.94,2770.6,coconut
104.0,63.9,51.9,25.7,69.5,6.43,1307.1,maize
23.4,67.9,42.5,19.0,66.3,6.35,1427.2,kidneybeans
58.0,31.6,130.8,27.7,82.3,6.51,2686.3,coconut
74.1,35.9,64.4,15.4,71.0,6.73,1453.2,apple
91.4,48.2,34.9,16.8,68.5,6.96,1104.8,wheat
94.2,63.6,45.8,23.1,96.1,6.27,3094.3,rice
91.8,37.8,97.9,27.9,60.0,6.09,807.3,watermelon
52.6,23.6,65.8,30.1,62.7,6.14,1816.0,mango
68.6,41.3,146.7,31.8,89.9,6.31,2460.4,coconut
77.4,62.2,99.0,19.0,77.5,5.32,2430.6,coffee
84.0,56.5,94.1,28.0,75.4,6.73,1919.6,papaya
99.1,45.1,84.1,26.9,75.9,6.79,1929.3,banana
44.9,62.1,36.2,20.8,63.5,6.58,1432.7,kidneybeans
69.2,44.7,75.9,27.9,71.1,7.33,1547.1,orange
109.0,59.1,96.5,35.0,81.3,6.26,1582.3,papaya
71.3,45.4,48.4,36.1,63.0,6.57,1469.3,mango
131.0,60.6,50.1,28.6,88.0,6.47,2304.3,rice
82.7,55.3,87.8,36.3,71.6,6.27,2060.6,papaya
113.2,57.7,101.9,28.7,80.5,6.92,1788.5,banana
49.2,52.6,81.5,29.3,57.3,6.96,859.1,grapes
99.7,33.3,43.1,21.2,65.7,6.89,1529.8,wheat
35.5,24.8,25.3,32.5,38.0,6.84,511.5,mothbeans
129.9,58.2,72.9,20.9,49.9,6.89,648.0,cotton
22.7,33.3,23.6,35.2,37.3,7.41,515.0,mothbeans
67.3,60.3,65.1,28.0,66.6,6.51,1634.4,orange
41.5,36.6,32.7,36.8,61.2,6.52,1248.3,pigeonpeas
106.0,63.3,102.5,25.7,57.6,7.67,757.1,cotton
36.5,60.3,49.3,23.1,71.2,6.57,1336.1,kidneybeans
127.4,55.5,72.5,26.6,84.9,6.38,2800.7,jute
73.6,36.6,61.1,26.4,56.9,6.92,622.1,pomegranate
104.2,51.7,39.1,11.4,75.7,6.93,866.1,wheat
88.6,49.6,68.3,30.5,54.9,6.47,789.2,muskmelon
25.9,48.2,42.9,30.0,68.9,6.03,873.3,blackgram
36.3,46.2,58.4,15.1,66.9,6.57,1613.7,apple
28.2,53.3,35.3,20.9,54.1,6.56,835.7,lentil
104.0,45.9,97.0,25.5,70.1,7.06,2092.4,papaya
38.5,79.8,41.9,24.7,65.5,6.1,1114.6,kidneybeans
24.7,45.0,39.2,22.8,58.4,6.95,770.2,chickpea
46.2,35.4,79.3,21.5,53.7,6.56,1275.2,pomegranate
100.4,50.7,83.5,24.7,65.2,7.9,1187.3,cotton
25.2,37.1,32.0,32.8,67.1,7.14,1122.6,mungbean
63.3,43.4,43.1,33.8,54.3,6.91,1014.9,pomegranate
86.4,58.3,92.3,26.3,69.3,6.76,773.9,muskmelon
111.8,57.0,86.7,28.1,68.1,6.6,1230.1,cotton
18.1,27.4,26.1,23.8,45.8,6.11,465.8,mothbeans
30.0,56.6,36.8,31.4,70.9,6.97,1213.4,blackgram
79.5,54.1,74.5,34.6,57.4,7.31,1065.9,pomegranate
85.1,46.1,77.2,25.2,78.6,5.66,2053.8,coffee
49.2,38.7,59.2,30.3,58.0,6.53,2064.3,mango
22.0,38.6,38.7,18.0,55.3,6.98,758.5,lentil
64.8,47.7,77.3,27.8,60.5,6.55,763.0,grapes
38.4,49.2,25.2,28.0,57.7,6.79,924.9,pigeonpeas
92.9,48.8,52.4,21.4,64.2,7.14,1036.2,maize
109.7,48.5,109.3,26.1,87.4,5.75,1766.8,banana
74.2,52.1,92.4,24.9,76.0,5.46,2672.5,coffee
120.7,44.7,61.0,27.8,83.1,6.47,3072.1,rice
98.7,47.5,122.0,27.7,68.1,6.61,1887.3,papaya
65.6,22.9,106.0,26.2,83.0,6.19,2430.7,coconut
40.2,50.0,39.2,30.9,61.9,6.79,967.2,mungbean
97.7,54.1,84.2,28.6,73.6,5.87,2537.1,coffee
71.1,57.8,115.3,29.3,67.0,7.01,839.0,watermelon
60.6,44.8,73.0,33.2,45.1,6.99,1245.9,pomegranate
83.9,61.5,40.7,27.6,58.7,6.64,944.1,maize
107.5,48.6,82.8,30.4,80.6,6.13,2427.3,jute
111.2,64.3,74.7,32.0,90.9,6.65,3163.6,jute
69.4,55.5,62.2,29.1,52.9,6.37,624.5,muskmelon
67.2,55.2,93.2,20.6,87.8,6.04,2921.8,coffee
117.0,56.0,102.9,26.0,68.9,6.5,2135.2,papaya
49.5,46.8,30.1,27.9,53.1,6.91,769.8,chickpea
55.8,72.3,115.0,29.7,55.3,6.48,681.9,watermelon
26.8,48.8,27.0,18.6,52.7,6.61,724.0,lentil
40.1,65.4,31.0,32.4,63.7,5.88,1052.5,blackgram
34.9,50.6,43.7,26.2,66.1,6.36,934.7,blackgram
78.4,59.8,61.5,24.8,65.5,5.68,1707.9,orange
107.4,49.1,56.6,22.5,62.8,6.76,950.6,maize
99.9,44.1,85.3,33.3,56.3,6.39,868.6,cotton
88.7,38.5,49.0,21.5,87.7,6.37,2546.8,rice
128.4,53.1,62.2,30.0,64.1,6.6,1005.2,maize
24.5,70.4,52.2,24.7,52.3,6.11,1145.5,kidneybeans
23.9,44.0,23.0,30.9,37.3,7.9,707.9,mothbeans
41.2,79.7,32.9,18.1,68.1,6.5,1344.0,kidneybeans
91.0,56.8,65.4,26.5,56.1,6.75,1334.0,orange
59.8,62.1,89.3,28.6,67.5,6.47,571.9,muskmelon
88.6,48.7,46.6,22.5,60.5,6.31,905.6,wheat
26.6,53.8,31.8,27.4,54.5,7.18,1113.6,pigeonpeas
86.5,32.0,83.9,28.5,57.7,6.94,831.2,grapes
26.5,41.2,35.0,22.0,65.7,6.05,1020.4,pigeonpeas
90.0,47.3,53.3,21.5,71.6,6.46,1114.3,maize
69.9,39.8,97.7,17.8,67.1,5.98,2838.1,coffee
85.6,58.5,124.4,28.0,58.1,6.68,539.6,watermelon
114.6,61.5,58.5,34.4,86.3,6.78,2685.8,jute
66.7,61.2,96.1,32.4,70.4,6.09,836.0,watermelon
81.6,50.2,59.5,25.5,60.2,6.47,2021.5,orange
72.7,60.3,112.0,33.3,55.5,6.83,629.2,muskmelon
36.0,42.0,56.2,12.7,67.3,6.65,1144.7,apple
112.2,59.2,51.0,32.0,83.3,6.63,2989.9,jute
72.0,51.3,66.6,29.1,53.6,6.93,1195.5,cotton
26.6,44.2,24.7,18.3,44.3,7.27,897.7,chickpea
20.2,44.4,26.5,15.0,37.1,7.33,691.1,lentil
66.2,33.3,108.8,27.8,83.3,6.09,1620.0,coconut
63.0,47.9,74.2,24.8,44.7,7.28,1299.7,pomegranate
119.2,65.6,69.9,36.3,88.7,7.11,2787.1,jute
63.2,52.1,73.8,19.6,68.5,5.68,2578.3,coffee
22.6,56.8,31.6,31.4,70.6,7.01,840.1,mungbean
75.1,26.3,90.8,29.0,63.5,6.99,1286.8,grapes
79.8,48.0,76.4,18.8,87.9,6.24,2943.9,coffee
115.5,59.5,111.4,27.6,81.0,6.42,2125.2,banana
39.6,63.1,36.0,19.3,53.7,7.07,1217.2,kidneybeans
88.3,40.2,106.9,26.1,78.8,7.12,1934.9,papaya
100.6,57.6,121.3,33.6,84.3,6.01,1992.1,banana
62.6,44.7,106.7,31.9,88.3,5.97,2849.4,coconut
49.2,34.0,68.2,29.3,61.0,6.89,764.9,grapes
14.5,27.0,28.7,25.9,50.8,6.49,790.2,chickpea
18.2,58.8,20.1,20.6,52.4,6.42,855.9,lentil
112.8,48.6,88.9,36.8,47.2,6.78,932.3,cotton
32.4,48.3,33.3,28.5,72.8,6.55,1061.4,blackgram
69.5,52.4,114.9,30.1,57.4,6.26,827.5,muskmelon
62.7,33.4,40.5,29.0,68.3,7.0,1082.1,pomegranate
77.5,42.5,77.2,22.1,78.1,6.02,2848.7,coffee
59.0,39.2,73.1,26.5,72.7,6.3,2151.2,orange
71.5,42.7,69.0,31.5,56.0,6.4,1338.7,pomegranate
75.6,48.9,65.8,28.5,75.5,6.93,2727.8,papaya
100.6,49.7,54.2,27.7,81.8,5.47,2375.9,rice
73.1,59.7,83.5,30.9,67.3,6.48,574.8,watermelon
105.9,48.6,92.6,26.2,61.9,7.42,1234.1,cotton
57.7,45.2,67.2,13.5,69.9,5.94,1921.7,apple
74.9,46.3,76.4,27.2,59.2,6.34,1819.1,orange
103.8,57.7,87.9,33.9,64.5,6.71,1280.6,cotton
124.5,43.5,94.7,24.9,86.0,6.02,1894.4,banana
40.1,56.2,33.9,27.4,44.8,6.8,1088.0,pigeonpeas
17.3,39.5,36.0,19.8,40.3,6.59,602.5,lentil
125.5,41.1,120.8,31.0,80.4,7.15,1687.6,banana
56.6,51.7,71.0,21.3,77.7,6.21,1588.5,apple
35.5,59.7,58.5,27.9,69.2,7.1,1390.2,kidneybeans
95.7,53.9,48.4,29.0,83.6,6.19,2672.0,rice
88.7,46.3,100.2,30.8,74.3,6.71,593.3,muskmelon
53.1,42.8,68.9,29.6,50.7,7.0,1281.9,pomegranate
44.4,25.0,76.3,34.2,56.2,6.61,1386.5,grapes
111.4,56.8,62.7,28.5,87.5,6.31,2345.8,rice
37.6,42.8,47.1,31.7,62.2,7.11,1069.2,pomegranate
13.5,51.4,35.6,11.4,47.3,6.64,624.3,lentil
57.7,36.7,146.3,34.0,90.3,7.02,2693.6,coconut
109.4,64.6,78.9,33.9,79.8,6.73,2147.4,papaya
37.9,37.5,25.2,23.1,56.1,6.38,1001.4,pigeonpeas
99.5,61.1,56.3,38.0,87.7,5.86,2579.4,jute
105.5,45.1,52.9,25.7,59.7,6.9,1075.1,maize
69.0,44.7,70.4,25.4,56.3,6.66,594.0,pomegranate
87.3,51.9,122.8,21.7,60.6,6.42,712.7,muskmelon
68.4,47.5,100.6,26.9,61.2,6.45,639.2,muskmelon
30.8,49.4,38.1,29.8,73.7,6.47,1185.2,blackgram
76.1,44.3,34.8,12.1,71.4,7.19,701.3,wheat
113.6,42.6,117.8,27.1,78.5,6.96,1916.3,banana
21.5,43.7,35.6,19.9,50.2,6.77,629.4,lentil
62.7,29.0,101.1,28.3,54.9,6.49,1184.6,grapes
25.6,33.9,32.6,23.9,58.2,7.27,816.5,chickpea
29.1,65.1,44.1,31.6,84.1,6.43,1007.9,blackgram
42.4,45.7,74.3,31.8,62.8,6.94,1198.6,pomegranate
76.4,37.2,88.5,33.3,84.3,6.75,2772.1,banana
122.4,61.8,70.0,27.8,91.8,6.61,3673.6,rice
125.6,43.3,67.9,27.6,82.3,6.32,2419.1,rice
58.9,32.8,82.6,25.0,41.6,7.18,1639.2,pomegranate
127.1,60.7,40.7,25.7,86.8,6.49,2774.6,rice
59.6,55.7,68.0,22.8,67.4,6.47,2089.9,orange
94.3,52.0,105.3,26.7,68.5,6.6,2071.9,papaya
84.8,40.5,33.5,18.2,63.4,6.92,1229.4,wheat
118.5,57.3,84.9,31.3,75.2,6.64,1787.1,papaya
30.1,46.0,39.5,30.4,65.8,7.46,856.9,mungbean
71.9,49.4,116.4,28.0,80.7,6.16,3263.8,coconut
28.8,51.5,53.6,22.2,63.3,6.9,1313.2,kidneybeans
71.6,39.7,64.3,36.9,50.6,6.09,1179.2,pomegranate
110.8,31.5,84.2,29.2,89.1,6.71,1934.7,banana
42.7,51.0,28.2,31.2,58.8,7.15,1243.2,pigeonpeas
102.6,56.6,36.3,17.8,64.5,6.88,1021.0,wheat
82.6,56.9,106.0,28.1,64.2,6.69,782.1,muskmelon
36.8,41.8,31.7,20.9,52.8,6.4,651.6,lentil
31.1,20.1,24.3,32.8,44.6,6.82,558.2,mothbeans
64.9,32.5,58.8,16.1,73.4,6.38,1761.6,apple
67.9,70.1,129.1,28.0,65.0,6.86,651.9,watermelon
63.4,62.4,127.3,29.6,61.3,6.52,815.6,watermelon
64.7,44.5,74.2,21.5,67.4,5.64,2036.3,orange
47.5,35.1,50.3,17.3,54.4,7.04,2073.1,apple
97.9,61.5,89.6,27.6,72.9,6.86,1720.6,papaya
27.0,55.0,40.3,26.5,60.1,6.36,937.9,mungbean
82.9,38.0,84.7,26.6,78.3,6.42,1457.9,orange
37.1,55.1,46.9,23.6,60.0,6.9,622.1,chickpea
69.2,59.5,77.0,30.1,89.2,6.44,1476.3,papaya
84.2,63.8,87.1,20.1,83.6,5.43,2709.8,coffee
71.1,32.5,75.9,16.3,64.6,6.47,1735.6,apple
73.2,45.1,128.6,29.0,84.6,6.2,2507.7,coconut
119.8,52.9,61.3,33.6,93.7,6.37,3142.2,rice
86.7,56.8,54.6,26.4,63.8,6.21,1106.5,maize
31.7,53.1,44.0,30.5,66.8,7.03,901.1,mungbean
96.1,43.4,52.8,32.5,87.2,6.4,2566.6,jute
62.8,36.6,48.8,32.2,50.3,7.16,1293.9,pomegranate
94.8,54.2,43.3,24.7,72.6,6.91,1166.1,maize
26.5,53.1,31.4,33.4,67.1,6.62,1244.3,blackgram
41.9,44.3,39.1,26.4,62.8,6.37,965.7,mungbean
86.0,67.5,77.3,27.1,81.3,6.38,3392.5,rice
66.2,51.1,50.2,25.8,64.4,5.68,1670.5,orange
54.4,41.5,67.3,29.2,60.8,6.61,1999.7,mango
57.9,37.8,163.5,34.7,84.0,5.39,3090.7,coconut
67.6,34.2,64.2,25.9,65.4,6.3,1146.7,pomegranate
84.3,46.9,88.8,24.3,66.8,6.67,727.3,muskmelon
68.4,41.3,115.1,27.6,91.7,5.95,1689.1,coconut
92.6,55.0,65.2,19.9,78.8,6.26,1018.2,maize
76.2,30.7,69.9,16.5,68.9,6.47,1424.6,apple
73.2,43.9,102.0,27.0,69.9,5.55,2300.2,coffee
28.3,52.2,27.8,16.0,47.3,6.84,829.7,lentil
62.7,30.2,129.1,31.2,85.0,6.71,3227.4,coconut
112.0,53.0,81.0,29.5,44.6,7.27,950.7,cotton
42.1,66.7,51.0,18.9,62.5,6.45,1182.5,kidneybeans
75.6,53.1,85.8,23.7,68.6,5.25,2052.7,coffee
91.2,48.5,66.6,27.5,68.9,6.54,1936.1,orange
121.3,59.4,91.7,23.9,72.9,7.29,1923.1,papaya
71.6,37.9,112.2,28.1,84.2,6.22,3194.9,coconut
50.6,29.9,62.4,29.3,51.4,6.88,1196.8,pomegranate
100.1,47.4,53.1,24.0,63.6,6.81,991.4,maize
117.3,55.3,64.1,28.0,84.3,6.2,3450.1,rice
65.4,34.1,94.4,26.9,51.3,6.9,1001.1,grapes
72.0,50.2,111.0,22.8,79.9,6.75,2123.8,banana
52.3,39.1,57.3,31.1,57.5,6.26,1734.0,mango
83.0,39.8,47.8,20.7,57.2,7.21,1052.6,wheat
118.6,52.8,67.4,32.9,82.9,7.08,2402.8,jute
84.1,59.2,86.5,29.3,68.8,6.15,1087.7,cotton
91.2,57.2,91.6,26.0,69.8,5.79,2591.1,coffee
21.7,33.0,40.2,21.6,54.1,7.06,396.1,lentil
96.8,53.7,68.1,32.0,81.7,7.0,2827.9,jute
23.1,47.6,31.7,23.1,39.2,7.48,492.7,lentil
125.7,64.2,103.8,26.2,81.4,6.59,2227.4,banana
113.5,52.1,105.2,32.1,84.1,6.61,2000.6,banana
118.2,36.0,61.4,29.9,85.8,6.45,2336.3,jute
99.1,50.4,34.7,17.9,58.7,6.6,880.9,wheat
104.2,51.5,110.8,27.9,74.1,6.06,2295.9,banana
101.5,57.2,61.6,29.1,82.3,6.17,2186.0,rice
100.2,55.5,103.2,28.5,79.6,7.03,2050.2,banana
35.4,31.5,48.5,31.2,66.8,6.55,1199.2,blackgram
93.0,49.9,39.7,23.3,63.5,6.47,1043.4,wheat
56.5,52.2,87.3,29.6,73.3,7.03,2134.8,orange
37.0,42.1,33.5,34.3,73.0,6.36,1115.0,blackgram
66.1,33.0,60.0,14.3,64.0,6.42,1555.9,apple
79.3,64.6,66.3,20.9,73.7,6.26,1801.8,orange
52.8,35.2,57.1,28.8,61.3,6.14,1086.1,mango
140.7,52.4,46.7,24.6,66.2,5.89,1288.2,maize
100.3,40.5,119.8,28.6,70.7,6.18,2414.3,banana
146.9,33.3,126.6,29.7,79.5,6.66,2568.5,banana
31.7,45.9,29.6,23.0,38.0,5.88,792.0,chickpea
102.0,49.4,46.7,22.2,56.6,6.49,1420.5,maize
99.2,56.3,103.0,34.2,75.7,6.51,1535.5,papaya
34.7,40.5,50.0,21.4,63.3,6.79,1282.8,kidneybeans
33.0,45.5,42.2,29.1,72.2,6.91,1103.8,mungbean
102.7,40.4,81.6,25.3,65.1,6.92,1982.0,papaya
112.1,50.5,61.1,25.4,56.3,6.94,973.5,cotton
90.7,73.6,89.8,34.6,57.1,6.6,628.8,watermelon
50.9,46.0,60.8,26.0,59.4,7.03,988.0,pomegranate
83.7,49.4,34.8,19.7,64.3,6.39,1033.1,wheat
82.4,28.7,99.7,26.0,63.4,7.32,986.1,grapes
102.2,57.1,49.0,18.5,72.3,6.58,1121.7,maize
116.1,44.2,108.3,29.3,83.2,6.11,2581.2,banana
66.9,18.5,116.7,30.6,80.9,6.11,2439.6,coconut
56.5,52.2,110.7,23.0,84.4,6.0,2357.1,coffee
30.1,51.7,43.8,29.3,60.4,6.69,923.8,mungbean
107.1,63.8,90.7,30.0,80.5,6.71,1768.8,papaya
54.4,29.7,51.1,26.4,54.7,6.43,1607.0,mango
31.5,47.1,33.8,25.6,57.8,6.68,643.1,mungbean
63.4,52.9,29.9,14.0,59.7,6.76,1095.2,wheat
106.8,69.5,64.2,27.5,84.0,6.18,2675.4,rice
74.6,46.3,67.1,22.1,50.4,6.84,1012.9,pomegranate
46.9,30.2,104.0,22.7,63.3,6.29,982.4,grapes
19.6,46.6,23.7,20.9,42.4,6.52,788.5,chickpea
27.8,29.6,33.0,21.1,51.9,6.58,528.4,chickpea
138.4,70.4,70.4,36.1,85.5,6.35,2956.5,jute
26.7,49.2,34.6,26.7,42.8,6.03,778.1,pigeonpeas
65.8,28.8,65.0,30.4,70.2,6.66,1936.4,mango
146.6,72.5,50.2,33.5,80.3,6.75,2911.7,jute
137.0,61.2,70.2,30.0,89.4,6.28,2388.2,jute
121.8,53.5,73.6,27.1,61.7,7.4,1714.7,cotton
69.4,24.7,131.9,22.8,85.2,6.07,1937.2,coconut
77.9,44.2,75.6,28.5,55.1,6.69,909.9,grapes
106.2,48.8,129.8,28.2,75.5,6.56,1982.6,banana
18.0,51.1,39.9,31.3,71.1,6.06,1089.0,blackgram
36.1,37.5,34.1,19.7,46.3,6.69,595.7,chickpea
93.5,60.7,87.2,23.9,84.0,6.51,1468.1,papaya
69.0,36.9,89.0,30.8,74.7,6.47,2472.6,coconut
23.0,54.0,38.5,32.2,70.3,6.62,1246.6,blackgram
80.5,59.9,78.7,32.3,52.3,6.49,597.6,muskmelon
129.0,55.8,66.1,26.4,82.7,6.26,3173.6,rice
93.0,53.0,41.1,20.8,66.4,7.05,794.1,wheat
62.9,60.8,82.0,29.2,64.9,6.6,804.3,muskmelon
29.6,48.4,39.2,29.4,61.8,6.61,972.2,pigeonpeas
69.4,47.8,107.2,22.2,73.1,5.58,2162.5,coffee
84.4,46.6,31.4,13.8,77.9,6.97,1290.0,wheat
27.3,40.1,37.7,28.6,66.1,6.61,1134.0,blackgram
28.4,49.9,35.7,29.8,68.2,6.84,833.3,mungbean
103.7,59.0,86.8,28.6,58.8,6.08,1000.5,cotton
37.4,40.9,43.2,31.3,69.3,6.6,1073.8,blackgram
42.9,51.2,63.5,18.7,65.3,6.47,2053.2,apple
57.9,26.7,124.8,28.4,85.0,6.72,2260.4,coconut
101.3,61.5,70.7,27.7,52.2,7.08,1226.0,cotton
63.5,35.7,50.0,23.6,66.0,6.27,1262.4,mango
44.4,65.3,40.4,20.8,67.2,6.79,1267.3,kidneybeans
85.2,58.4,129.2,27.5,80.0,6.47,1838.6,banana
39.7,40.7,31.3,27.4,52.0,7.17,1003.0,pigeonpeas
59.8,45.7,70.2,22.4,69.5,6.31,1861.5,apple
54.5,36.6,74.7,22.3,56.5,6.54,1077.0,pomegranate
68.8,67.9,92.6,27.6,68.8,6.85,516.9,muskmelon
129.7,47.4,66.0,31.7,81.5,6.38,2929.9,jute
74.8,58.0,77.9,25.7,67.3,5.73,1999.1,orange
78.7,48.6,90.7,39.9,56.3,7.2,1047.8,grapes
31.0,63.9,52.8,17.4,71.0,6.85,1470.0,kidneybeans
91.1,45.3,87.0,30.5,76.5,6.81,1912.1,papaya
129.9,59.4,110.8,24.8,84.6,6.89,2290.4,banana
78.0,51.0,41.5,18.4,61.9,6.95,911.5,wheat
113.6,52.8,85.5,29.9,58.2,7.1,955.6,cotton
45.8,66.2,53.4,24.8,55.1,6.7,985.8,kidneybeans
24.2,61.0,60.0,21.2,69.7,6.4,1209.6,kidneybeans
40.5,59.6,34.5,25.9,70.1,6.66,1082.5,kidneybeans
85.0,72.1,92.4,30.0,85.5,6.83,1352.3,papaya
24.7,52.1,39.5,33.0,66.2,6.04,1049.4,mungbean
25.4,59.5,48.4,28.5,57.5,7.23,997.3,mungbean
105.5,58.9,95.5,30.1,71.4,6.37,2167.6,papaya
20.7,38.1,22.7,34.9,41.4,7.38,435.3,mothbeans
120.6,47.9,89.3,28.5,68.7,6.82,1676.1,papaya
30.3,53.2,39.4,17.0,75.5,6.64,1371.2,kidneybeans
56.0,29.7,104.0,32.1,82.0,6.01,2547.9,coconut
25.7,36.4,39.4,20.3,53.3,7.32,593.7,lentil
98.4,46.4,55.1,32.4,71.4,6.77,1111.0,maize
79.1,30.8,68.7,15.0,78.3,6.08,1693.9,apple
48.3,55.5,95.6,22.4,61.1,6.75,1179.4,grapes
82.4,37.3,110.5,35.0,82.3,6.03,2487.4,coconut
106.4,52.9,54.6,24.3,66.1,6.55,1204.3,maize
82.5,53.6,109.4,26.9,62.9,7.17,588.0,watermelon
110.3,53.8,63.8,28.1,55.3,6.35,1052.1,maize
82.6,49.7,119.4,30.8,84.1,5.89,2429.6,coconut
50.1,34.9,67.1,29.7,76.8,6.74,1663.3,mango
24.1,30.0,43.0,31.0,57.1,7.54,1453.8,pigeonpeas
85.6,44.9,34.5,20.1,59.2,6.29,1013.4,wheat
115.4,52.4,62.6,32.8,64.9,6.61,696.7,cotton
98.4,55.1,63.3,29.6,87.5,5.77,2607.1,rice
31.0,31.1,20.3,36.4,37.0,7.03,498.6,mothbeans
94.1,49.3,65.6,28.1,74.1,5.93,1093.3,maize
123.5,31.5,47.0,25.0,82.6,6.69,1130.1,maize
93.4,48.1,50.5,26.2,78.2,6.27,2651.3,rice
29.2,40.9,27.7,21.3,52.8,6.59,625.8,chickpea
74.8,56.5,74.9,19.9,87.6,5.73,1952.8,coffee
84.2,61.5,83.5,19.0,76.0,5.59,2759.2,coffee
17.3,33.5,21.6,27.6,54.4,7.74,588.4,mothbeans
61.0,49.1,86.7,27.3,54.9,6.73,1399.1,pomegranate
32.3,30.1,24.9,30.2,40.1,6.87,682.3,mothbeans
28.4,24.6,22.7,32.8,44.9,7.59,556.3,mothbeans
53.0,30.8,101.7,27.9,86.0,5.57,2590.7,coconut
18.0,65.4,44.5,18.4,59.8,6.45,1455.9,kidneybeans
115.5,56.9,49.7,22.4,89.7,6.51,2754.0,rice
27.7,67.3,29.5,22.2,68.9,6.33,1149.3,kidneybeans
110.7,55.9,43.7,25.1,68.3,6.65,1219.7,maize
90.2,58.1,103.0,24.6,72.6,5.88,582.3,muskmelon
99.3,56.8,47.8,28.0,66.7,7.07,1195.5,maize
58.7,39.4,40.5,16.1,61.4,6.35,2115.9,apple
40.5,52.8,38.8,28.4,64.7,6.73,1071.8,blackgram
62.0,41.9,72.3,17.4,62.2,6.26,1918.7,apple
33.7,55.1,38.2,30.2,66.8,6.71,938.9,mungbean
87.8,44.1,74.4,29.5,51.7,6.64,646.2,muskmelon
117.6,53.1,119.3,27.0,82.1,6.42,2060.1,banana
108.8,52.2,76.9,34.3,53.9,6.64,937.4,cotton
84.0,40.4,133.5,28.6,84.5,6.51,2392.2,coconut
25.6,43.4,32.4,17.1,48.0,5.88,603.4,lentil
111.0,53.3,56.3,33.2,85.7,6.87,3050.7,jute
61.0,53.5,38.3,13.3,66.2,6.78,1151.5,wheat
42.6,67.5,51.4,21.7,63.0,6.26,1104.8,kidneybeans
74.2,61.4,85.2,27.9,64.7,6.23,445.3,muskmelon
70.1,39.1,67.6,28.1,59.3,7.02,1905.2,mango
29.2,44.8,31.5,28.6,66.7,6.68,1672.5,pigeonpeas
85.6,30.4,80.5,26.4,90.7,6.39,2578.9,coconut
79.3,49.5,78.2,22.8,52.8,6.29,660.9,muskmelon
113.4,70.8,93.8,32.2,57.7,7.63,1329.2,cotton
62.7,59.0,141.2,28.8,71.3,6.46,601.2,watermelon
76.6,27.8,70.8,34.1,70.4,6.66,864.0,mango
61.0,32.6,69.3,11.4,66.0,6.26,1694.7,apple
64.3,39.2,52.1,34.3,65.5,7.06,1267.1,pomegranate
77.6,39.9,46.8,18.6,64.7,7.5,1188.4,wheat
84.3,56.5,80.2,27.0,74.7,6.69,2102.5,papaya
27.4,42.7,51.4,20.9,71.1,6.92,842.3,mungbean
51.9,62.4,111.3,25.1,62.7,6.88,695.2,muskmelon
120.0,66.0,47.2,22.7,81.3,5.88,2828.2,rice
59.1,51.1,80.4,24.4,77.4,5.53,2834.1,coffee
35.7,40.7,32.7,27.7,72.3,6.25,764.2,blackgram
66.8,58.8,96.9,29.4,52.9,7.14,553.4,muskmelon
20.5,33.1,29.6,30.1,47.7,6.76,516.6,mothbeans
65.8,32.2,78.7,33.6,60.3,6.84,1511.1,mango
58.0,62.0,106.7,30.7,66.5,6.6,677.1,muskmelon
53.2,55.3,88.7,23.9,69.8,6.79,1651.7,orange
125.1,53.9,80.3,33.2,47.0,6.38,913.9,cotton
29.7,56.2,31.0,33.6,44.2,7.18,967.3,pigeonpeas
29.9,50.5,30.0,36.2,78.8,5.89,1527.8,pigeonpeas
38.8,53.3,33.0,24.5,54.5,6.11,798.1,chickpea
120.4,51.2,126.5,24.3,86.3,6.61,1947.4,banana
67.1,47.8,79.9,24.4,63.5,6.21,658.6,muskmelon
48.5,44.5,80.7,25.8,65.4,6.37,2131.8,mango
80.2,49.7,99.1,25.2,70.5,5.93,2384.9,coffee
112.3,54.5,87.8,26.0,74.0,5.95,2076.5,papaya
77.1,46.6,83.1,28.9,63.0,6.15,605.4,watermelon
32.5,43.1,32.3,18.4,34.1,7.14,486.9,lentil
110.7,43.0,92.6,27.3,81.5,6.85,2006.0,banana
93.3,42.6,94.4,20.6,69.2,5.64,2378.8,coffee
76.6,36.3,101.8,27.3,81.0,5.2,1909.3,coffee
129.9,43.9,36.5,15.5,52.3,6.78,768.6,wheat
27.7,42.9,35.0,15.3,49.2,7.42,671.2,lentil
85.2,47.5,22.5,16.1,73.2,6.76,765.5,wheat
29.3,49.7,43.2,28.0,57.0,6.35,972.2,blackgram
55.7,36.3,117.5,33.8,86.8,6.31,3101.2,coconut
60.1,29.8,63.8,16.1,67.7,6.23,1318.9,apple
75.0,29.8,104.7,24.3,61.8,6.34,1206.5,grapes
71.2,37.6,53.5,27.5,53.6,7.21,1075.9,pomegranate
79.0,47.8,95.4,26.2,65.6,6.51,714.6,watermelon
25.6,42.8,23.9,32.6,53.0,6.1,1305.1,pigeonpeas
90.5,55.2,84.9,35.2,65.7,6.86,776.5,watermelon
108.8,44.7,106.0,30.2,85.8,5.68,2372.9,banana
60.5,53.4,127.0,30.4,60.8,6.32,730.8,watermelon
89.2,48.5,112.0,27.0,79.5,6.1,2375.3,banana
87.8,56.0,63.0,25.4,84.3,5.89,3196.8,rice
79.9,50.7,100.3,24.7,45.4,7.35,833.4,grapes
120.7,58.3,116.2,35.7,77.7,6.9,2279.3,banana
71.4,48.3,104.2,29.0,70.6,6.35,701.3,watermelon
18.6,43.3,36.7,27.1,51.8,7.17,1007.6,chickpea
27.8,49.4,28.7,21.9,49.5,7.13,1230.0,pigeonpeas
66.6,25.4,108.6,28.4,82.7,5.93,2513.2,coconut
92.8,44.1,89.8,31.3,84.0,7.13,2917.9,coconut
74.8,35.2,84.1,30.0,47.3,6.93,1503.7,pomegranate
121.5,61.6,59.3,27.8,84.0,6.64,2596.8,jute
39.8,42.2,57.2,19.4,64.7,6.33,1622.3,apple
98.8,54.6,67.0,31.4,90.3,5.64,3181.8,rice
103.5,56.2,107.7,29.3,81.8,6.45,1691.5,banana
87.8,43.6,28.4,21.9,55.7,6.82,1225.0,wheat
88.8,49.1,89.6,22.6,71.3,6.7,1622.6,papaya
120.8,59.8,127.4,31.0,82.2,6.31,2319.8,banana
119.0,56.6,65.9,35.3,86.1,6.28,2400.5,jute
26.7,46.0,27.6,29.8,60.4,6.57,914.1,mungbean
62.4,39.4,68.0,14.8,54.7,6.35,1941.7,apple
113.7,61.6,65.6,34.4,85.3,6.72,2336.4,jute
74.8,33.8,77.5,33.3,65.2,6.47,1458.6,mango
106.5,54.6,94.8,26.3,77.9,6.87,1845.7,papaya
88.5,55.9,99.1,30.9,79.3,6.72,1884.0,papaya
98.2,49.8,58.5,21.6,83.1,6.48,2640.3,rice
84.6,40.8,38.1,18.2,62.3,7.32,1067.7,wheat
58.7,39.0,57.6,32.5,72.5,6.73,1968.5,mango
75.8,31.8,88.0,25.2,62.4,6.68,881.6,grapes
68.0,41.9,140.9,30.6,79.4,6.32,3421.1,coconut
19.7,42.1,20.9,17.4,50.3,7.12,609.6,lentil
34.3,54.7,49.0,23.7,57.1,6.49,1220.4,pigeonpeas
25.7,46.3,36.1,27.6,66.6,6.2,981.7,mungbean
108.7,50.7,36.7,27.7,59.3,7.01,1119.2,maize
70.0,45.1,81.5,30.1,53.8,6.34,914.5,grapes
112.5,46.7,47.0,23.2,78.6,6.34,2533.3,rice
13.5,41.1,35.5,16.1,53.5,7.24,648.4,chickpea
87.1,44.7,135.5,28.4,89.4,5.76,1949.0,banana
33.2,44.2,29.0,26.2,67.2,6.63,964.2,mungbean
103.5,42.9,33.8,20.9,66.5,6.64,1275.0,wheat
129.7,51.7,60.6,30.3,91.1,5.97,2669.3,rice
79.9,54.4,64.8,27.0,71.6,6.59,1988.2,orange
114.5,60.5,56.3,32.9,51.7,6.84,1031.3,cotton
75.4,71.1,63.4,23.9,56.3,6.59,1350.4,orange
98.8,52.3,54.1,24.4,53.5,6.55,862.4,maize
61.8,27.0,106.2,29.7,87.0,6.16,2369.7,coconut
33.1,38.9,31.0,33.5,70.7,6.02,933.3,mungbean
97.9,47.0,27.7,20.3,62.2,6.54,1071.1,wheat
72.7,41.2,98.6,31.6,62.7,7.29,1000.1,grapes
117.1,51.4,60.5,30.2,87.2,6.33,2887.7,jute
28.0,51.0,37.7,26.9,45.7,6.73,944.6,chickpea
116.0,44.7,101.1,28.0,85.1,6.83,2067.1,banana
98.5,65.0,93.0,26.0,80.8,6.8,1971.9,papaya
69.5,50.3,107.0,25.9,68.3,5.89,3190.6,coffee
80.1,59.7,55.4,29.6,67.8,6.43,1298.0,maize
68.0,49.7,103.8,26.5,57.2,7.03,751.5,watermelon
46.1,19.3,63.8,35.0,60.3,6.5,2187.2,mango
27.9,52.1,46.5,29.0,82.5,5.88,1074.1,blackgram
28.0,68.8,32.4,24.6,74.9,6.37,1350.8,kidneybeans
49.3,63.2,49.0,25.2,63.4,6.87,1186.5,kidneybeans
26.7,51.7,27.2,32.1,57.8,6.31,819.4,mungbean
37.1,37.4,64.5,29.7,75.9,7.17,2192.3,mango
122.6,60.5,103.2,29.0,63.1,6.27,1595.7,papaya
23.3,48.0,34.4,20.8,46.2,6.43,571.9,lentil
23.3,33.7,28.5,20.8,47.9,6.82,325.5,lentil
86.4,55.7,52.5,29.3,80.8,6.18,3207.0,rice
92.1,45.7,84.4,35.6,75.6,6.71,2080.8,papaya
136.6,40.8,73.5,27.0,84.7,6.23,2896.2,rice
84.6,45.1,29.4,17.3,62.4,6.92,722.2,wheat
41.6,41.5,35.7,26.5,50.1,7.37,952.7,chickpea
88.7,52.1,81.9,22.0,60.6,6.45,1483.9,orange
36.8,51.1,18.4,15.6,44.7,6.55,768.8,lentil
16.1,55.3,51.0,30.5,58.0,6.86,783.8,mungbean
22.5,57.0,35.4,29.6,72.5,6.74,1130.7,blackgram
54.9,37.1,67.1,27.6,48.1,6.71,995.2,pomegranate
110.7,54.5,128.8,28.9,77.4,6.18,2574.7,papaya
40.1,48.5,31.5,30.7,69.5,6.85,1119.1,blackgram
107.4,55.2,86.0,28.5,54.3,7.31,1253.2,cotton
115.9,68.8,77.5,22.0,55.2,6.33,1579.0,cotton
45.0,43.2,95.0,28.4,77.3,5.75,2708.6,coffee
56.8,65.5,89.0,34.9,55.4,5.88,466.9,muskmelon
78.1,59.7,92.7,24.0,73.5,5.97,3481.0,coffee
84.0,46.7,46.0,22.6,61.5,6.62,864.0,wheat
29.2,64.7,47.9,23.8,70.6,6.61,1085.0,kidneybeans
79.9,50.8,83.0,25.1,89.7,5.67,3249.7,coffee
83.7,43.6,45.3,18.0,63.6,6.5,987.7,wheat
33.0,30.2,39.3,17.4,47.8,7.07,1047.3,lentil
108.0,43.1,126.0,28.1,84.0,6.72,1622.7,banana
44.2,41.2,55.0,30.6,62.2,7.06,1523.2,pomegranate
44.4,46.6,49.4,32.3,73.4,5.9,1877.5,mango
72.4,36.5,71.1,34.2,58.8,6.49,1899.6,mango
75.7,22.9,120.0,31.5,79.1,6.37,2390.6,coconut
59.0,49.9,81.0,36.6,59.7,6.91,803.1,grapes
62.2,26.1,66.2,29.8,50.9,6.07,1420.3,mango
92.1,49.3,83.6,31.6,51.9,6.29,1407.4,cotton
38.6,34.1,28.3,22.0,57.2,6.82,663.2,lentil
58.0,48.0,63.7,27.2,52.0,7.15,1177.2,pomegranate
104.7,54.9,88.4,33.1,49.9,7.29,1526.9,cotton
124.4,51.0,60.2,35.1,80.1,6.78,2916.0,jute
33.7,41.6,37.1,17.1,50.0,6.92,1087.0,chickpea
118.6,59.4,81.9,23.7,87.0,6.4,2078.2,rice
74.8,37.0,65.9,17.7,67.4,6.06,1699.7,apple
73.3,52.5,72.6,31.3,59.4,7.7,927.8,pomegranate
94.6,46.4,33.0,21.9,61.5,6.4,1051.3,wheat
123.0,56.2,83.1,26.4,51.4,7.45,1527.4,cotton
117.9,57.4,59.9,37.3,80.8,6.23,2413.9,jute
97.6,52.1,60.0,29.3,86.8,6.16,2712.6,rice
107.4,61.6,102.7,29.5,72.0,6.03,2491.2,papaya
81.0,43.0,70.0,28.0,57.1,7.4,1532.9,cotton
34.6,54.1,35.6,29.2,74.7,6.6,748.6,blackgram
78.3,47.6,39.1,15.6,64.4,6.65,843.7,wheat
49.2,37.7,73.4,34.6,58.8,6.99,855.5,grapes
63.8,45.0,71.8,32.5,68.8,6.88,2338.4,mango
37.1,33.7,79.1,27.3,55.9,6.4,862.6,grapes
112.7,62.0,55.6,32.2,84.4,6.13,2682.7,jute
42.2,39.3,66.7,18.5,69.3,6.09,1721.8,apple
99.9,53.3,47.0,19.3,63.4,5.95,868.7,wheat
103.6,46.5,70.3,29.4,92.0,6.55,2929.7,jute
58.8,44.5,45.9,29.6,62.2,7.03,1730.1,mango
31.7,56.1,33.8,32.1,81.3,7.65,1007.8,blackgram
9.7,34.3,27.9,32.9,40.1,6.88,516.3,mothbeans
26.2,49.2,52.2,29.1,76.3,6.1,1106.0,blackgram
76.1,64.1,94.2,23.9,85.2,5.21,2287.8,coffee
65.5,51.0,63.3,26.7,68.7,6.83,1517.3,orange
77.3,66.8,92.2,22.9,61.9,7.03,687.8,watermelon
98.9,54.2,85.8,31.0,78.5,6.55,2117.9,papaya
87.7,44.9,24.5,14.6,64.0,6.56,1577.8,wheat
56.0,45.1,63.4,13.3,70.1,6.35,1826.3,apple
29.1,27.0,44.2,15.0,53.0,6.96,803.0,chickpea
74.8,43.8,68.3,27.9,64.7,6.89,1930.1,orange
75.4,43.9,95.5,31.5,65.7,6.54,890.4,watermelon
28.4,52.6,32.7,22.0,66.9,6.81,1451.8,kidneybeans
117.2,47.1,62.5,27.2,84.6,6.38,2391.9,rice
103.3,51.6,64.1,26.1,88.8,6.15,2660.7,jute
56.2,36.5,61.0,27.2,62.4,6.57,2123.1,mango
69.0,58.4,99.3,28.4,49.1,6.61,598.6,muskmelon
29.9,47.6,30.4,21.7,50.4,6.46,1013.7,pigeonpeas
118.2,48.2,108.0,29.1,72.6,6.72,1914.3,banana
103.7,38.3,63.7,35.3,77.9,7.34,2456.8,jute
66.2,54.9,104.0,22.8,85.3,5.73,2302.0,coffee
62.5,37.9,48.4,18.0,64.1,6.02,1824.2,apple
127.0,49.7,87.7,32.0,83.7,6.74,1848.0,banana
82.1,41.5,106.1,31.9,74.1,6.43,886.8,watermelon
37.1,36.1,43.8,34.2,71.6,7.24,802.5,mungbean
57.3,47.5,61.9,27.0,55.7,6.37,1394.6,mango
26.5,48.2,45.0,33.7,71.5,6.67,1033.5,blackgram
72.0,53.1,93.1,29.1,78.7,6.29,1480.3,banana
66.1,43.5,79.3,28.8,67.0,7.25,701.0,grapes
20.2,31.7,27.5,33.9,53.9,7.27,449.0,mothbeans
107.3,51.2,46.6,23.8,89.1,5.68,3096.5,rice
122.5,44.1,64.0,32.4,85.8,6.77,2495.2,jute
56.1,42.5,116.6,30.4,62.3,6.95,678.4,grapes
32.7,43.2,33.3,24.5,55.4,7.56,557.9,chickpea
92.6,53.9,66.0,28.7,92.6,6.84,2147.3,jute
27.1,31.2,24.5,25.5,41.6,7.06,607.2,mothbeans
11.5,27.7,27.8,32.3,45.6,7.25,334.7,mothbeans
22.9,47.6,43.8,26.0,67.9,6.37,805.0,mungbean
19.2,46.1,41.9,20.1,46.7,6.55,668.0,lentil
64.1,40.8,67.8,27.4,53.1,6.71,943.7,grapes
33.7,48.3,45.8,21.7,65.9,6.81,756.0,kidneybeans
15.2,60.2,43.4,19.4,58.0,6.9,1077.5,chickpea
59.8,26.3,51.0,23.0,48.2,7.01,1315.8,pomegranate
56.8,37.3,91.4,24.1,70.4,5.43,2821.5,coffee
122.0,63.5,59.6,29.9,83.9,6.2,3273.4,rice
91.8,47.2,66.1,29.3,69.3,6.55,1805.6,orange
77.5,42.3,89.8,24.8,63.0,5.97,1115.8,grapes
123.8,48.7,60.7,22.6,63.4,6.74,698.0,maize
24.0,42.1,39.3,19.0,65.3,6.44,1125.5,pigeonpeas
61.2,32.1,83.0,31.0,55.7,6.85,581.7,grapes
36.7,58.1,41.5,29.1,68.4,7.03,1053.8,blackgram
28.9,56.7,30.7,30.8,78.0,6.95,1007.0,blackgram
52.2,44.8,102.7,28.3,58.2,6.72,771.9,grapes
36.3,40.3,31.0,21.5,46.5,7.48,443.7,chickpea
76.5,34.4,102.1,33.5,89.0,6.12,2448.9,coconut
70.0,57.0,62.9,24.4,61.9,7.28,958.3,pomegranate
55.0,49.3,46.8,21.1,63.8,6.58,1025.9,kidneybeans
119.1,51.6,89.1,28.2,76.6,6.68,2206.9,papaya
62.7,44.8,47.7,30.0,62.6,7.17,1705.7,orange
44.6,44.1,41.9,24.5,76.2,6.66,777.4,mungbean
77.0,32.1,60.6,10.2,67.1,6.42,2141.8,apple
127.0,46.7,65.9,29.1,77.8,5.94,2322.0,jute
113.0,49.4,55.8,27.3,67.6,6.22,1047.2,maize
70.6,53.9,86.7,27.9,76.5,5.33,2466.2,coffee
30.1,56.4,41.9,24.4,58.6,6.6,899.4,kidneybeans
22.7,54.9,24.7,24.0,59.7,6.28,490.7,chickpea
16.6,49.3,32.1,24.3,69.3,7.07,939.1,pigeonpeas
102.8,56.3,56.1,25.1,92.2,6.16,2586.5,rice
113.0,58.5,38.6,23.9,64.0,6.54,766.4,maize
114.5,61.0,88.1,31.7,68.4,7.15,954.7,cotton
124.0,49.4,61.1,27.8,85.2,6.27,3018.8,jute
115.6,54.6,56.0,29.5,78.8,6.13,3072.9,rice
27.2,68.3,42.1,26.4,65.6,6.31,1294.3,kidneybeans
97.5,55.3,41.5,19.4,71.0,6.65,1002.2,wheat
27.8,59.3,34.2,20.7,55.4,7.67,834.9,chickpea
58.8,56.4,37.1,19.7,61.1,7.23,1291.6,wheat
72.6,62.5,116.9,26.6,73.0,6.39,741.8,watermelon
92.1,41.0,114.8,36.5,66.8,6.64,950.9,grapes
50.2,42.8,57.8,25.2,59.8,6.38,1454.3,apple
78.3,45.9,65.9,27.1,67.6,6.05,1606.4,orange
104.2,58.4,67.7,25.5,92.9,5.84,2597.7,rice
29.5,55.8,35.0,23.5,62.2,6.59,1103.3,chickpea
93.3,52.5,43.7,24.7,70.5,6.23,952.3,maize
96.5,40.2,71.9,27.4,56.6,6.37,928.1,cotton
55.3,26.8,67.1,15.2,64.5,6.3,1860.1,apple
29.5,32.9,37.1,16.0,61.6,6.57,519.2,lentil
74.8,38.0,101.9,27.4,58.7,5.88,806.5,grapes
94.1,35.0,31.5,24.5,67.9,6.83,919.3,maize
81.3,38.2,82.8,25.8,60.2,6.35,1275.8,grapes
58.1,45.0,65.2,24.9,41.0,6.86,1106.9,pomegranate
68.0,53.7,133.3,31.5,57.0,6.19,885.5,watermelon
29.0,39.9,30.9,14.2,60.6,7.88,674.6,chickpea
45.5,30.2,59.8,33.7,62.1,6.35,1703.7,mango
96.6,38.9,84.0,23.7,69.2,6.87,1692.1,orange
98.5,47.9,109.7,32.6,78.6,7.14,2123.6,papaya
31.3,36.8,31.1,28.3,66.1,6.82,1010.3,mungbean
70.0,18.3,76.0,31.1,59.1,6.5,1258.9,mango
80.3,45.1,114.8,20.9,77.4,5.96,2659.6,coffee
17.7,30.8,25.1,30.4,50.1,7.11,508.7,mothbeans
116.4,57.0,51.6,24.8,89.0,6.07,2736.2,rice
49.6,45.0,61.2,12.5,59.1,6.77,1966.9,apple
128.9,43.3,97.3,30.4,83.3,6.22,1999.1,banana
98.9,52.8,31.5,19.4,79.0,6.28,1185.4,maize
149.1,60.9,69.2,27.8,81.5,5.83,2641.7,rice
32.3,44.8,34.4,31.0,67.5,6.37,850.4,mungbean
30.0,28.9,24.7,30.4,37.7,7.24,614.7,mothbeans
25.5,40.1,37.9,17.9,53.8,7.28,636.6,chickpea
75.4,49.8,76.6,25.0,58.6,7.14,1116.5,pomegranate
68.3,67.8,99.1,33.0,62.7,6.47,692.6,muskmelon
61.2,32.0,86.7,28.9,56.1,6.9,1052.1,grapes
30.8,46.2,24.8,28.0,54.7,5.48,1340.4,pigeonpeas
112.1,61.9,71.7,25.4,84.6,5.92,2137.9,rice
60.8,47.2,96.6,25.8,83.5,5.8,2859.0,coconut
60.3,71.5,69.6,24.5,72.5,6.08,1718.9,coffee
80.0,57.4,37.1,20.5,66.7,6.95,958.5,wheat
69.4,51.5,105.6,18.5,92.4,6.32,3018.4,coffee
116.6,54.5,56.6,23.5,71.9,6.75,1196.0,maize
81.8,47.7,98.6,29.1,74.4,6.26,1839.0,papaya
69.8,51.6,89.8,26.0,76.7,5.58,1954.2,coffee
131.1,58.8,74.1,26.1,81.2,5.68,3325.8,jute
68.0,29.1,131.5,27.5,82.4,6.88,2013.5,coconut
110.2,53.2,84.9,28.3,73.0,6.19,1955.9,papaya
86.9,65.6,82.6,25.7,52.4,6.47,812.0,watermelon
64.2,44.5,67.2,30.7,55.7,6.64,594.0,pomegranate
98.0,41.1,53.6,30.0,90.0,5.52,3265.4,rice
44.2,35.9,37.4,23.3,56.5,7.11,843.1,chickpea
138.9,54.9,75.6,36.6,77.7,6.2,2635.6,jute
76.1,63.2,79.5,22.0,60.5,6.91,1743.9,orange
21.9,41.5,34.3,24.9,59.8,6.44,573.5,lentil
18.3,22.9,29.5,35.3,39.5,7.25,400.1,mothbeans
19.2,44.1,28.4,20.2,55.4,7.49,875.3,lentil
74.3,28.2,62.2,31.1,57.7,6.71,1650.1,mango
73.6,47.2,49.9,24.9,65.1,6.17,1314.8,maize
66.6,57.2,111.8,23.2,54.4,6.7,797.7,muskmelon
27.7,52.1,42.3,29.5,60.6,6.57,735.6,mungbean
87.0,52.4,36.9,23.8,54.8,6.93,836.5,maize
32.2,24.1,14.0,29.2,46.4,6.62,270.0,mothbeans
38.1,34.4,49.4,26.9,64.3,6.65,858.2,mungbean
61.6,50.6,107.0,20.4,83.2,5.14,3111.6,coffee
96.8,51.7,31.0,19.5,68.7,6.75,867.8,wheat
71.2,62.9,108.6,27.1,60.0,6.56,709.1,muskmelon
64.9,29.6,61.8,24.1,75.6,6.44,1608.6,apple
108.7,48.7,96.8,27.2,85.4,6.74,1905.9,papaya
96.5,50.3,99.5,25.7,72.7,6.39,1188.0,papaya
110.9,42.1,100.9,29.7,76.1,6.65,2153.1,papaya
108.0,51.8,89.1,29.2,81.4,6.4,1503.1,papaya
71.5,65.5,83.5,28.5,63.5,6.95,571.5,watermelon
79.1,28.3,69.0,22.0,52.5,7.82,1139.4,pomegranate
76.7,49.4,81.7,25.1,77.9,6.27,1501.6,orange
20.4,65.6,40.7,26.0,65.6,6.57,925.9,blackgram
112.8,55.9,100.2,29.9,77.0,6.5,1331.7,papaya
66.5,51.2,109.6,28.1,61.8,6.7,639.2,watermelon
34.2,59.7,50.8,19.6,69.2,6.26,1305.1,kidneybeans
111.7,45.6,131.8,29.9,66.5,6.16,1586.7,banana
135.1,63.0,66.1,34.2,54.9,7.18,949.1,cotton
112.6,62.2,78.9,28.2,47.5,7.51,1634.2,cotton
39.1,58.9,28.4,24.9,67.1,6.03,1288.2,kidneybeans
74.3,62.6,91.4,28.7,69.1,6.41,681.0,watermelon
27.1,40.6,40.5,34.5,55.2,6.15,1293.6,pigeonpeas
133.1,55.1,55.1,28.0,83.4,6.77,2219.4,jute
64.0,25.9,92.3,28.2,89.7,5.89,2340.3,coconut
123.1,52.0,48.2,32.6,65.4,6.78,911.2,maize
15.3,29.5,15.9,35.6,55.5,7.41,587.0,mothbeans
85.8,43.9,69.9,20.8,69.9,6.19,1415.5,orange
29.7,43.2,40.4,27.9,74.6,7.18,790.2,mungbean
53.9,28.1,68.5,32.9,45.4,6.71,1941.0,mango
26.8,26.6,31.4,16.2,54.9,7.19,708.3,lentil
51.9,35.3,59.7,27.1,73.8,6.42,1779.6,mango
59.0,36.8,54.2,16.4,65.5,6.67,1397.4,apple
79.0,67.6,79.6,28.9,62.8,6.33,669.7,muskmelon
93.9,54.6,31.7,19.6,59.5,6.41,736.6,wheat
82.7,59.6,53.3,25.1,58.8,5.8,988.5,maize
102.6,57.3,110.3,27.9,79.9,6.62,1888.9,banana
48.8,39.7,73.3,28.1,68.0,6.65,1428.0,mango
19.1,47.7,21.2,27.7,61.5,6.1,1043.5,pigeonpeas
69.9,27.6,57.2,34.8,63.7,6.59,1793.1,mango
145.4,63.8,68.1,35.5,79.0,6.36,2647.1,jute
79.4,33.1,84.3,27.7,57.3,7.18,1112.1,grapes
93.9,48.1,138.3,30.1,89.1,6.46,2280.8,coconut
54.5,26.1,49.0,18.0,61.9,6.8,1891.1,apple
57.1,30.1,67.5,16.2,70.7,6.83,1827.8,apple
64.3,37.1,67.7,20.2,69.7,5.93,2152.8,apple
99.4,49.8,135.2,29.3,75.9,6.39,1669.5,banana
60.2,41.8,85.8,22.7,61.7,6.78,952.2,grapes
15.1,39.6,39.4,26.2,61.7,6.75,819.3,mungbean
106.1,50.0,48.0,32.3,61.5,6.31,1129.1,maize
34.9,42.5,40.6,24.8,76.0,6.81,1251.6,pigeonpeas
62.3,35.1,67.1,16.0,62.5,6.31,1906.3,apple
81.3,50.1,111.8,27.9,87.6,6.28,1353.8,banana
75.9,56.6,118.6,25.5,73.3,6.74,1932.7,papaya
93.6,70.6,98.8,25.8,60.6,6.86,597.6,watermelon
100.6,56.3,63.0,28.0,85.9,5.75,2842.0,rice
74.4,34.7,73.6,28.0,54.2,6.39,862.0,grapes
93.2,47.8,33.3,13.8,58.3,6.8,1056.0,wheat
26.5,42.5,39.3,29.1,65.9,7.45,985.8,mungbean
61.3,37.0,128.4,32.6,77.5,6.11,3137.9,coconut
92.9,61.9,100.1,33.0,50.2,6.34,567.1,muskmelon
131.9,41.3,122.7,32.2,81.7,6.33,1891.5,banana
73.9,50.8,84.7,26.3,62.2,5.97,1142.1,orange
126.0,52.1,55.4,34.1,87.4,6.43,2579.2,jute
111.0,46.0,44.6,26.1,58.7,6.72,1384.6,maize
75.4,47.3,43.0,21.5,61.1,6.4,1018.6,wheat
75.2,41.1,97.2,29.6,85.2,6.58,2263.1,coconut
86.6,66.2,101.6,26.3,74.8,7.27,1929.7,papaya
85.4,41.4,100.3,25.9,48.0,7.53,895.6,grapes
62.1,62.1,107.3,23.7,79.1,5.13,2403.6,coffee
82.0,57.1,86.9,20.9,76.3,6.27,1640.4,papaya
73.2,37.6,37.5,18.7,67.5,6.85,1156.4,wheat
105.8,49.8,73.8,27.0,87.5,5.96,2604.0,rice
129.0,57.8,51.7,31.5,92.0,5.94,3564.9,rice
36.6,39.0,25.0,19.1,55.2,6.7,1255.7,pigeonpeas
43.8,46.4,60.1,31.5,62.1,7.16,1226.8,pomegranate
124.2,63.2,90.4,28.7,69.7,6.5,2102.7,papaya
13.4,27.2,23.3,26.9,44.2,6.26,686.2,mothbeans
81.9,48.4,33.4,21.9,69.6,6.84,677.6,wheat
67.9,43.6,74.6,31.0,56.2,5.94,700.3,grapes
93.9,53.3,76.1,24.1,63.5,6.4,1082.9,cotton
73.2,56.7,99.1,26.6,74.4,6.32,2354.6,coffee
87.8,55.2,77.2,26.1,73.2,6.15,1570.4,orange
29.2,47.0,34.9,32.4,73.5,6.37,1248.8,blackgram
112.4,41.3,36.3,17.7,71.0,7.03,1126.1,wheat
105.2,51.8,56.5,22.8,94.4,5.71,1886.1,rice
94.3,56.8,107.4,27.5,70.7,6.88,2562.6,papaya
92.9,59.4,88.5,27.6,68.0,6.27,715.8,watermelon
105.3,51.7,57.2,26.6,89.1,6.19,2357.9,rice
101.6,69.5,51.3,24.8,77.6,5.92,3091.3,rice
77.2,57.4,104.4,27.4,54.1,6.89,671.8,muskmelon
21.2,52.6,34.2,28.1,47.3,7.08,498.1,chickpea
80.6,33.5,76.5,28.8,56.1,7.14,1034.5,grapes
143.4,63.6,64.4,30.4,78.7,6.54,2645.0,jute
35.7,45.4,57.5,21.0,73.4,6.5,1422.4,kidneybeans
77.6,42.3,86.7,31.1,58.6,6.93,731.4,watermelon
43.7,65.5,34.6,25.2,59.1,6.87,1250.8,kidneybeans
55.6,61.0,89.9,29.9,71.1,6.38,870.4,watermelon
107.9,63.7,71.0,30.9,55.1,6.99,1127.2,cotton
46.6,46.7,86.9,23.2,64.9,6.56,1077.7,grapes
34.4,63.7,47.8,19.5,61.8,6.17,1251.5,kidneybeans
65.9,46.5,83.9,38.5,62.7,6.55,898.9,grapes
13.3,29.5,23.9,32.4,44.4,8.16,621.1,mothbeans
93.4,48.9,113.7,28.1,68.7,6.25,1816.4,papaya
26.6,40.1,36.5,21.8,49.9,7.22,610.9,chickpea
79.7,41.6,74.2,26.0,62.3,7.05,1955.4,orange
103.4,48.4,106.5,28.5,76.8,6.89,1624.1,banana
35.3,59.6,46.2,14.2,60.6,6.69,1022.7,kidneybeans
103.0,48.5,48.1,22.4,68.2,7.34,1509.8,maize
67.2,38.5,69.5,16.8,70.1,6.8,1804.4,apple
101.7,56.7,103.6,26.7,72.1,7.19,1424.8,papaya
60.0,54.3,78.1,29.4,58.1,6.42,980.9,pomegranate
29.9,63.5,46.0,20.9,67.1,6.47,851.3,kidneybeans
86.8,56.4,109.2,21.2,63.5,6.22,819.7,muskmelon
52.6,56.2,74.3,27.3,60.3,6.26,1635.9,orange
46.7,32.7,53.3,28.5,65.9,6.32,1264.5,mango
27.3,46.0,35.0,15.2,42.9,7.2,761.4,lentil
115.5,57.7,57.5,28.4,90.0,6.29,2551.5,rice
82.3,50.8,80.9,24.6,74.9,5.76,2425.7,coffee
49.3,46.8,70.6,12.8,65.0,7.05,1645.3,apple
32.9,41.8,31.1,27.7,68.7,5.9,1057.2,pigeonpeas
98.6,34.5,48.4,26.8,69.2,6.71,1448.9,maize
36.0,43.0,65.7,32.4,62.8,6.5,1997.3,mango
110.7,53.2,71.0,27.6,86.7,6.52,1802.6,papaya
126.9,62.0,61.5,29.3,81.1,6.86,3079.1,jute
61.7,43.6,33.7,21.3,66.8,6.79,929.4,wheat
72.1,44.5,98.6,22.3,72.8,5.54,2663.9,coffee
84.7,67.8,98.8,34.7,75.6,7.14,464.6,muskmelon
16.3,45.3,37.5,25.3,61.5,7.04,1143.7,pigeonpeas
26.3,28.0,34.0,29.1,41.1,7.09,450.0,mothbeans
47.5,38.3,42.1,27.2,71.4,6.09,1082.3,blackgram
40.1,52.3,34.3,30.8,75.2,7.21,877.6,blackgram
111.8,55.9,126.3,29.3,82.6,6.62,1599.5,papaya
136.8,56.2,52.0,36.0,88.3,6.86,2852.4,jute
48.2,49.5,35.2,30.6,65.0,6.76,1271.1,pigeonpeas
34.5,51.0,42.7,23.5,44.7,7.4,1025.6,chickpea
128.8,49.0,73.0,31.1,89.4,6.6,2709.4,jute
105.5,52.4,49.9,23.1,71.2,6.41,1116.9,maize
76.1,51.2,83.3,22.7,89.0,5.76,2668.1,coffee
79.8,47.3,69.8,27.1,73.0,6.89,1343.2,orange
22.0,26.8,22.6,20.5,61.6,6.65,666.3,lentil
39.0,51.7,37.0,32.1,74.2,6.86,1224.5,blackgram
114.1,67.9,59.9,32.5,83.3,6.69,2589.4,jute
60.5,55.9,91.3,27.2,64.2,6.99,572.6,watermelon
107.1,53.9,53.4,26.2,77.1,6.07,2127.6,rice
89.3,42.1,50.7,19.0,75.2,6.19,1191.9,maize
20.3,44.1,43.1,31.9,66.9,5.96,994.5,pigeonpeas
110.3,51.5,39.1,25.1,58.6,6.69,1008.5,maize
72.1,56.3,57.8,22.0,71.5,6.87,1038.0,maize
51.7,33.2,64.0,16.8,67.3,6.73,1788.8,apple
53.5,31.0,77.0,9.5,73.1,6.24,1833.6,apple
74.0,28.2,139.0,26.9,89.6,6.17,2492.5,coconut
33.5,56.8,35.6,36.8,74.3,7.21,1112.7,blackgram
71.1,29.7,60.8,29.9,60.7,6.64,1205.5,pomegranate
55.0,44.8,39.7,19.1,69.9,7.1,638.1,wheat
32.5,52.0,30.4,32.9,72.4,6.92,805.5,blackgram
39.6,36.2,38.1,31.2,68.8,6.31,923.9,blackgram
45.0,70.8,42.1,24.3,62.5,6.71,1413.0,kidneybeans
40.1,49.5,42.9,31.7,67.8,6.19,932.2,mungbean
68.3,41.9,108.5,27.7,81.3,6.19,2097.5,coconut
77.9,52.7,94.7,27.5,85.1,6.51,2081.5,banana
88.0,55.3,37.1,23.4,71.5,6.02,1003.9,maize
101.1,72.0,84.8,27.4,68.9,6.21,1967.2,papaya
102.0,56.8,46.3,26.8,68.5,6.77,1287.2,maize
99.5,50.5,76.4,25.3,60.5,6.35,943.2,cotton
123.8,69.0,65.5,23.2,44.7,5.88,1314.5,cotton
66.4,36.2,72.1,25.0,54.1,6.73,1258.6,pomegranate
52.1,55.9,37.7,30.2,70.4,6.55,959.5,blackgram
114.2,43.0,62.6,25.3,71.2,6.3,943.4,maize
69.1,26.8,69.4,29.1,56.2,6.5,1499.9,mango
50.8,43.7,77.6,31.4,62.7,7.48,974.1,pomegranate
70.3,32.2,62.1,21.4,68.2,6.48,1820.9,apple
68.9,62.1,99.5,29.1,70.3,6.49,582.4,muskmelon
78.4,52.0,95.3,32.2,64.8,6.39,486.7,muskmelon
59.5,49.5,73.4,30.5,64.1,6.72,942.1,pomegranate
120.5,69.3,94.2,27.8,72.2,6.57,2350.9,papaya
103.2,48.9,108.5,29.3,80.3,6.52,2347.8,banana
57.2,43.0,50.3,14.3,62.5,7.39,1011.8,wheat
82.3,66.9,93.2,30.8,57.3,6.68,437.0,muskmelon
71.4,30.1,132.9,32.2,88.5,6.72,2154.0,coconut
134.1,50.4,60.2,36.0,83.6,6.3,2576.2,jute
52.5,60.9,78.9,25.9,61.8,6.47,1878.1,orange
105.9,55.9,58.9,29.4,86.1,6.18,2346.5,rice
76.9,65.2,88.5,36.4,80.5,6.78,1965.0,papaya
37.7,68.3,46.1,20.5,66.3,6.93,1157.7,kidneybeans
76.7,33.8,60.2,22.6,55.1,6.2,1911.6,apple
29.1,57.2,30.5,24.5,57.0,6.52,815.1,chickpea
43.9,51.1,64.4,19.7,64.7,6.7,1241.5,kidneybeans
64.8,29.9,127.0,29.3,81.7,5.81,2826.3,coconut
35.3,48.6,37.6,21.0,47.4,5.39,1300.2,pigeonpeas
75.1,49.1,81.1,17.1,68.1,7.2,1516.4,orange
64.1,54.7,72.9,22.7,63.3,6.64,1877.7,orange
53.3,30.6,76.3,14.1,67.2,6.39,1906.2,apple
68.4,22.5,63.9,18.9,60.4,6.84,1876.7,apple
95.0,53.0,55.3,26.6,91.1,5.97,2452.6,rice
58.0,63.1,104.6,35.6,75.7,6.76,964.7,watermelon
53.9,35.0,61.2,30.8,52.0,6.9,1261.2,mango
63.8,49.3,79.2,26.1,64.3,6.99,1077.8,grapes
55.9,50.3,90.1,21.3,81.0,5.44,3295.5,coffee
74.8,25.7,78.2,31.4,86.8,6.51,3090.9,coconut
100.5,63.6,53.6,32.1,75.3,6.78,2496.1,jute
70.6,38.3,116.8,31.0,85.6,5.9,2284.7,coconut
44.0,25.4,61.4,36.1,55.7,5.93,1854.5,mango
33.4,49.9,31.8,28.0,81.5,6.1,869.1,blackgram
114.1,49.9,71.0,26.8,75.2,6.29,1127.8,maize
65.7,41.5,106.5,18.4,80.5,5.68,2641.3,coffee
32.1,37.9,34.1,32.6,59.0,6.55,879.5,pigeonpeas
117.3,47.8,90.0,22.9,86.4,6.13,2030.6,papaya
80.4,45.7,36.6,22.8,62.8,7.34,1106.2,wheat
107.7,58.4,81.0,31.2,42.8,6.73,1072.3,cotton
108.2,55.7,65.4,28.1,90.9,6.36,2480.6,rice
108.2,41.6,66.3,22.0,83.3,6.06,3621.6,rice
43.4,32.3,79.2,13.3,71.0,6.56,1309.0,apple
53.7,42.8,53.0,29.0,51.1,6.58,2351.2,mango
98.5,54.1,105.9,26.4,90.2,6.33,1769.4,banana
53.2,24.5,74.2,28.9,68.8,6.47,2109.9,mango
37.7,52.7,37.6,17.1,52.4,6.69,964.0,chickpea
83.2,38.1,103.6,34.4,77.1,7.09,1713.8,coconut
96.6,40.3,34.7,15.2,74.7,7.09,1257.2,wheat
27.6,42.3,31.6,25.4,68.5,7.32,1054.3,pigeonpeas
58.4,43.2,47.7,38.4,65.0,6.51,1820.9,mango
27.2,25.3,33.8,34.9,38.5,7.69,517.4,mothbeans
87.9,40.0,96.1,20.6,71.0,6.17,2690.9,coffee
58.8,37.3,76.0,19.1,66.9,6.13,1449.3,apple
52.8,33.7,71.4,28.1,60.3,6.76,1452.0,grapes
32.3,66.0,54.7,18.9,65.2,6.74,1119.3,kidneybeans
69.7,37.1,42.0,30.8,61.2,6.27,2385.5,mango
99.1,53.2,79.6,28.8,75.9,6.59,2188.6,papaya
16.5,28.2,23.0,31.2,42.1,7.45,581.9,mothbeans
65.0,34.4,85.1,26.7,86.9,6.15,1620.0,coconut
95.2,55.2,107.3,28.6,80.9,6.77,1503.3,banana
75.1,52.4,86.4,28.8,78.7,7.34,644.4,watermelon
115.4,50.4,59.6,29.2,84.1,6.25,2054.4,rice
18.0,59.1,29.3,29.3,61.4,7.0,1066.5,mungbean
141.3,58.4,99.9,25.1,88.5,6.58,1952.7,banana
14.5,31.7,19.2,29.7,34.2,7.71,294.4,mothbeans
123.2,50.3,56.4,29.2,76.2,6.22,2250.3,rice
84.7,43.4,88.8,32.9,74.9,6.2,2258.2,papaya
66.6,58.8,93.8,34.0,62.4,7.06,648.8,watermelon
74.6,51.6,57.0,21.4,61.4,6.54,1655.9,orange
35.2,48.7,40.4,34.8,75.7,6.97,1080.3,blackgram
30.6,40.6,30.3,32.4,69.8,7.19,1016.7,mungbean
69.1,28.9,100.6,29.6,90.3,6.34,2349.4,coconut
120.9,57.2,55.4,20.3,79.9,6.8,1237.1,maize
24.2,46.6,38.3,33.4,59.6,5.97,867.7,mungbean
109.6,39.5,93.2,28.8,57.9,6.32,838.0,cotton
32.1,71.3,43.4,20.2,69.0,6.87,1335.4,kidneybeans
76.0,37.8,52.1,31.4,67.8,6.73,1204.2,pomegranate
68.3,56.8,72.0,26.4,65.5,6.55,932.9,watermelon
71.1,65.0,67.3,35.3,54.1,6.46,657.5,muskmelon
82.7,56.8,81.5,28.3,62.2,6.28,750.4,muskmelon
90.7,48.9,80.8,19.5,75.2,5.78,2666.5,coffee
75.0,50.1,96.1,20.3,79.3,5.53,2747.2,coffee
109.6,48.3,82.2,25.4,58.9,7.08,1151.9,cotton
62.5,56.4,115.2,21.7,80.6,5.71,2517.4,coffee
110.1,47.5,102.7,26.1,72.1,6.2,1672.9,papaya
109.2,56.7,41.3,22.4,72.5,6.44,1199.5,maize
48.8,37.0,54.4,14.2,72.6,6.78,1090.4,apple
45.2,28.1,69.3,34.6,61.6,6.7,864.0,mango
110.4,50.2,117.5,32.5,81.4,6.21,2219.2,banana
32.8,38.7,24.4,16.6,50.3,6.42,882.6,chickpea
52.5,27.2,66.5,16.6,65.0,6.58,1689.7,apple
58.7,31.8,131.8,28.3,79.5,7.34,2724.9,coconut
30.0,54.3,27.4,29.2,65.4,6.49,1248.5,pigeonpeas
137.3,55.1,104.0,30.1,69.3,6.32,1640.9,banana
117.4,50.8,46.1,29.3,78.4,6.74,2177.3,rice
62.8,34.4,100.6,29.8,91.0,7.14,2529.9,coconut
55.8,48.5,85.7,23.0,69.6,5.25,2798.1,coffee
102.6,55.4,50.8,23.8,92.1,6.17,2530.8,rice
109.5,46.7,31.4,18.9,56.8,6.57,873.1,wheat
61.2,44.1,44.0,27.8,42.3,7.38,1092.8,pomegranate
32.8,53.0,42.6,28.7,60.1,7.07,1268.1,pigeonpeas
79.8,60.9,107.0,27.8,64.1,6.52,663.2,muskmelon
75.2,36.0,122.5,26.6,78.8,6.32,2231.0,coconut
66.4,35.8,104.8,27.7,85.8,6.38,2138.2,coconut
83.2,39.2,103.2,22.8,67.7,5.57,2564.9,coffee
98.0,59.6,86.6,28.2,77.7,5.54,2350.3,coffee
58.4,44.3,148.6,29.8,91.8,5.93,2635.2,coconut
44.3,66.4,56.7,17.4,68.8,6.61,1523.5,kidneybeans
33.8,46.5,27.9,25.8,63.9,6.79,1028.3,pigeonpeas
68.1,40.3,35.2,14.8,78.8,6.66,846.4,wheat
94.6,57.7,53.4,27.5,81.8,5.76,2382.6,rice
131.0,60.1,55.7,32.9,86.9,5.96,2271.4,jute
51.9,49.6,86.1,24.9,55.1,6.31,709.3,watermelon
62.6,39.0,67.7,9.6,63.5,6.73,1732.5,apple
84.1,47.5,83.7,22.4,80.9,5.36,2405.2,coffee
17.4,56.3,49.7,28.1,65.7,6.36,808.3,mungbean
72.1,55.3,34.1,15.2,64.1,6.89,1360.3,wheat
36.5,70.1,54.5,20.2,65.3,7.11,1189.2,kidneybeans
39.0,41.8,96.1,35.2,54.2,6.88,763.3,grapes
36.1,56.8,30.1,26.5,79.8,6.95,1127.3,blackgram
78.7,50.4,113.4,23.5,69.7,6.6,923.9,watermelon
33.1,44.0,33.9,26.2,47.4,6.17,794.5,lentil
23.9,44.2,36.2,20.5,62.3,6.82,1043.6,lentil
84.2,60.8,103.0,28.6,77.2,7.25,1993.4,papaya
54.8,39.0,81.4,15.0,63.5,6.33,1627.4,apple
52.2,41.3,63.1,28.2,59.3,6.59,2154.2,mango
104.9,46.2,83.5,24.4,63.9,6.98,1944.4,papaya
56.9,43.9,79.3,9.8,66.2,6.77,1462.2,apple
102.6,52.1,55.1,36.0,83.5,5.99,2769.4,jute
114.3,59.4,125.3,28.2,74.4,6.73,1911.5,banana
93.8,44.7,32.1,19.2,53.6,6.98,1164.2,wheat
111.7,46.8,62.2,30.2,84.2,6.84,2571.7,jute
23.0,55.8,35.2,25.2,61.0,6.28,916.2,mungbean
114.8,53.1,71.2,31.8,48.7,7.26,1409.9,cotton
80.8,68.7,92.2,28.8,69.7,6.03,637.3,watermelon
23.3,54.2,45.9,29.6,75.3,6.74,1102.6,blackgram
31.0,53.6,31.2,34.4,64.7,7.24,1102.8,blackgram
28.7,32.6,42.8,16.7,50.1,6.47,751.4,lentil
154.0,61.0,80.1,26.9,92.3,6.75,2657.7,rice
129.0,45.7,69.5,28.8,82.3,6.64,2838.8,jute
76.7,38.7,105.1,30.8,83.9,7.05,3563.5,coconut
116.2,56.2,41.7,25.9,69.7,6.08,833.1,maize
32.7,50.4,21.9,30.8,55.9,6.33,1318.0,pigeonpeas
55.1,42.5,122.9,33.7,64.5,6.96,1040.5,watermelon
74.9,57.1,35.2,19.6,60.6,5.88,682.7,wheat
118.1,55.1,49.9,26.3,89.5,6.34,3016.1,rice
71.3,35.5,52.3,12.0,70.3,6.93,1614.4,apple
21.7,17.1,29.8,27.0,47.1,7.18,393.6,mothbeans
55.4,35.1,56.5,15.7,60.6,6.67,1487.6,apple
37.0,57.6,29.6,27.6,63.1,7.11,1082.0,blackgram
105.2,50.6,83.5,28.2,74.9,6.37,1632.1,banana
14.9,22.7,22.2,24.8,43.1,6.33,517.4,mothbeans
152.2,67.1,55.6,31.9,93.1,5.84,3044.5,jute
82.5,47.6,93.2,19.1,75.6,5.48,2936.4,coffee
57.6,37.7,54.9,11.7,57.3,5.94,1420.0,apple
87.1,32.3,134.5,33.5,73.4,6.11,2897.8,coconut
56.1,42.2,54.7,27.1,51.3,6.27,1869.6,mango
73.9,22.9,59.0,28.2,63.5,6.43,2640.0,mango
101.0,51.6,65.2,28.0,83.8,6.0,3071.8,rice
27.6,60.0,35.4,29.9,75.3,7.24,852.7,blackgram
116.3,46.9,63.8,31.6,83.2,7.06,2624.8,jute
126.4,53.4,45.2,32.2,73.7,6.32,2947.6,rice
52.7,27.3,120.6,32.1,88.1,6.8,2688.4,coconut
30.8,55.7,37.3,29.3,60.1,6.4,1120.0,pigeonpeas
111.0,60.9,52.5,26.5,89.0,5.52,3493.5,rice
90.5,76.2,123.0,30.9,72.8,6.74,1351.9,papaya
73.8,40.4,65.8,24.1,52.1,6.98,1217.4,pomegranate
88.4,35.8,123.9,22.8,76.6,6.25,1969.1,banana
21.4,52.4,33.4,28.7,73.6,7.24,904.3,mungbean
68.6,39.7,70.7,37.2,56.7,6.23,1852.0,mango
70.7,51.7,84.3,27.1,68.0,6.38,711.5,muskmelon
74.8,50.6,76.3,23.2,62.2,6.28,842.9,watermelon
37.0,52.7,22.5,27.6,75.1,6.51,977.8,blackgram
55.4,31.3,82.8,18.5,50.4,6.98,846.5,grapes
61.4,41.9,69.1,20.5,75.5,6.36,2027.8,orange
68.5,61.3,99.5,24.5,82.9,5.85,1993.9,coffee
49.9,37.7,63.5,30.3,45.2,6.14,1376.1,pomegranate
71.8,46.9,92.5,27.9,65.3,6.13,1694.3,orange
113.5,59.7,77.2,35.4,54.8,6.37,988.8,cotton
57.1,50.2,104.4,31.5,65.8,6.03,692.0,muskmelon
106.6,43.0,48.7,14.4,59.9,7.0,985.7,wheat
53.5,35.1,79.6,11.7,75.1,6.53,1613.0,apple
32.3,40.4,26.4,27.7,65.4,5.83,794.9,pigeonpeas
26.9,56.6,28.7,18.7,40.5,6.99,706.3,chickpea
81.1,57.8,86.8,27.8,69.8,5.4,2655.8,coffee
62.6,46.0,71.6,23.9,52.2,6.57,605.3,muskmelon
78.2,49.3,24.6,12.9,69.1,6.82,992.9,wheat
66.8,50.2,67.1,23.0,74.2,6.07,1868.1,orange
69.0,51.0,23.7,15.4,57.8,7.17,671.1,wheat
140.7,67.0,58.8,29.6,87.2,6.48,3559.0,rice
64.0,33.6,69.0,28.2,40.5,7.31,1017.0,pomegranate
46.5,61.3,104.0,27.7,65.1,6.55,709.4,watermelon
56.3,39.2,89.1,14.1,65.3,5.93,1850.4,apple
104.6,43.3,63.4,32.1,82.4,6.5,2458.1,jute
86.1,43.2,59.3,26.1,76.0,6.36,1100.8,maize
122.2,68.2,62.7,31.3,85.6,6.31,3011.7,jute
87.9,48.0,97.5,25.8,76.7,6.77,1895.9,papaya
115.2,50.1,125.3,31.2,89.3,6.45,1438.9,banana
29.3,39.6,34.9,32.4,77.8,7.14,931.0,blackgram
78.2,33.9,77.5,31.1,79.5,6.06,2882.5,coconut
81.5,45.8,90.5,27.3,73.0,6.35,1941.0,papaya
115.1,52.4,47.7,18.2,56.1,6.42,1105.1,maize
36.7,43.7,29.5,24.3,47.0,7.66,853.8,chickpea
80.4,30.8,80.6,25.1,51.8,6.9,835.5,grapes
77.5,38.5,59.3,20.3,65.5,6.1,1439.5,orange
88.8,45.8,81.4,25.8,55.9,6.59,887.6,cotton
36.5,36.1,43.4,15.4,57.9,6.61,867.1,chickpea
64.9,36.8,67.8,34.9,54.9,6.93,1130.0,grapes
54.8,37.1,87.6,30.2,56.7,7.07,928.2,grapes
105.4,49.8,97.4,25.9,74.9,7.11,2176.3,papaya
63.9,38.3,108.0,24.5,88.5,6.46,3309.7,coconut
49.7,46.3,36.9,27.6,77.0,6.68,1305.9,blackgram
119.4,56.1,48.7,35.9,89.6,7.27,2451.9,jute
80.4,56.2,87.5,31.5,54.0,6.31,675.4,muskmelon
60.4,47.2,82.9,20.5,72.7,5.41,1620.0,coffee
30.4,36.6,37.1,30.3,73.5,6.92,998.7,blackgram
74.3,31.3,72.7,33.9,67.1,6.8,1105.5,pomegranate
76.3,47.8,39.8,22.1,66.5,6.74,724.3,wheat
49.6,34.5,39.4,29.6,52.0,7.14,1249.5,mango
101.7,43.8,52.6,28.0,86.4,6.13,2377.3,jute
151.7,53.4,60.7,33.6,82.9,6.18,2857.4,jute
141.2,64.0,61.8,31.1,88.7,6.55,2851.8,jute
120.8,49.0,54.9,24.4,73.1,6.16,1336.3,maize
96.4,51.8,59.1,30.0,66.7,7.26,1417.5,maize
118.4,38.8,67.2,27.5,81.9,6.21,3338.2,jute
77.7,48.4,72.3,21.8,65.4,6.28,1813.7,orange
126.0,46.5,64.5,30.4,84.1,6.43,2965.8,jute
110.5,34.5,38.5,17.4,64.5,6.65,1286.1,wheat
104.3,55.0,62.2,28.8,90.0,6.9,2753.7,jute
109.6,44.3,88.0,26.6,80.9,6.49,1886.8,rice
96.2,63.8,70.6,24.4,71.8,5.56,2199.8,orange
50.7,50.0,85.9,23.1,47.5,6.16,1183.8,pomegranate
59.6,60.1,66.9,29.7,44.6,6.66,1061.9,pomegranate
106.3,50.3,51.1,29.4,58.4,7.16,947.6,maize
62.3,39.2,110.7,32.5,98.0,5.94,2801.6,coconut
54.2,50.2,50.6,18.2,60.8,6.09,1651.6,apple
57.0,32.8,51.5,29.8,51.9,6.82,1461.0,mango
28.7,52.8,35.6,29.0,66.0,6.74,1103.3,mungbean
56.1,53.4,65.9,28.9,53.1,7.65,1009.4,grapes
73.0,57.9,73.9,18.9,67.5,6.04,1439.0,orange
73.0,45.4,69.2,24.6,64.9,6.15,1332.2,orange
51.8,27.6,77.5,22.6,45.1,7.25,1105.1,pomegranate
58.8,37.6,74.7,25.9,58.2,6.26,1493.6,pomegranate
85.9,44.7,36.1,18.7,63.1,6.6,717.4,wheat
130.2,65.6,66.0,26.2,86.3,6.58,2825.0,rice
86.3,51.1,90.9,27.4,72.9,5.47,2286.1,coffee
17.7,28.3,22.0,28.6,47.8,6.19,459.3,mothbeans
74.0,40.5,99.4,22.8,68.1,5.82,2504.7,coffee
22.4,65.1,46.8,20.4,66.1,6.52,1189.1,kidneybeans
38.5,49.4,31.7,29.4,48.9,6.41,997.6,chickpea
35.3,44.6,39.5,22.7,69.5,6.54,827.5,mungbean
67.8,51.0,101.7,29.9,70.8,6.75,448.3,muskmelon
35.6,49.2,23.2,24.2,48.7,6.44,666.6,chickpea
20.6,55.2,42.8,34.5,56.2,6.67,1031.4,mungbean
127.8,48.1,69.5,21.2,56.2,5.92,1205.6,cotton
88.0,59.6,54.4,22.6,78.5,6.37,3119.6,rice
57.8,35.9,75.7,25.5,63.6,6.81,1075.8,mango
59.3,38.3,75.1,26.4,48.1,6.9,1778.4,mango
41.2,53.8,32.0,16.9,57.2,7.44,707.1,chickpea
90.3,46.8,90.5,22.7,71.7,5.92,2255.9,coffee
71.3,62.5,93.4,23.4,72.9,5.57,2307.1,coffee
107.5,53.3,64.6,26.5,84.2,6.18,3495.1,rice
61.0,53.4,101.9,21.6,70.0,5.62,3663.9,coffee
66.4,72.1,101.3,24.2,61.0,6.56,774.2,watermelon
70.6,63.8,53.7,31.4,65.4,6.33,2455.7,orange
75.9,38.2,94.0,19.7,47.8,6.73,969.0,grapes
100.0,54.1,44.9,31.7,71.6,6.76,1141.7,maize
53.6,41.1,66.7,35.3,57.7,7.17,1388.1,pomegranate
67.7,47.7,113.2,21.8,55.7,7.09,1103.1,grapes
43.7,43.2,72.3,10.3,61.7,6.69,1528.7,apple
55.5,22.5,62.6,32.0,59.7,6.75,618.4,grapes
69.0,46.9,98.7,21.9,75.4,5.66,2867.4,coffee
78.9,46.5,105.3,21.8,69.0,6.14,2816.2,coffee
71.0,22.5,64.8,25.1,54.2,6.97,903.0,pomegranate
26.0,34.6,29.9,17.9,46.5,6.15,606.2,lentil
111.8,54.1,71.2,33.6,83.5,6.66,2336.8,jute
60.9,49.5,113.3,35.1,55.3,6.39,640.6,muskmelon
89.3,63.8,96.8,23.8,68.9,5.2,2789.9,coffee
45.0,39.4,52.8,29.4,55.2,7.11,2241.1,mango
94.3,46.8,47.1,11.4,64.7,6.96,764.3,wheat
69.6,41.5,96.1,17.1,79.3,5.83,2966.6,coffee
110.1,58.8,105.3,29.3,71.9,6.74,2098.8,papaya
54.4,30.4,59.5,30.9,65.0,6.43,2390.2,mango
42.9,76.2,55.7,17.1,62.2,6.15,1209.3,kidneybeans
75.4,46.3,29.5,16.2,57.6,6.75,1055.7,wheat
80.5,58.2,99.6,35.6,57.4,6.68,734.6,watermelon
96.1,50.0,101.0,22.6,74.4,6.47,1204.4,papaya
41.5,37.8,46.6,29.2,49.6,6.22,1049.5,pomegranate
23.8,46.9,33.6,19.9,60.6,6.95,1465.0,pigeonpeas
66.9,58.1,113.8,24.9,60.2,6.47,696.8,muskmelon
24.4,48.4,45.2,24.4,59.3,6.52,1080.0,mungbean
54.6,20.9,80.8,30.6,91.1,6.61,3249.8,coconut
16.2,40.8,19.9,18.1,57.8,6.17,661.1,lentil
65.6,33.2,67.6,16.7,69.3,6.61,1778.7,apple
38.3,73.9,49.4,26.4,59.1,7.12,1448.2,kidneybeans
68.3,38.9,71.1,13.6,62.6,6.18,1917.7,apple
80.2,68.7,91.8,30.3,64.3,6.46,693.5,watermelon
88.0,44.7,71.8,23.1,70.9,5.76,1369.4,orange
67.2,24.5,65.7,33.0,73.8,6.67,1427.2,mango
60.6,38.5,54.3,27.7,58.4,6.7,1679.1,mango
83.6,46.0,34.3,21.2,69.3,6.79,972.4,wheat
25.9,42.5,30.8,21.3,54.5,6.44,748.9,chickpea
86.4,50.1,84.9,27.8,59.5,6.42,669.7,muskmelon
67.1,43.9,84.5,35.6,73.1,6.25,1657.7,papaya
57.8,36.9,71.6,15.6,65.3,6.01,1217.9,apple
98.4,49.0,49.9,14.8,69.2,7.12,1225.1,wheat
43.2,51.1,35.5,30.7,69.0,7.09,857.8,blackgram
83.0,50.6,70.8,28.8,83.2,5.39,2832.5,rice
50.4,32.5,59.3,14.3,56.1,6.67,1640.9,apple
91.2,49.1,76.4,29.2,79.5,6.58,2844.4,rice
87.7,18.0,47.4,32.0,46.0,6.24,1734.8,mango
80.7,70.0,79.9,23.7,78.0,5.75,1752.5,coffee
73.3,53.3,73.7,27.4,57.2,7.23,1018.6,grapes
27.1,40.7,36.5,33.0,70.6,6.43,832.0,mungbean
32.9,66.0,34.8,21.1,68.8,6.93,1371.2,kidneybeans
38.6,46.5,43.6,28.3,68.3,6.53,1178.4,pigeonpeas
66.7,30.3,107.6,33.8,80.7,7.11,1875.1,coconut
83.9,61.6,65.4,24.5,61.9,7.07,903.5,watermelon
26.0,44.5,32.6,22.8,57.2,6.82,879.5,chickpea
86.0,38.8,50.5,22.6,58.7,6.61,1273.5,maize
47.3,49.5,61.8,33.9,51.1,6.57,2087.8,mango
48.3,27.7,43.0,29.1,56.0,6.74,2078.8,mango
36.0,43.4,54.3,17.8,64.8,6.14,1765.2,apple
75.5,54.7,63.4,22.8,56.1,7.21,852.0,pomegranate
132.7,50.6,63.8,36.5,57.4,7.53,1139.6,cotton
65.2,47.7,66.8,33.5,49.3,6.75,1126.1,pomegranate
78.4,45.7,42.5,15.3,65.6,6.29,843.2,wheat
86.3,56.5,77.2,21.6,60.4,7.29,1946.4,orange
88.5,50.2,60.2,24.6,67.1,6.88,1428.9,maize
80.0,57.5,31.9,21.7,65.1,6.84,1184.4,wheat
25.8,50.2,36.4,24.1,65.9,6.79,1491.1,kidneybeans
116.3,45.5,35.6,18.7,48.2,6.82,1010.3,wheat
90.2,60.1,80.5,19.7,75.7,5.58,3067.5,coffee
74.8,35.7,46.4,27.2,54.8,7.2,1233.0,pomegranate
122.7,61.4,65.1,25.4,58.4,6.68,930.4,cotton
68.0,18.0,71.8,27.7,55.3,6.43,1733.0,mango
73.5,33.3,133.6,31.5,83.4,6.6,1818.0,coconut
129.0,40.9,50.8,30.0,80.6,7.07,3119.2,jute
61.9,41.9,106.9,30.0,89.7,7.01,1700.6,coconut
70.6,60.6,120.0,27.3,56.6,6.32,561.6,muskmelon
114.2,62.1,91.9,27.0,78.3,6.71,1490.8,papaya
121.7,50.0,54.3,29.2,86.0,6.03,2348.6,rice
48.1,31.8,81.8,24.8,61.7,6.64,899.3,grapes
89.6,56.9,68.7,26.3,66.8,5.76,1680.8,orange
103.0,53.5,71.9,28.8,82.4,6.08,2782.4,jute
65.1,50.1,93.3,24.0,48.7,6.25,905.7,grapes
32.1,39.8,42.7,18.6,57.4,7.66,930.6,chickpea
130.8,64.5,66.8,24.2,78.3,6.19,2436.8,rice
36.4,55.4,28.1,27.5,69.1,6.79,1188.1,mungbean
94.1,51.7,46.5,32.2,67.7,7.15,1026.0,maize
73.3,45.4,94.0,24.1,73.8,6.08,3081.0,coffee
75.6,35.8,67.7,31.3,42.6,6.56,911.3,pomegranate
89.0,40.4,53.9,21.6,67.9,6.27,1068.1,maize
68.6,47.1,94.7,29.3,57.3,6.84,902.9,grapes
75.9,43.8,91.2,27.8,80.5,5.91,2694.0,coconut
96.2,51.8,73.5,30.8,55.7,6.4,910.6,cotton
132.5,33.6,110.4,30.3,78.4,6.46,2181.6,banana
69.3,41.0,79.4,20.3,69.2,5.7,2068.9,orange
15.5,13.5,16.8,31.7,51.6,6.41,516.8,mothbeans
65.6,40.6,89.2,16.6,85.0,5.87,2509.8,coffee
63.9,29.6,73.0,17.1,75.6,6.36,1799.4,apple
83.7,52.1,93.9,19.4,76.1,5.71,2104.9,coffee
65.4,53.0,83.8,31.8,67.7,6.26,848.8,watermelon
28.8,45.5,46.9,27.8,75.8,7.06,1041.5,blackgram
66.1,70.9,89.5,32.8,67.2,6.07,817.0,watermelon
83.5,42.8,79.8,27.6,67.8,5.92,1809.2,orange
99.9,45.1,50.1,24.8,64.0,5.95,1099.6,maize
95.3,41.6,77.3,32.5,77.7,6.6,1391.3,papaya
68.6,52.3,68.9,24.4,49.0,6.03,1326.8,pomegranate
131.8,64.8,87.4,30.6,62.3,6.44,1814.7,papaya
97.1,51.1,67.5,23.9,63.2,6.11,990.4,maize
82.0,47.7,82.8,18.6,55.4,6.69,1535.0,orange
24.6,27.7,20.0,31.5,45.6,7.21,425.8,mothbeans
27.8,42.9,30.4,15.4,43.4,7.53,503.0,lentil
31.2,34.9,34.0,33.1,71.7,6.81,1132.5,blackgram
52.3,52.7,89.4,32.4,63.2,6.21,587.7,muskmelon
72.9,48.8,103.1,28.0,73.9,5.08,3186.2,coffee
30.2,63.0,35.8,33.0,66.8,6.87,1067.6,blackgram
71.0,64.8,71.1,22.5,61.5,6.57,1080.0,orange
45.5,40.5,43.5,33.6,69.0,7.17,1093.2,blackgram
29.3,34.0,34.2,27.3,53.6,7.07,1253.7,pigeonpeas
74.2,43.9,88.9,31.5,83.5,6.2,2627.2,coconut
27.9,53.1,40.5,29.2,68.8,6.8,934.3,blackgram
87.7,52.3,128.4,31.5,87.5,6.68,2088.0,banana
106.7,43.3,62.9,22.1,67.2,5.88,893.1,maize
106.1,47.6,90.1,32.5,70.4,6.56,2257.2,papaya
70.9,54.8,58.9,25.5,67.8,6.91,1182.7,orange
107.6,57.0,106.9,26.7,71.8,6.52,2223.1,banana
74.3,42.7,37.1,24.2,60.9,7.15,1038.3,wheat
91.6,50.7,111.0,25.5,68.4,6.03,1546.8,papaya
89.5,47.4,49.7,15.2,61.5,6.91,981.4,wheat
22.5,58.0,46.5,30.4,64.9,6.89,980.1,mungbean
22.3,45.2,40.3,26.9,42.8,6.76,1090.1,pigeonpeas
99.1,55.0,71.6,24.6,89.3,5.82,3859.1,rice
127.1,52.4,55.7,28.4,79.0,6.56,3533.0,rice
67.6,31.7,116.0,25.6,80.8,6.21,2139.1,coconut
110.2,63.0,50.8,24.0,90.4,6.66,2411.0,rice
113.5,31.5,112.3,25.4,72.8,6.84,2262.8,banana
68.3,54.0,103.4,26.8,59.9,6.85,703.7,watermelon
65.5,52.4,80.1,27.0,67.7,6.97,1235.5,pomegranate
126.9,53.9,126.6,27.7,77.5,6.38,1735.8,banana
105.9,41.5,47.4,28.3,61.3,7.28,1084.1,maize
31.0,61.6,28.0,27.4,60.2,6.47,729.0,mungbean
69.6,44.3,106.1,21.6,83.1,5.6,1620.0,coffee
45.8,39.0,52.6,33.0,53.5,6.6,2067.4,mango
60.2,61.7,58.5,21.0,54.5,6.5,1263.4,orange
81.8,58.4,42.5,31.4,86.0,6.78,2621.6,jute
86.7,37.4,89.7,35.0,63.7,6.73,662.4,watermelon
36.3,49.3,43.9,24.4,56.1,6.86,904.9,chickpea
108.1,55.7,113.4,31.4,67.3,6.37,2054.7,papaya
58.8,29.4,124.7,26.9,85.5,7.15,3133.4,coconut
51.5,37.2,69.0,19.0,65.8,5.94,1197.2,pomegranate
89.3,37.4,95.4,23.3,65.8,6.46,682.8,muskmelon
53.6,43.1,62.5,18.2,60.3,6.38,1799.9,apple
39.2,60.6,34.8,18.7,67.3,6.37,1160.7,kidneybeans
86.5,52.1,39.3,23.3,51.5,6.72,801.1,wheat
52.8,36.9,81.5,32.9,67.8,6.13,1801.0,mango
21.8,16.8,24.6,33.7,39.4,6.84,566.7,mothbeans
80.5,70.8,95.0,30.4,79.7,6.42,927.0,watermelon
64.6,47.6,91.2,27.7,52.6,6.46,518.1,muskmelon
47.4,44.2,38.9,31.5,72.4,7.5,1023.7,blackgram
94.9,49.4,56.4,29.2,78.4,6.45,2936.5,rice
78.2,28.0,139.1,30.8,81.2,6.68,2723.6,coconut
59.2,51.9,61.1,22.4,59.3,6.71,998.8,grapes
38.3,64.9,39.5,26.6,65.4,6.35,975.2,mungbean
36.0,61.1,22.5,31.3,72.7,6.82,1087.1,blackgram
32.8,56.8,28.2,17.2,62.8,5.92,1032.8,kidneybeans
87.3,55.7,54.4,30.6,75.7,6.23,2029.8,rice
72.1,48.6,33.5,18.5,61.6,6.44,1163.7,wheat
95.0,53.0,32.2,24.3,60.8,7.16,929.0,wheat
21.0,44.7,40.3,26.4,64.1,7.13,1012.8,mungbean
31.3,43.3,39.4,29.2,72.7,7.39,1450.1,pigeonpeas
104.8,54.9,59.5,27.2,81.9,5.78,3284.7,rice
62.4,32.4,73.4,24.8,53.6,6.58,999.1,pomegranate
32.4,35.7,31.5,19.5,45.0,7.21,782.7,lentil
36.7,55.9,37.5,27.7,58.6,6.25,869.7,pigeonpeas
90.3,39.7,28.2,25.3,63.7,7.22,1096.5,wheat
115.9,55.7,83.1,28.8,52.2,7.84,1352.8,cotton
102.3,44.1,42.8,21.4,66.3,6.8,1216.4,maize
100.5,46.5,31.5,12.6,57.2,6.73,968.4,wheat
22.8,49.6,35.9,22.6,64.0,6.44,1118.7,pigeonpeas
70.8,51.6,83.3,31.8,65.9,6.26,924.0,muskmelon
40.4,29.3,61.4,33.6,56.6,6.51,2157.7,mango
112.3,53.2,58.7,31.1,84.1,6.42,2625.9,jute
83.2,59.0,94.5,25.3,73.2,7.18,654.1,watermelon
70.1,44.2,98.2,25.0,57.5,6.51,671.2,muskmelon
14.9,34.5,18.5,30.8,40.5,7.7,385.2,mothbeans
38.0,38.1,34.4,33.1,48.6,7.23,926.3,pigeonpeas
56.6,39.6,90.6,25.8,57.1,6.62,779.7,pomegranate
77.2,42.4,95.4,25.3,62.5,6.51,836.5,grapes
43.0,53.1,31.3,23.2,55.2,7.6,697.5,chickpea
127.7,57.9,40.4,29.6,61.8,6.48,1107.3,maize
29.9,37.7,27.8,16.1,41.0,6.32,591.4,chickpea
103.8,44.9,91.0,21.1,84.7,5.71,2386.7,coffee
94.0,56.9,102.7,29.9,69.1,6.29,2009.0,papaya
113.2,64.2,62.1,23.1,88.0,6.57,2385.4,rice
95.9,58.8,66.0,27.6,80.3,6.27,3510.0,rice
29.2,44.0,30.6,27.7,62.8,6.09,845.0,pigeonpeas
36.5,54.7,30.5,27.4,75.4,6.3,1120.2,blackgram
107.1,39.4,98.2,25.0,62.9,7.07,1163.5,cotton
27.8,46.7,29.9,21.6,72.2,6.72,798.6,mungbean
81.5,42.8,89.1,36.2,52.4,6.5,1623.7,pomegranate
31.3,30.7,33.3,18.1,58.1,6.22,609.6,chickpea
106.7,61.4,56.2,26.8,88.2,7.34,2978.9,jute
17.6,42.1,27.2,31.5,48.2,7.01,374.6,mothbeans
61.8,34.0,63.6,16.0,59.9,6.64,1965.5,apple
144.2,55.4,117.7,30.5,77.9,6.93,1980.6,banana
54.5,27.2,60.5,18.9,61.1,6.77,1903.4,apple
67.5,50.4,93.7,24.4,46.4,6.59,832.3,grapes
31.0,50.3,37.4,27.5,76.7,7.18,1192.4,blackgram
25.5,50.0,26.7,29.6,53.9,6.53,942.0,pigeonpeas
36.8,32.6,134.9,30.2,88.2,6.77,2056.1,coconut
80.4,45.6,28.3,18.9,70.3,6.26,1055.6,wheat
22.6,54.6,41.1,23.5,53.9,6.5,759.9,lentil
34.4,27.6,36.8,19.8,46.3,7.52,804.0,chickpea
30.7,56.8,53.3,22.1,64.6,6.58,1050.7,kidneybeans
112.7,42.3,110.9,32.4,78.7,5.84,2160.9,banana
138.2,48.4,69.0,29.3,84.3,6.11,2513.6,jute
107.7,68.1,59.8,25.8,78.7,6.42,2975.0,rice
141.5,49.3,57.2,25.6,56.9,7.55,1443.4,cotton
62.3,30.3,68.4,13.3,72.8,5.94,1455.0,apple
52.0,37.6,68.6,26.1,55.5,6.84,1067.5,grapes
108.2,55.3,64.5,33.6,85.0,5.71,2852.8,jute
20.0,32.2,20.5,31.6,44.1,7.35,396.3,mothbeans
59.4,35.5,55.9,16.2,70.8,6.56,1478.6,apple
67.8,44.5,47.0,32.9,53.9,6.16,2074.0,mango
76.5,40.4,40.2,33.3,61.3,6.22,1337.3,mango
83.7,46.7,52.6,28.6,58.5,6.06,1882.2,orange
88.9,48.0,87.4,32.4,59.7,6.77,488.0,muskmelon
26.3,34.3,27.8,21.3,51.0,6.85,515.1,lentil
92.4,55.1,78.3,28.3,81.4,6.09,2676.4,rice
37.8,31.0,22.4,19.6,57.8,5.99,567.2,lentil
121.6,46.7,57.8,27.6,79.0,5.39,2284.3,rice
103.7,52.7,129.3,26.5,77.1,6.7,2247.2,banana
99.6,56.4,45.3,16.8,63.4,6.78,1203.2,wheat
15.1,45.6,35.3,28.1,73.6,7.13,952.3,mungbean
78.0,46.4,120.5,27.2,86.1,5.62,2139.2,coconut
75.2,43.4,74.8,33.2,58.3,7.1,1077.9,pomegranate
89.7,37.3,111.2,24.0,87.5,6.28,2690.3,coconut
16.9,28.2,29.1,21.7,48.5,6.26,615.9,lentil
105.0,51.4,78.4,22.0,72.1,5.86,2267.9,coffee
31.6,38.4,26.2,25.4,60.3,6.24,713.8,pigeonpeas
59.4,52.7,86.7,25.0,68.6,5.36,1847.9,coffee
60.1,25.5,128.6,28.3,93.0,6.64,1964.3,coconut
13.5,45.7,29.7,29.7,65.9,6.31,853.2,mungbean
103.9,50.4,47.4,25.3,72.9,6.69,1308.9,maize
77.5,37.2,57.7,32.2,59.1,5.88,2059.9,mango
111.0,58.5,55.9,26.9,64.5,5.9,1316.1,maize
132.6,70.5,53.3,26.1,92.7,6.72,2259.1,rice
66.8,47.3,74.8,20.0,57.2,6.46,1917.9,apple
124.1,46.7,25.9,17.0,64.5,7.26,987.0,wheat
32.9,41.3,33.7,18.6,47.7,6.94,454.4,chickpea
103.3,46.0,58.3,31.4,84.5,6.32,2520.2,jute
87.9,63.0,63.9,35.2,81.9,6.65,2781.7,jute
71.0,63.6,47.6,29.5,74.7,6.15,1026.2,maize
98.1,47.2,60.4,20.3,80.8,6.18,875.9,maize
99.0,56.6,64.8,23.5,78.9,5.7,2398.9,rice
59.8,46.1,58.3,27.8,81.9,5.99,1944.3,orange
131.3,56.4,67.6,34.5,82.5,6.31,2791.9,jute
50.9,33.5,83.7,31.4,84.9,6.0,2489.7,coconut
67.4,34.1,58.3,25.2,63.6,6.18,1247.7,apple
73.1,43.7,55.3,29.4,66.3,6.61,1489.4,mango
102.7,71.5,46.5,20.4,75.9,6.59,1216.7,maize
53.8,39.4,58.2,36.7,58.6,6.14,1917.6,mango
23.2,46.3,45.5,21.9,43.7,6.6,658.9,lentil
22.6,33.8,24.6,30.9,43.3,6.86,577.1,mothbeans
31.2,64.4,49.4,19.6,65.2,6.88,1048.5,kidneybeans
92.0,58.2,101.1,32.9,80.8,6.58,1832.0,papaya
33.9,58.2,36.6,25.7,69.1,6.46,889.2,mungbean
55.2,45.3,60.7,16.1,73.7,6.04,1633.8,apple
62.1,43.8,58.5,26.1,62.9,6.56,519.1,muskmelon
29.8,55.3,21.4,17.8,48.3,6.96,646.7,lentil
76.0,39.2,78.1,20.1,79.0,5.65,2715.3,coffee
125.2,47.0,117.8,27.8,73.0,5.68,1957.3,banana
95.9,51.9,40.8,21.8,66.9,6.58,1422.9,wheat
113.3,58.5,43.6,24.0,54.7,7.04,1110.7,wheat
56.6,34.9,86.2,29.3,51.2,7.05,796.7,grapes
99.8,68.5,114.6,27.1,71.4,7.22,1973.9,papaya
61.6,50.4,88.8,26.2,64.0,6.59,698.1,muskmelon
86.9,69.2,87.7,28.2,57.2,7.09,853.0,cotton
116.1,72.6,50.7,31.9,82.3,6.56,2661.8,jute
43.4,33.0,68.5,20.2,56.9,7.11,1566.8,pomegranate
70.9,27.3,52.6,16.8,69.9,6.14,1849.5,apple
74.5,51.0,97.0,28.2,60.5,6.14,681.8,muskmelon
114.3,44.1,56.2,22.9,60.7,6.89,1037.6,maize
80.6,50.6,78.7,23.9,77.3,5.4,2343.5,coffee
28.0,46.9,26.6,15.0,55.1,7.43,1120.5,chickpea
23.0,44.3,38.7,29.8,67.0,6.96,1003.5,blackgram
82.4,44.4,87.6,18.7,68.9,5.3,2412.0,coffee
35.6,39.1,33.3,21.0,54.8,5.55,818.7,pigeonpeas
49.7,34.6,59.5,15.1,63.3,6.43,1937.6,apple
93.4,31.5,105.5,29.3,79.5,6.52,1820.2,banana
86.7,58.9,83.8,31.6,63.1,6.59,481.4,muskmelon
75.4,55.4,84.3,29.8,67.5,6.63,710.6,watermelon
103.4,55.1,79.4,27.7,72.3,6.71,1515.0,papaya
87.2,61.7,79.5,36.4,71.5,6.65,1265.9,cotton
46.9,23.1,65.7,28.2,59.0,6.33,1500.9,mango
111.2,46.5,34.6,26.1,68.8,6.16,934.7,maize
92.6,47.2,45.0,30.6,73.2,7.09,1226.3,maize
25.2,50.1,25.2,19.1,55.3,6.73,719.2,lentil
48.9,61.1,40.1,18.6,67.5,6.15,1374.1,kidneybeans
72.1,42.0,57.9,30.5,58.0,6.1,1275.8,mango
71.9,57.5,123.2,22.0,78.9,5.67,2224.9,coffee
99.7,66.2,81.1,32.1,54.4,6.23,1365.2,cotton
83.2,50.4,87.7,26.8,75.8,6.38,2348.4,papaya
55.4,33.4,53.2,26.5,67.4,6.9,1572.1,mango
77.4,41.5,68.6,26.1,81.1,6.7,2610.6,rice
95.8,52.1,60.8,30.6,87.7,6.94,3134.2,jute
27.6,43.7,27.2,32.5,68.9,7.34,1276.2,blackgram
20.2,55.8,40.1,34.0,66.3,7.19,1052.9,mungbean
115.9,52.5,63.7,34.3,82.7,6.76,2401.1,jute
55.4,43.1,57.1,29.8,67.3,7.16,1239.2,mango
116.5,66.5,103.8,31.1,85.9,6.01,1549.3,banana
97.5,49.1,30.6,16.2,64.0,6.14,1170.1,wheat
31.2,57.5,35.4,21.4,45.8,6.69,709.4,chickpea
25.9,42.7,45.2,17.7,62.8,6.99,535.6,chickpea
38.1,42.7,27.5,27.2,64.5,6.4,1157.5,pigeonpeas
79.5,46.0,93.8,24.0,82.8,5.52,1869.3,coffee
36.7,43.6,38.8,35.4,62.6,6.61,963.1,mungbean
86.1,55.7,57.1,19.3,72.2,6.82,741.9,maize
62.1,52.8,98.6,30.1,59.6,6.17,457.2,muskmelon
36.8,33.3,36.6,33.8,69.2,6.52,1055.5,mungbean
109.2,54.0,43.2,28.2,91.9,6.3,1976.5,rice
22.3,38.9,41.7,30.4,69.9,7.07,751.3,mungbean
39.2,52.3,40.6,29.1,71.4,7.07,1123.1,blackgram
57.3,31.0,79.2,15.4,60.4,6.75,1671.7,apple
84.7,36.3,82.9,31.3,47.6,6.22,933.8,grapes
51.2,36.0,79.3,23.8,69.0,6.49,1925.8,apple
69.3,52.5,91.8,23.2,76.0,6.72,1651.5,orange
73.1,38.5,62.9,35.6,49.6,6.97,1292.4,pomegranate
119.2,60.3,80.5,20.9,51.9,6.79,1111.6,cotton
37.0,85.7,43.4,18.8,59.2,6.77,1361.6,kidneybeans
65.6,39.5,61.6,26.0,57.7,6.56,1917.3,mango
20.4,41.8,45.5,34.2,69.2,7.08,1000.3,mungbean
111.6,57.7,65.7,29.7,46.5,6.82,1136.4,cotton
37.4,42.8,34.8,23.8,72.5,6.38,1009.9,pigeonpeas
31.7,48.8,45.7,32.1,59.4,6.49,837.0,mungbean
105.7,62.2,115.9,36.0,75.9,6.0,1933.8,papaya
77.9,40.3,94.8,25.5,49.0,7.26,665.2,grapes
112.3,54.9,50.8,24.6,67.3,7.05,888.4,maize
95.9,65.3,93.4,30.3,77.5,6.54,2208.1,papaya
24.4,20.6,31.0,27.4,42.8,6.52,270.0,mothbeans
19.8,13.8,23.5,27.8,47.0,7.53,612.0,mothbeans
29.0,31.1,39.1,20.5,43.0,6.87,829.9,lentil
102.9,47.7,40.1,22.7,63.7,6.29,1076.1,maize
92.9,54.0,64.2,34.1,50.8,6.59,1168.3,cotton
112.5,57.1,110.2,26.2,76.7,6.66,2177.1,papaya
119.5,51.5,100.5,28.3,90.4,6.88,1725.9,banana
32.4,55.4,38.1,29.2,73.4,6.63,1514.9,pigeonpeas
45.6,46.6,38.8,28.1,69.2,6.4,717.8,mungbean
90.4,66.2,100.7,24.5,55.2,6.68,738.6,muskmelon
58.0,31.5,96.4,27.9,87.3,6.49,3094.9,coconut
73.7,27.9,87.6,27.5,64.8,6.55,1059.2,grapes
109.1,45.9,73.8,30.6,58.8,6.78,1569.2,cotton
120.7,54.4,74.0,29.5,83.9,6.81,2604.1,jute
9.0,36.3,24.7,35.3,44.7,7.08,400.3,mothbeans
151.1,55.1,108.0,26.6,74.4,6.71,2371.7,banana
121.8,61.4,54.7,22.9,63.5,6.54,1153.2,maize
39.7,34.6,34.1,22.8,37.5,6.76,723.4,lentil
39.4,24.1,65.9,29.7,57.3,6.89,665.7,grapes
28.3,45.7,39.7,30.3,64.5,6.22,985.2,blackgram
81.3,41.1,78.3,25.4,52.6,6.47,691.5,grapes
51.2,33.8,66.9,32.3,77.6,6.22,1430.1,mango
29.4,34.3,37.5,27.4,64.4,5.86,1625.3,pigeonpeas
84.8,23.5,57.1,30.7,51.5,7.25,1142.4,pomegranate
58.5,39.9,49.7,32.0,67.3,7.0,1824.0,mango
59.6,31.8,92.2,28.2,65.0,7.15,699.6,grapes
23.7,38.8,44.2,27.6,56.5,7.22,784.4,mungbean
115.7,39.5,42.5,22.7,73.4,6.51,1289.1,maize
22.8,49.4,29.1,19.2,45.1,7.09,518.2,lentil
145.1,77.4,62.2,35.9,86.5,6.77,2849.9,jute
31.9,37.2,28.0,22.3,48.0,7.12,962.9,chickpea
99.3,65.7,52.2,35.3,83.9,6.42,2428.8,jute
99.0,39.7,114.7,29.8,87.0,6.53,2612.0,coconut
38.8,66.5,31.1,26.6,68.5,6.58,1296.8,blackgram
30.1,57.5,46.0,21.7,65.5,6.63,1013.4,kidneybeans
69.3,39.9,71.1,23.4,62.5,6.37,772.8,grapes
117.5,63.9,63.1,32.3,78.5,6.58,2275.1,rice
66.6,44.7,52.0,31.5,69.4,6.15,1655.6,orange
39.7,52.1,29.1,36.8,73.3,6.28,1109.6,blackgram
60.0,42.1,44.9,29.6,43.8,6.35,2081.5,mango
65.6,60.3,50.8,22.0,77.8,6.35,2395.1,orange
115.6,50.1,69.8,37.5,52.5,6.9,784.6,cotton
58.2,44.4,74.5,17.1,65.2,6.32,1610.0,apple
108.6,65.3,71.3,27.2,83.2,5.95,2740.3,rice
78.4,30.6,102.6,32.0,86.7,6.69,2290.6,coconut
80.6,63.8,128.5,27.0,71.3,6.72,693.2,watermelon
25.0,45.8,37.8,27.7,66.9,6.23,880.7,mungbean
60.5,42.8,71.8,15.1,66.8,6.46,2019.3,apple
107.4,55.4,67.9,26.3,77.0,6.3,1975.3,papaya
100.7,40.7,129.6,31.1,83.1,6.14,1959.4,banana
145.4,49.1,96.0,27.8,56.7,6.94,974.6,cotton
110.0,61.8,65.3,29.3,90.9,5.91,2375.6,rice
69.1,41.4,64.3,24.5,69.5,5.74,1496.7,apple
109.9,39.3,123.6,27.1,78.1,5.98,2127.6,banana
27.1,59.8,30.1,32.3,64.4,6.76,1093.0,blackgram
81.5,56.6,37.8,16.5,61.3,7.29,1153.5,wheat
36.0,56.4,53.4,22.6,64.2,6.25,1186.9,kidneybeans
14.0,47.3,29.1,27.4,63.7,6.73,1186.9,pigeonpeas
20.8,43.3,33.7,18.5,41.4,6.84,701.4,lentil
72.8,56.8,82.0,20.4,87.1,5.47,2347.7,coffee
18.0,59.3,42.3,28.0,64.5,6.91,1176.1,kidneybeans
96.2,53.2,58.5,24.4,78.0,5.98,3019.8,rice
91.6,58.5,99.5,27.6,51.7,6.78,592.8,muskmelon
103.4,53.0,38.1,15.7,63.3,6.9,1041.3,wheat
91.3,41.1,34.0,17.4,52.7,6.83,1366.3,wheat
84.0,46.3,97.2,19.7,76.8,5.67,2945.9,coffee
33.7,68.0,36.0,22.7,68.4,7.05,1110.6,kidneybeans
51.8,28.3,42.3,29.3,51.6,6.73,1769.2,mango
62.4,39.2,62.1,32.5,67.5,7.38,831.9,pomegranate
30.6,25.0,22.1,17.3,33.2,6.91,773.4,lentil
67.7,30.0,88.1,32.0,53.5,6.86,758.5,grapes
22.2,25.8,28.3,29.6,47.3,6.26,496.4,mothbeans
91.2,40.8,106.8,27.8,80.1,6.21,2053.3,banana
40.2,39.9,31.4,23.1,54.0,7.0,1022.5,chickpea
62.2,34.3,62.8,19.2,69.3,6.86,1967.7,apple
51.9,42.3,75.6,34.7,94.4,5.59,2494.6,coconut
53.7,32.6,68.6,29.7,56.5,7.22,1112.3,pomegranate
74.5,32.9,80.7,15.8,67.0,6.19,2057.3,apple
56.7,34.5,53.1,33.7,57.1,6.27,1384.4,mango
21.6,42.0,36.0,29.8,59.2,6.2,1124.3,pigeonpeas
60.5,34.7,65.6,30.0,55.4,6.78,1179.0,pomegranate
112.8,58.0,48.6,32.4,83.2,6.16,2710.3,rice
30.3,43.6,27.9,30.8,73.5,6.86,969.1,blackgram
63.7,58.0,83.4,23.2,59.8,6.37,476.0,muskmelon
111.0,45.4,102.1,25.9,76.7,6.36,1930.3,banana
109.2,46.6,122.1,28.3,83.2,6.33,2033.1,banana
129.9,56.9,67.9,27.3,85.3,6.56,2766.3,rice
103.7,45.3,43.1,30.5,74.0,6.38,1321.0,maize
85.4,46.9,49.8,29.1,57.6,6.3,1000.4,maize
75.8,52.4,107.4,27.7,65.6,6.17,714.4,watermelon
72.0,55.6,80.0,31.1,63.2,7.06,1072.2,cotton
87.5,47.0,107.0,18.5,88.9,5.51,1870.4,coffee
37.5,26.6,147.8,31.7,85.1,5.83,2249.3,coconut
108.4,48.6,107.3,31.7,78.7,6.62,2477.4,banana
139.0,49.7,72.5,31.8,84.7,6.72,2596.4,jute
25.3,42.8,29.6,17.6,51.2,7.02,841.1,lentil
80.5,50.3,68.9,27.7,55.6,6.71,1621.4,orange
30.0,20.7,28.0,29.3,38.5,6.46,685.9,mothbeans
72.9,50.9,74.4,32.2,58.0,6.81,607.6,muskmelon
114.7,54.6,107.6,27.4,69.0,6.4,1870.2,papaya
29.7,49.3,32.3,34.8,76.5,7.09,1031.1,blackgram
74.5,26.3,63.1,28.9,59.0,5.72,1093.0,mango
109.7,43.0,39.0,17.3,61.5,6.25,761.9,wheat
115.7,36.0,73.7,29.8,90.8,6.34,1620.0,rice
102.9,53.4,109.6,27.7,78.0,6.51,1945.3,banana
20.9,35.2,24.0,29.3,67.8,5.59,1015.5,pigeonpeas
48.1,32.9,59.3,28.2,60.5,5.68,2216.2,mango
87.5,45.3,43.3,20.4,63.2,6.82,1482.8,wheat
98.5,64.0,56.4,26.8,79.2,6.3,2651.5,rice
103.3,45.6,95.5,23.2,70.4,4.99,2635.9,coffee
63.8,33.5,56.5,13.2,63.1,6.92,1764.2,apple
62.7,51.1,95.7,23.4,78.7,5.75,2634.4,coffee
122.2,60.1,122.8,30.7,72.4,7.27,2189.2,banana
113.3,64.9,69.0,23.3,78.4,6.42,1200.6,maize
99.3,56.7,50.8,22.9,58.9,6.58,1233.3,maize
80.1,42.5,78.7,39.9,67.5,7.19,1012.4,grapes
87.4,61.4,80.7,32.2,63.7,7.64,1022.4,cotton
86.5,38.8,133.4,30.3,90.4,6.47,2541.7,coconut
43.4,42.1,87.0,30.0,63.6,6.97,1229.6,grapes
32.3,43.3,24.2,21.4,53.6,6.96,617.6,lentil
128.6,52.0,67.6,26.2,72.3,5.62,3139.8,rice
37.1,45.1,33.0,31.1,59.2,5.49,648.0,pigeonpeas
37.3,52.9,33.3,24.5,70.2,6.32,854.8,blackgram
75.5,44.3,61.9,31.3,66.2,6.84,1980.0,mango
26.4,46.3,34.3,14.3,41.9,6.54,778.7,lentil
32.1,60.7,25.6,24.1,57.5,7.18,1017.7,chickpea
117.3,55.5,64.5,28.5,81.8,6.35,3463.7,rice
74.5,44.2,25.2,18.0,69.9,6.7,817.8,wheat
82.3,45.7,36.9,14.9,63.3,6.38,950.6,wheat
67.9,26.7,135.7,36.0,89.1,6.39,2264.4,coconut
104.8,66.7,79.1,37.5,66.9,6.3,1395.9,cotton
102.3,56.0,73.8,29.5,76.5,6.54,3029.3,jute
38.7,37.7,40.4,20.7,52.3,6.32,580.4,chickpea
122.1,57.4,49.2,22.8,80.6,6.3,2562.9,rice
135.5,55.3,52.1,26.2,88.5,6.38,2396.0,jute
116.0,63.2,71.6,27.7,86.6,6.22,2821.1,jute
74.8,48.3,96.1,30.7,61.6,6.28,660.7,muskmelon
43.5,73.2,59.7,24.3,70.8,6.65,1380.8,kidneybeans
92.9,51.1,91.6,30.2,75.6,6.64,2119.0,papaya
39.2,48.9,37.0,30.0,62.0,6.11,1332.2,blackgram
29.3,45.9,30.7,22.9,58.9,6.08,1424.9,pigeonpeas
65.4,47.0,56.2,27.2,56.2,6.18,1104.3,pomegranate
142.1,62.4,55.7,28.5,85.9,6.07,2502.3,rice
86.1,51.9,33.3,17.2,60.8,6.57,1094.0,wheat
29.5,50.2,36.8,31.6,71.8,6.42,1053.9,blackgram
66.1,33.5,56.1,9.5,76.3,6.64,1266.7,apple
62.1,27.9,90.9,12.6,59.0,6.67,2038.2,apple
100.7,51.7,47.4,15.8,59.3,6.44,1108.6,wheat
115.6,62.7,82.6,27.3,81.8,7.15,1958.7,papaya
66.2,61.5,90.4,22.8,85.0,5.83,2327.7,coffee
13.9,34.6,31.1,31.6,50.0,7.27,596.6,mothbeans
105.9,38.5,104.3,24.7,80.3,6.9,2118.6,banana
78.4,39.8,94.0,27.6,83.1,5.77,2581.2,coconut
22.2,44.5,33.7,19.2,43.3,6.61,946.4,chickpea
26.6,37.4,48.1,28.1,67.6,5.88,705.6,mungbean
137.5,55.4,72.0,31.7,65.8,6.94,1010.0,cotton
51.5,35.9,63.0,30.0,66.6,6.99,1037.7,pomegranate
59.4,26.5,49.2,13.3,76.8,6.16,1565.9,apple
121.9,63.0,61.7,22.1,83.0,6.64,3076.3,rice
55.7,48.7,118.1,30.4,59.9,6.6,636.5,muskmelon
24.7,53.5,26.6,32.5,62.4,6.73,1412.4,pigeonpeas
86.5,32.1,33.2,20.6,64.2,7.12,889.9,wheat
77.0,39.5,45.3,30.3,84.0,6.77,1060.9,maize
56.1,46.1,82.2,28.9,73.5,7.21,1020.7,grapes
45.0,55.9,86.2,26.2,79.6,5.49,2316.9,coffee
77.2,69.0,79.0,25.0,70.7,6.77,1746.9,orange
102.8,50.8,47.8,25.5,61.3,6.56,869.9,maize
128.6,50.5,93.6,25.5,82.3,6.65,2609.1,banana
19.2,52.4,25.4,20.1,62.0,6.74,788.9,lentil
63.9,40.6,54.0,27.6,68.9,6.19,826.6,grapes
75.1,44.2,93.6,21.7,81.8,5.98,2861.7,coffee
68.3,50.6,58.3,35.4,57.0,7.96,1141.1,pomegranate
103.6,61.1,72.5,29.9,62.8,7.75,1271.4,cotton
66.8,55.2,104.8,20.6,83.5,5.28,2713.0,coffee
35.8,61.9,31.4,28.4,64.6,6.62,1003.6,mungbean
80.0,41.2,70.7,32.6,56.7,7.32,852.8,grapes
90.9,57.4,69.6,23.4,85.7,6.83,2910.3,rice
86.0,55.3,74.9,31.2,68.0,6.74,2155.6,papaya
69.1,27.2,52.9,31.0,69.5,6.09,2066.7,mango
46.9,49.7,66.8,28.2,61.4,7.21,818.3,pomegranate
33.5,53.0,29.0,28.1,69.2,6.35,1084.4,pigeonpeas
124.7,52.0,65.9,24.4,82.3,6.55,2972.7,rice
54.2,42.5,71.5,23.0,49.1,7.0,876.0,grapes
124.0,50.2,95.5,29.0,61.8,6.37,1710.3,papaya
102.9,40.6,33.7,17.8,59.0,7.65,759.3,wheat
137.3,53.9,57.7,25.7,85.0,5.85,3312.8,rice
73.8,41.2,67.9,17.1,70.2,7.25,2111.5,orange
72.6,22.5,63.7,39.9,48.7,6.7,884.6,grapes
113.3,53.2,94.6,29.8,85.1,6.0,1961.3,banana
60.7,57.9,87.3,21.2,55.8,6.09,634.6,muskmelon
141.1,56.8,50.4,33.0,55.9,6.7,986.4,maize
63.1,69.0,116.1,21.9,76.8,5.52,2508.5,coffee
28.8,37.8,29.6,26.6,58.5,6.89,1002.2,pigeonpeas
98.3,62.2,88.0,27.4,87.4,5.68,3003.4,rice
106.5,42.2,66.9,27.3,80.7,6.99,3214.8,jute
47.8,33.0,43.5,30.3,62.1,5.84,1280.2,mango
21.6,38.7,30.9,21.7,53.1,7.19,911.0,lentil
31.7,49.6,34.2,28.3,57.4,7.06,1181.2,pigeonpeas
65.9,34.6,72.7,28.6,52.3,6.52,1056.5,grapes
71.0,25.5,53.4,34.4,60.9,6.79,1788.5,mango
36.7,33.5,26.9,32.8,58.1,6.9,947.1,pigeonpeas
47.0,46.2,81.5,34.4,67.0,6.96,1231.4,grapes
66.8,32.5,61.3,29.5,55.0,7.13,2086.4,mango
88.4,63.0,80.2,28.0,81.7,6.63,2053.1,papaya
104.9,48.1,48.1,30.7,53.9,6.62,882.5,maize
154.0,57.1,51.5,24.4,83.5,6.28,1778.0,rice
112.9,67.9,67.6,35.7,87.5,6.87,2539.3,jute
71.9,52.6,119.0,27.1,63.6,6.49,764.8,muskmelon
62.4,45.5,51.1,27.2,73.2,6.09,2118.5,orange
54.1,50.7,73.9,14.9,60.5,6.42,1489.4,apple
88.8,45.5,55.8,26.1,72.5,6.11,956.0,maize
99.0,52.3,70.6,28.6,49.8,6.82,1009.4,cotton
64.6,35.0,58.4,28.4,60.9,6.43,1691.8,mango
66.5,28.6,90.2,20.0,50.6,6.04,1126.2,grapes
32.0,41.4,30.4,17.6,51.1,6.99,879.9,lentil
84.5,42.1,84.7,21.3,78.5,6.06,1815.8,papaya
89.9,37.1,50.6,24.0,64.5,6.54,970.6,maize
93.9,48.6,56.5,28.2,71.5,5.65,1406.9,orange
118.0,51.3,106.6,27.5,81.0,6.52,1868.4,banana
21.5,47.5,20.4,23.4,52.6,6.55,648.7,lentil
110.8,51.6,121.5,27.7,85.7,6.43,2052.9,banana
67.3,38.7,53.3,20.9,62.9,6.11,1517.3,orange
130.3,56.6,75.2,25.6,61.8,6.5,1279.7,cotton
119.8,68.3,58.6,28.2,83.9,6.64,2668.5,jute
79.8,54.3,111.2,30.3,54.2,6.3,690.5,muskmelon
71.7,48.8,70.2,27.3,68.2,6.86,830.2,watermelon
52.7,41.6,65.1,9.9,67.3,6.44,1832.2,apple
70.2,47.8,104.1,27.6,63.5,6.58,711.5,watermelon
114.1,60.1,42.2,29.3,85.9,5.98,2772.4,rice
43.9,44.8,36.2,30.4,80.2,6.63,1149.0,blackgram
79.8,34.9,108.2,31.3,87.1,6.36,2518.9,coconut
61.1,37.5,101.3,30.8,51.1,6.07,690.6,grapes
74.5,48.1,59.3,24.7,66.3,6.42,2075.8,orange
65.1,49.7,79.2,19.7,59.3,6.45,1534.7,apple
84.6,64.3,82.0,28.0,60.6,6.27,1977.7,orange
35.0,48.3,23.6,28.9,59.6,6.47,1309.7,pigeonpeas
32.0,49.8,18.0,22.0,66.6,6.8,1397.4,pigeonpeas
32.7,35.6,28.4,21.7,46.7,6.31,635.0,lentil
34.6,50.1,53.2,22.6,64.9,6.68,1288.2,kidneybeans
82.6,47.2,64.6,26.0,66.1,6.62,922.7,cotton
34.0,60.4,41.7,24.2,72.9,6.42,1584.7,kidneybeans
58.4,44.3,80.6,22.4,60.8,6.23,1709.0,orange
42.2,44.4,28.8,25.5,60.6,6.69,1247.9,pigeonpeas
141.3,43.6,118.5,22.8,81.3,6.48,1990.2,banana
10.7,27.3,27.2,23.8,28.6,7.46,607.6,mothbeans
29.4,59.3,37.9,23.1,55.6,6.35,1415.2,kidneybeans
36.4,49.1,49.7,29.7,69.4,6.51,1379.1,blackgram
62.6,37.8,93.5,35.7,75.6,6.49,2078.1,coconut
70.7,45.7,109.5,29.3,68.2,6.44,831.2,watermelon
116.0,44.2,54.3,31.4,84.6,5.96,3287.7,rice
86.1,45.2,69.6,25.2,76.1,5.84,2740.5,coffee
68.1,40.5,78.7,27.2,69.1,6.85,976.6,grapes
92.7,50.3,94.0,26.1,80.0,7.3,1831.8,banana
45.1,30.5,88.8,29.5,89.8,6.34,2689.1,coconut
76.7,38.8,96.7,22.5,72.0,5.93,2399.2,coffee
89.1,59.7,71.4,32.6,59.4,6.54,723.2,muskmelon
123.9,58.4,64.5,30.8,53.4,6.34,1063.0,cotton
35.7,57.0,28.7,19.5,46.5,6.43,827.2,lentil
37.4,56.7,41.5,24.4,51.3,7.37,1010.9,chickpea
63.3,43.6,107.3,20.9,77.2,6.25,2259.6,coffee
20.9,38.1,26.6,19.2,41.6,6.67,747.1,chickpea
66.8,42.3,64.4,19.3,59.6,6.34,1697.8,apple
31.1,72.5,43.2,19.7,64.9,6.63,1153.7,kidneybeans
112.5,65.2,77.4,27.9,85.3,6.38,3344.1,rice
20.5,33.6,27.8,24.0,63.1,6.41,1311.7,pigeonpeas
99.3,47.6,59.7,26.8,64.3,6.64,1060.1,maize
53.4,39.7,84.8,29.6,83.0,7.13,2638.4,coconut
103.8,46.2,36.8,11.4,68.6,6.65,787.3,wheat
28.7,39.8,42.2,29.8,71.5,6.78,774.8,mungbean
46.5,50.3,88.3,29.0,74.5,6.05,583.1,muskmelon
31.4,50.4,44.7,32.8,53.6,7.48,867.3,mungbean
53.0,39.0,75.9,31.3,69.5,6.28,1777.3,mango
39.4,31.1,38.2,21.6,63.1,7.2,757.3,mungbean
59.7,38.8,70.7,36.3,56.2,5.88,1684.9,mango
45.9,54.2,34.9,28.7,78.2,6.77,1127.3,blackgram
26.2,51.7,47.7,33.0,73.0,6.8,827.7,blackgram
68.6,36.0,52.1,29.2,50.9,6.7,1162.6,pomegranate
136.1,50.7,66.3,30.3,72.2,6.76,953.6,cotton
38.9,57.6,31.3,26.5,71.3,6.76,961.8,blackgram
94.4,48.5,95.6,28.7,73.9,6.54,1514.4,papaya
21.3,53.9,28.0,24.2,60.1,7.21,1295.5,pigeonpeas
75.4,57.4,40.1,13.4,71.5,6.85,1368.6,wheat
49.7,45.6,74.6,28.1,69.7,6.59,2587.3,mango
99.9,49.6,43.8,21.1,84.2,6.01,3103.4,rice
69.9,44.5,65.2,29.1,56.6,6.39,1000.5,grapes
58.5,38.8,53.6,17.5,65.7,5.68,1924.0,apple
125.5,62.7,64.6,32.6,82.4,6.64,2490.1,jute
71.8,57.5,101.7,24.2,74.1,5.73,2649.2,coffee
28.3,35.4,43.3,35.2,45.2,6.53,1220.0,pigeonpeas
28.4,49.4,26.6,19.5,53.6,7.19,720.0,lentil
16.2,32.4,29.9,32.8,69.6,7.18,942.0,mungbean
101.2,54.0,85.8,26.0,75.4,6.14,3011.6,rice
14.2,19.2,18.7,34.0,29.2,7.48,636.5,mothbeans
29.6,59.7,25.4,27.2,64.2,6.68,1372.0,pigeonpeas
22.0,46.2,43.4,34.1,66.8,7.65,825.5,mungbean
27.0,36.8,26.4,25.5,55.5,6.83,1090.6,pigeonpeas
23.2,35.0,30.4,16.9,54.7,7.21,670.3,lentil
110.3,62.2,51.1,25.6,55.0,6.4,888.3,maize
49.9,41.8,131.4,28.4,87.2,6.07,2356.2,coconut
65.4,36.5,48.9,20.0,64.1,6.36,1510.5,apple
72.0,49.8,67.9,28.3,82.4,5.39,2723.7,rice
40.2,37.5,34.9,29.3,43.2,7.07,432.0,chickpea
113.6,56.0,123.6,31.6,87.9,6.62,1905.0,banana
129.7,59.5,64.1,32.1,87.1,6.45,2520.3,jute
42.9,20.5,47.5,33.1,58.4,6.64,1661.5,mango
61.7,32.9,80.3,22.8,52.9,6.37,1145.9,mango
16.8,41.0,21.9,24.2,33.2,6.67,885.9,lentil
56.4,37.0,84.6,23.9,66.8,6.95,1844.8,apple
69.3,45.8,36.5,20.2,65.3,6.82,1396.5,wheat
62.8,43.7,78.7,27.6,56.7,6.79,618.2,grapes
92.9,67.7,68.3,31.2,65.0,6.62,652.8,watermelon
35.8,48.3,35.0,21.4,49.6,7.96,593.2,chickpea
121.4,55.8,54.4,32.5,88.3,7.34,2515.7,jute
95.3,61.3,56.0,27.1,68.0,6.75,1316.9,maize
34.9,38.4,45.1,31.2,61.3,5.91,1007.3,blackgram
74.5,36.2,64.8,29.5,63.4,6.68,1931.5,mango
106.7,57.5,59.9,26.5,82.8,5.77,3104.7,rice
85.4,53.5,90.9,30.4,61.0,6.88,515.9,watermelon
115.0,55.5,71.9,28.2,50.2,6.88,1327.0,cotton
28.5,43.6,33.7,25.1,57.0,6.68,875.7,pigeonpeas
25.6,45.3,34.4,25.5,69.2,6.23,1032.1,pigeonpeas
45.5,49.1,48.5,27.8,69.5,6.67,1299.0,blackgram
82.4,51.3,33.9,16.6,73.3,6.54,1133.6,wheat
58.4,33.5,36.0,25.1,55.3,5.68,1324.2,mango
71.0,32.1,97.5,24.7,65.6,6.49,899.6,grapes
34.8,57.3,30.3,30.7,70.5,7.03,1088.7,blackgram
50.5,47.4,67.3,29.1,65.8,6.3,1291.2,mango
86.1,55.4,45.3,21.0,60.8,7.27,744.2,wheat
100.8,54.1,134.4,27.1,80.9,6.53,2354.0,banana
68.5,45.5,69.9,29.1,75.3,6.49,2224.2,mango
75.0,60.2,106.1,24.9,84.0,5.41,2627.5,coffee
33.2,19.5,24.6,34.8,44.1,7.6,273.2,mothbeans
38.6,51.9,39.8,34.6,63.7,6.99,1201.2,blackgram
70.1,46.9,65.4,30.1,61.1,5.84,1817.0,orange
36.7,48.6,33.1,16.5,54.6,6.77,746.5,lentil
75.8,61.8,84.4,27.3,57.9,6.1,407.3,muskmelon
86.6,55.3,34.7,13.7,57.0,6.87,1124.0,wheat
107.7,47.7,68.4,37.4,85.9,6.37,2527.7,jute
56.2,35.7,74.8,12.7,80.4,6.5,2065.9,apple
29.4,34.5,27.7,29.8,35.9,7.04,512.5,mothbeans
40.7,45.5,22.5,30.6,62.8,6.33,1102.1,blackgram
92.7,53.1,36.9,15.4,68.4,6.4,1455.7,wheat
106.5,50.2,69.3,28.4,82.6,6.67,898.7,maize
67.7,61.8,61.3,24.9,66.7,6.15,1716.3,orange
110.6,47.4,57.0,27.6,63.5,6.38,1114.7,maize
95.4,46.9,58.5,29.0,80.2,5.73,2421.9,rice
66.4,32.9,125.3,34.5,82.9,6.16,2561.9,coconut
125.4,47.3,76.5,33.2,68.9,7.0,1461.0,cotton
43.8,53.6,73.2,25.6,46.7,7.27,1155.9,pomegranate
92.1,66.2,98.4,27.9,70.1,6.14,1341.4,papaya
28.2,36.4,33.9,23.5,61.5,6.35,667.9,lentil
109.9,60.3,41.5,27.8,67.6,5.94,1071.4,maize
74.2,32.9,53.1,32.9,64.8,6.73,1941.9,mango
33.5,37.1,34.7,15.2,49.4,6.41,711.2,lentil
63.6,34.5,50.8,24.4,59.3,6.77,860.3,pomegranate
66.3,33.2,36.0,30.6,56.5,6.92,2329.7,mango
34.5,79.1,52.5,26.5,60.2,6.13,915.9,kidneybeans
56.1,27.7,124.0,27.3,89.4,6.16,2990.2,coconut
27.5,42.5,40.7,28.0,64.5,6.56,760.0,mungbean
110.3,44.4,53.2,23.5,64.8,7.01,1090.1,maize
101.6,52.6,84.3,24.3,54.2,6.56,1244.7,cotton
119.7,53.1,55.7,26.3,73.5,6.69,1041.5,maize
142.0,53.0,83.2,29.5,49.4,6.93,1004.9,cotton
119.6,49.3,63.1,32.9,82.0,6.46,2827.4,jute
91.1,37.7,95.4,27.8,70.1,6.24,1726.7,orange
91.0,58.9,88.3,24.9,73.2,6.64,1970.3,papaya
77.5,42.0,85.8,27.4,84.8,5.41,2976.0,coffee
71.8,42.9,81.9,22.2,76.1,5.96,3000.2,coffee
117.2,48.9,54.7,27.1,79.3,6.02,2901.3,rice
74.4,41.5,69.6,23.0,65.5,5.54,1423.8,orange
40.5,37.8,32.7,18.9,61.3,7.0,620.4,lentil
70.5,39.4,84.7,25.0,72.1,5.96,1600.3,papaya
103.6,50.4,46.7,20.0,62.6,7.04,965.0,wheat
63.5,30.3,67.8,10.7,64.3,6.2,1798.1,apple
120.6,48.6,89.7,31.5,79.0,6.94,1781.8,banana
71.6,42.8,126.2,28.0,88.6,6.02,2662.6,coconut
64.5,31.8,60.5,9.5,76.1,6.35,1802.3,apple
70.8,49.2,83.1,29.0,61.8,5.89,1225.3,orange
10.2,33.5,31.9,31.8,44.2,6.47,529.2,mothbeans
86.9,60.0,38.2,21.3,64.7,7.28,823.7,wheat
58.3,45.4,59.5,16.0,64.3,6.43,1444.4,apple
67.9,42.4,63.3,25.2,68.4,6.26,1272.7,apple
42.8,51.5,35.5,28.3,80.1,5.88,1040.1,blackgram
98.3,47.4,92.2,33.3,49.6,7.09,1123.5,cotton
57.5,33.3,66.6,30.4,53.4,6.88,1677.5,mango
89.9,44.5,69.6,23.9,65.2,6.7,1919.4,orange
126.7,44.2,45.1,24.8,72.3,6.45,1244.7,maize
52.6,44.0,88.6,25.5,84.3,5.4,3559.8,coffee
68.0,38.3,56.5,30.2,58.1,6.46,1508.6,mango
34.9,78.0,52.3,24.3,58.3,6.15,1066.3,kidneybeans
77.0,68.8,68.1,27.5,74.6,6.24,836.2,watermelon
38.1,55.8,42.7,21.4,49.9,7.15,695.8,chickpea
35.9,76.2,50.8,23.6,70.8,6.8,1224.6,kidneybeans
71.1,38.0,56.9,27.2,63.8,7.02,1197.4,pomegranate
100.0,57.0,93.0,30.2,58.0,6.4,1043.1,cotton
26.3,51.2,28.8,27.9,72.2,6.9,1383.0,blackgram
28.6,62.9,35.4,20.6,53.5,6.38,910.2,chickpea
59.9,31.3,84.8,23.6,65.0,7.02,807.3,grapes
90.2,60.9,117.6,29.5,78.8,6.73,2074.1,banana
99.7,50.8,84.1,30.0,58.3,6.48,706.0,watermelon
21.4,33.6,26.5,33.4,49.3,6.56,351.4,mothbeans
54.7,38.9,88.4,22.6,54.7,7.21,1153.5,grapes
76.3,41.6,91.1,22.4,85.6,5.66,2039.0,coffee
57.6,28.7,56.5,18.1,63.4,7.02,1445.0,apple
123.9,48.6,56.8,24.9,91.4,5.78,2807.8,rice
126.3,61.8,130.5,27.2,77.9,6.35,2256.9,banana
27.7,51.6,36.7,32.7,74.0,6.41,1024.7,blackgram
99.9,64.6,79.4,23.3,78.5,7.34,1650.7,papaya
64.3,45.9,82.9,27.7,78.0,5.7,1969.2,coffee
117.6,44.2,42.0,28.0,84.6,6.16,2978.4,rice
44.2,63.1,30.1,18.8,57.2,6.34,646.7,chickpea
62.9,46.9,98.5,21.3,80.6,5.92,2496.2,coffee
92.9,55.5,98.1,32.1,52.3,6.34,1245.5,cotton
103.7,51.5,33.4,29.4,73.3,6.82,1442.9,maize
90.2,54.3,40.9,31.2,85.7,6.48,2602.3,rice
54.0,46.4,32.5,18.2,49.8,6.8,715.0,wheat
63.5,44.2,66.1,25.4,49.8,7.19,1444.3,pomegranate
68.1,50.8,76.3,24.3,68.4,6.28,1831.2,orange
69.0,45.5,29.8,17.3,65.5,6.88,941.9,wheat
31.1,38.4,43.0,27.1,58.0,6.74,1273.8,pigeonpeas
93.5,45.8,92.2,32.2,81.3,6.66,2571.4,papaya
90.2,44.6,76.7,28.1,86.1,6.14,2905.0,jute
36.6,32.3,23.3,22.3,56.1,7.0,894.6,chickpea
102.1,49.5,50.7,22.0,67.7,6.21,1348.7,maize
53.0,34.8,122.2,28.3,91.2,6.8,2044.6,coconut
28.7,40.2,36.6,24.7,69.1,6.44,737.6,blackgram
101.8,60.2,61.5,26.3,85.2,5.39,2385.0,rice
72.6,39.4,60.0,22.9,61.2,6.93,1850.9,apple
87.1,63.6,39.8,23.5,66.7,7.12,1128.3,maize
117.3,54.8,46.2,27.5,79.3,6.44,2940.2,rice
18.0,77.1,58.7,25.5,63.9,6.63,1156.7,kidneybeans
93.8,40.9,133.0,26.8,78.0,6.77,2484.9,banana
94.6,67.3,86.6,24.8,52.8,6.87,740.9,cotton
62.8,58.9,84.4,23.2,70.7,6.39,1484.4,orange
81.1,46.9,98.0,25.5,76.1,6.04,3432.8,coffee
128.5,63.7,76.7,31.5,64.6,5.88,859.2,cotton
53.6,35.3,66.0,29.6,50.5,6.26,1303.0,mango
54.7,41.8,132.6,32.2,76.0,6.49,2366.7,coconut
69.8,41.9,82.5,24.4,68.3,6.58,1623.7,orange
116.4,34.2,40.8,21.1,70.4,6.41,852.1,maize
38.8,42.7,33.2,28.3,47.7,7.16,767.4,chickpea
86.1,41.7,39.7,20.3,59.7,7.02,949.1,wheat
26.9,39.6,33.4,22.8,52.2,6.88,1025.8,pigeonpeas
84.5,41.9,122.7,33.6,83.5,6.6,2640.9,coconut
80.9,32.3,88.7,26.6,66.0,6.58,1173.2,grapes
107.1,56.1,46.3,25.5,82.4,6.58,2574.4,rice
40.6,44.9,55.9,16.8,66.5,6.16,1683.3,apple
107.3,58.8,59.4,25.0,91.7,6.29,2252.5,jute
45.0,47.5,97.1,24.9,74.3,5.51,2464.0,coffee
70.6,30.8,68.2,29.1,45.8,6.65,1849.6,mango
107.8,66.5,69.2,25.2,91.6,6.16,2835.0,rice
25.4,63.0,56.6,20.6,63.0,6.46,1282.4,kidneybeans
97.3,47.6,64.3,27.6,63.2,6.18,896.1,maize
84.2,54.6,64.4,26.8,79.3,6.7,927.0,maize
33.5,30.3,29.4,18.7,45.7,7.25,767.2,lentil
31.4,50.1,38.8,32.0,77.7,7.05,1182.5,blackgram
71.6,53.0,109.4,29.5,65.7,6.98,567.5,muskmelon
103.2,45.2,70.6,29.2,88.6,6.06,2125.8,rice
19.4,35.5,25.0,15.2,58.1,6.99,778.5,lentil
33.0,47.9,40.1,31.7,63.7,7.42,693.3,mungbean
70.0,42.4,50.4,17.4,72.6,6.46,1521.4,apple
91.4,46.4,60.4,22.0,74.1,5.98,1206.2,maize
97.2,54.4,113.3,28.0,81.2,6.55,2412.9,banana
99.0,40.8,40.2,18.3,69.8,6.63,990.2,wheat
87.8,54.6,65.5,30.2,66.7,6.5,548.5,muskmelon
39.1,36.8,24.5,35.1,61.1,6.18,1272.5,pigeonpeas
28.4,36.7,30.2,28.8,62.1,6.76,961.3,mungbean
107.2,52.9,53.8,29.9,71.5,5.73,1097.1,maize
72.8,55.1,82.8,36.8,75.4,6.49,1991.8,papaya
31.9,46.4,32.4,26.7,68.2,6.54,940.9,blackgram
73.8,62.3,38.1,14.4,62.6,6.48,1018.8,wheat
30.8,71.3,46.1,18.9,63.3,6.86,1319.1,kidneybeans
65.5,39.2,68.9,31.1,57.2,6.01,1748.8,mango
42.5,39.9,98.0,36.4,58.5,7.0,973.5,grapes
86.4,34.2,105.7,31.5,88.6,6.56,2714.4,coconut
119.2,56.0,84.8,30.5,68.6,6.78,1691.5,papaya
91.9,48.3,97.6,29.5,71.4,5.94,2119.8,papaya
29.1,46.3,34.0,26.9,78.6,6.67,989.3,blackgram
109.3,70.8,79.9,26.3,55.4,6.78,1015.6,cotton
29.9,66.5,39.1,18.3,75.3,6.72,1570.5,kidneybeans
84.8,63.3,76.6,29.2,70.4,6.81,1995.6,papaya
18.2,34.3,34.5,29.4,40.2,6.56,405.7,mothbeans
46.2,68.7,43.3,20.9,67.7,6.15,1476.9,kidneybeans
114.9,54.9,50.2,25.2,90.0,5.86,3005.8,rice
32.0,42.9,25.8,19.1,52.8,6.61,845.4,lentil
96.6,51.2,75.3,30.1,96.6,6.7,2536.8,jute
88.2,57.4,115.2,29.2,75.0,6.21,1563.9,papaya
37.4,42.3,32.8,26.6,61.3,6.47,917.4,pigeonpeas
23.7,38.4,39.5,26.1,56.1,6.74,594.0,mungbean
42.5,45.6,26.7,35.8,73.4,7.48,899.2,blackgram
107.7,55.2,97.9,34.0,69.6,6.49,2527.0,papaya
26.9,44.8,31.5,17.7,50.4,6.66,1056.0,lentil
88.1,53.3,41.4,26.1,65.0,6.45,1165.4,maize
36.7,29.7,31.6,23.1,64.4,7.26,1118.2,pigeonpeas
30.9,54.3,35.7,19.6,43.7,6.71,812.6,chickpea
85.0,52.1,93.1,20.9,76.9,5.84,2429.6,coffee
100.2,66.1,75.0,35.1,59.8,6.3,950.1,cotton
33.2,52.6,22.5,25.0,62.7,6.08,1074.4,pigeonpeas
32.7,28.3,42.7,30.1,63.9,6.34,1335.0,pigeonpeas
91.1,45.8,105.7,30.0,87.5,6.08,2058.4,banana
54.9,52.9,84.5,20.9,69.7,6.68,479.3,muskmelon
105.1,68.0,114.6,24.5,75.5,6.26,2634.6,banana
35.5,34.6,36.7,26.7,51.5,7.01,889.5,chickpea
53.0,39.1,40.4,24.9,65.1,6.23,1722.6,mango
28.2,50.0,38.6,28.9,72.2,6.1,1019.1,mungbean
57.0,34.5,75.2,31.6,68.0,6.43,1153.4,pomegranate
60.1,38.4,64.8,27.9,66.6,6.42,1624.5,mango
109.6,58.0,53.2,26.1,87.3,6.2,2170.2,rice
96.6,35.8,78.5,20.0,77.1,5.34,2359.5,coffee
104.0,48.2,86.6,28.2,79.8,6.71,1581.7,papaya
88.1,52.5,104.7,24.0,66.0,5.41,2612.0,coffee
99.4,41.6,75.8,35.5,80.7,6.74,2598.6,jute
33.3,59.4,35.6,27.4,60.8,6.16,757.8,mungbean
128.3,58.3,77.6,30.5,58.3,7.4,1108.4,cotton
49.3,60.2,40.6,22.6,62.6,6.34,920.7,kidneybeans
55.4,42.8,56.2,20.0,52.2,6.43,1604.6,apple
101.8,52.4,37.3,17.4,72.8,6.65,695.6,wheat
58.3,33.3,76.5,24.8,56.5,7.02,718.9,grapes
45.9,41.9,55.1,35.0,62.9,6.76,1487.3,mango
123.9,45.5,62.2,29.5,59.7,7.37,1312.9,cotton
51.0,45.9,84.8,28.1,65.4,6.96,1311.0,pomegranate
32.1,40.7,31.2,18.1,57.5,7.33,722.3,lentil
79.5,52.8,117.3,29.8,67.6,6.56,792.3,muskmelon
129.7,49.4,111.0,29.5,87.2,6.05,2033.5,banana
55.6,18.3,92.5,30.5,78.0,6.06,2136.9,coconut
78.4,57.0,52.8,26.8,62.4,5.47,1984.2,orange
82.4,56.8,97.6,31.1,60.1,6.85,514.1,muskmelon
69.5,52.6,56.1,26.3,53.1,6.7,1031.5,pomegranate
103.3,56.6,85.7,29.3,69.8,7.05,1349.6,cotton
87.3,42.3,59.5,26.5,69.9,6.4,1255.0,maize
65.9,40.4,127.0,31.0,84.8,6.27,2083.7,coconut
29.2,47.4,31.6,23.3,68.7,6.53,731.8,mungbean
81.4,46.6,75.2,25.4,72.8,5.39,1496.2,orange
94.8,61.5,80.0,22.8,54.3,6.76,1409.5,cotton
120.9,50.9,62.9,28.0,46.3,6.38,1009.2,cotton
81.9,52.8,97.3,19.5,75.0,5.26,2331.5,coffee
79.2,35.6,55.7,39.9,53.3,7.11,1099.2,pomegranate
14.0,42.1,40.4,28.8,61.6,6.96,905.3,mungbean
53.9,48.8,58.2,19.6,52.2,6.28,1855.1,apple
33.7,48.8,30.6,20.2,62.0,6.35,681.2,chickpea
72.0,61.2,74.1,26.4,77.3,5.96,2784.3,coffee
138.2,45.3,64.8,35.1,78.4,5.91,2833.2,jute
23.9,62.9,49.3,22.6,66.2,7.11,1441.0,kidneybeans
42.0,45.3,32.1,29.9,66.0,6.82,1071.4,mungbean
49.5,36.6,130.5,26.9,92.3,6.54,3214.9,coconut
27.7,67.8,46.8,22.8,60.6,6.33,1328.8,kidneybeans
23.1,21.4,18.6,29.2,41.5,6.72,486.1,mothbeans
55.5,33.7,64.7,30.6,56.0,5.9,1610.2,mango
124.9,45.0,96.8,31.1,62.6,6.45,883.6,cotton
93.8,59.9,96.7,20.9,83.1,6.66,2176.4,papaya
46.6,47.3,83.9,28.6,84.7,5.39,2194.3,coconut
37.9,32.2,40.3,23.1,64.3,6.41,972.7,mungbean
30.9,41.2,38.4,21.8,69.9,6.82,1475.4,pigeonpeas
63.6,54.0,55.1,33.5,60.1,6.41,1203.3,mango
71.0,59.5,71.4,27.4,69.8,6.34,1612.2,orange
129.6,81.9,53.9,33.8,80.3,6.79,2958.3,jute
72.0,44.4,113.3,22.4,81.1,5.24,2731.8,coffee
93.6,43.9,32.1,18.9,66.4,7.09,1197.5,wheat
109.6,51.7,68.7,26.1,64.1,6.5,812.9,cotton
35.9,58.3,50.3,21.5,63.9,7.11,1162.8,kidneybeans
60.4,52.2,96.5,21.8,73.0,5.28,2429.2,coffee
46.9,48.9,60.3,30.0,58.4,7.32,1047.7,pomegranate
96.6,59.7,44.8,24.5,63.7,6.62,821.8,maize
26.3,60.3,34.8,30.3,67.7,6.93,1357.7,blackgram
71.2,51.9,104.5,28.0,60.3,6.1,757.7,watermelon
129.7,45.1,53.5,31.1,86.1,7.34,2879.1,jute
76.9,64.4,93.5,29.9,67.3,6.4,794.0,watermelon
134.4,51.7,83.7,30.2,45.5,6.42,1122.9,cotton
25.4,24.9,35.4,19.0,42.6,7.2,792.1,lentil
78.3,30.2,102.2,30.9,45.4,7.04,1135.6,grapes
67.9,34.8,136.7,28.2,87.9,6.44,3018.6,coconut
54.6,65.8,120.4,26.3,63.3,6.51,666.8,watermelon
78.4,57.2,89.6,26.7,61.3,6.83,766.0,muskmelon
43.9,49.2,34.8,22.5,48.5,6.95,1036.1,chickpea
17.7,22.7,32.1,31.8,34.3,7.74,413.1,mothbeans
61.8,31.9,58.2,32.5,59.3,6.51,2175.2,mango
39.4,59.6,39.8,27.7,72.1,6.79,1133.7,blackgram
124.1,54.4,64.7,23.6,91.6,5.78,2299.8,rice
34.4,40.2,30.8,18.0,44.3,6.72,840.9,chickpea
63.1,26.8,56.2,25.9,60.1,6.76,1685.4,mango
75.7,52.2,63.0,24.1,60.6,6.69,2123.1,orange
81.5,64.8,64.9,25.4,62.8,7.12,998.4,cotton
69.7,75.7,104.9,25.6,68.4,6.47,923.7,watermelon
97.3,46.9,97.6,27.3,70.7,6.39,2000.0,papaya
21.2,36.7,21.4,36.2,39.7,7.48,371.7,mothbeans
33.6,62.3,31.7,33.7,60.6,6.35,934.4,blackgram
51.9,41.9,50.3,31.2,55.5,7.14,2031.7,mango
122.7,47.3,66.2,29.1,60.5,7.39,977.9,cotton
99.5,42.2,98.9,27.3,76.4,6.65,1836.5,banana
100.1,39.1,37.6,18.0,64.6,6.98,1195.1,wheat
15.1,42.6,29.8,28.6,69.0,7.47,1245.3,pigeonpeas
51.2,52.7,93.8,24.9,80.6,5.47,2603.8,coffee
99.2,53.8,84.0,24.2,74.1,6.48,1778.4,papaya
26.4,35.8,39.6,18.4,52.7,6.33,560.3,lentil
82.2,57.5,72.7,26.0,73.4,6.94,2509.7,rice
71.2,58.8,96.7,29.5,63.6,6.33,592.7,muskmelon
114.6,56.8,99.6,27.5,77.5,6.49,1952.0,banana
72.1,36.0,135.8,30.4,82.7,5.84,2719.0,coconut
23.8,48.1,32.5,16.4,55.7,7.29,624.6,chickpea
67.2,43.5,72.0,32.7,58.8,7.07,1260.1,pomegranate
71.6,52.4,72.7,25.6,62.9,6.36,439.1,muskmelon
21.6,29.3,29.1,28.5,52.1,6.92,387.5,mothbeans
61.8,43.7,76.4,36.4,61.2,6.43,1281.3,mango
49.3,55.7,58.3,23.1,74.4,7.08,1545.8,orange
63.9,39.0,78.4,17.0,63.4,6.2,1610.0,apple
57.2,28.5,85.7,35.9,54.0,6.15,1128.6,grapes
73.6,61.1,98.5,19.0,80.9,5.25,2441.9,coffee
67.2,46.2,51.1,29.0,58.5,6.97,2478.7,mango
63.0,23.9,130.5,29.8,88.8,6.28,2836.5,coconut
86.5,46.8,34.5,18.0,78.1,7.03,963.0,wheat
128.0,62.5,63.4,27.5,77.9,5.94,2480.4,jute
104.0,56.8,40.4,21.4,62.7,5.7,1034.3,maize
128.8,49.2,77.1,36.2,52.1,6.52,1112.8,cotton
127.0,61.2,33.5,26.7,58.9,5.88,1044.6,maize
75.5,43.4,107.1,22.9,78.7,5.84,2592.8,coffee
48.0,50.6,60.8,17.1,69.1,5.82,1339.8,apple
133.2,58.9,57.2,31.0,81.2,5.97,2853.8,rice
89.7,51.8,86.0,28.6,60.6,6.31,714.9,muskmelon
26.2,33.0,32.6,21.7,54.8,6.26,670.4,chickpea
86.6,53.9,42.6,28.5,67.6,6.69,804.8,maize
119.0,55.6,61.7,33.8,80.1,5.91,2194.2,jute
53.8,43.0,62.6,25.8,60.5,6.49,991.9,grapes
88.0,42.0,67.9,21.9,70.1,5.99,1565.5,apple
52.5,38.2,41.5,23.9,64.3,7.2,1219.4,pomegranate
57.7,40.6,75.4,14.2,73.3,6.5,1669.1,apple
145.2,42.7,62.8,31.4,85.5,6.12,2809.1,jute
49.1,31.8,64.8,39.2,68.4,6.6,1482.4,mango
46.2,50.0,45.2,27.6,57.0,6.03,1129.3,blackgram
70.0,47.0,69.8,21.0,72.2,5.24,2580.5,coffee
33.9,39.1,19.3,22.7,71.0,6.72,1263.6,pigeonpeas
56.0,30.1,67.0,27.9,55.3,6.39,794.0,grapes
32.5,35.1,39.1,22.7,61.5,7.26,1182.8,pigeonpeas
114.2,44.1,56.5,27.2,85.6,6.15,3240.7,rice
97.7,82.5,103.2,29.8,66.1,6.85,778.2,watermelon
98.9,51.3,102.1,27.1,69.9,6.53,1990.0,papaya
47.6,37.7,46.9,29.5,71.1,6.81,995.7,blackgram
95.4,59.0,79.4,33.2,73.2,6.58,1736.2,papaya
115.8,51.5,37.9,26.2,66.3,6.33,739.8,wheat
95.6,37.7,125.4,31.1,78.2,5.99,2509.9,banana
40.6,52.7,118.3,31.0,89.0,6.3,3096.4,coconut
86.9,50.4,52.0,24.1,59.8,6.6,1226.0,maize
34.6,46.8,41.8,27.9,64.9,7.03,659.3,mungbean
66.6,48.3,88.3,31.6,45.7,6.87,1284.3,grapes
34.9,47.6,31.5,13.9,51.6,6.77,650.1,lentil
97.4,43.1,51.0,31.0,84.8,5.77,3005.9,rice
31.8,42.0,34.4,21.4,49.4,7.65,789.6,lentil
22.6,50.4,37.3,21.9,43.2,7.47,771.7,chickpea
85.2,42.5,26.2,19.1,62.5,6.73,1171.1,wheat
115.9,47.6,127.2,26.7,77.8,6.92,1755.7,banana
43.5,43.6,34.1,27.4,64.9,7.17,1033.7,mungbean
128.6,56.1,84.9,30.8,62.5,7.03,1059.9,cotton
95.8,49.6,76.7,35.3,89.2,6.53,2590.4,jute
121.1,48.1,88.0,33.9,53.4,6.51,961.7,cotton
125.7,40.5,111.5,27.5,80.8,5.87,1802.6,banana
100.1,39.6,39.3,19.9,69.5,6.94,581.0,wheat
98.5,54.6,58.6,26.1,79.8,5.76,2486.9,rice
68.2,36.1,73.3,32.5,38.0,6.09,893.9,pomegranate
41.9,47.4,31.4,31.0,55.0,6.93,1170.6,pigeonpeas
61.4,23.8,79.6,13.9,61.7,6.26,1384.8,apple
131.9,61.7,76.9,26.8,73.2,6.44,2138.8,papaya
111.5,47.4,58.5,24.4,68.7,6.34,1124.9,maize
114.5,43.5,61.1,27.5,90.9,5.88,2539.6,rice
111.5,67.3,75.6,24.9,90.1,6.19,2811.4,rice
72.0,46.0,82.7,36.9,55.4,6.86,1079.1,cotton
126.6,57.6,70.8,32.3,78.7,6.8,2632.3,jute
95.2,51.2,92.1,27.5,69.2,6.47,1996.0,banana
91.8,50.5,89.7,35.1,63.3,7.24,1021.4,cotton
20.6,38.2,28.8,28.4,42.1,7.1,305.0,mothbeans
69.6,46.3,38.1,19.0,64.4,6.72,832.2,wheat
114.1,64.2,63.1,25.1,78.4,6.34,2757.0,rice
24.9,38.8,25.3,21.7,58.5,6.69,617.2,lentil
34.5,59.7,44.8,16.7,70.6,6.12,1292.2,kidneybeans
90.2,51.8,40.8,21.8,59.1,6.61,1089.5,wheat
86.5,46.2,72.3,29.6,80.2,6.27,3029.6,rice
101.6,58.0,80.2,21.4,77.8,6.64,2231.5,papaya
119.7,51.3,82.8,30.1,55.5,6.99,1182.4,cotton
86.2,56.2,39.9,14.0,66.6,6.78,1043.7,wheat
26.6,48.1,29.6,32.8,71.1,6.19,1339.3,pigeonpeas
90.1,57.4,85.8,30.1,67.8,7.05,667.7,watermelon
71.6,41.6,68.9,13.1,70.5,6.79,1662.6,apple
77.3,54.2,83.4,33.5,55.9,6.05,2044.4,orange
57.0,54.5,94.6,20.2,67.4,5.71,2702.4,coffee
87.4,53.8,105.3,26.6,68.9,6.3,755.2,watermelon
88.8,53.2,90.6,30.8,71.5,6.45,1643.7,papaya
81.9,27.2,56.9,33.2,52.1,6.34,1256.9,mango
109.2,48.1,79.5,30.6,73.5,7.0,1254.6,cotton
55.1,50.5,57.4,16.7,73.2,6.18,1525.6,apple
85.5,53.6,78.1,28.7,59.9,7.24,1240.5,cotton
84.3,61.6,80.6,25.2,82.8,5.41,2970.3,coffee
31.2,72.0,47.7,15.3,68.8,6.43,1321.9,kidneybeans
114.2,50.6,30.1,21.4,47.5,6.49,1003.3,wheat
123.0,50.0,54.9,23.1,82.9,6.31,2029.4,rice
13.3,23.3,34.7,36.1,36.9,6.43,628.6,mothbeans
118.7,54.8,86.7,24.9,70.7,6.61,2326.1,papaya
27.7,45.2,33.6,26.8,71.9,7.07,1234.2,mungbean
66.2,32.6,60.0,22.1,54.0,6.39,937.4,grapes
69.7,32.7,56.7,25.9,54.5,6.49,1622.4,mango
27.9,45.2,31.6,24.4,63.9,6.93,965.5,blackgram
24.7,42.3,32.3,27.4,71.7,7.14,770.7,mungbean
65.6,41.9,66.7,33.9,51.3,6.42,1955.3,mango
78.0,59.2,102.6,32.0,54.1,6.5,758.1,muskmelon
72.6,42.1,101.9,27.5,75.2,5.61,2975.5,coconut
77.9,63.3,102.8,29.1,64.3,6.56,486.1,muskmelon
99.0,58.4,38.6,16.9,54.1,6.31,978.1,wheat
87.0,37.9,58.4,28.8,64.1,6.09,920.8,maize
95.4,49.2,100.1,28.9,87.0,5.9,1973.7,banana
94.0,45.8,69.7,19.1,66.9,6.99,1729.5,orange
135.2,49.7,78.9,27.3,71.3,6.48,1892.0,papaya
48.4,39.3,64.7,24.9,60.6,6.41,1327.9,mango
71.9,36.8,135.0,27.9,90.8,6.59,2033.9,coconut
19.6,57.4,41.2,17.3,57.6,7.13,787.8,chickpea
92.0,44.6,41.8,18.0,52.6,7.01,1385.8,wheat
55.6,38.9,41.0,17.9,49.9,6.83,1035.4,wheat
65.4,27.6,117.7,33.2,80.8,6.56,2564.8,coconut
102.1,74.7,102.3,30.8,81.1,6.86,2166.1,papaya
90.2,48.6,94.1,28.1,74.3,6.34,1645.6,papaya
66.9,36.4,71.8,26.9,61.3,6.28,1506.9,mango
60.5,43.2,37.8,16.8,65.1,6.9,1505.7,wheat
37.5,67.1,45.9,20.2,61.1,6.6,1497.8,kidneybeans
36.5,34.5,31.6,29.7,57.3,6.38,1233.7,pigeonpeas
91.9,44.6,59.8,25.4,99.8,6.04,2243.1,rice
30.1,50.9,44.2,17.7,53.3,5.88,714.9,chickpea
42.7,38.8,80.7,30.7,62.8,7.23,938.5,grapes
92.0,48.2,39.7,15.3,68.9,6.67,933.8,wheat
72.4,30.7,68.2,22.5,55.3,6.89,934.6,grapes
111.6,47.7,99.6,30.5,84.2,6.59,1613.7,papaya
115.4,45.2,83.1,25.1,77.6,6.38,1938.4,papaya
29.9,46.8,46.1,32.0,59.7,7.65,835.7,mungbean
24.4,34.3,42.1,29.2,75.0,7.1,719.5,mungbean
87.3,69.3,83.8,26.5,75.8,7.1,742.5,watermelon
67.6,45.5,88.5,22.7,65.4,7.13,774.0,watermelon
100.1,65.3,94.8,28.0,64.8,6.19,772.9,muskmelon
78.2,71.5,101.2,29.1,72.9,5.59,2022.4,coffee
116.2,41.0,56.1,24.0,72.6,5.84,2890.6,rice
86.6,43.2,107.3,30.3,77.7,6.42,2988.8,coconut
25.2,36.0,24.8,26.4,51.9,7.2,810.5,chickpea
95.9,56.6,88.7,30.2,72.4,6.23,1927.1,papaya
72.9,31.0,99.6,21.1,53.1,6.71,820.4,grapes
115.0,58.3,47.9,23.3,72.9,6.63,1025.8,maize
71.2,59.2,74.4,20.1,62.2,6.16,1794.2,orange
46.4,44.0,83.6,27.9,62.1,6.14,1240.4,grapes
37.0,44.4,37.4,33.2,60.1,7.26,857.7,mungbean
75.9,48.4,69.5,31.1,46.1,6.75,1225.8,pomegranate
87.1,43.8,92.1,30.2,89.5,6.64,1914.4,banana
129.7,61.5,69.3,30.6,52.4,7.55,1048.2,cotton
87.7,57.6,35.7,14.4,56.2,6.96,1116.4,wheat
38.0,57.7,38.1,24.9,56.9,6.84,1022.4,pigeonpeas
95.5,42.8,100.1,31.4,76.3,6.25,1966.7,papaya
64.5,48.3,76.2,23.2,76.4,5.76,2298.7,coffee
100.7,53.0,91.3,22.5,65.2,5.76,3450.5,coffee
82.5,56.0,85.8,37.5,42.3,6.27,939.4,pomegranate
66.7,42.9,35.0,20.1,55.2,6.57,832.0,wheat
77.3,67.4,102.7,30.8,70.5,6.38,810.9,watermelon
118.3,66.3,55.5,30.2,80.3,6.04,2749.8,rice
94.4,59.4,109.5,25.9,66.8,6.41,491.5,muskmelon
22.5,51.3,22.5,29.8,62.1,7.1,963.8,mungbean
103.1,48.4,50.1,31.8,88.9,6.54,3349.9,rice
86.6,67.0,48.3,21.5,79.2,6.61,1244.1,maize
37.0,60.9,32.7,23.9,59.8,6.8,1328.5,blackgram
88.6,59.5,99.3,28.9,68.9,7.09,577.3,watermelon
95.7,44.8,48.8,21.1,76.3,6.65,884.6,maize
56.6,39.3,86.5,39.9,53.2,6.91,1166.9,pomegranate
89.9,46.1,58.9,27.9,75.5,6.63,1343.2,orange
98.2,45.4,110.0,30.3,59.4,7.29,1049.2,cotton
69.8,60.5,52.6,29.6,68.6,7.05,1264.6,maize
87.9,66.9,80.0,22.7,67.5,6.51,1463.5,orange
106.4,56.6,49.9,21.7,83.7,6.38,757.9,maize
121.1,55.1,83.5,30.8,74.2,6.25,1471.0,papaya
93.5,60.1,54.9,22.6,73.2,6.52,1001.9,maize
61.0,30.9,60.0,33.7,56.0,6.35,1305.3,mango
61.4,44.4,108.3,22.7,61.0,6.72,793.7,grapes
34.8,47.1,30.5,33.3,59.4,6.43,936.1,mungbean
70.4,54.4,78.9,23.4,76.2,5.79,3451.4,coffee
24.1,41.0,34.4,16.8,57.0,6.83,869.6,chickpea
52.3,50.8,79.1,24.4,57.4,6.45,1083.1,grapes
114.7,49.0,57.1,24.5,89.4,6.15,2563.2,rice
96.7,50.9,84.7,25.1,61.1,6.74,1667.4,orange
95.4,50.2,118.8,28.3,81.0,6.92,2020.3,banana
31.5,59.2,45.5,33.4,73.8,6.59,1121.5,blackgram
99.6,35.5,47.6,18.4,56.9,6.21,893.1,wheat
33.4,40.2,48.4,22.4,67.5,6.52,808.5,pigeonpeas
28.2,41.2,33.5,19.5,63.5,6.88,938.1,lentil
127.7,54.0,56.4,26.6,71.4,6.26,1148.0,maize
37.5,36.2,25.7,18.6,55.8,7.02,887.8,chickpea
101.9,53.3,58.7,31.3,84.8,5.95,2598.3,rice
93.9,48.3,98.7,29.0,85.4,6.61,2178.7,banana
64.3,36.9,60.0,32.0,55.8,7.27,1636.6,mango
37.3,57.7,57.8,17.5,64.0,6.75,1060.7,kidneybeans
108.5,43.2,125.4,29.0,90.3,6.86,1750.5,banana
88.6,54.0,54.2,29.7,75.7,6.38,1399.5,maize
117.2,58.5,100.2,28.6,78.8,6.96,2368.6,papaya
73.8,60.9,77.1,31.9,61.0,6.91,849.7,watermelon
152.4,47.7,63.7,35.6,84.9,6.88,2425.7,jute
93.2,50.9,110.9,30.7,79.4,6.39,1893.0,banana
51.0,56.2,37.8,29.7,67.7,7.09,1180.9,blackgram
81.7,49.8,36.6,11.4,57.3,6.73,1584.0,wheat
92.4,46.9,65.2,33.2,67.9,6.76,1201.0,maize
34.1,78.9,46.2,18.8,68.7,7.01,1309.9,kidneybeans
63.5,40.6,59.7,26.3,47.2,7.17,1387.5,pomegranate
41.6,56.6,91.2,35.7,38.0,7.7,1365.2,pomegranate
15.1,32.0,26.1,30.5,44.3,6.77,408.2,mothbeans
60.9,29.5,44.1,24.7,58.9,7.25,1612.2,mango
94.8,41.4,69.1,26.7,79.0,5.9,2448.2,rice
25.7,25.0,28.5,27.6,39.4,7.83,665.1,mothbeans
117.4,42.2,54.2,25.6,75.9,6.96,1133.9,maize
39.6,52.0,44.1,26.3,58.8,6.78,1222.0,kidneybeans
85.5,49.3,31.5,15.4,64.5,6.59,1127.1,wheat
86.7,62.1,102.8,32.0,73.8,6.59,1685.1,banana
30.0,51.6,34.6,29.4,65.9,6.64,1080.8,pigeonpeas
63.3,45.8,82.2,24.4,72.0,6.37,1917.1,orange
27.2,35.3,38.8,26.2,41.5,6.7,638.1,lentil
85.4,49.2,126.8,26.1,67.9,6.55,704.6,watermelon
136.9,46.8,104.4,32.5,87.4,6.05,2060.9,banana
68.6,34.0,55.0,26.2,63.6,6.8,1433.9,wheat
62.3,38.2,70.4,25.6,64.3,6.33,947.9,grapes
115.4,59.7,50.4,31.6,85.4,6.35,2745.7,jute
81.1,55.6,99.0,31.1,63.4,6.4,630.3,watermelon
68.1,50.2,78.4,19.6,76.6,5.56,2682.1,coffee
36.2,62.4,41.3,28.0,72.1,6.93,1105.5,blackgram
124.5,63.0,93.9,22.7,64.3,6.91,1520.5,cotton
48.1,40.5,30.1,33.2,48.1,5.79,942.9,pigeonpeas
66.3,23.9,127.5,28.6,88.6,6.79,2520.4,coconut
36.3,25.7,23.4,30.5,44.3,6.04,528.3,mothbeans
90.9,56.1,81.3,27.2,64.0,6.51,442.5,muskmelon
75.6,37.6,108.1,29.5,85.1,7.26,2862.4,coconut
69.0,31.4,58.0,30.7,52.5,7.1,1151.5,pomegranate
80.4,40.9,90.8,26.8,69.5,6.66,2370.5,orange
28.5,45.2,25.4,24.9,53.0,7.09,851.7,chickpea
44.2,62.2,39.7,20.0,63.8,6.32,1251.0,kidneybeans
56.3,56.9,98.1,21.6,76.2,5.45,2431.1,coffee
75.5,27.1,62.4,34.9,61.2,6.11,2288.7,mango
76.7,47.9,50.5,34.5,65.0,5.92,1508.6,mango
62.1,41.2,65.4,15.5,65.9,6.95,1975.6,apple
21.5,24.4,25.3,31.3,46.1,6.62,431.1,mothbeans
72.3,37.0,60.0,33.7,59.4,6.66,2144.9,mango
25.0,41.3,29.2,20.6,63.9,6.93,781.4,chickpea
50.6,32.4,68.3,34.1,53.7,6.73,1647.5,mango
24.2,33.2,33.3,24.2,69.5,7.23,1079.6,mungbean
34.8,48.8,32.5,20.6,48.6,6.95,619.0,chickpea
84.4,50.0,83.3,26.6,67.2,5.6,2981.5,coffee
66.1,27.5,67.7,33.7,54.9,7.36,1191.9,pomegranate
37.4,42.1,136.1,28.7,88.7,5.8,2880.3,coconut
120.8,42.8,56.9,21.5,60.2,6.89,1450.5,maize
101.6,41.2,38.6,24.8,64.0,6.29,1394.1,maize
38.6,35.5,30.3,22.8,51.2,6.72,601.7,chickpea
78.5,48.0,96.0,22.8,68.3,5.61,2549.7,coffee
78.7,26.8,47.6,14.2,73.2,6.31,1724.7,apple
26.8,35.3,30.9,31.5,80.8,7.65,1051.0,blackgram
92.3,56.9,81.6,25.7,68.1,6.56,1880.4,papaya
131.9,42.6,94.4,32.7,81.6,6.62,2109.7,banana
51.7,33.1,69.2,16.3,67.4,6.41,1834.5,apple
105.0,60.0,85.8,22.1,60.7,7.29,1076.7,cotton
109.0,66.1,61.5,36.0,84.8,6.85,2887.3,jute
26.3,39.5,40.2,30.3,58.0,6.95,964.4,mungbean
108.2,44.6,43.6,18.5,64.3,7.04,1048.5,wheat
85.9,50.8,99.2,31.3,75.3,7.18,2231.7,papaya
51.3,41.3,82.1,29.2,57.8,6.26,1335.2,mango
67.1,34.6,75.4,27.6,58.5,6.69,975.4,pomegranate
35.5,40.8,40.6,25.9,56.4,6.21,793.9,pigeonpeas
29.7,30.9,36.6,27.9,57.6,7.16,849.4,mungbean
61.6,36.3,119.8,30.2,77.3,6.53,2333.9,coconut
72.7,62.0,100.7,25.9,60.5,6.76,589.4,muskmelon
67.6,58.9,91.1,28.8,78.3,6.34,1749.4,papaya
101.1,46.6,62.1,24.4,82.2,5.97,2454.8,rice
62.1,29.2,62.3,35.1,43.6,7.96,1071.0,pomegranate
80.2,31.3,74.3,32.7,66.0,6.04,921.5,grapes
122.0,55.1,59.0,26.7,78.7,5.89,2938.1,rice
104.5,42.3,51.1,24.7,73.8,6.19,2880.6,rice
71.6,24.8,124.4,26.9,82.7,6.89,2815.6,coconut
42.5,48.6,30.2,30.9,68.7,7.11,961.7,blackgram
23.2,59.8,34.4,30.5,68.0,6.91,1047.0,blackgram
59.5,49.8,112.2,24.4,63.5,6.96,518.1,watermelon
24.2,43.6,32.2,19.9,56.2,6.94,470.0,lentil
126.3,44.4,50.8,29.0,82.6,6.07,3058.9,rice
124.4,55.6,62.4,31.6,78.9,6.75,2209.8,jute
119.1,46.5,68.5,27.1,69.6,6.6,932.6,maize
63.0,48.3,47.1,27.8,71.9,6.18,1112.5,maize
71.7,36.9,65.2,24.1,59.8,6.44,1142.4,pomegranate
30.8,42.0,36.5,26.4,60.6,7.07,833.0,mungbean
38.6,57.0,46.8,18.0,66.0,6.59,904.8,kidneybeans
103.2,52.6,39.5,14.3,54.9,6.45,877.0,wheat
25.6,21.2,19.6,32.0,46.4,7.78,522.3,mothbeans
109.2,60.5,74.6,32.3,61.6,7.23,1074.5,cotton
139.5,56.7,115.4,28.4,81.3,6.09,2317.1,banana
75.7,33.2,100.8,30.9,64.7,7.37,1029.0,grapes
111.5,38.8,33.7,18.9,58.1,6.76,999.2,wheat
64.2,39.4,82.7,24.2,58.3,7.37,644.8,grapes
46.4,45.4,55.4,29.4,38.4,7.01,1091.9,pomegranate
59.9,32.2,92.5,22.7,38.6,7.33,1144.5,pomegranate
89.4,65.5,73.0,27.6,62.5,6.06,887.9,watermelon
66.5,39.8,56.3,30.2,45.2,7.0,916.5,pomegranate
90.3,47.0,51.9,27.8,90.6,6.6,2429.8,rice
76.1,44.0,72.3,15.6,64.2,6.12,1670.1,apple
58.6,45.3,67.5,26.5,64.6,5.96,1893.7,orange
99.4,56.1,67.7,22.5,72.2,6.75,1178.1,maize
78.0,53.4,76.5,29.6,66.7,6.55,1103.1,grapes
112.4,31.6,51.6,24.3,55.2,6.81,767.2,wheat
50.9,45.4,61.6,33.3,54.4,7.3,1151.8,pomegranate
124.9,60.7,63.4,30.0,85.2,6.13,2986.8,rice
67.0,28.9,77.9,32.1,46.8,6.71,1007.3,pomegranate
84.4,71.5,92.8,24.1,77.3,5.43,2678.8,coffee
93.0,48.9,83.0,19.3,83.0,5.61,2342.5,coffee
69.0,43.9,121.7,21.8,73.5,6.18,3033.6,coffee
77.3,51.2,36.1,13.3,63.0,6.34,888.8,wheat
51.6,34.0,76.8,17.0,64.3,6.33,1516.5,apple
38.1,51.7,42.7,25.4,70.5,6.45,959.1,mungbean
121.0,49.3,98.1,29.8,80.9,6.74,1949.1,banana
25.6,21.1,18.0,29.9,42.9,7.25,500.7,mothbeans
36.0,55.5,46.8,30.3,68.6,6.98,1154.3,blackgram
136.7,51.1,51.7,26.3,82.7,6.26,2564.9,jute
42.9,28.0,22.6,19.1,67.7,6.36,994.9,chickpea
56.5,43.8,97.2,31.1,61.2,6.64,1085.3,grapes
57.3,25.4,84.2,29.2,92.7,6.31,2640.9,coconut
36.3,53.9,43.6,25.9,73.4,6.79,796.2,blackgram
81.7,40.6,75.1,24.0,58.1,5.95,1830.1,mango
36.1,49.7,43.6,20.9,40.6,6.75,479.3,chickpea
113.8,55.8,112.0,34.2,75.7,7.07,2356.3,banana
58.4,44.2,67.6,31.2,67.0,6.8,2015.1,mango
122.0,48.4,66.7,35.3,84.6,5.68,3161.8,jute
59.6,35.0,79.4,14.8,62.1,6.11,1585.2,apple
31.8,65.6,28.0,28.6,55.2,6.6,1255.7,pigeonpeas
78.7,52.8,93.0,31.0,59.5,6.64,737.0,watermelon
23.1,36.1,34.9,24.2,44.9,7.96,1096.3,chickpea
31.2,33.5,22.0,25.7,47.7,7.9,270.0,mothbeans
119.6,55.8,77.8,29.9,89.8,6.7,2910.9,jute
16.7,36.3,30.4,19.3,53.4,7.44,1188.0,chickpea
122.6,62.4,69.7,31.3,77.0,6.67,2164.4,papaya
99.9,53.8,65.2,30.1,63.7,6.04,1386.7,maize
56.2,28.2,68.2,13.9,62.9,6.49,1781.4,apple
29.0,52.2,32.9,25.7,70.4,6.89,1138.7,pigeonpeas
57.9,51.9,72.2,26.8,61.2,5.42,2012.6,orange
143.9,45.1,58.1,32.3,80.8,6.4,2715.1,jute
86.7,43.2,23.7,18.6,63.9,6.68,985.2,wheat
29.8,62.8,34.7,21.5,62.6,6.39,1323.2,kidneybeans
57.4,40.8,59.9,22.4,62.0,7.58,1190.7,pomegranate
83.4,72.4,79.4,29.3,73.1,6.66,542.2,muskmelon
106.5,45.4,44.8,25.9,69.5,6.73,1192.4,maize
58.2,51.6,76.8,27.0,70.5,6.31,1123.1,orange
108.6,69.2,45.9,24.4,89.3,5.96,2128.3,rice
35.2,36.5,37.3,32.6,52.9,5.9,828.0,pigeonpeas
89.0,65.2,102.0,25.6,85.5,6.02,2376.0,banana
80.1,46.5,101.0,15.2,74.3,5.71,2417.8,coffee
47.2,70.1,39.0,23.7,68.0,6.53,1488.9,kidneybeans
20.0,38.4,34.9,30.6,43.7,7.53,510.5,mothbeans
144.4,53.5,114.9,29.1,86.3,6.78,2083.4,banana
51.2,55.0,89.1,24.2,77.2,6.11,1752.1,coffee
52.3,45.0,74.6,31.9,57.7,6.34,884.6,mango
46.3,66.7,43.2,22.8,66.8,6.27,1258.9,kidneybeans
125.1,56.1,124.5,25.7,83.5,6.36,2194.1,banana
76.4,56.3,76.8,21.8,62.8,6.56,1191.8,orange
125.7,48.9,79.3,30.9,49.6,7.68,1179.6,cotton
44.8,64.2,55.0,22.2,64.3,6.5,1027.9,kidneybeans
60.6,29.6,90.9,31.2,85.2,6.85,2624.0,coconut
67.7,49.2,78.8,31.1,58.3,6.84,755.8,pomegranate
34.8,30.1,32.6,14.9,47.9,6.21,917.2,chickpea
63.0,38.9,52.8,26.2,64.1,6.89,1759.2,mango
54.7,37.6,71.0,22.5,50.2,7.44,1273.6,pomegranate
56.4,50.7,94.1,31.9,61.2,6.5,971.1,grapes
62.5,56.7,31.6,16.7,68.2,6.85,1266.0,wheat
77.3,52.4,110.2,34.7,54.5,6.42,467.1,muskmelon
75.2,49.8,118.1,29.5,82.8,5.46,1672.0,coconut
23.0,45.4,32.5,16.1,48.4,6.65,681.8,lentil
112.1,64.9,65.1,28.5,85.3,6.56,2297.9,rice
57.3,38.7,60.8,34.0,56.0,7.15,1165.9,grapes
108.3,48.4,66.5,30.3,81.1,6.14,2466.6,rice
55.5,30.8,125.0,33.0,85.3,6.44,2696.5,coconut
79.7,56.2,133.6,30.1,53.9,6.96,742.1,watermelon
43.9,37.2,62.9,15.6,74.5,7.01,1548.3,apple
116.1,60.5,83.5,27.3,80.4,6.56,1709.1,banana
33.5,44.0,32.9,34.9,33.8,7.18,594.2,mothbeans
53.0,56.8,76.1,29.7,47.0,7.18,1464.9,pomegranate
42.3,43.3,76.7,35.2,68.2,6.19,1542.4,mango
75.6,41.5,63.5,22.9,65.3,6.96,2156.2,orange
121.0,46.4,45.9,19.9,64.3,6.59,1285.7,wheat
55.8,41.6,119.5,29.6,83.0,5.67,2784.2,coconut
76.3,30.5,57.0,35.5,71.7,6.29,1619.5,mango
35.3,32.4,38.7,31.9,53.0,6.68,1158.4,pigeonpeas
101.0,44.6,94.1,32.4,69.4,7.04,2308.4,papaya
121.6,60.6,61.3,23.0,75.4,6.16,1701.2,rice
27.7,51.3,36.5,21.4,54.8,7.03,717.1,lentil
28.1,34.4,26.7,18.8,45.3,6.26,586.1,lentil
14.9,42.8,29.7,14.6,44.7,6.79,620.2,lentil
73.1,42.1,101.8,20.1,87.6,5.48,2673.7,coffee
34.7,40.7,29.7,18.2,55.6,6.67,679.4,lentil
111.4,59.3,58.5,25.6,88.2,6.25,1711.8,rice
28.6,46.2,20.6,31.9,62.6,6.79,1107.3,pigeonpeas
34.1,44.4,24.5,27.4,60.0,6.95,815.2,mungbean
116.2,42.5,88.2,29.6,80.8,6.27,1828.4,banana
28.5,58.3,30.6,31.0,51.9,7.29,1214.1,pigeonpeas
23.8,76.1,40.8,24.8,67.9,6.93,944.7,kidneybeans
22.9,40.1,39.9,25.3,60.4,6.42,758.3,mungbean
35.8,41.7,44.9,34.2,78.0,6.65,1137.4,blackgram
40.2,51.0,40.1,28.1,72.0,7.26,1042.5,blackgram
113.8,47.8,44.4,23.8,70.6,6.61,1240.5,maize
95.4,63.1,65.3,28.2,85.5,6.4,2605.8,rice
111.7,52.5,89.0,21.2,84.1,6.31,2233.0,papaya
25.2,38.6,38.2,30.0,67.0,6.39,733.1,mungbean
35.8,65.9,40.3,18.1,61.9,6.17,1231.3,kidneybeans
101.2,43.2,108.9,33.5,79.6,6.63,1906.9,banana
30.7,46.5,26.5,35.1,52.3,6.88,828.2,mungbean
27.3,48.5,25.3,34.0,70.9,6.74,1087.6,blackgram
68.1,43.5,57.4,17.8,64.2,6.35,1959.5,apple
58.0,36.3,53.9,19.5,71.0,6.28,2187.8,apple
102.7,53.7,116.3,23.5,62.1,6.26,759.5,watermelon
41.5,44.5,85.2,29.5,50.9,5.88,713.7,grapes
88.9,37.9,96.3,28.6,66.7,6.56,783.3,grapes
65.8,36.9,134.7,33.4,85.3,6.84,2859.4,coconut
111.5,39.4,28.9,19.6,61.1,6.51,1041.5,wheat
37.6,58.0,49.5,18.7,67.6,7.25,865.7,kidneybeans
70.0,51.3,67.9,22.4,63.2,6.74,1673.4,orange
65.4,33.3,73.1,32.3,46.6,6.72,1552.0,pomegranate
82.3,56.0,95.3,28.5,57.0,6.34,574.5,muskmelon
90.1,66.9,67.9,22.8,74.4,6.04,1642.5,orange
102.8,71.3,118.5,27.9,66.4,6.62,1721.5,papaya
116.6,51.1,48.9,24.5,68.6,6.94,1100.2,maize
72.1,51.3,53.9,24.8,65.1,6.04,1992.2,orange
82.8,65.2,94.3,31.7,54.9,6.53,602.4,muskmelon
68.4,34.1,54.8,34.0,78.8,6.69,1863.1,mango
26.9,24.4,30.9,17.4,33.2,6.65,769.6,lentil
77.5,31.5,90.9,17.9,69.7,5.36,2454.7,coffee
23.1,39.7,22.0,18.8,58.4,6.59,569.4,lentil
56.6,42.3,62.5,31.6,65.7,7.39,1379.2,pomegranate
84.8,49.1,32.8,14.5,61.0,6.43,969.8,wheat
30.7,41.0,43.9,25.1,77.9,6.7,784.0,blackgram
23.5,50.9,37.4,19.8,46.3,6.86,743.2,lentil
75.0,36.0,90.9,31.5,66.3,6.93,799.1,muskmelon
106.9,52.9,49.9,29.2,68.8,6.56,1029.3,maize
107.0,54.3,68.5,30.7,56.2,6.21,1180.8,cotton
30.2,43.4,37.1,19.1,46.6,6.97,611.3,chickpea
61.5,32.2,74.2,32.0,65.2,6.91,1430.8,mango
18.5,31.9,13.5,34.0,37.8,6.49,381.1,mothbeans
38.2,39.8,35.5,27.9,56.6,6.52,944.0,pigeonpeas
75.4,50.8,64.5,27.1,68.3,7.0,1758.6,orange
62.9,43.7,85.1,23.7,85.5,6.2,1894.4,coffee
19.0,39.9,28.8,19.9,56.8,6.62,542.2,lentil
27.1,39.8,19.7,18.7,46.9,6.55,549.0,lentil
98.8,59.0,47.7,24.4,65.2,6.5,1125.6,maize
15.9,45.4,34.7,23.6,46.5,7.66,698.1,chickpea
81.9,55.7,86.7,27.1,60.4,7.11,976.2,grapes
125.8,67.3,79.6,33.6,85.1,6.08,2254.6,jute
117.5,58.1,47.6,28.8,73.3,5.97,807.3,maize
23.0,35.6,29.5,20.0,52.1,6.46,728.5,lentil
40.4,35.5,40.1,15.1,44.3,6.66,843.4,lentil
109.7,56.2,85.7,28.2,66.5,6.17,2398.6,banana
142.5,47.9,59.8,33.7,76.4,5.95,2218.4,jute
103.4,46.2,50.5,26.8,87.5,6.15,2482.6,rice
36.5,65.1,38.1,22.2,64.3,6.72,1284.3,kidneybeans
43.8,59.4,49.8,20.5,60.9,7.04,1199.3,kidneybeans
108.4,56.7,45.5,26.5,85.4,6.28,2436.8,rice
136.6,37.8,54.7,33.3,84.4,6.77,3194.4,jute
41.7,40.4,42.0,26.2,53.2,6.12,1362.1,pigeonpeas
39.7,68.0,54.5,22.2,65.8,6.82,1416.7,kidneybeans
103.4,43.8,53.0,25.8,67.9,6.51,1309.9,maize
17.9,54.0,19.7,19.3,41.9,6.09,573.3,chickpea
18.3,29.4,13.5,31.2,32.7,7.12,568.3,mothbeans
101.1,38.0,92.5,29.6,68.9,6.6,543.8,muskmelon
72.4,35.0,54.7,31.4,49.2,6.73,1285.3,pomegranate
14.8,31.2,27.5,28.8,38.7,7.55,559.7,mothbeans
148.9,57.0,118.3,28.0,80.6,6.2,1986.5,banana
47.0,53.1,103.5,30.3,92.2,7.2,2739.9,coconut
86.9,54.0,70.1,20.9,61.0,5.96,1699.6,orange
39.0,45.0,83.3,25.2,52.8,6.85,1038.0,pomegranate
31.6,51.4,41.0,20.9,64.9,6.64,1068.7,kidneybeans
67.8,44.9,65.8,28.2,60.1,6.47,1657.0,mango
80.8,41.9,79.0,28.7,63.4,6.62,733.1,muskmelon
138.1,58.9,37.9,25.4,53.1,6.34,1102.9,maize
53.6,42.6,92.1,27.9,51.6,6.63,1108.5,grapes
104.4,43.4,51.9,23.0,78.6,5.97,2762.4,rice
13.5,47.6,38.3,33.2,55.8,6.33,886.1,pigeonpeas
83.4,37.3,62.1,24.2,84.1,6.13,2678.1,rice
23.4,38.0,24.0,17.1,53.9,7.19,804.7,chickpea
136.6,51.5,108.5,30.0,51.5,7.15,1099.8,cotton
124.5,67.4,43.8,29.7,92.3,6.34,2553.2,jute
83.5,51.1,133.9,22.3,73.8,6.37,824.0,watermelon
78.1,55.5,107.1,26.1,73.9,6.59,2194.6,papaya
69.1,51.8,104.2,18.8,78.7,5.58,2470.5,coffee
30.0,53.5,34.7,23.1,51.3,6.6,469.6,chickpea
83.2,63.3,114.2,28.4,74.1,6.68,2209.4,papaya
109.5,52.8,88.7,37.1,63.2,6.92,1077.1,cotton
101.8,72.4,97.7,31.2,81.9,6.91,2219.3,papaya
46.6,46.6,24.2,35.4,61.5,6.14,971.4,blackgram
33.0,50.3,42.3,22.2,60.6,7.15,611.3,lentil
35.0,44.5,33.8,18.2,61.4,7.43,661.0,lentil
33.2,70.5,37.0,21.8,58.8,6.28,1366.0,kidneybeans
33.8,36.6,26.0,31.1,65.6,6.96,1009.3,blackgram
97.7,45.3,99.2,31.7,75.3,6.69,1841.4,papaya
109.3,62.5,89.4,26.5,79.8,6.71,2118.4,papaya
128.4,50.0,76.6,24.5,79.6,5.98,2384.7,banana
91.6,44.6,110.1,29.5,59.8,6.49,652.8,muskmelon
104.2,49.1,70.4,27.0,86.1,6.11,2136.7,jute
69.1,59.7,90.3,16.4,64.3,5.95,2558.2,coffee
129.6,47.1,57.6,35.7,83.1,6.74,2378.3,jute
80.1,48.3,81.7,23.6,73.9,6.09,1843.8,orange
54.3,47.4,52.5,32.2,60.7,6.81,1560.0,pomegranate
28.6,54.9,35.5,18.8,67.9,5.88,1043.7,kidneybeans
25.2,47.0,30.7,19.6,40.0,6.92,640.7,lentil
57.1,36.7,127.8,31.4,90.5,6.49,3335.3,coconut
141.5,59.0,60.1,28.3,84.6,6.34,2835.7,jute
56.0,35.7,94.2,27.9,80.9,6.34,2665.8,coconut
62.4,54.5,72.6,33.8,55.4,6.81,583.9,muskmelon
45.0,68.1,37.0,20.1,64.1,6.1,1107.0,kidneybeans
74.6,52.1,37.8,18.7,52.5,7.65,1136.7,wheat
58.6,41.0,53.1,34.4,58.9,6.81,1128.9,mango
18.9,25.6,17.1,32.4,45.3,6.75,582.1,mothbeans
88.7,68.2,92.5,35.3,75.9,7.12,1662.7,papaya
71.0,43.9,61.0,37.4,55.1,7.43,1230.0,pomegranate
29.1,36.9,42.5,28.4,68.3,6.64,1215.7,blackgram
128.2,56.1,80.2,33.6,60.5,6.87,1277.8,cotton
21.5,44.0,28.1,35.3,42.1,6.63,529.8,mothbeans
21.5,32.3,41.4,20.0,43.3,7.47,513.7,lentil
70.3,52.7,85.2,24.1,65.7,6.33,475.5,muskmelon
90.5,47.0,79.1,30.3,60.8,6.27,767.4,muskmelon
14.9,35.1,36.1,29.1,39.0,7.02,500.8,mothbeans
100.1,56.1,71.3,20.7,64.8,6.55,1670.6,orange
47.6,41.6,115.1,27.4,79.4,6.21,2640.8,coconut
62.9,61.7,103.6,28.3,69.2,6.48,657.1,watermelon
68.6,22.9,105.0,27.6,86.4,6.95,2655.5,coconut
28.0,48.1,49.3,30.6,67.8,5.91,1123.8,blackgram
45.2,62.2,39.2,18.7,66.9,6.21,1078.9,kidneybeans
64.4,47.2,56.9,16.4,62.4,6.72,1747.6,apple
124.6,49.8,49.5,32.2,82.6,6.63,3618.9,jute
67.1,31.4,132.2,27.4,76.3,6.12,2454.9,coconut
122.7,70.1,54.6,27.5,85.4,5.77,2088.7,jute
100.2,53.4,72.0,25.2,89.2,6.26,2278.0,rice
101.3,42.7,36.2,26.9,65.4,7.34,1006.6,maize
31.3,24.9,32.3,25.9,46.6,6.5,357.8,mothbeans
107.8,56.5,57.8,28.5,95.6,6.13,1629.5,rice
18.8,54.5,37.8,24.4,55.7,7.05,829.1,chickpea
103.6,60.3,91.4,27.2,68.4,6.44,765.3,watermelon
66.5,32.6,87.3,28.6,58.7,7.25,1095.2,grapes
21.3,49.0,35.5,25.4,69.7,6.83,744.1,mungbean
73.2,34.9,71.1,33.0,50.1,6.5,1428.5,pomegranate
122.4,49.8,108.6,26.8,86.2,6.32,2181.8,banana
95.1,53.1,121.1,25.1,80.6,7.18,1739.6,banana
30.0,47.5,30.9,18.0,48.0,6.62,834.1,lentil
103.8,46.4,47.0,13.1,63.1,6.52,588.5,wheat
113.5,49.6,93.4,29.1,76.8,6.78,1757.5,banana
61.4,36.2,45.9,14.8,71.2,6.51,1467.5,apple
96.2,54.2,84.3,28.6,50.4,6.91,933.0,cotton
31.2,65.6,41.3,15.1,61.6,6.4,1404.7,kidneybeans
77.9,54.4,96.4,16.8,84.2,5.35,2443.1,coffee
97.2,49.9,56.6,22.0,70.1,6.74,1143.8,maize
20.6,38.9,31.1,28.6,63.9,6.44,820.5,mungbean
103.1,47.4,110.8,32.6,81.5,6.84,1893.1,banana
18.0,55.4,28.8,33.4,65.2,6.53,954.3,blackgram
81.0,67.2,96.7,22.4,79.4,5.87,2994.2,coffee
25.5,48.0,40.8,27.4,60.8,7.58,1126.1,blackgram
82.3,54.4,78.4,25.1,66.0,6.58,1301.3,cotton
55.1,59.5,71.9,25.2,65.7,6.51,1854.6,orange
65.8,67.9,89.5,19.7,80.7,5.76,1996.0,coffee
110.5,49.6,57.0,24.3,55.7,6.23,767.7,maize
113.4,54.2,119.5,32.3,84.8,6.87,2276.5,banana
38.4,56.4,31.9,19.5,40.1,7.23,616.1,chickpea
77.1,47.4,109.3,30.1,73.7,6.27,1588.9,banana
91.6,51.1,103.8,27.8,63.4,6.58,874.5,grapes
100.7,49.8,66.2,27.6,65.2,6.02,971.6,maize
73.7,60.0,83.1,19.3,82.8,5.41,2503.7,coffee
79.6,55.0,70.2,31.1,67.9,6.59,668.7,watermelon
72.2,36.5,51.6,15.0,61.5,6.18,2076.8,apple
20.2,47.0,34.8,25.4,54.6,7.12,747.5,lentil
99.4,79.2,70.0,37.0,84.7,6.42,3138.3,jute
63.4,51.0,105.9,27.3,83.3,5.39,1891.2,coffee
38.1,40.8,39.3,18.4,60.6,6.95,799.7,chickpea
77.5,54.7,85.8,29.7,68.7,6.93,677.3,muskmelon
43.7,50.3,42.7,25.5,48.7,6.41,1022.3,pigeonpeas
63.0,27.8,57.6,27.0,64.1,6.31,1970.5,mango
67.0,40.4,70.1,33.4,61.2,6.65,1973.7,mango
99.6,61.3,85.1,35.3,57.5,6.58,992.6,cotton
78.7,40.2,122.1,22.9,78.5,5.45,2140.5,coffee
38.7,42.9,43.1,29.3,71.3,6.54,1059.0,blackgram
71.7,52.4,46.8,25.7,71.4,6.75,993.8,maize
127.9,45.3,55.1,29.5,78.3,6.66,2647.6,jute
41.8,56.9,44.3,20.4,62.9,6.87,1101.8,kidneybeans
100.1,51.0,51.0,36.6,89.4,6.84,2509.2,jute
42.5,33.0,29.2,23.5,54.3,6.49,982.7,pigeonpeas
104.6,45.0,104.2,26.4,76.5,6.76,2107.8,banana
60.0,55.4,107.5,23.7,60.4,6.14,613.7,muskmelon
63.0,62.1,84.7,25.0,83.3,5.36,2016.6,coffee
54.7,32.8,59.1,25.8,54.6,6.77,1064.9,pomegranate
47.5,62.9,41.7,17.1,65.2,6.68,1243.9,kidneybeans
91.6,55.3,102.4,30.8,72.8,6.08,2155.4,banana
36.6,49.0,34.6,35.0,75.6,7.08,1271.8,blackgram
15.7,44.7,25.5,23.2,38.3,6.79,703.8,lentil
133.4,58.8,77.3,34.8,86.5,6.66,2489.0,jute
29.1,38.0,27.9,34.4,40.9,7.45,281.3,mothbeans
75.7,35.8,48.9,34.7,68.1,6.64,1912.3,mango
45.0,64.9,100.3,18.9,72.2,5.77,2509.8,coffee
20.7,36.4,25.3,33.8,37.0,7.05,512.5,mothbeans
83.9,66.4,124.2,28.7,55.8,6.74,658.5,watermelon
86.3,57.2,85.7,28.9,59.9,6.43,466.9,muskmelon
71.1,36.9,54.9,28.0,76.3,6.85,946.3,maize
39.4,29.0,112.3,32.6,77.1,6.29,2571.1,coconut
36.0,65.5,39.5,20.4,68.5,6.63,1158.1,kidneybeans
73.0,48.0,105.6,23.2,69.0,5.72,2263.7,coffee
64.8,41.8,69.2,25.7,66.3,7.26,1270.9,orange
29.0,35.6,21.5,31.3,52.9,6.54,499.9,mothbeans
25.6,39.6,41.9,17.9,53.1,6.68,790.4,lentil
68.6,48.4,90.9,27.7,53.6,6.77,740.7,grapes
83.9,43.2,91.4,28.5,71.8,6.62,2044.2,papaya
71.2,48.8,79.9,33.6,67.1,6.53,1530.4,orange
73.2,37.1,98.5,30.9,94.6,6.45,3288.9,coconut
93.9,50.0,55.8,22.1,72.9,6.2,859.5,maize
21.9,42.6,40.2,24.3,74.5,6.84,977.2,mungbean
73.1,33.3,85.2,29.4,45.5,6.38,1034.1,grapes
63.0,51.2,113.3,23.2,77.7,6.1,2330.0,coffee
114.0,58.7,89.4,22.7,80.1,6.86,2041.2,papaya
124.5,47.2,46.2,23.9,65.5,6.87,1255.2,maize
72.6,26.3,119.3,30.8,71.5,6.57,2328.8,coconut
19.8,48.5,33.7,32.0,70.5,6.76,932.6,blackgram
106.7,49.6,63.2,20.9,64.5,6.55,1271.6,maize
47.8,39.5,42.6,11.8,67.0,6.54,1766.2,apple
31.7,53.1,36.0,18.9,66.7,7.35,585.0,chickpea
112.5,43.1,91.5,32.9,87.3,6.5,1908.9,banana
19.8,44.3,37.3,26.7,56.7,7.13,717.7,chickpea
70.5,48.4,40.5,25.7,48.2,7.61,1034.9,pomegranate
30.9,37.5,27.3,32.4,59.8,6.29,891.7,mungbean
89.7,62.8,129.3,34.3,65.7,6.63,784.7,watermelon
62.9,47.4,73.4,27.0,54.7,6.43,906.4,grapes
92.2,47.4,111.5,22.8,70.8,5.64,2660.0,coffee
59.5,37.2,53.1,29.6,47.9,7.49,726.5,pomegranate
90.3,56.3,60.0,33.5,68.9,6.3,1369.8,maize
91.6,57.2,57.9,25.5,68.8,6.37,1022.1,maize
67.9,49.1,45.2,21.6,60.5,5.88,1041.1,wheat
80.9,45.8,81.3,27.9,61.9,5.6,1622.9,orange
36.9,21.8,25.2,33.2,43.9,6.78,486.2,mothbeans
36.0,43.4,70.2,29.3,63.8,6.74,758.8,grapes
107.8,44.2,29.4,18.2,56.1,7.4,803.1,wheat
49.8,36.6,57.9,19.0,53.3,6.2,1264.9,apple
27.0,47.2,27.0,26.3,50.7,7.39,563.1,chickpea
26.0,37.1,38.8,21.3,47.3,6.59,596.8,lentil
30.0,27.0,40.1,20.6,44.2,6.57,674.1,lentil
72.8,59.4,95.6,31.9,58.4,6.02,435.4,muskmelon
96.2,49.5,120.7,29.2,79.8,6.36,1948.1,banana
66.7,32.3,70.8,34.2,74.0,6.02,1492.2,mango
56.5,47.9,114.1,28.9,89.9,5.55,3251.2,coconut
88.0,39.8,55.4,16.9,69.9,6.42,1494.8,apple
33.9,32.4,36.0,27.1,62.4,7.06,606.9,chickpea
70.8,26.2,74.1,38.7,64.2,6.53,1921.9,mango
98.1,44.7,31.0,19.6,62.3,6.68,671.8,wheat
134.9,66.8,62.6,31.2,90.7,6.19,3346.1,rice
30.2,62.8,35.9,30.4,65.4,6.63,1033.5,blackgram
82.4,43.3,117.9,26.9,83.2,6.47,1954.5,papaya
87.6,30.9,80.2,22.9,48.9,6.7,871.6,grapes
28.1,33.6,20.5,28.2,47.8,7.28,299.9,mothbeans
63.6,37.9,64.2,30.9,53.9,6.27,2292.6,mango
110.0,48.4,92.5,24.1,70.2,5.88,2336.2,coffee
104.2,41.3,60.8,29.1,64.0,6.28,1494.3,orange
135.1,53.2,59.4,26.7,73.8,6.45,2894.5,jute
129.5,67.6,60.3,29.5,87.2,6.18,2408.4,jute
80.7,59.7,76.1,20.0,70.3,5.87,1357.7,orange
100.4,42.6,128.9,27.8,81.2,6.88,2575.4,banana
20.9,43.1,31.6,19.1,42.9,7.2,569.4,chickpea
38.5,28.7,23.7,25.0,39.3,7.51,392.4,mothbeans
106.3,43.0,84.1,32.5,59.8,7.13,1285.6,cotton
52.1,27.3,72.0,27.5,58.7,6.47,1082.1,pomegranate
62.8,38.8,84.8,24.4,65.5,7.4,1147.9,grapes
130.1,65.7,63.6,38.8,89.1,6.26,2526.6,jute
73.4,46.3,56.9,23.8,62.8,7.03,1166.4,maize
42.8,59.4,53.9,25.5,62.4,6.32,1388.7,kidneybeans
106.6,50.6,30.1,20.4,60.2,6.56,708.7,wheat
47.2,34.8,75.9,34.0,52.0,7.18,1293.9,pomegranate
22.2,38.1,25.1,19.6,45.5,7.04,579.5,lentil
66.5,37.3,83.7,26.8,60.0,6.7,772.9,grapes
105.1,45.2,114.5,27.6,83.9,6.32,2014.3,banana
69.6,43.5,68.8,30.2,52.9,6.29,1043.1,pomegranate
76.3,57.1,108.7,28.1,79.3,6.51,699.8,watermelon
46.7,32.0,66.6,19.0,57.5,6.41,1818.0,apple
36.9,47.3,62.9,28.9,42.3,6.27,899.4,pomegranate
65.8,66.2,98.0,25.7,59.3,6.86,467.1,watermelon
21.9,37.9,22.7,21.3,64.5,6.62,1225.5,pigeonpeas
26.5,40.5,22.9,26.2,50.5,6.77,715.6,lentil
36.0,37.9,61.0,33.3,58.6,6.35,1673.1,mango
72.8,46.7,60.8,15.7,65.5,6.91,1706.3,apple
71.8,28.8,68.4,30.3,55.3,7.01,1030.0,pomegranate
77.1,43.1,130.1,28.9,86.6,5.74,2946.2,coconut
111.9,48.6,112.0,28.5,80.8,6.49,1900.9,banana
134.0,59.7,83.2,29.8,60.8,7.93,1281.7,cotton
122.6,47.8,60.8,25.7,83.2,6.84,3432.4,rice
29.0,68.5,47.5,14.6,72.1,6.48,1071.6,kidneybeans
64.5,40.2,59.4,16.6,74.0,6.58,1685.3,apple
73.9,37.4,128.9,29.2,76.5,6.31,2210.3,coconut
27.3,44.4,34.7,22.0,38.0,6.36,869.4,chickpea
114.4,54.2,74.1,25.6,75.2,6.51,2643.6,rice
64.3,36.7,69.1,34.7,63.5,6.35,1869.5,mango
11.7,28.8,34.4,28.6,47.8,7.09,371.7,mothbeans
101.3,54.5,87.2,30.0,58.7,7.19,645.4,watermelon
24.0,60.0,46.8,18.2,63.7,6.72,1519.6,kidneybeans
83.5,52.1,107.7,27.9,79.1,6.65,2249.2,papaya
34.7,41.1,31.5,27.5,70.7,5.98,1003.7,pigeonpeas
53.7,38.6,99.4,33.3,69.2,6.72,1178.5,grapes
40.7,60.0,36.1,18.6,72.9,6.86,1243.1,kidneybeans
105.6,53.1,54.5,33.5,77.4,6.38,2763.3,jute
40.5,55.4,43.2,27.9,64.4,7.37,968.3,mungbean
26.1,56.8,38.2,17.8,48.9,5.88,557.9,chickpea
63.6,37.4,79.4,31.1,45.0,7.1,1605.2,pomegranate
49.3,39.7,92.5,29.7,65.9,6.44,672.0,grapes
15.6,29.9,21.1,33.5,42.8,7.22,761.5,mothbeans
69.7,60.0,73.2,30.3,61.8,6.15,1479.0,orange
80.9,64.1,74.7,26.8,63.0,6.77,539.4,muskmelon
100.3,56.5,63.0,27.4,74.3,5.92,2154.3,rice
21.0,43.0,44.8,30.6,70.6,6.31,787.8,mungbean
66.3,50.8,128.4,29.6,84.2,5.39,2808.0,coconut
25.2,22.1,27.1,26.0,43.1,7.17,619.5,mothbeans
118.0,44.7,67.9,32.7,86.8,6.15,2316.7,jute
24.4,33.3,46.1,31.0,69.1,7.17,935.6,mungbean
49.8,47.2,98.4,22.9,67.9,7.18,799.1,watermelon
15.5,28.1,25.6,31.5,44.1,7.65,613.5,mothbeans
64.7,40.6,37.7,18.4,47.7,7.07,1134.4,wheat
13.5,47.5,35.1,30.8,68.8,6.4,928.8,mungbean
35.8,51.4,37.0,24.5,56.8,6.3,1394.6,pigeonpeas
31.5,23.7,31.6,27.9,33.5,7.65,414.1,mothbeans
101.2,58.0,65.7,26.2,51.3,7.35,1108.7,cotton
44.0,45.7,29.9,23.8,38.8,6.86,952.4,lentil
59.1,52.4,87.4,23.4,62.6,5.2,2244.1,coffee
120.2,57.7,66.9,26.7,79.0,6.06,2787.4,rice
108.6,52.7,59.4,26.4,86.9,6.58,2068.1,rice
47.2,35.9,123.7,27.3,86.8,6.46,2678.4,coconut
90.8,60.1,117.6,33.0,84.0,6.48,1761.6,papaya
61.3,47.4,92.5,19.8,68.6,5.49,2692.2,coffee
61.5,39.6,69.2,23.4,52.4,6.21,1676.2,mango
113.2,44.7,77.5,27.2,42.8,6.46,1290.2,cotton
22.2,31.5,30.2,30.7,32.8,7.11,547.7,mothbeans
73.3,35.8,63.3,19.6,61.7,6.16,1992.2,apple
32.7,46.6,41.9,18.0,62.9,7.14,1098.6,chickpea
46.2,62.4,28.6,19.5,65.8,6.15,1360.7,kidneybeans
47.4,34.2,70.6,16.5,68.5,6.69,1706.8,apple
107.7,47.2,96.5,28.6,74.1,6.03,2362.0,banana
25.6,28.7,23.4,33.0,35.6,6.87,513.0,mothbeans
56.9,51.3,40.8,29.2,53.4,6.41,1275.5,pomegranate
31.2,29.6,24.1,20.1,55.4,6.72,529.3,lentil
61.4,55.7,107.7,28.3,56.7,6.51,506.2,watermelon
79.6,38.7,54.2,34.9,62.6,6.99,2034.0,mango
25.2,37.5,42.1,28.1,58.9,7.22,1108.9,pigeonpeas
122.3,59.2,36.6,22.3,60.4,6.26,1022.8,maize
35.0,56.9,43.4,28.2,70.7,6.84,878.7,blackgram
38.1,49.1,24.3,32.4,54.4,6.94,1039.4,pigeonpeas
112.8,43.5,106.1,27.7,72.5,6.24,2384.1,banana
35.3,72.3,51.2,19.5,73.0,6.44,1318.5,kidneybeans
79.7,44.6,112.9,30.3,65.0,7.11,703.7,muskmelon
117.3,40.6,53.1,21.6,75.5,6.05,1153.5,maize
88.1,37.5,50.9,26.8,60.8,6.55,1199.1,maize
29.5,43.2,31.1,30.8,66.4,6.57,1068.2,pigeonpeas
49.6,44.8,89.4,21.5,79.3,5.49,3179.1,coffee
102.0,60.8,104.7,32.5,64.3,6.59,765.6,cotton
99.4,69.6,62.3,31.6,86.0,6.47,2841.8,jute
77.8,46.0,131.3,32.3,80.4,7.33,2209.0,banana
15.5,43.2,44.0,26.3,63.9,7.0,918.9,mungbean
34.5,22.7,20.8,34.2,48.0,6.86,409.7,mothbeans
17.7,29.6,34.2,29.3,45.5,7.01,732.3,mothbeans
116.4,51.2,125.1,29.7,74.7,6.2,1667.0,papaya
15.8,41.1,43.5,22.0,66.1,6.73,962.0,mungbean
24.0,18.8,19.2,32.5,48.6,7.03,472.1,mothbeans
123.1,47.0,71.4,28.2,54.5,6.13,965.2,cotton
104.1,65.4,76.8,30.8,86.4,6.2,2273.4,jute
30.2,61.7,30.3,27.5,70.6,5.97,837.4,blackgram
64.2,44.0,90.8,39.4,47.8,6.72,879.0,pomegranate
73.4,31.8,77.2,30.3,68.5,6.56,2640.0,mango
117.3,58.9,63.0,26.4,59.0,5.89,1189.1,maize
78.7,58.5,86.0,30.6,66.3,6.44,590.5,muskmelon
72.1,30.0,36.0,33.9,46.8,6.59,1782.0,mango
22.9,51.2,40.8,31.3,65.9,6.85,991.1,mungbean
69.5,55.0,130.0,27.0,58.6,6.38,770.6,watermelon
30.2,40.3,35.6,30.0,68.8,6.65,1184.9,blackgram
113.0,39.7,102.5,23.3,69.3,6.25,2196.2,papaya
22.2,17.6,15.1,33.6,29.7,6.54,471.0,mothbeans
36.0,36.8,77.8,31.2,65.7,6.92,1147.3,grapes
120.7,51.2,33.8,16.5,68.5,6.77,1192.9,wheat
102.7,68.5,62.5,31.8,83.5,5.91,2632.4,jute
33.1,42.6,42.8,16.2,45.1,6.97,697.1,chickpea
68.8,43.1,118.3,30.8,95.1,5.68,2120.0,coconut
103.2,42.1,103.3,29.1,77.0,6.69,1958.2,banana
101.5,46.0,107.9,29.7,80.0,6.59,2342.6,banana
31.2,46.9,31.8,30.7,70.0,6.82,906.8,mungbean
22.4,57.1,38.4,30.6,70.5,6.48,1065.0,blackgram
57.4,32.1,71.0,27.4,58.1,6.47,1246.6,mango
87.9,33.1,56.6,25.1,65.7,6.74,1562.7,orange
61.5,44.0,92.2,15.6,80.9,5.57,2405.7,coffee
107.6,55.1,67.5,31.1,83.3,5.92,2717.0,jute
103.8,50.1,128.0,26.1,77.7,7.11,2376.3,banana
50.4,56.6,55.5,27.6,56.2,6.9,2106.8,orange
37.2,49.6,41.4,27.6,71.2,6.64,1014.7,blackgram
102.5,48.9,76.6,37.7,44.4,6.7,1157.2,cotton
125.5,57.8,53.7,31.5,88.3,7.1,2272.3,jute
105.2,52.9,96.4,25.9,77.5,6.55,1946.1,papaya
19.0,32.4,18.5,31.1,41.0,6.79,482.9,mothbeans
43.7,41.5,121.8,32.7,89.0,6.14,2765.0,coconut
79.4,53.1,40.1,19.5,66.5,7.17,954.4,wheat
97.5,46.8,89.8,27.8,83.8,6.62,1841.3,banana
73.1,48.7,82.5,18.6,77.5,5.62,2327.7,coffee
70.4,51.0,98.0,16.3,66.8,5.28,2871.7,coffee
71.1,41.6,74.9,18.5,63.0,6.43,1659.2,apple
116.0,63.9,59.9,31.8,84.5,6.81,2336.9,jute
123.1,58.7,59.9,24.3,86.2,5.71,2691.7,rice
47.7,52.5,43.8,30.1,76.8,6.74,1092.8,blackgram
119.5,54.3,106.7,31.0,79.5,6.01,1296.0,banana
54.7,42.7,70.0,31.4,61.7,6.18,1631.4,mango
53.3,31.0,49.7,32.2,70.0,6.34,1332.6,mango
106.8,55.2,63.2,28.3,77.5,6.47,1377.9,maize
88.2,50.9,88.9,29.8,71.5,6.38,1782.1,papaya
116.3,41.7,65.4,20.4,81.7,6.81,866.7,maize
30.1,36.0,39.8,15.2,49.2,7.17,734.5,lentil
120.9,55.7,68.0,23.3,89.4,5.67,2630.0,rice
26.7,41.8,30.8,27.7,72.1,6.69,1265.9,pigeonpeas
62.1,56.7,70.2,25.8,61.7,6.01,1459.6,orange
118.3,47.5,75.8,26.2,86.8,6.02,2926.6,jute
115.0,54.1,58.9,27.1,80.3,6.2,2392.1,rice
97.6,48.4,49.2,31.5,59.5,6.15,960.9,maize
32.3,55.6,54.8,19.5,65.3,5.95,1653.5,kidneybeans
109.1,58.3,89.4,27.2,48.5,6.63,1385.5,cotton
23.5,67.2,48.7,19.0,65.6,6.33,1116.3,kidneybeans
58.0,35.6,55.9,15.3,63.5,6.77,1289.3,apple
60.3,47.6,104.2,28.8,85.9,6.73,1692.9,coconut
40.2,47.2,47.1,26.7,72.5,7.05,982.6,mungbean
63.1,36.4,65.3,31.1,59.6,6.64,1924.7,mango
104.2,45.4,86.5,27.0,79.8,5.88,1966.3,papaya
16.9,24.9,28.6,30.8,47.0,7.26,425.0,mothbeans
122.7,55.6,48.6,31.5,85.9,5.82,3394.3,jute
21.3,32.0,24.0,31.9,37.6,7.74,473.7,mothbeans
93.7,43.4,59.7,24.5,66.8,6.44,1534.7,orange
54.8,43.6,58.0,30.6,54.9,6.67,2149.6,mango
75.8,58.8,119.0,26.2,69.5,6.29,929.3,watermelon
67.7,35.8,77.8,39.9,53.4,7.01,982.8,pomegranate
87.4,53.6,73.7,17.1,63.5,5.9,1812.3,orange
11.5,28.7,25.1,28.1,48.7,7.9,582.7,mothbeans
33.2,46.1,36.0,17.8,48.2,7.1,523.6,lentil
59.5,47.6,72.5,26.4,58.4,6.09,1113.1,orange
114.9,56.9,65.7,28.8,82.6,6.42,2730.8,jute
76.7,67.4,89.5,32.3,57.8,6.09,506.5,muskmelon
89.0,61.4,110.4,27.8,79.6,6.95,875.2,watermelon
73.9,47.4,38.8,23.0,59.2,6.73,1009.8,wheat
111.0,52.0,86.9,29.5,63.6,7.03,894.4,cotton
65.1,51.7,67.1,24.1,67.8,6.34,1969.4,orange
62.2,54.3,92.0,28.6,57.8,6.36,624.4,muskmelon
12.0,29.6,22.2,37.0,41.9,8.16,480.3,mothbeans
72.7,33.9,145.1,31.9,71.2,6.5,2455.4,coconut
119.8,56.8,68.0,29.8,62.0,7.96,1327.0,cotton
77.3,42.6,62.4,17.7,52.9,6.81,1834.9,apple
31.7,66.0,43.6,31.8,58.4,7.47,754.0,mungbean
60.1,35.6,81.9,32.3,44.2,5.91,1008.9,grapes
81.3,71.1,104.0,15.6,69.6,5.8,2919.3,coffee
21.7,54.5,38.4,28.2,64.2,6.23,831.7,mungbean
75.2,48.2,118.7,27.2,90.8,6.91,2524.9,coconut
66.3,47.1,90.3,22.4,69.7,5.84,2795.5,coffee
77.8,47.0,70.0,14.2,68.1,6.79,1450.2,apple
71.2,44.2,60.8,14.5,58.9,5.94,1385.8,apple
62.5,45.4,69.7,29.6,52.8,7.04,792.5,pomegranate
56.5,47.2,57.8,16.0,69.0,6.28,1848.5,apple
98.0,39.7,41.9,11.6,71.8,7.15,1222.2,wheat
120.8,47.0,125.4,31.9,77.3,6.88,1938.9,banana
126.0,48.7,104.8,28.9,85.3,6.54,2093.9,banana
105.4,56.8,50.1,31.6,80.8,6.86,2749.6,jute
23.4,59.9,32.6,26.2,70.3,6.87,800.9,mungbean
75.9,44.8,64.7,26.4,68.3,7.07,1907.7,orange
122.9,52.5,58.3,35.2,85.2,6.96,2432.0,jute
129.8,67.7,60.3,24.7,82.9,6.45,3434.6,rice
70.1,50.9,64.7,28.7,59.4,6.14,1726.2,mango
115.0,46.0,71.4,27.1,50.7,6.34,1155.7,cotton
80.2,37.7,32.6,17.9,61.9,6.86,771.7,wheat
65.0,43.6,94.3,21.2,92.4,5.18,2327.3,coffee
61.3,31.0,55.7,31.6,61.5,6.01,1902.0,mango
25.6,29.1,39.3,21.2,56.9,6.98,629.7,lentil
63.8,38.4,92.6,29.9,51.4,6.55,1344.7,grapes
57.4,32.7,51.3,36.5,52.9,6.12,1857.4,mango
22.6,29.8,27.5,33.2,41.8,6.96,511.1,mothbeans
123.8,49.6,72.7,30.9,87.1,6.61,3115.6,jute
95.1,71.7,73.1,29.4,81.3,6.61,2772.0,papaya
61.1,38.7,84.7,30.1,50.0,7.15,1053.2,grapes
82.3,29.0,118.7,28.5,94.1,6.73,2507.8,coconut
54.6,36.1,114.4,26.0,83.5,5.68,2975.5,coconut
37.2,46.8,22.3,29.4,56.1,6.63,686.3,chickpea
118.1,57.9,87.6,25.9,76.9,6.41,1320.0,papaya
106.7,43.6,84.2,23.5,74.3,6.74,1505.0,papaya
67.1,35.4,78.2,9.5,64.3,6.6,1543.1,apple
55.0,80.3,45.4,20.8,64.6,6.48,1206.4,kidneybeans
93.6,60.5,76.0,25.9,72.1,6.68,658.3,watermelon
102.2,45.8,98.7,31.0,61.3,6.92,962.8,cotton
84.0,59.4,95.6,30.1,59.0,6.4,472.3,muskmelon
61.4,24.1,65.4,39.1,77.3,7.17,1211.7,mango
74.7,44.7,70.8,23.5,54.8,6.56,1165.9,mango
25.7,40.4,36.7,18.8,47.0,7.02,614.5,lentil
68.6,39.8,64.1,24.4,66.5,6.85,631.6,grapes
109.8,58.9,83.7,34.8,55.9,7.36,1175.4,cotton
64.3,43.6,101.0,32.1,80.6,6.44,2101.9,coconut
94.5,59.7,95.2,31.6,80.4,6.07,1670.4,papaya
28.3,36.9,35.6,25.4,45.3,6.91,628.8,chickpea
71.0,71.9,99.4,24.6,67.4,6.52,623.5,muskmelon
36.2,38.4,22.3,24.6,53.5,6.53,622.7,chickpea
76.9,35.7,61.1,35.2,56.9,7.91,1197.3,pomegranate
113.0,62.0,93.9,28.4,72.5,6.75,1779.7,papaya
119.3,62.8,82.4,28.9,57.5,6.68,996.7,cotton
91.3,51.0,44.8,16.0,59.6,7.07,1104.3,wheat
45.7,63.5,75.0,25.7,62.9,6.24,1627.9,orange
17.9,49.1,34.2,31.7,62.0,6.55,945.2,mungbean
112.3,54.9,103.3,31.1,77.1,6.66,1973.7,banana
81.6,57.7,115.9,28.2,71.7,6.91,756.9,watermelon
99.1,50.0,53.8,28.7,79.6,6.71,1106.9,maize
39.8,54.7,33.4,31.6,64.3,6.9,1212.9,pigeonpeas
93.0,60.0,102.8,28.3,83.8,5.98,1897.5,banana
74.3,34.8,49.3,35.3,60.4,7.13,1880.9,mango
66.3,35.3,117.1,30.0,89.8,6.16,1692.1,coconut
32.3,40.2,41.5,21.8,33.2,6.5,805.6,lentil
98.0,61.2,89.7,30.0,63.6,6.9,1249.5,cotton
74.0,43.1,50.6,34.9,66.3,7.23,1494.8,mango
17.6,40.4,29.9,24.0,62.0,6.14,1023.9,pigeonpeas
49.8,46.4,79.2,30.8,89.1,6.11,2682.2,coconut
122.3,51.7,101.3,29.7,83.1,6.53,2198.0,banana
9.0,20.7,24.0,34.0,37.7,6.76,531.0,mothbeans
98.5,47.3,87.4,30.1,78.4,6.66,2028.1,papaya
31.4,49.6,34.1,20.4,67.6,6.56,1347.3,pigeonpeas
68.0,45.5,66.9,29.2,58.4,6.27,2366.2,mango
69.5,40.7,61.5,31.0,59.1,7.46,1115.2,pomegranate
47.1,49.9,30.2,33.4,68.9,6.57,1283.1,blackgram
72.2,46.0,71.1,21.1,80.4,5.29,2326.7,coffee
62.5,40.1,89.2,21.1,84.4,5.56,2189.4,coffee
20.9,35.0,21.3,29.2,43.8,6.82,336.4,mothbeans
36.9,63.4,36.7,20.0,69.9,6.06,940.6,kidneybeans
74.3,28.7,128.7,29.0,86.0,6.74,3053.9,coconut
90.1,62.3,94.0,27.4,66.5,6.98,499.7,watermelon
103.8,54.4,25.9,23.3,75.4,6.41,540.0,wheat
17.7,22.3,25.6,31.7,34.4,8.16,434.7,mothbeans
98.0,35.7,52.6,29.5,62.0,6.71,1093.7,maize
57.2,37.1,62.2,19.0,73.2,6.59,1503.6,apple
26.4,33.3,29.4,28.9,47.9,7.35,641.7,mothbeans
114.6,64.1,78.1,35.3,67.0,6.29,1101.4,cotton
84.0,57.9,52.1,20.3,52.3,6.4,1324.0,orange
57.2,40.0,71.0,28.0,69.6,6.53,2055.2,mango
107.3,69.5,71.0,27.8,81.2,6.35,2559.2,jute
66.6,71.1,102.6,32.5,71.6,6.36,590.6,watermelon
68.9,43.8,50.6,33.8,45.3,5.87,2245.5,mango
32.2,46.2,48.0,28.8,60.8,7.05,861.7,mungbean
43.7,56.9,57.3,18.3,64.6,6.64,1429.1,kidneybeans
23.7,55.6,37.8,27.0,73.5,6.7,1192.9,blackgram
30.6,54.6,31.7,29.1,59.2,6.82,915.9,mungbean
84.4,54.0,48.2,27.1,88.0,6.69,3059.9,rice
67.7,46.5,85.6,28.6,44.9,6.98,1063.0,grapes
145.7,62.0,64.5,34.4,92.3,6.35,2515.4,jute
81.5,55.2,101.3,22.4,79.0,5.39,3090.6,coffee
65.0,47.1,68.6,28.0,65.6,6.8,514.2,muskmelon
58.2,58.2,90.7,31.5,68.3,6.89,378.5,muskmelon
38.5,57.0,34.9,26.4,64.9,6.52,1010.9,blackgram
128.7,48.5,58.0,31.9,89.6,6.56,2817.9,rice
83.8,54.2,51.2,22.3,61.9,6.61,1162.1,maize
134.8,50.7,54.5,25.6,83.2,6.3,3238.6,jute
57.3,30.6,68.0,22.5,71.4,6.92,874.6,pomegranate
56.8,47.0,52.2,37.5,63.4,6.21,1905.6,mango
62.6,46.3,84.8,24.2,77.1,5.5,2723.0,coffee
14.0,41.3,40.0,17.1,58.8,6.97,341.3,lentil
101.2,37.5,143.1,27.1,77.1,6.56,1919.5,banana
60.8,47.9,59.0,27.6,59.5,6.82,1106.6,mango
133.7,53.4,107.7,29.7,73.6,6.72,2241.9,banana
69.0,54.9,76.8,31.3,60.8,7.06,482.2,muskmelon
63.2,35.0,77.5,28.6,58.6,6.58,978.9,grapes
24.8,58.8,25.7,17.6,57.3,6.96,878.5,chickpea
117.6,37.7,88.9,36.2,61.6,6.67,1336.0,cotton
110.5,61.7,81.1,30.9,83.6,6.24,1785.4,banana
73.4,50.6,68.5,20.8,62.0,6.62,1901.7,orange
69.8,36.3,113.7,24.9,87.7,6.66,2236.3,coconut
83.0,60.1,74.1,22.2,68.0,6.89,1562.6,orange
57.0,24.4,139.3,28.8,93.9,6.24,2436.9,coconut
34.2,48.9,30.5,25.3,66.5,6.95,1137.2,pigeonpeas
88.9,53.6,99.4,23.5,74.4,6.45,742.4,watermelon
89.2,60.3,102.0,28.7,76.9,6.19,1889.6,banana
104.8,55.5,59.5,26.5,65.5,6.13,992.6,maize
63.3,35.0,56.5,32.3,64.5,6.19,1513.7,mango
81.3,69.5,79.0,24.6,66.5,7.73,734.0,cotton
25.8,25.5,32.5,31.9,42.9,7.38,388.1,mothbeans
106.6,40.5,55.5,27.9,73.2,6.32,1111.9,maize
59.7,24.8,124.1,29.9,78.2,5.73,2562.7,coconut
78.3,41.4,90.7,28.9,60.5,6.69,782.1,grapes
138.7,45.2,80.1,32.2,55.9,7.15,1042.7,cotton
89.2,65.8,50.4,27.1,92.0,6.43,2703.4,rice
115.8,48.2,68.5,26.0,82.8,6.1,2489.7,rice
44.7,29.8,92.2,29.4,86.6,6.77,2704.7,coconut
61.2,18.7,70.9,29.0,51.3,6.88,1281.1,mango
128.4,62.7,72.8,32.3,81.2,6.17,2288.5,jute
42.1,39.5,59.2,35.7,50.9,7.27,1229.4,pomegranate
88.5,41.9,95.3,28.3,76.4,6.6,1244.0,papaya
36.0,41.3,99.7,31.2,58.9,7.1,1101.2,grapes
135.8,43.1,84.5,31.6,78.8,6.91,2345.2,jute
105.9,54.4,59.0,33.6,78.8,6.84,2734.6,jute
101.4,66.3,77.4,33.3,63.9,6.54,1088.5,cotton
23.2,29.8,22.0,31.2,41.2,7.06,339.6,mothbeans
71.3,45.5,101.8,23.8,55.8,6.55,1168.2,grapes
66.4,45.0,66.1,31.4,62.8,6.57,1469.8,mango
59.2,33.9,146.7,25.8,86.7,6.34,2671.7,coconut
118.8,47.6,133.8,29.2,87.3,6.1,1893.5,banana
89.5,60.2,59.5,19.5,65.8,6.7,889.9,maize
25.0,29.1,21.4,23.8,38.3,7.88,522.6,mothbeans
95.2,43.5,33.0,15.9,65.5,6.39,911.5,wheat
124.9,61.5,86.1,36.6,55.2,6.99,1300.0,cotton
59.3,63.3,94.8,31.8,65.4,6.2,822.2,watermelon
108.6,48.3,88.0,36.9,58.3,6.85,821.7,cotton
31.2,23.7,17.3,29.0,38.8,6.73,529.6,mothbeans
81.0,50.9,58.8,17.1,73.2,6.45,1296.3,maize
92.1,32.6,69.9,25.3,60.5,6.83,844.7,maize
63.7,43.5,77.6,18.8,60.5,7.4,640.7,grapes
29.6,48.8,26.4,31.1,61.5,6.93,825.6,mungbean
35.7,31.7,26.9,30.2,62.3,6.61,1047.0,pigeonpeas
61.4,41.1,71.5,26.0,46.2,6.74,1446.8,pomegranate
78.0,21.3,105.5,31.1,82.6,6.84,2644.0,coconut
99.0,57.1,59.1,29.8,79.2,6.28,2320.8,rice
88.5,57.1,80.0,35.5,68.2,6.06,850.0,watermelon
67.6,33.8,47.3,19.5,69.4,5.87,1793.5,apple
28.9,22.5,32.3,23.8,42.9,6.11,525.8,mothbeans
107.0,63.9,110.4,30.6,77.1,6.8,1593.2,papaya
57.5,45.7,70.2,18.3,74.5,6.53,2109.5,apple
19.3,26.7,17.8,27.9,42.1,7.47,540.4,mothbeans
142.3,62.8,81.5,28.3,64.0,7.14,1000.0,cotton
38.1,55.5,28.3,25.4,60.4,6.05,1089.5,pigeonpeas
124.2,57.3,51.0,26.7,71.2,5.89,2394.4,rice
25.2,58.8,45.7,25.7,67.0,6.48,1251.5,kidneybeans
57.6,44.6,74.7,26.0,72.7,6.64,1400.7,orange
118.0,44.0,68.1,28.1,76.8,6.63,1160.5,maize
36.1,52.8,37.3,20.2,78.8,6.75,1214.6,kidneybeans
82.3,45.0,88.6,24.1,68.5,5.42,2969.6,coffee
62.8,43.0,106.3,28.6,65.3,6.5,646.3,muskmelon
104.7,50.2,89.2,30.1,75.7,6.72,1699.2,papaya
89.3,55.3,36.5,25.5,63.6,6.97,845.9,maize
61.9,40.3,73.7,18.3,77.8,6.27,1762.1,apple
28.2,47.3,33.5,29.4,77.1,6.31,999.3,blackgram
62.4,51.6,100.9,16.9,85.7,5.42,2890.1,coffee
21.1,45.6,31.9,18.7,54.3,6.53,586.0,lentil
108.4,47.9,87.3,28.8,52.0,6.39,1128.4,cotton
105.4,50.4,60.4,29.4,57.0,7.35,1096.7,cotton
104.4,50.5,70.8,32.9,85.3,7.01,2499.9,jute
17.4,27.0,25.9,24.8,66.3,6.5,1369.9,pigeonpeas
56.4,38.7,71.3,22.0,72.8,6.81,1681.7,apple
32.5,61.2,47.8,24.8,66.3,6.68,1096.8,kidneybeans
66.2,33.1,67.1,23.5,54.8,6.29,1716.0,pomegranate
67.8,47.3,70.1,15.9,58.9,5.92,1464.2,apple
28.9,40.4,26.5,33.3,34.8,6.75,575.7,mothbeans
21.8,45.9,44.4,20.2,68.5,6.89,1134.4,kidneybeans
90.4,44.7,49.3,21.0,69.9,6.47,1178.3,wheat
77.9,35.9,67.3,32.6,62.8,6.71,721.5,grapes
66.1,22.0,44.0,31.8,49.5,6.46,1884.0,mango
82.0,47.9,95.3,27.4,74.0,6.63,1588.5,papaya
77.9,42.5,36.9,19.2,62.9,7.23,1054.1,wheat
26.8,44.5,34.6,22.7,56.8,6.92,858.1,chickpea
70.2,51.8,61.7,37.3,59.5,7.19,667.4,pomegranate
35.1,52.0,39.9,23.4,70.0,7.01,899.3,mungbean
96.6,36.5,46.5,26.7,70.3,6.03,1318.5,maize
29.6,49.1,37.9,19.9,54.1,7.43,967.7,chickpea
32.1,46.5,26.9,28.6,58.6,7.32,808.5,pigeonpeas
90.3,41.0,28.7,11.4,69.8,6.41,1038.0,wheat
57.7,61.8,89.4,19.4,63.5,5.94,2171.1,orange
54.1,25.4,67.9,27.2,71.4,6.32,2136.9,mango
73.8,39.6,64.1,21.6,69.3,5.39,1890.6,orange
31.3,39.4,43.7,25.7,64.4,6.94,997.9,mungbean
112.7,50.9,53.4,26.4,71.6,5.82,3281.6,rice
72.2,40.5,108.9,17.8,67.7,5.98,2410.4,coffee
84.8,53.8,57.2,26.7,68.6,5.89,1218.7,orange
87.5,57.1,74.2,25.0,46.5,6.42,1020.5,pomegranate
21.1,53.5,35.9,32.0,61.4,6.09,939.4,mungbean
86.7,53.1,100.6,23.1,79.4,6.08,2306.1,coffee
103.7,47.1,45.1,22.9,66.4,6.68,1177.8,wheat
112.2,56.5,73.1,26.9,55.4,7.55,1203.5,cotton
46.3,52.9,44.8,27.5,76.3,6.17,763.7,blackgram
74.7,43.5,97.3,32.2,51.7,6.79,716.1,grapes
57.6,35.3,40.1,27.2,61.8,6.61,1606.5,mango
109.0,60.7,76.7,26.9,87.2,6.96,2857.1,jute
87.8,41.5,115.3,30.5,75.9,6.28,1006.7,watermelon
23.4,42.4,34.9,24.5,69.3,6.58,905.2,mungbean
51.0,30.6,92.6,27.3,55.4,6.67,734.6,grapes
29.7,41.8,39.7,21.4,53.8,6.71,777.5,lentil
124.8,51.1,82.8,29.3,70.5,6.7,1713.5,papaya
59.6,34.6,78.6,13.4,69.1,6.38,1336.7,apple
21.0,31.9,24.1,29.3,51.5,7.29,371.4,mothbeans
56.0,41.9,66.3,22.8,75.5,6.04,1700.9,apple
52.2,41.5,77.6,32.8,59.2,6.61,888.4,pomegranate
127.3,53.3,44.9,29.4,85.5,6.72,2734.2,rice
80.7,36.1,89.3,25.9,53.8,6.63,844.3,grapes
30.7,44.7,34.7,21.9,71.4,7.22,1300.7,kidneybeans
101.4,47.7,31.8,17.8,54.0,6.64,845.8,wheat
122.7,40.0,37.4,13.0,63.3,6.75,1413.8,wheat
57.8,29.9,51.9,26.6,49.1,6.73,1274.0,pomegranate
84.0,42.0,53.4,21.4,71.8,6.07,827.2,maize
47.6,22.3,42.3,23.0,55.1,6.8,2379.9,mango
105.1,45.6,90.6,28.9,78.5,6.1,2069.3,banana
105.7,45.6,122.0,31.7,83.5,6.22,2173.5,banana
92.2,50.4,91.2,24.3,74.1,5.28,2225.2,coffee
125.3,64.7,46.2,31.6,89.4,6.09,1958.7,rice
74.7,49.6,53.0,33.5,66.1,6.93,1495.0,mango
30.6,47.5,36.5,29.3,70.8,6.87,846.2,mungbean
82.1,71.2,105.8,26.1,76.3,7.01,2076.1,papaya
17.2,43.3,24.8,37.1,42.9,7.52,447.1,mothbeans
75.4,39.1,46.7,17.4,67.1,6.61,856.7,wheat
75.0,37.6,88.6,27.1,61.4,6.77,803.9,grapes
51.4,37.8,89.2,33.9,56.4,6.73,730.5,grapes
125.0,38.3,138.7,30.7,92.9,6.25,1934.8,banana
26.6,42.2,26.6,31.8,60.4,6.89,868.4,mungbean
49.9,54.4,100.2,31.3,60.7,6.18,870.3,grapes
44.2,58.3,35.9,32.3,73.2,6.76,1047.5,blackgram
68.4,54.7,86.4,26.6,59.7,6.6,735.2,watermelon
114.2,52.0,69.7,28.0,77.8,6.39,2848.7,jute
34.1,24.7,14.0,27.2,40.9,6.55,530.4,mothbeans
17.1,37.4,24.8,31.3,34.5,6.51,474.4,mothbeans
70.0,70.9,113.3,20.6,74.1,5.64,2468.9,coffee
88.3,38.8,42.2,19.7,64.2,6.22,1263.8,wheat
36.1,62.6,44.4,21.1,69.9,6.76,1466.7,kidneybeans
66.4,34.9,37.3,31.9,62.1,6.62,1576.3,mango
70.0,54.5,76.2,28.1,62.3,6.58,1691.8,orange
100.4,57.9,43.6,24.3,60.3,6.7,914.5,maize
105.7,41.1,82.4,26.3,71.2,6.5,1950.6,papaya
121.1,45.1,105.9,27.8,81.2,6.0,2814.4,banana
87.4,59.9,111.3,27.3,73.9,6.75,724.9,watermelon
40.5,49.7,35.6,27.3,66.7,6.12,749.9,chickpea
141.2,69.9,60.2,30.8,87.1,6.86,2978.7,jute
58.0,43.0,91.0,20.9,78.2,5.34,2374.8,coffee
90.9,48.0,87.7,26.3,59.0,6.51,721.5,muskmelon
43.2,39.7,40.7,31.2,68.9,6.93,955.6,blackgram
67.7,40.3,103.4,28.0,82.8,6.91,2572.2,coconut
103.3,58.3,94.3,26.1,67.2,6.67,2271.5,papaya
66.1,53.6,79.6,23.6,72.4,6.0,1444.3,orange
130.0,44.1,63.9,34.4,57.7,6.52,944.8,cotton
24.1,32.3,30.9,22.1,67.5,6.34,981.9,pigeonpeas
124.2,43.0,107.1,25.1,69.9,6.34,2352.0,papaya
111.6,56.7,64.4,30.5,76.0,6.03,2678.4,jute
27.4,59.6,49.6,23.0,63.5,6.3,1432.4,kidneybeans
67.1,32.6,66.8,31.7,57.2,6.35,1549.6,mango
59.5,42.9,76.7,30.4,51.0,6.56,1182.5,pomegranate
116.3,61.5,57.9,33.9,85.1,6.38,2447.8,jute
103.0,53.0,93.9,33.2,84.6,6.69,1532.0,banana
55.8,50.5,77.4,31.7,58.9,6.7,1056.8,pomegranate
62.9,25.1,60.3,31.8,60.6,6.74,1746.0,mango
81.9,48.7,77.9,25.6,54.4,6.79,1134.4,cotton
26.9,45.7,29.1,25.8,67.8,6.54,1115.6,mungbean
110.8,46.4,36.9,23.9,79.2,6.36,2102.8,rice
27.0,51.8,36.8,27.8,73.5,6.12,1213.9,blackgram
70.6,54.7,64.8,24.2,74.4,5.63,2118.7,orange
75.3,60.0,132.8,25.3,73.0,6.89,1788.9,banana
97.6,70.9,58.1,30.6,90.9,6.09,2735.9,rice
59.7,51.2,87.8,30.0,58.7,7.0,715.9,watermelon
95.2,62.3,70.4,26.2,64.8,6.89,597.4,muskmelon
30.5,43.8,35.4,31.7,65.0,6.22,819.1,mungbean
52.0,27.0,69.9,30.3,48.8,6.77,987.1,pomegranate
52.1,35.8,84.3,25.7,58.3,6.35,1276.4,grapes
91.9,43.8,37.6,18.1,69.0,7.03,1064.3,wheat
60.2,38.6,67.6,16.9,71.3,6.59,1611.5,apple
61.8,50.9,85.9,25.9,52.2,6.85,1892.1,orange
30.6,60.8,48.9,33.0,69.3,6.88,836.1,blackgram
31.8,58.2,39.7,23.4,52.0,6.96,750.0,chickpea
70.0,32.0,82.0,29.5,55.7,6.68,1415.9,mango
106.6,59.2,88.9,28.4,54.4,7.0,1098.1,cotton
38.2,45.7,22.7,19.7,42.0,7.07,706.0,chickpea
77.4,28.4,42.7,37.3,61.2,6.09,1315.1,mango
33.7,39.4,40.1,34.4,70.1,7.19,1116.1,pigeonpeas
21.6,37.7,36.7,16.8,46.2,7.53,682.6,lentil
139.0,55.0,60.0,28.8,86.9,6.61,3148.4,jute
73.9,48.2,77.0,32.2,62.6,6.81,604.7,watermelon
39.6,51.9,22.9,33.3,69.8,7.46,1345.4,pigeonpeas
64.1,48.9,89.6,28.5,59.7,6.17,1033.5,grapes
80.0,45.2,66.8,26.0,58.6,6.31,1955.2,orange
110.9,64.0,76.8,23.3,83.2,5.95,3000.5,rice
107.3,62.3,81.3,23.7,75.2,6.63,2205.3,papaya
28.4,22.9,32.2,33.1,38.0,7.49,617.7,mothbeans
26.4,24.0,37.8,34.6,36.9,6.79,614.7,mothbeans
75.9,59.1,61.6,26.3,65.6,7.1,1821.8,orange
18.6,48.2,34.8,25.1,86.1,7.29,1053.8,blackgram
156.6,63.2,58.1,32.6,84.5,6.78,2997.0,jute
28.4,51.9,21.2,18.3,46.9,6.7,960.0,chickpea
23.2,27.0,21.4,29.1,35.8,5.91,585.2,mothbeans
68.4,52.0,63.2,32.6,65.7,6.53,593.5,grapes
25.5,47.0,30.9,17.9,39.3,6.58,735.5,lentil
56.7,53.6,91.5,29.0,58.2,6.56,902.8,grapes
89.8,60.2,63.8,18.6,67.4,5.88,1698.0,orange
103.9,51.4,77.3,39.9,57.1,6.9,1328.7,cotton
69.2,47.8,66.5,29.9,51.7,7.37,1078.9,pomegranate
111.7,36.1,47.9,29.2,75.2,6.06,1009.6,maize
62.3,61.1,70.5,20.8,75.6,7.13,1675.7,orange
101.0,53.1,90.8,33.8,73.9,6.53,1842.5,papaya
20.2,47.9,29.3,14.4,61.9,6.27,568.7,lentil
80.1,35.0,130.6,29.8,88.5,6.82,2717.5,coconut
63.7,40.8,67.9,21.4,66.1,6.03,1429.3,apple
83.8,58.0,94.2,26.7,74.9,6.06,654.6,watermelon
52.6,37.7,42.1,18.3,58.6,6.22,2114.1,apple
92.1,65.0,104.8,28.4,81.9,6.54,671.9,watermelon
18.6,46.5,45.7,36.8,72.8,6.62,955.4,mungbean
92.8,45.7,32.3,21.9,64.7,6.96,1068.8,wheat
110.5,55.0,100.5,30.4,78.6,6.55,2227.2,papaya
39.6,67.3,43.3,21.0,59.8,6.78,1292.0,kidneybeans
23.6,29.7,17.8,34.9,28.5,7.01,390.6,mothbeans
91.1,19.6,109.0,30.3,87.6,6.03,2342.3,coconut
50.9,37.6,138.4,28.7,89.8,5.79,2850.1,coconut
40.3,56.8,28.8,23.3,51.4,6.16,844.3,chickpea
100.1,39.6,49.5,17.7,60.7,6.96,1191.2,wheat
59.1,41.4,37.3,17.3,62.3,7.21,1184.0,wheat
70.7,48.3,66.9,28.1,68.3,6.55,1984.3,orange
22.5,50.7,42.1,29.3,74.9,7.15,1224.5,blackgram
96.9,45.9,39.7,25.2,58.4,6.53,1004.6,maize
65.9,25.6,66.4,27.4,71.4,6.72,1441.0,mango
28.2,21.2,21.3,30.9,36.2,7.15,480.5,mothbeans
41.7,44.4,131.9,28.2,91.3,6.34,2636.9,coconut
109.1,47.0,60.3,23.3,66.6,6.27,1145.7,maize
38.3,30.1,34.5,15.1,68.2,6.47,902.8,lentil
90.8,43.0,79.8,28.7,55.0,6.83,1421.1,cotton
100.6,56.4,117.2,29.8,85.1,6.73,2290.6,banana
30.5,47.9,37.5,24.4,67.1,6.61,996.2,mungbean
36.9,51.6,43.2,29.8,70.4,6.86,751.7,mungbean
82.8,49.4,109.0,24.1,63.2,6.16,2641.9,coffee
87.7,49.0,37.5,19.1,47.5,6.34,1176.5,wheat
96.7,60.3,96.4,35.8,79.5,6.97,1549.8,papaya
110.1,45.4,106.6,30.2,79.2,6.85,1821.7,banana
134.3,45.1,121.7,31.2,70.3,6.59,1774.4,banana
48.6,40.2,59.4,16.4,66.2,6.43,2117.0,apple
118.8,67.9,71.9,34.4,54.5,6.63,836.0,cotton
69.7,51.4,66.7,28.2,79.0,7.07,1378.9,orange
84.0,41.5,62.6,20.3,70.9,6.15,1751.3,orange
67.9,27.8,96.5,24.8,64.4,6.76,862.0,grapes
90.5,44.0,66.8,31.6,79.1,6.37,3034.2,rice
29.5,37.0,38.2,19.8,53.7,7.23,880.9,chickpea
118.7,49.2,56.8,31.9,85.2,6.35,2550.2,rice
95.2,43.9,43.6,17.8,52.5,6.64,1008.9,wheat
97.5,50.4,117.7,30.4,82.2,6.59,2174.4,banana
75.5,38.3,65.0,31.6,57.7,6.61,890.3,pomegranate
76.9,64.4,100.0,32.5,71.0,7.12,716.4,watermelon
38.3,43.9,36.9,30.9,60.0,7.08,778.0,pigeonpeas
64.0,33.4,81.2,19.7,66.5,6.12,1741.5,apple
113.2,70.7,64.2,29.8,84.7,7.3,2576.9,jute
112.6,48.5,65.9,30.9,59.8,7.35,1119.2,cotton
105.1,54.9,32.0,17.4,72.8,7.06,999.6,wheat
85.3,49.4,93.6,28.6,59.6,6.63,572.8,muskmelon
87.1,48.9,87.2,27.3,73.7,6.27,2345.8,banana
124.4,64.3,57.8,36.1,86.7,6.49,2690.2,jute
29.3,63.2,37.4,23.2,64.4,6.58,1093.2,pigeonpeas
28.8,51.6,42.0,28.0,63.0,6.28,1096.2,blackgram
103.9,56.7,74.1,26.6,64.5,6.81,1065.8,cotton
60.3,32.0,64.0,34.3,52.2,6.41,2163.1,mango
84.1,58.2,101.5,26.8,87.1,7.04,2158.3,papaya
100.9,55.8,114.3,30.3,80.5,6.49,1926.7,banana
137.3,65.4,54.0,32.9,83.5,6.05,2806.7,jute
85.0,55.1,97.2,27.4,74.9,6.02,1696.2,papaya
56.3,40.1,122.4,32.9,62.4,6.74,686.3,watermelon
115.4,66.9,70.3,27.1,73.6,6.75,2473.8,jute
48.5,38.5,118.8,30.3,80.8,5.5,2232.2,coconut
88.7,69.5,77.4,35.1,66.1,6.94,1202.6,cotton
94.0,48.6,98.5,21.9,71.5,5.92,2937.8,coffee
115.3,43.4,54.4,24.5,66.8,6.42,992.5,maize
44.8,28.9,65.2,29.2,64.1,6.18,2148.6,mango
34.6,42.8,36.5,28.2,59.6,6.46,1188.1,pigeonpeas
92.8,47.7,39.4,20.0,65.0,6.53,1011.3,wheat
92.1,50.7,86.4,24.9,71.4,6.07,3156.5,coffee
99.1,44.3,138.8,34.1,80.7,6.42,2368.2,banana
57.1,32.4,69.2,32.2,59.5,6.51,1535.9,mango
28.1,39.6,27.7,20.3,54.5,6.6,1019.4,pigeonpeas
105.6,46.6,79.6,33.0,53.1,6.9,1175.8,cotton
40.0,45.8,33.6,30.8,58.0,7.1,802.1,mungbean
74.0,35.8,78.1,23.0,63.7,6.91,684.6,pomegranate
66.1,54.7,102.8,27.2,60.7,6.37,543.2,muskmelon
84.8,45.2,33.0,20.5,69.1,6.59,1174.9,wheat
143.0,42.9,60.9,29.7,80.4,6.76,2486.3,jute
67.0,42.4,77.8,31.3,54.1,6.16,619.4,muskmelon
31.9,47.7,27.8,28.0,70.5,6.91,928.0,pigeonpeas
97.9,69.2,74.4,23.8,58.8,6.72,1018.1,cotton
91.1,46.7,47.6,21.0,64.6,6.89,951.1,wheat
32.7,66.0,44.7,35.4,68.7,7.29,800.1,mungbean
58.6,18.0,88.3,27.5,81.4,6.66,3202.7,coconut
46.5,31.0,104.1,31.2,80.9,6.13,2542.0,coconut
91.5,64.0,89.8,24.8,63.5,6.43,830.8,cotton
120.3,45.3,59.9,27.4,76.1,6.22,2411.1,rice
22.4,26.2,23.5,30.1,35.2,7.03,506.2,mothbeans
65.6,51.3,48.6,29.8,69.8,6.18,1630.8,orange
66.0,31.0,69.7,15.6,74.7,6.57,1942.3,apple
69.8,47.0,106.4,33.9,68.5,6.66,419.2,muskmelon
66.5,56.1,88.6,32.8,59.2,6.54,807.8,muskmelon
39.6,41.7,29.6,30.5,65.1,7.32,990.0,blackgram
91.0,55.8,79.1,19.4,71.1,6.97,1758.0,orange
36.3,25.8,31.9,33.8,38.3,6.93,376.5,mothbeans
79.2,50.7,106.8,18.4,79.0,6.04,2514.2,coffee
19.6,36.8,31.1,18.3,51.8,7.1,634.8,chickpea
57.6,45.0,89.2,14.7,60.8,6.46,1802.0,apple
50.5,24.6,73.8,12.5,79.2,6.1,1452.8,apple
101.3,41.1,39.5,22.0,64.1,7.26,985.5,wheat
27.8,24.7,27.5,30.1,41.7,7.06,489.3,mothbeans
26.6,46.2,28.7,24.7,49.2,6.66,965.4,chickpea
38.2,41.6,29.5,20.0,44.9,6.8,747.0,lentil
19.9,37.9,19.7,30.1,28.5,6.23,341.0,mothbeans
33.4,32.7,34.7,22.4,47.9,6.77,477.0,lentil
132.2,59.3,63.9,27.1,87.5,6.62,2624.9,rice
101.0,45.1,44.5,26.7,69.3,6.38,1335.0,maize
31.0,30.1,21.7,30.6,40.4,6.86,551.6,mothbeans
55.0,44.8,34.5,31.4,73.2,7.34,1103.2,blackgram
74.9,65.5,101.4,26.5,71.9,6.69,1723.9,papaya
30.5,39.2,48.7,22.5,44.7,7.44,577.9,chickpea
28.1,42.3,36.3,35.6,71.5,6.7,1081.7,blackgram
58.2,39.0,85.0,33.1,48.9,7.39,1241.8,grapes
30.5,60.9,30.0,30.9,67.8,6.28,1047.8,pigeonpeas
140.9,51.0,49.3,17.2,69.7,5.72,853.4,maize
56.7,43.1,72.0,27.9,88.1,6.59,2592.3,coconut
64.6,46.3,107.1,30.3,72.4,6.38,598.6,watermelon
103.0,49.1,34.6,26.7,69.2,6.66,996.3,maize
36.2,47.4,37.8,23.9,41.9,6.58,961.6,chickpea
47.9,28.1,111.5,28.6,87.4,5.8,2873.8,coconut
25.2,42.7,27.7,22.9,43.6,7.33,645.2,lentil
25.5,40.5,25.8,18.7,58.6,6.39,767.7,lentil
57.8,42.9,101.7,39.7,60.8,6.91,1319.2,grapes
89.8,50.8,81.0,25.4,55.6,7.08,1566.6,cotton
43.0,38.2,29.8,26.7,65.1,6.62,1086.7,blackgram
76.6,48.6,79.7,30.0,68.6,6.23,1911.8,orange
118.0,59.0,80.2,37.9,58.3,7.38,1167.8,cotton
54.3,36.1,99.5,22.7,72.6,5.23,2308.8,coffee
60.3,35.7,73.5,18.8,72.7,6.42,1366.4,apple
103.4,68.1,90.8,32.7,57.3,7.88,1119.6,cotton
106.1,69.3,56.1,33.3,53.4,6.47,1237.5,cotton
13.5,52.8,31.7,12.9,47.1,6.57,824.4,lentil
35.0,53.4,24.3,24.8,66.4,6.42,1341.1,blackgram
64.4,49.6,92.1,15.2,73.1,5.2,2676.3,coffee
134.4,57.0,56.7,34.1,84.7,6.2,2190.3,jute
52.1,37.9,108.7,20.1,57.1,6.48,902.1,grapes
65.0,63.9,91.2,22.9,62.0,6.33,720.3,watermelon
36.7,45.4,37.9,20.3,41.1,7.08,781.5,chickpea
32.7,49.9,43.3,17.1,66.2,7.27,1265.4,kidneybeans
87.1,62.7,86.2,20.9,64.3,6.73,588.2,muskmelon
52.3,41.2,77.8,20.2,66.1,7.03,1405.7,apple
73.0,61.3,81.4,20.8,80.8,5.98,2647.2,coffee
89.4,59.1,98.2,23.8,57.9,7.05,686.0,watermelon
59.3,56.5,80.5,25.7,63.2,5.72,1707.6,orange
76.9,55.4,57.9,22.4,51.4,7.22,1264.5,pomegranate
73.9,52.2,96.1,28.2,66.2,6.67,641.5,muskmelon
30.3,43.1,19.1,13.4,50.8,6.59,520.5,lentil
62.2,50.0,101.1,20.6,84.8,6.09,1732.5,coffee
40.7,32.5,154.8,36.1,88.9,6.36,2317.6,coconut
84.1,53.0,120.2,25.7,69.9,7.0,774.7,watermelon
95.7,45.3,79.8,25.6,73.7,5.98,1977.7,papaya
64.0,35.4,59.8,16.8,71.1,6.36,1475.4,apple
69.3,40.6,122.3,27.9,72.2,6.24,618.6,watermelon
29.3,42.6,28.8,33.8,71.2,7.21,1254.0,mungbean
143.3,48.9,91.2,28.0,89.0,6.31,1735.2,banana
119.3,59.9,71.9,29.3,86.0,6.33,3259.7,jute
58.6,48.5,115.0,28.6,64.3,6.64,565.9,muskmelon
80.5,43.0,111.3,18.4,79.3,5.5,2427.6,coffee
33.6,35.2,27.9,24.7,49.2,6.81,852.5,chickpea
103.2,50.4,102.8,27.9,82.3,7.17,2588.0,banana
84.8,62.4,92.9,27.9,60.7,6.64,607.7,muskmelon
70.2,53.5,97.8,16.8,78.8,5.84,2924.1,coffee
102.9,48.0,99.2,34.7,80.9,7.11,1765.9,banana
39.4,60.4,40.8,24.5,63.9,6.7,1089.6,kidneybeans
104.4,57.6,71.0,28.5,75.1,6.2,1809.2,papaya
29.5,58.1,44.9,18.4,53.5,6.73,582.4,chickpea
87.7,50.0,93.1,27.2,69.9,6.83,1923.9,papaya
133.8,48.9,128.0,31.3,86.8,6.52,1698.9,banana
85.2,50.6,83.1,19.1,71.9,6.85,1730.4,orange
27.3,37.8,27.6,21.1,53.6,6.81,693.9,chickpea
80.4,42.7,95.8,26.3,65.4,6.46,715.5,muskmelon
112.4,57.4,47.8,27.4,67.0,6.92,1237.8,maize
51.5,35.6,49.3,28.9,67.4,6.56,2134.4,mango
96.1,54.8,48.4,31.7,78.4,5.81,2039.6,rice
83.2,60.4,96.3,26.3,65.3,6.06,470.5,muskmelon
62.8,46.2,46.8,32.8,55.3,7.62,1126.1,pomegranate
75.3,49.4,52.8,30.1,58.9,6.48,1080.0,orange
23.9,31.4,34.1,16.7,43.0,6.47,925.2,lentil
39.4,69.3,38.8,24.9,66.0,6.96,973.6,kidneybeans
63.0,56.3,65.7,19.9,66.4,6.19,1052.3,maize
69.9,54.4,101.8,34.5,58.0,7.13,1267.9,grapes
51.2,27.5,75.8,32.6,61.4,6.37,2249.0,mango
31.0,39.2,32.9,31.4,74.6,7.23,1081.2,blackgram
107.7,51.1,41.0,14.4,54.8,6.48,1084.9,wheat
36.4,37.8,28.0,19.1,50.2,6.31,866.9,chickpea
34.9,38.7,29.8,15.7,35.9,6.95,633.0,lentil
66.7,60.9,71.0,25.8,65.8,6.46,1722.8,orange
46.3,33.7,86.7,33.2,58.2,6.67,1586.2,mango
123.6,49.9,63.6,31.6,82.9,5.97,2348.0,jute
27.1,31.5,43.3,31.8,63.1,6.72,1199.7,blackgram
83.1,48.6,68.0,24.3,53.6,6.51,1298.2,pomegranate
87.9,39.4,96.2,27.0,59.7,7.19,850.3,grapes
48.7,32.4,67.4,32.4,68.4,6.36,1523.4,mango
37.7,39.3,36.9,27.2,66.4,6.73,982.0,pigeonpeas
89.3,53.4,81.3,26.1,61.8,6.04,1939.7,orange
64.8,45.6,90.5,28.4,43.6,6.72,933.5,grapes
100.7,45.7,91.7,26.9,78.9,6.32,1475.3,papaya
94.5,59.7,88.9,28.1,72.9,6.52,1415.2,papaya
68.9,45.2,81.6,26.9,78.8,5.42,2114.8,coffee
16.0,30.4,32.6,33.7,39.2,7.98,561.3,mothbeans
130.3,47.9,58.9,26.6,83.0,6.18,1982.0,rice
43.0,51.5,45.5,31.4,62.6,6.89,854.4,mungbean
38.7,44.7,35.8,26.8,75.2,6.14,1235.9,blackgram
106.3,56.0,61.6,28.6,47.8,7.08,1329.2,cotton
106.7,53.1,54.8,26.1,64.8,6.78,966.2,maize
96.1,62.1,75.1,30.8,60.9,7.3,811.6,cotton
94.1,54.3,112.8,24.7,57.2,6.54,751.9,watermelon
57.9,50.5,74.8,28.2,53.0,6.54,1159.3,pomegranate
20.1,29.2,24.0,32.1,43.3,7.71,502.5,mothbeans
34.1,35.2,30.7,13.5,39.6,6.38,489.4,lentil
25.6,53.1,29.3,29.8,67.0,6.42,1612.7,pigeonpeas
26.9,48.7,22.5,27.8,59.6,6.5,893.8,mungbean
63.0,49.7,109.6,22.8,62.6,6.56,2135.9,papaya
106.3,47.6,74.4,29.1,93.4,5.89,2210.5,rice
48.3,54.4,43.0,31.6,69.5,6.78,986.7,blackgram
89.4,50.7,76.1,22.4,73.8,5.36,2646.5,coffee
36.0,37.6,44.5,13.1,51.8,6.83,903.2,lentil
87.6,38.7,90.6,30.4,70.6,7.33,781.7,watermelon
86.9,48.5,129.7,17.6,82.8,5.9,2658.1,coffee
78.3,54.3,76.5,23.1,89.1,5.74,1971.4,coffee
119.9,58.2,55.6,33.8,85.4,6.43,2524.9,jute
55.3,22.3,93.3,28.7,83.1,5.81,2979.2,coconut
67.2,48.5,62.1,18.6,67.9,6.73,1848.4,orange
129.9,42.2,114.2,27.7,80.4,6.02,2374.4,banana
33.1,51.3,22.3,30.9,58.5,5.81,1647.2,pigeonpeas
116.1,68.4,78.0,28.3,65.8,6.74,1244.2,cotton
101.9,58.6,60.5,30.8,87.7,6.08,2604.3,jute
114.9,53.7,56.1,17.1,65.0,6.2,1122.2,maize
124.5,55.7,41.6,25.5,87.2,6.37,2976.6,rice
63.6,45.6,87.5,21.8,78.1,5.32,2486.2,coffee
80.2,43.6,114.9,33.9,82.8,6.68,2201.3,banana
25.8,53.2,46.7,17.6,58.3,6.23,1056.7,kidneybeans
102.7,53.3,115.2,28.5,80.4,6.15,1818.4,banana
125.4,50.9,55.5,29.0,92.3,6.06,2763.0,jute
111.7,43.5,30.3,15.8,69.1,7.03,908.3,wheat
19.4,51.8,34.3,28.6,67.8,6.96,770.9,blackgram
54.6,44.4,42.2,31.2,69.5,6.05,1112.4,blackgram
107.6,62.4,65.2,32.8,56.3,7.34,1084.2,cotton
100.4,59.2,64.5,32.3,50.6,6.66,1216.2,cotton
53.0,34.8,47.5,33.7,60.2,7.15,2019.9,mango
81.9,40.6,72.6,25.8,60.2,6.16,898.6,grapes
18.4,38.2,34.7,24.6,71.2,6.56,858.3,mungbean
83.7,47.7,96.7,23.7,78.6,6.07,2256.7,coffee
52.4,34.3,57.2,35.2,52.0,6.11,2019.9,mango
117.0,54.6,112.5,28.9,82.5,6.23,2029.0,banana
76.1,38.6,73.0,28.6,70.4,6.71,1894.5,orange
18.9,61.6,42.2,27.4,61.7,6.64,994.8,mungbean
112.1,67.3,73.0,38.5,54.2,6.13,1048.6,cotton
26.4,40.3,33.0,18.3,45.7,6.3,773.2,lentil
70.4,48.0,98.0,27.3,85.9,5.44,3553.0,coffee
21.3,45.7,29.2,20.4,53.7,6.38,754.4,lentil
67.8,53.0,65.3,31.8,67.1,6.58,1000.3,maize
34.8,37.9,36.4,31.7,69.5,6.41,1057.9,blackgram
75.4,42.8,49.3,27.2,59.5,6.82,1828.8,mango
30.3,53.3,34.5,33.4,60.0,6.37,790.5,pigeonpeas
116.4,60.8,55.9,22.9,70.9,6.43,1027.7,maize
60.2,34.9,57.7,25.2,57.7,6.55,2136.6,mango
109.1,64.8,72.3,27.3,90.8,6.39,2939.6,jute
114.4,50.2,29.1,17.2,76.9,6.82,849.8,wheat
89.7,61.2,79.4,27.6,68.0,6.56,423.4,muskmelon
77.7,47.6,93.4,22.6,78.4,5.53,2694.3,coffee
93.7,67.1,89.3,24.2,57.1,6.57,378.0,muskmelon
85.1,61.5,107.4,28.7,83.4,6.68,1805.1,banana
27.4,42.2,42.3,29.4,63.6,6.92,844.9,mungbean
21.3,35.2,13.8,31.2,40.8,6.98,623.4,mothbeans
127.4,56.9,63.4,30.2,88.8,6.59,2947.4,jute
67.2,53.0,103.7,17.1,80.2,5.31,3254.0,coffee
66.1,46.7,67.2,30.8,56.9,6.28,577.2,muskmelon
31.5,38.1,22.4,28.5,48.8,5.42,1248.5,pigeonpeas
56.6,41.3,79.2,22.0,51.9,6.45,540.0,grapes
96.0,49.9,67.7,23.9,77.5,5.98,2663.5,rice
100.4,75.4,59.8,29.3,81.1,5.99,2498.7,rice
72.0,35.9,58.9,36.1,60.2,6.36,1779.4,mango
120.2,58.8,79.5,21.7,51.8,6.03,1251.8,cotton
15.4,52.3,35.3,27.8,68.5,7.63,898.3,mungbean
65.4,66.1,88.4,32.7,65.2,6.22,827.1,muskmelon
76.1,42.5,78.6,21.6,56.8,6.27,1074.3,grapes
110.8,48.9,52.3,22.4,87.9,6.43,2658.4,rice
95.7,42.5,66.1,28.6,68.8,6.84,757.1,maize
111.6,64.1,45.8,27.4,81.9,6.45,2247.6,rice
64.0,51.0,88.5,31.7,53.6,6.56,1290.5,grapes
21.5,28.8,30.5,34.9,41.3,7.1,392.0,mothbeans
29.3,43.3,44.5,30.8,72.8,6.48,1056.1,mungbean
22.8,41.4,28.4,15.7,57.3,6.28,683.1,lentil
115.9,51.3,59.3,32.7,91.9,6.22,3186.7,jute
93.8,56.2,118.8,31.3,58.4,6.37,769.1,watermelon
119.8,44.6,95.9,25.9,90.7,6.33,1582.9,banana
57.8,48.9,77.4,27.0,63.9,7.08,2053.6,mango
93.9,54.4,85.3,17.6,70.3,5.45,2614.2,coffee
52.0,47.1,92.2,23.1,73.5,6.62,1862.1,orange
55.8,47.4,97.3,22.1,75.3,5.78,2394.9,coffee
96.1,57.9,37.2,15.7,72.9,6.74,1299.8,wheat
73.4,56.3,90.0,29.4,82.3,5.79,2513.2,coffee
77.6,64.5,95.9,20.3,70.6,5.38,2485.6,coffee
102.0,49.3,94.1,26.6,79.4,6.55,1987.2,papaya
104.5,46.1,59.8,34.8,83.4,6.74,2916.3,jute
86.9,43.2,57.9,24.6,73.1,6.5,1089.0,maize
71.5,33.8,46.5,22.0,59.7,6.07,1490.3,apple
76.2,55.1,99.4,24.2,69.5,5.3,3132.0,coffee
40.8,72.4,39.4,20.0,68.9,6.68,806.8,kidneybeans
131.3,61.5,104.5,31.4,85.7,6.51,1853.7,banana
44.7,54.2,37.7,30.2,76.4,6.97,1071.3,blackgram
106.2,59.2,72.3,25.6,50.9,7.66,1130.4,cotton
34.5,35.9,35.9,21.7,49.5,7.01,682.8,chickpea
131.2,65.7,61.4,28.9,61.7,6.76,1462.6,cotton
85.5,57.5,41.7,21.7,68.0,6.75,878.7,wheat
75.7,54.9,78.1,20.4,66.7,6.43,1734.8,orange
88.0,47.8,77.2,22.6,73.4,6.61,2040.7,orange
31.0,42.6,41.7,19.2,42.0,6.14,862.1,chickpea
40.2,50.3,41.0,31.7,68.8,6.29,1182.5,blackgram
88.0,59.1,115.7,26.5,71.5,6.57,483.3,watermelon
30.3,42.0,31.9,34.5,69.0,7.49,999.9,mungbean
35.4,66.1,36.6,22.8,63.3,6.22,1010.2,kidneybeans
53.2,33.3,100.9,27.9,85.3,6.32,2698.4,coconut
68.9,41.8,127.9,27.0,88.2,6.31,2610.0,coconut
108.1,60.9,77.3,28.2,46.3,6.79,970.0,cotton
75.2,43.2,45.0,30.7,65.4,6.78,1703.8,orange
21.4,33.8,25.4,18.1,46.7,6.3,699.1,lentil
92.9,54.7,102.2,27.7,56.1,6.38,602.3,muskmelon
74.1,43.9,85.5,30.1,51.2,6.72,889.5,grapes
69.4,56.9,32.2,18.0,63.2,6.54,929.8,wheat
111.2,58.7,83.2,26.7,54.2,6.88,830.8,cotton
41.8,52.9,40.5,28.5,73.4,7.01,993.8,blackgram
76.7,44.4,94.0,26.6,69.8,5.7,1326.0,orange
68.9,42.9,91.2,31.7,52.5,6.7,838.9,grapes
109.8,52.9,98.2,31.0,80.1,6.65,2189.8,banana
92.4,56.8,114.2,30.9,70.1,6.24,1627.2,papaya
66.6,54.7,68.3,22.1,75.5,6.46,1926.5,orange
93.4,55.8,53.9,28.0,68.4,6.66,1037.1,maize
85.8,67.7,94.7,33.1,59.6,6.53,924.0,muskmelon
77.0,49.7,106.8,27.2,66.3,6.61,586.0,watermelon
112.5,59.0,109.4,24.9,69.3,6.18,1554.3,papaya
108.0,54.5,82.0,30.7,57.5,6.71,1201.7,cotton
121.7,46.1,109.6,27.2,78.7,6.15,2340.4,banana
51.0,56.1,33.0,27.4,78.6,6.24,1136.0,blackgram
57.4,26.7,72.1,17.3,61.5,6.16,1598.3,apple
105.7,60.3,100.1,31.2,76.1,6.98,1624.9,papaya
88.3,50.3,37.3,19.0,61.5,6.44,1181.2,wheat
102.5,59.0,145.0,30.0,77.2,6.27,2037.3,banana
89.2,61.0,91.2,27.7,67.9,6.36,708.7,watermelon
77.9,55.5,38.3,16.0,64.8,6.49,665.3,wheat
49.0,48.7,59.8,26.5,54.8,6.09,742.9,grapes
68.0,53.9,115.6,27.3,60.6,6.33,555.1,muskmelon
58.7,44.1,122.0,32.8,84.0,5.63,2972.1,coconut
105.9,40.0,126.2,30.7,80.6,6.7,2012.4,banana
104.1,72.5,65.8,32.5,80.0,6.4,2688.6,jute
51.6,30.1,52.7,32.1,65.3,6.5,2485.3,mango
114.1,64.7,65.2,28.9,83.7,6.29,2300.2,jute
70.9,58.7,102.5,33.3,63.4,6.59,571.5,watermelon
34.5,46.2,38.7,26.7,66.0,7.05,1119.6,blackgram
26.5,53.1,37.9,22.0,46.4,7.32,742.5,chickpea
80.4,29.6,129.5,29.8,93.3,6.18,3150.0,coconut
38.2,67.3,46.3,21.7,60.7,6.59,1432.4,kidneybeans
64.9,69.7,124.5,33.5,65.5,6.04,719.1,muskmelon
73.8,31.6,69.6,26.5,51.9,7.14,1214.5,pomegranate
79.5,49.5,56.3,22.8,73.9,7.04,2271.5,orange
77.6,70.7,77.3,27.3,73.1,6.47,1443.7,cotton
64.7,41.6,41.7,16.4,68.3,6.45,1389.0,wheat
40.4,46.3,32.3,30.7,79.9,7.12,912.3,mungbean
70.0,41.0,56.5,17.8,67.6,6.55,1598.9,apple
82.4,63.0,65.4,32.2,82.9,6.25,2806.4,jute
110.2,62.1,117.1,30.9,80.6,6.48,1890.2,papaya
58.6,25.8,55.8,22.9,49.0,6.3,1180.5,pomegranate
110.2,52.8,71.1,33.2,55.1,6.77,1310.0,cotton
25.0,61.6,32.6,22.8,65.3,6.5,1115.9,kidneybeans
44.8,58.5,50.2,24.3,64.2,6.97,1065.7,kidneybeans
75.8,46.3,33.1,16.7,61.0,6.85,849.4,wheat
37.7,40.1,42.3,21.8,47.1,6.36,340.5,lentil
97.1,46.5,66.0,18.2,67.9,7.26,903.6,maize
118.7,54.4,93.7,29.4,85.9,7.25,1793.8,banana
24.8,25.1,27.1,30.0,38.2,6.35,695.1,mothbeans
72.8,48.8,36.0,32.1,54.9,6.45,1231.0,mango
93.6,71.8,92.7,31.4,83.6,6.93,1898.0,papaya
58.7,42.6,63.1,15.5,58.1,5.71,1403.3,apple
66.7,49.5,81.9,25.0,79.5,5.58,2300.3,coffee
95.5,58.0,71.4,32.9,76.5,6.33,2449.6,jute
108.6,44.5,106.4,30.0,56.0,7.13,1275.0,cotton
82.1,47.4,77.2,27.1,66.5,5.51,1931.8,orange
87.4,53.5,46.4,23.2,58.9,6.31,1141.4,maize
93.8,46.1,66.6,31.3,72.9,6.9,1906.4,papaya
66.2,43.2,62.0,34.8,70.1,6.89,2155.4,mango
74.7,49.7,115.2,23.4,77.1,5.88,3211.4,coffee
109.1,35.1,44.7,30.4,65.2,6.68,1389.9,maize
21.3,26.2,19.0,29.9,36.0,7.34,601.0,mothbeans
79.7,48.7,57.6,29.9,58.3,6.76,2303.1,orange
65.1,52.4,96.3,15.2,69.0,5.84,2114.0,coffee
25.4,42.4,28.7,30.4,65.1,6.25,1696.6,pigeonpeas
73.3,46.7,61.0,18.1,69.8,6.31,1764.5,apple
55.9,34.9,47.3,12.8,68.1,6.46,1434.7,apple
65.0,58.4,108.0,27.7,68.8,7.07,784.3,watermelon
70.2,37.5,109.2,29.7,51.9,6.92,703.4,grapes
39.2,41.0,38.8,39.6,64.1,7.09,1592.0,mango
45.3,31.5,36.4,24.0,80.9,6.88,1125.0,blackgram
76.3,48.6,86.9,27.1,73.9,6.68,1803.8,orange
28.6,38.3,40.2,25.7,48.7,6.94,772.8,chickpea
120.9,44.1,123.9,26.7,85.3,6.46,1502.4,banana
94.5,45.2,40.0,11.4,60.4,6.53,540.0,wheat
103.3,46.2,44.6,17.4,71.8,6.45,1388.5,wheat
43.5,55.9,36.3,24.4,73.6,6.82,1034.3,blackgram
36.9,75.1,40.9,18.3,61.1,6.33,802.1,kidneybeans
94.8,43.7,94.7,27.2,68.4,6.27,1877.7,papaya
56.8,26.0,57.1,28.8,58.3,7.34,1933.2,mango
63.5,37.9,114.4,31.9,85.8,5.78,2879.1,coconut
32.7,46.4,36.5,15.6,64.2,7.43,628.3,chickpea
74.7,29.9,39.6,29.7,56.0,6.64,1798.3,mango
69.6,29.2,76.0,31.4,56.6,6.95,846.5,pomegranate
68.7,53.0,80.2,30.6,56.3,7.34,613.1,watermelon
49.5,38.8,75.2,16.1,59.3,6.34,1673.9,apple
96.7,45.0,72.7,23.8,71.8,6.18,1510.0,orange
22.8,55.1,30.7,34.8,64.5,7.12,879.0,mungbean
76.7,59.3,67.9,27.0,61.4,6.66,644.0,muskmelon
20.9,36.2,38.4,21.4,47.4,6.77,762.9,lentil
74.3,55.7,110.7,30.9,62.3,6.36,501.8,muskmelon
56.7,38.8,65.3,29.7,64.3,7.23,1070.8,pomegranate
90.8,45.4,65.4,23.1,83.2,5.64,2794.2,rice
52.6,31.4,110.1,25.1,81.8,6.48,2400.7,coconut
107.8,46.8,31.0,22.0,56.1,6.27,1079.4,wheat
110.3,54.1,91.4,29.3,63.8,6.9,975.1,cotton
29.6,48.2,41.9,20.2,67.2,6.43,1085.3,kidneybeans
105.4,64.0,99.8,33.7,75.2,5.68,2360.3,banana
75.9,51.1,64.4,21.3,68.2,6.66,1374.0,maize
74.6,47.1,50.0,15.0,48.0,7.33,1116.1,wheat
31.7,44.8,26.3,25.2,66.4,6.75,828.2,mungbean
80.5,48.6,90.5,21.6,80.3,5.77,2785.1,coffee
87.9,47.1,69.8,17.6,65.2,6.26,1628.1,orange
24.2,50.2,38.5,25.5,66.0,7.57,955.8,mungbean
65.7,40.3,82.1,26.9,63.5,7.3,1395.7,pomegranate
93.8,52.6,105.9,32.2,75.8,6.92,1716.0,papaya
133.9,63.1,55.0,31.0,82.1,6.44,3112.3,jute
45.2,51.0,61.9,34.5,49.0,6.21,1497.6,pomegranate
39.2,46.1,30.2,24.6,56.8,6.47,600.7,chickpea
117.7,50.4,90.6,27.7,75.8,6.24,1695.9,banana
15.4,13.5,15.9,31.0,38.6,6.61,422.7,mothbeans
66.6,64.2,82.1,24.0,59.5,6.44,663.3,muskmelon
88.0,39.6,106.2,36.8,84.1,6.46,2021.8,coconut
77.7,54.4,41.2,11.7,55.9,6.46,1045.4,wheat
10.4,26.6,28.7,31.0,49.5,7.07,491.4,mothbeans
26.0,39.6,18.8,13.6,63.1,6.63,579.2,lentil
57.7,49.2,64.4,26.4,58.9,6.57,1255.7,pomegranate
95.4,62.9,73.6,26.7,68.8,6.58,1131.5,maize
41.0,42.4,37.1,29.9,74.5,6.79,737.6,mungbean
68.4,52.8,55.1,24.0,66.0,6.32,1296.8,maize
100.5,62.9,99.4,25.8,76.8,6.04,1949.5,banana
114.9,40.2,32.2,20.6,54.1,7.06,540.0,wheat
22.3,38.6,24.4,12.1,49.6,7.04,565.4,lentil
91.9,59.2,57.3,28.4,72.1,6.28,1161.8,maize
69.2,41.4,92.5,27.3,49.6,6.04,1221.2,grapes
21.8,40.2,35.9,23.9,46.3,6.28,814.1,chickpea
87.3,53.9,92.7,33.1,54.7,5.98,556.6,muskmelon
77.8,31.9,87.6,31.7,54.7,7.17,1255.7,grapes
113.9,54.6,38.0,27.2,78.6,6.6,3207.0,rice
60.1,54.5,105.0,31.7,73.2,6.75,680.4,watermelon
37.9,45.3,40.9,21.5,40.2,6.98,921.2,lentil
103.7,72.9,68.5,26.6,82.2,5.46,2930.9,rice
55.2,49.4,89.1,20.2,61.8,6.23,1158.9,grapes
93.0,44.9,32.8,20.8,66.0,6.06,1122.2,wheat
30.5,31.2,30.8,26.9,46.2,7.28,481.5,mothbeans
81.1,71.7,88.4,26.3,62.5,6.26,681.7,watermelon
27.4,37.4,39.0,14.2,48.2,5.95,637.0,lentil
56.7,70.7,111.4,36.1,59.4,6.63,912.7,watermelon
61.3,55.0,50.1,29.4,69.9,6.48,991.4,mango
15.2,41.5,34.6,16.7,47.0,6.84,628.8,lentil
19.3,35.0,27.1,31.8,34.5,6.62,524.1,mothbeans
92.2,62.1,51.3,27.7,88.0,6.01,2660.7,rice
78.6,48.2,91.9,27.2,51.7,7.5,797.1,cotton
112.3,45.4,87.0,29.4,67.9,7.16,2229.6,banana
61.7,37.9,106.5,29.4,80.3,6.34,2547.9,coconut
23.5,60.5,34.3,25.7,74.1,6.75,1024.7,blackgram
57.9,57.4,80.3,29.0,66.5,6.72,784.5,watermelon
111.1,61.6,95.2,32.7,61.5,7.23,648.9,cotton
74.2,64.3,92.9,28.2,66.2,6.6,633.4,watermelon
69.7,29.2,97.3,31.6,84.6,6.16,2391.5,coconut
81.2,47.8,35.8,14.3,61.3,6.36,932.6,wheat
62.8,55.3,70.8,28.1,50.9,6.94,1257.1,pomegranate
83.4,58.3,94.6,34.2,81.0,6.36,1796.1,papaya
120.6,40.0,67.3,25.3,91.0,6.02,2753.5,rice
33.5,36.4,27.4,22.6,57.8,6.91,801.3,chickpea
77.5,30.7,99.7,31.0,89.1,6.66,2562.7,coconut
85.0,53.3,41.3,19.2,72.7,6.43,972.1,maize
37.2,57.1,44.9,18.9,70.3,6.98,1134.0,kidneybeans
55.1,31.9,91.8,25.7,66.1,5.98,1704.1,orange
29.0,40.3,37.4,28.5,66.5,6.83,925.2,mungbean
38.9,84.5,44.4,15.8,67.9,6.33,875.7,kidneybeans
125.5,58.1,63.5,28.7,82.6,6.68,2955.4,jute
25.1,46.5,29.0,32.9,61.7,7.01,1190.8,blackgram
114.0,43.0,73.3,33.3,64.8,6.39,914.8,maize
37.3,47.5,34.6,31.2,58.4,7.17,991.6,mungbean
103.9,42.7,41.4,24.2,72.2,6.45,1316.6,maize
122.5,63.5,87.4,25.3,78.1,6.52,2420.6,papaya
63.8,43.0,130.2,27.0,87.1,5.97,2070.1,coconut
28.3,42.9,37.0,19.0,62.5,6.73,879.6,pigeonpeas
50.3,47.8,60.8,28.1,52.5,6.47,1279.5,mango
104.7,56.7,42.8,13.7,64.2,6.68,1325.5,wheat
44.3,53.9,46.4,28.8,74.0,6.42,1042.3,blackgram
80.7,45.3,115.7,32.7,82.0,6.15,2064.3,coconut
108.9,64.6,89.2,35.6,57.9,7.31,1575.0,cotton
58.2,32.6,71.3,18.0,70.0,6.76,2279.1,apple
35.2,33.9,29.7,28.7,69.3,6.55,772.0,mungbean
62.1,40.1,76.2,26.4,53.3,7.25,1163.4,pomegranate
41.8,43.8,19.8,17.0,49.0,6.42,693.6,lentil
120.1,40.1,137.8,27.7,66.5,6.83,1692.5,banana
112.8,53.7,75.8,25.3,90.7,6.0,2388.4,rice
62.8,55.3,84.5,28.9,63.5,6.98,669.2,watermelon
56.9,33.4,49.3,24.4,57.9,6.82,1872.6,mango
40.4,41.9,38.0,19.0,60.4,6.77,955.3,pigeonpeas
152.1,54.8,53.4,30.2,81.1,6.7,2146.3,jute
72.0,63.1,106.4,25.6,72.4,6.28,890.6,watermelon
32.5,27.3,28.6,34.4,45.6,5.98,657.5,mothbeans
26.0,15.4,38.5,36.0,41.2,6.65,525.8,mothbeans
70.9,50.3,108.0,29.6,76.7,5.98,3317.7,coconut
110.0,71.5,106.8,22.1,72.0,6.23,2117.3,coffee
68.9,42.1,83.9,30.6,60.6,6.17,2206.2,orange
100.3,43.2,34.7,11.4,59.5,6.47,1265.4,wheat
21.2,28.2,28.7,25.3,43.8,5.88,493.5,mothbeans
68.9,34.2,58.1,27.9,55.0,6.26,1400.4,mango
27.1,42.6,27.1,24.4,49.3,6.44,540.0,lentil
87.8,51.3,54.9,26.3,60.2,6.3,1306.9,orange
75.1,52.1,132.0,20.7,66.8,5.47,2502.1,coffee
106.4,56.3,97.3,32.2,68.2,6.91,1912.5,papaya
24.7,46.5,48.9,21.0,70.4,6.3,918.0,mungbean
136.8,47.8,86.6,29.5,77.9,6.79,1819.4,banana
36.4,54.8,45.1,21.2,69.0,6.7,1327.3,kidneybeans
29.8,40.5,34.0,23.2,60.6,7.24,1279.1,pigeonpeas
33.9,29.2,33.6,23.2,43.0,7.42,529.1,lentil
94.2,63.3,97.6,27.7,80.7,6.23,1499.9,papaya
108.6,51.9,67.9,24.3,88.3,6.28,2109.3,rice
63.3,38.2,55.4,30.6,54.1,6.88,2240.3,mango
101.7,48.2,93.7,27.6,75.9,6.37,1812.3,banana
36.0,22.5,95.9,32.7,67.8,6.31,671.5,grapes
63.5,35.4,73.1,15.2,67.4,6.07,1833.3,apple
74.1,72.0,82.2,20.9,64.8,6.68,659.7,watermelon
77.9,38.8,113.7,31.9,87.3,6.07,2418.1,coconut
43.6,51.5,34.1,34.8,67.7,6.71,1111.6,blackgram
100.8,40.3,62.9,28.2,88.6,6.5,2857.0,jute
156.1,67.6,66.0,26.2,84.1,6.93,2618.1,jute
128.1,48.9,119.9,28.6,80.1,6.38,2720.2,banana
114.9,39.7,64.8,23.0,60.4,7.18,982.2,cotton
102.7,65.9,104.8,28.6,75.2,6.79,2331.9,papaya
33.4,35.6,30.3,18.3,46.1,7.09,587.4,chickpea
117.7,41.1,127.4,28.1,82.5,6.59,2405.6,banana
76.0,52.7,48.1,14.3,67.1,6.68,983.8,wheat
108.4,67.7,60.4,28.8,65.5,6.01,1159.9,maize
76.3,50.5,111.6,22.0,78.3,5.12,2780.7,coffee
14.0,55.4,38.7,31.5,67.9,6.57,954.7,mungbean
27.9,62.5,37.9,15.5,66.3,6.85,1016.6,kidneybeans
102.8,58.8,138.9,32.1,73.5,6.12,2174.4,banana
104.8,52.7,70.2,23.7,59.1,6.77,915.0,cotton
111.2,56.2,116.0,27.4,74.8,6.76,1657.2,banana
128.4,58.1,110.5,28.9,83.4,6.45,2359.5,banana
118.3,45.5,107.4,30.1,83.0,6.94,2365.4,banana
82.7,64.5,86.9,29.2,67.3,6.25,459.6,watermelon
25.8,52.7,18.0,20.8,41.6,6.69,795.1,chickpea
32.5,58.0,33.5,30.1,58.8,6.85,888.2,mungbean
104.1,60.4,110.6,23.9,82.0,6.51,1807.1,banana
76.2,45.5,102.9,29.9,89.8,6.71,2581.5,coconut
46.3,40.1,32.4,17.3,53.7,7.06,1012.3,chickpea
131.5,62.9,51.9,26.6,82.2,6.24,2916.6,rice
37.3,68.5,39.6,21.8,63.1,6.94,1036.8,kidneybeans
94.5,48.0,99.6,30.4,83.3,6.76,1549.9,papaya
55.8,37.0,48.1,23.9,65.9,6.03,1041.9,mango
96.5,56.6,90.2,31.5,75.4,6.25,463.9,watermelon
61.8,53.8,65.5,27.6,45.6,6.55,1619.4,pomegranate
107.6,57.2,65.8,22.8,69.5,6.27,794.3,maize
133.5,60.3,90.9,32.2,61.0,7.1,1421.0,cotton
58.0,53.5,71.4,29.8,65.6,6.42,1233.0,pomegranate
56.7,42.8,118.5,36.8,92.6,6.42,2293.9,coconut
76.9,46.2,85.6,31.5,57.5,6.48,1463.8,orange
47.6,38.2,90.9,24.1,57.8,6.66,677.7,grapes
70.8,41.6,45.3,14.8,61.7,5.88,715.5,wheat
47.6,23.4,101.6,27.7,83.3,6.52,1872.2,coconut
47.3,41.7,43.0,27.1,67.4,6.69,1510.9,mango
99.4,59.0,113.5,28.7,85.2,6.51,2216.4,banana
16.3,52.0,29.2,23.3,48.4,6.18,1071.9,pigeonpeas
78.5,58.5,87.4,20.5,78.9,5.87,1877.9,coffee
24.5,46.2,36.4,33.2,82.6,6.94,1037.0,blackgram
63.3,34.3,70.2,30.3,58.9,7.72,905.7,pomegranate
43.9,33.3,87.5,18.7,51.4,6.52,728.2,grapes
73.3,43.3,87.0,22.3,75.1,6.22,1743.8,papaya
81.6,36.0,67.7,20.7,63.0,6.59,1268.5,grapes
22.1,64.6,35.4,30.0,67.6,7.0,978.8,blackgram
53.9,49.1,82.6,30.7,60.2,6.47,633.7,muskmelon
64.0,31.1,63.6,31.2,61.8,6.41,1661.9,mango
49.2,41.0,70.4,32.5,60.8,6.43,2222.7,mango
41.3,67.3,48.9,22.4,66.0,6.08,1285.7,kidneybeans
32.2,40.0,39.4,30.7,58.6,6.14,1552.6,pigeonpeas
31.8,39.2,28.1,25.7,55.5,6.32,1201.4,pigeonpeas
16.5,42.5,36.9,20.9,60.1,7.33,420.9,lentil
76.5,34.3,31.1,17.9,69.3,6.88,811.5,wheat
68.2,35.5,139.4,28.6,79.3,6.89,3067.9,coconut
43.7,46.5,44.5,24.8,67.5,6.2,789.3,mungbean
118.6,52.9,58.5,38.0,51.0,6.9,1416.2,cotton
62.2,47.3,37.6,17.2,62.4,6.45,1137.0,wheat
112.9,69.3,90.3,32.7,64.3,6.46,985.5,cotton
50.4,41.5,59.1,28.0,56.4,6.37,1147.0,pomegranate
85.2,41.3,54.8,22.0,74.6,6.92,1056.0,maize
57.5,49.1,65.9,22.7,67.6,5.87,2053.1,orange
81.7,74.8,85.9,31.4,61.7,6.25,443.3,watermelon
27.5,49.4,22.7,28.7,64.2,5.86,1700.5,pigeonpeas
31.5,47.8,28.8,32.3,68.4,6.75,812.5,mungbean
101.1,45.1,65.7,31.2,86.4,6.45,3334.4,rice
136.0,65.2,67.3,27.3,71.2,6.75,2711.5,jute
102.2,61.3,44.7,24.5,74.3,6.95,884.8,maize
115.9,41.4,104.7,29.0,75.8,6.19,2209.3,banana
99.6,51.0,83.8,17.7,82.5,5.49,3204.5,coffee
99.5,57.7,62.1,25.0,86.6,6.57,2545.3,rice
71.8,55.3,42.7,18.0,54.4,6.8,1079.8,wheat
53.1,36.3,56.7,20.8,61.2,6.72,1769.5,apple
79.5,24.8,73.7,28.6,50.5,7.49,746.6,pomegranate
104.9,59.2,72.6,34.6,52.9,6.56,1478.9,cotton
58.4,29.1,55.8,24.9,68.7,6.51,1604.9,mango
57.9,40.6,91.6,25.3,58.7,6.99,817.0,grapes
56.2,44.9,73.1,23.4,53.9,7.18,946.0,grapes
84.7,41.6,69.7,26.1,82.7,6.88,1992.2,papaya
109.0,56.4,100.1,27.1,82.2,6.14,2102.8,papaya
106.6,50.8,94.9,28.0,70.1,6.88,1632.4,papaya
37.9,49.6,30.2,32.0,75.5,6.59,1105.1,blackgram
60.9,19.8,137.0,30.5,80.1,7.11,2176.8,coconut
52.1,53.0,55.7,33.8,55.0,6.3,1088.4,pomegranate
44.4,27.0,46.7,24.2,48.6,7.21,742.0,chickpea
23.2,46.2,36.5,29.0,64.0,7.15,938.6,blackgram
20.5,65.0,49.4,23.2,63.0,6.53,1120.4,kidneybeans
97.5,56.9,47.7,28.4,69.7,6.21,911.9,maize
42.3,44.2,40.1,30.7,79.6,7.31,930.1,blackgram
73.0,58.5,123.1,24.9,52.5,5.88,596.1,watermelon
112.6,58.6,56.9,24.2,83.0,6.25,2289.3,rice
75.8,26.7,98.6,29.7,89.2,5.75,2101.1,coconut
26.5,33.3,22.0,33.9,31.1,6.64,477.6,mothbeans
35.5,47.7,38.1,27.6,80.3,6.91,1305.2,blackgram
95.9,42.9,37.1,16.7,62.0,7.07,872.7,wheat
35.3,33.8,36.9,18.7,54.4,7.62,808.8,chickpea
59.0,28.6,141.2,36.8,82.5,6.62,1858.4,coconut
19.2,43.3,29.0,15.5,36.6,6.78,823.3,lentil
105.2,44.2,84.6,33.1,80.8,7.22,2055.0,jute
118.0,49.0,85.1,25.1,61.2,7.27,1238.4,cotton
94.3,57.6,139.7,22.8,80.2,6.4,1914.9,banana
66.6,38.2,67.5,27.8,53.8,6.19,1367.2,grapes
56.7,30.6,57.7,26.1,59.5,7.23,1312.6,pomegranate
39.7,69.0,47.6,24.1,70.8,6.09,1187.2,kidneybeans
112.4,65.2,87.6,38.7,62.8,7.29,1298.1,cotton
36.1,35.2,25.2,21.9,49.8,7.41,814.7,chickpea
72.5,56.4,81.1,22.8,81.4,5.57,2766.0,coffee
83.9,40.9,105.4,27.2,90.9,6.71,1701.1,banana
74.6,26.9,60.6,26.0,75.4,7.07,1651.1,mango
124.5,51.6,60.5,32.4,86.3,6.49,2170.7,jute
58.8,33.9,125.2,26.6,84.7,6.4,2678.6,coconut
21.7,44.1,37.3,31.8,63.7,6.45,1067.5,pigeonpeas
36.7,57.5,40.9,19.4,67.1,6.61,968.3,kidneybeans
79.4,69.4,112.9,33.8,70.9,6.53,770.5,watermelon
28.1,52.5,23.0,19.7,63.2,6.97,737.0,chickpea
50.1,35.3,43.5,28.6,50.4,7.17,1107.9,pomegranate
96.4,47.9,57.8,20.5,71.9,6.82,814.4,maize
21.1,44.8,19.7,26.6,62.7,6.93,718.5,pigeonpeas
115.4,58.7,60.0,32.1,80.7,6.66,2612.4,jute
104.5,51.1,59.1,34.9,87.8,6.39,2712.3,jute
42.2,64.3,51.7,25.5,55.7,6.63,1213.0,kidneybeans
114.9,51.7,53.2,26.5,87.5,6.54,2897.4,rice
116.8,47.3,107.0,26.6,92.0,7.06,2747.7,banana
75.5,40.8,39.3,13.4,55.8,5.99,801.6,wheat
92.0,59.8,73.1,26.9,78.8,6.48,3622.5,rice
31.4,50.0,30.2,24.3,57.7,6.4,817.8,chickpea
110.1,42.4,51.0,32.3,82.7,6.77,2555.4,jute
112.5,66.5,85.4,29.4,52.3,6.5,1452.9,cotton
71.4,25.5,62.9,31.0,56.4,6.62,2299.6,mango
108.9,67.2,122.2,30.6,84.0,7.04,2333.1,banana
96.8,57.4,54.1,26.4,73.5,6.34,1601.2,orange
15.5,41.8,24.9,15.1,51.7,6.84,737.4,lentil
111.0,45.2,33.1,17.9,69.6,6.77,943.4,wheat
61.5,44.2,72.3,13.8,72.4,5.92,1685.8,apple
96.2,70.9,96.6,25.2,73.8,5.88,1267.9,papaya
101.3,62.1,91.6,29.1,81.3,6.57,2108.6,banana
81.0,52.8,96.7,28.3,70.8,5.99,444.3,watermelon
88.1,40.3,66.3,26.0,71.0,6.04,1001.7,maize
71.9,25.8,52.1,22.8,49.6,6.54,1466.3,mango
125.3,60.8,54.6,30.3,84.6,6.17,3206.1,rice
72.0,57.1,66.1,30.7,53.6,7.38,828.3,cotton
108.2,48.3,57.5,28.3,84.3,6.07,2891.9,jute
38.2,79.4,50.5,21.4,54.6,6.54,955.1,kidneybeans
34.1,43.1,31.0,25.8,62.5,6.5,973.3,mungbean
81.2,51.3,103.0,26.1,74.2,5.82,3096.3,coffee
27.3,41.4,45.3,35.8,64.3,6.53,757.1,mungbean
22.1,45.6,22.5,24.1,71.9,6.7,936.3,mungbean
80.0,29.9,123.5,30.8,88.2,6.57,2345.1,coconut
24.2,48.6,34.6,21.0,47.7,6.78,539.9,lentil
27.4,46.2,28.5,27.5,72.5,6.38,880.4,pigeonpeas
65.5,23.7,87.0,26.5,77.6,6.13,2767.8,coconut
33.9,52.4,41.9,29.6,53.6,6.77,868.2,mungbean
89.1,60.8,78.9,20.4,62.3,6.7,1737.3,orange
35.6,47.3,46.7,28.3,62.0,6.45,747.2,mungbean
78.6,52.3,99.0,23.0,81.3,6.03,3181.7,coffee
117.9,47.8,59.2,25.8,81.2,6.37,2670.6,rice
68.5,43.2,92.5,29.5,54.9,7.08,894.8,pomegranate
25.8,53.8,43.5,15.9,62.6,6.74,1075.2,kidneybeans
90.3,44.6,44.3,17.5,56.4,6.44,812.5,wheat
46.6,42.9,45.6,26.8,72.8,6.66,910.2,mungbean
98.7,58.1,51.3,24.5,69.4,6.06,1038.8,maize
36.0,37.8,44.7,32.2,68.4,6.45,1743.7,mango
88.4,29.6,92.9,32.1,81.0,5.94,3474.9,coconut
81.5,42.2,78.0,24.4,60.8,6.8,740.6,grapes
99.4,31.5,31.5,18.3,50.7,6.25,1057.3,wheat
115.8,51.2,63.0,33.3,79.8,6.86,2459.8,jute
28.5,41.1,52.0,19.1,64.4,6.99,948.2,kidneybeans
89.2,47.2,58.4,20.6,65.4,6.24,1885.7,orange
29.5,43.5,39.2,31.2,74.8,6.45,1013.2,blackgram
38.2,75.2,41.9,20.4,68.3,6.28,1068.0,kidneybeans
87.1,51.7,96.9,24.9,77.7,5.65,2984.4,coffee
76.3,29.2,81.0,17.2,60.1,6.28,1309.3,apple
53.3,33.3,80.2,23.1,58.6,6.98,561.1,grapes
75.8,41.8,76.6,26.5,59.5,6.54,1651.6,orange
112.7,54.5,59.2,27.5,74.8,6.64,2117.7,rice
60.7,53.4,107.3,28.8,65.2,6.68,900.8,watermelon
128.8,54.4,103.6,30.6,80.5,6.2,2248.8,banana
26.4,34.4,27.0,21.0,65.4,6.78,817.1,mungbean
87.1,42.3,116.4,32.0,85.9,6.9,2273.6,coconut
31.3,47.8,31.9,26.6,41.3,7.24,706.7,chickpea
57.8,45.2,64.2,33.6,50.7,7.33,1392.7,pomegranate
80.6,41.2,112.0,20.8,75.3,5.33,1686.2,coffee
51.3,35.8,69.2,28.0,65.1,6.12,1318.6,mango
68.3,39.5,79.8,33.1,61.2,6.94,1236.5,grapes
105.2,57.2,110.0,29.5,80.1,6.2,2423.5,banana
76.9,55.5,112.4,33.4,57.7,6.37,769.3,muskmelon
54.8,43.7,52.0,35.8,48.7,7.57,1584.4,pomegranate
92.3,47.7,93.7,24.3,66.4,6.39,1882.4,papaya
50.0,69.4,120.7,30.8,54.0,6.41,563.2,muskmelon
108.3,57.7,59.0,28.7,81.5,6.31,1877.5,rice
95.1,59.2,48.5,27.2,88.4,6.12,2805.2,rice
96.5,44.4,42.8,15.5,47.6,6.87,1428.4,wheat
57.3,39.5,61.2,21.4,67.7,6.49,1764.9,apple
20.7,37.9,34.2,26.7,54.9,6.5,749.6,chickpea
63.0,53.5,68.5,22.6,53.3,6.5,1272.2,pomegranate
24.1,24.2,28.3,30.7,42.9,6.91,791.1,mothbeans
72.1,62.4,99.0,34.0,59.2,6.99,639.3,muskmelon
61.5,28.6,63.8,35.2,63.8,6.39,1455.0,mango
35.1,45.0,29.9,27.3,62.5,6.12,744.6,mungbean
21.9,44.2,30.8,18.4,52.7,7.44,909.0,chickpea
62.4,29.8,43.1,31.5,75.9,6.34,1791.7,mango
37.2,37.1,41.3,27.5,53.0,6.8,1061.6,pigeonpeas
76.5,38.1,68.5,29.9,63.2,6.67,1903.6,mango
31.5,66.0,19.4,26.8,54.1,6.03,1483.3,pigeonpeas
58.9,29.7,73.6,33.4,59.9,5.86,1450.1,mango
71.8,60.5,37.5,25.9,68.3,6.32,873.0,maize
126.2,59.5,81.4,30.0,57.4,6.21,1381.2,cotton
94.1,55.0,78.2,31.1,57.6,6.81,1203.8,cotton
68.0,43.0,97.4,29.5,69.7,7.0,703.4,watermelon
23.1,43.8,25.6,14.2,33.3,6.43,797.1,lentil
77.0,50.5,80.4,23.4,83.5,6.18,2627.2,coffee
51.1,39.2,55.7,27.2,50.6,7.28,1351.3,pomegranate
123.3,53.0,73.3,29.5,57.9,7.13,1387.9,cotton
37.0,31.7,29.0,29.3,46.1,7.78,466.2,mothbeans
69.9,67.3,68.5,24.9,70.8,6.11,1528.6,orange
107.5,59.8,44.1,22.6,65.5,6.51,1480.8,maize
132.5,60.4,57.8,21.3,80.2,6.1,3292.5,rice
42.7,32.8,69.7,27.6,48.8,5.88,1629.9,mango
59.9,38.8,77.1,33.3,40.7,6.1,827.6,pomegranate
33.8,47.4,35.5,25.8,62.7,6.79,1120.2,blackgram
62.3,29.7,80.3,33.7,54.2,6.5,1131.4,grapes
37.8,60.6,59.1,19.2,72.4,6.63,1415.6,kidneybeans
70.3,52.8,61.8,26.8,50.8,6.3,1054.6,pomegranate
86.9,41.0,112.1,26.6,66.6,5.18,2363.4,coffee
114.1,49.8,79.8,22.8,65.5,7.21,901.2,cotton
97.5,53.4,36.2,19.3,66.2,6.53,736.7,wheat
125.5,49.9,90.4,30.7,69.5,6.47,1315.6,cotton
86.4,51.6,102.3,17.3,77.9,4.9,2698.3,coffee
127.9,58.4,64.6,31.6,84.8,6.19,2641.8,jute
79.8,21.7,100.7,29.6,76.0,6.5,2945.7,coconut
58.8,29.0,51.9,28.1,53.9,6.62,2191.8,mango
50.5,31.9,85.7,23.8,65.2,6.58,1358.5,grapes
73.8,59.5,67.1,24.5,53.6,6.57,1718.2,orange
111.2,55.5,84.4,26.4,60.9,6.71,1336.1,cotton
60.2,35.6,65.7,22.3,51.4,6.38,974.8,pomegranate
36.6,50.2,49.2,30.7,57.0,6.93,950.2,blackgram
64.1,48.1,43.5,15.1,47.5,6.77,998.8,wheat
125.0,42.2,56.7,26.9,73.3,6.07,1272.5,maize
65.6,49.5,100.5,19.5,83.7,6.11,3494.4,coffee
58.4,30.7,145.8,30.6,95.1,5.79,2707.4,coconut
88.9,54.4,94.2,35.8,76.6,6.7,2139.3,papaya
37.8,37.9,26.3,19.5,51.0,7.0,830.6,chickpea
91.5,36.6,41.1,18.0,61.1,6.45,841.4,wheat
51.8,39.7,83.6,30.2,50.9,6.76,838.2,grapes
97.4,58.8,86.7,30.5,65.0,6.34,438.5,muskmelon
23.7,49.8,32.1,24.6,69.8,7.06,915.7,mungbean
62.1,49.2,97.6,24.2,73.2,5.81,2637.0,coffee
91.1,53.2,107.7,29.2,71.7,6.37,1685.2,papaya
35.6,64.6,27.0,18.6,73.6,6.97,1302.3,kidneybeans
30.0,45.0,42.5,18.4,58.8,6.41,902.3,chickpea
24.3,36.9,42.7,22.9,59.5,7.34,730.1,chickpea
58.3,25.1,64.1,30.1,57.6,6.25,1330.2,mango
26.6,37.8,25.9,29.8,36.3,7.59,389.4,mothbeans
58.9,43.7,78.8,29.9,61.1,7.13,1442.8,pomegranate
140.3,59.0,45.8,23.7,97.3,6.26,2332.4,rice
30.7,62.4,34.9,20.3,72.5,7.05,1626.3,kidneybeans
16.4,54.1,25.2,20.6,56.4,7.16,652.2,chickpea
19.5,19.2,17.4,27.0,46.5,7.02,516.8,mothbeans
127.9,57.7,63.5,29.2,86.2,6.79,3165.4,jute
62.0,18.0,113.3,28.2,95.4,6.87,2909.7,coconut
36.5,45.2,34.2,18.1,58.8,7.13,638.0,lentil
99.0,50.9,85.5,26.9,82.5,6.04,2109.3,papaya
51.1,56.4,34.8,29.1,64.8,6.92,818.8,blackgram
42.1,27.1,86.1,27.0,47.7,7.08,885.0,grapes
93.1,58.0,86.8,26.3,55.0,6.55,543.6,muskmelon
112.2,41.9,66.1,21.3,76.8,6.69,1353.1,maize
81.5,65.0,118.5,23.4,70.7,5.88,721.4,watermelon
90.5,50.4,34.8,17.0,64.1,6.19,1090.9,wheat
123.5,54.1,56.6,28.0,88.1,6.27,2783.5,rice
79.5,56.3,104.9,31.2,69.1,6.61,1764.3,papaya
69.0,74.5,74.6,28.7,65.3,6.93,469.8,muskmelon
65.3,42.0,88.6,27.2,62.5,7.27,920.3,grapes
68.8,75.1,99.1,23.5,60.7,6.43,622.7,muskmelon
94.2,62.1,45.1,25.3,73.1,6.9,983.0,maize
83.9,49.5,110.0,23.3,82.3,5.37,2156.0,coffee
86.8,58.0,110.9,28.4,74.8,6.57,2310.0,banana
81.2,66.4,102.4,25.8,65.0,6.55,537.8,muskmelon
76.3,30.0,59.0,24.0,73.2,6.77,1336.3,mango
108.0,57.2,113.1,27.4,78.0,6.84,2304.7,banana
106.5,47.5,72.1,22.2,65.3,6.8,1090.3,maize
29.3,33.1,38.9,31.8,63.0,6.56,795.9,mungbean
84.8,46.0,92.0,32.1,70.1,6.33,1508.5,banana
47.4,33.6,82.8,32.2,56.9,6.77,1014.7,grapes
117.0,63.1,75.9,26.3,90.3,6.4,2686.3,rice
103.2,51.8,61.1,26.3,80.4,6.07,2535.2,rice
63.2,38.1,73.3,26.3,51.9,6.85,1000.3,grapes
77.0,18.0,87.3,28.0,89.3,6.39,2739.1,coconut
152.0,58.1,40.5,34.5,82.7,6.8,3175.8,jute
124.7,36.0,56.0,25.3,82.2,6.08,2341.7,rice
99.3,54.2,37.9,16.0,54.3,6.41,1063.7,wheat
128.4,55.5,71.5,28.3,92.0,6.62,3389.8,rice
81.7,60.5,76.4,26.1,73.5,6.86,1184.8,cotton
72.0,45.5,91.6,23.5,76.5,5.45,2540.4,coffee
20.1,51.8,31.6,25.1,52.5,6.83,880.6,chickpea
34.3,37.2,33.7,27.8,55.0,7.67,718.1,chickpea
78.4,49.0,96.8,35.4,67.4,6.93,966.8,grapes
19.7,40.8,28.7,19.2,53.5,6.86,655.0,lentil
73.5,30.7,113.9,31.9,84.4,6.21,2742.6,coconut
22.5,37.2,33.0,20.2,47.7,6.59,504.7,lentil
27.6,28.2,18.7,29.2,48.5,7.39,421.1,mothbeans
41.7,46.8,38.9,29.4,58.0,7.13,1251.9,pigeonpeas
67.4,40.7,78.0,17.9,65.2,6.58,1396.6,apple
55.5,42.2,61.2,31.1,49.7,6.78,1307.5,pomegranate
90.7,45.8,50.1,17.6,64.0,6.2,1212.7,wheat
123.8,60.2,73.9,23.8,80.2,6.36,2658.4,rice
83.4,44.1,107.2,17.8,77.7,5.31,3209.1,coffee
90.1,60.7,116.9,33.5,61.0,6.73,687.9,watermelon
94.2,57.3,84.6,28.1,74.9,6.44,1731.6,papaya
114.1,52.8,76.6,29.9,87.6,6.24,2279.6,rice
34.3,30.8,37.1,15.7,42.2,6.85,715.1,lentil
57.4,31.6,86.9,36.1,54.3,6.43,1364.9,pomegranate
107.2,55.6,41.6,16.9,71.6,6.98,1435.3,wheat
100.9,45.6,87.8,23.9,71.5,6.41,1985.5,papaya
82.9,53.8,75.4,29.4,59.9,6.82,909.7,pomegranate
119.8,64.2,55.4,34.6,79.5,6.66,3120.0,jute
16.8,41.7,37.7,24.5,43.6,6.7,876.1,chickpea
39.3,49.4,24.4,24.1,42.6,6.31,854.2,chickpea
121.5,61.0,78.7,35.9,62.4,7.02,1385.0,cotton
71.9,62.1,94.5,25.9,65.5,6.52,590.4,watermelon
26.7,33.7,38.6,17.3,45.7,6.73,647.7,lentil
52.6,49.8,124.6,29.5,92.8,6.46,2579.6,coconut
87.5,52.1,105.6,30.5,81.9,6.63,1983.9,papaya
30.8,35.9,39.4,28.5,75.3,7.15,1143.9,blackgram
94.4,47.7,73.2,28.5,58.5,6.78,1552.9,cotton
72.5,68.2,101.7,21.5,66.8,5.33,3332.7,coffee
43.0,47.3,28.3,28.5,52.2,6.8,852.8,mungbean
52.6,57.5,67.7,23.4,67.5,6.38,1291.1,orange
109.5,57.3,63.8,24.4,84.3,5.39,2286.1,rice
67.6,41.0,59.4,24.7,60.8,6.34,1573.6,orange
89.4,32.0,102.3,34.2,83.8,6.66,2813.3,coconut
54.6,42.0,64.6,32.9,67.5,7.25,1216.8,pomegranate
78.6,55.2,96.5,28.9,59.6,6.65,704.9,muskmelon
55.6,27.5,51.1,26.2,42.8,6.52,2012.9,mango
87.2,51.9,72.4,23.9,63.1,6.36,1544.5,orange
75.0,63.2,51.7,26.2,65.7,6.58,1491.4,orange
73.4,53.3,105.6,26.4,66.5,6.94,918.0,watermelon
16.8,49.6,30.0,25.5,47.9,7.36,956.1,chickpea
106.9,54.0,55.0,29.4,71.6,6.64,1050.8,maize
33.3,48.0,29.6,27.2,66.4,6.71,1375.6,pigeonpeas
27.3,33.2,35.0,34.5,45.4,6.37,443.6,mothbeans
74.4,50.1,59.0,27.0,69.9,5.7,1439.0,orange
73.6,43.8,59.4,19.1,55.2,5.88,2508.0,orange
38.2,37.4,48.4,27.3,62.8,7.03,939.5,mungbean
76.6,26.5,123.4,30.6,90.7,6.55,2585.6,coconut
110.6,41.5,28.8,20.5,52.5,6.59,1159.1,wheat
51.3,34.1,105.0,27.9,52.4,7.21,1020.3,grapes
27.3,55.8,44.2,29.1,78.3,6.38,867.7,blackgram
59.3,40.4,71.4,34.1,56.2,6.21,1507.3,mango
60.4,31.8,118.1,33.2,79.8,6.48,2873.5,coconut
25.7,35.6,22.2,30.9,41.5,7.5,627.2,mothbeans
83.9,60.6,86.9,25.4,62.7,6.45,647.7,muskmelon
70.3,29.4,57.6,13.4,62.3,6.3,1803.9,apple
108.2,64.7,60.1,25.3,83.8,6.34,3441.3,rice
49.9,41.7,34.3,29.1,69.3,6.95,1167.1,blackgram
64.5,47.2,69.3,25.1,62.1,6.5,1366.0,pomegranate
99.0,33.3,122.3,29.9,78.9,6.35,2770.0,coconut
115.5,68.3,66.9,28.6,86.9,6.13,2599.9,jute
26.8,46.9,35.3,32.9,67.7,6.8,967.9,mungbean
33.5,44.3,37.9,24.8,54.4,7.72,663.8,chickpea
29.3,72.2,41.2,26.0,76.2,6.12,1041.5,kidneybeans
94.2,60.3,69.9,24.3,65.6,6.76,1087.6,maize
25.1,47.9,26.2,26.0,48.7,6.36,692.8,pigeonpeas
31.0,39.1,42.6,23.1,44.0,7.58,871.1,chickpea
41.2,68.7,48.6,24.0,62.1,6.73,1244.7,kidneybeans
24.5,46.5,40.6,21.5,53.0,6.92,528.8,lentil
121.6,62.2,115.2,31.2,67.6,6.87,1869.8,papaya
74.9,52.4,92.9,28.0,73.6,6.21,1550.7,papaya
107.7,54.9,98.7,32.2,85.2,6.6,1999.4,papaya
25.1,53.5,29.7,23.1,56.5,6.86,1648.7,pigeonpeas
81.6,43.2,92.6,22.0,78.0,6.2,2530.6,coffee
29.0,63.2,51.6,23.5,76.3,7.1,1296.6,kidneybeans
97.8,41.7,41.5,22.4,49.6,6.23,863.9,wheat
91.1,60.4,52.1,24.2,65.7,6.72,964.3,maize
69.6,48.0,56.2,24.4,61.8,6.32,2338.7,mango
20.9,50.7,34.6,32.5,66.6,7.03,1438.8,pigeonpeas
96.7,67.2,91.2,37.1,51.0,6.34,1236.3,cotton
21.5,37.5,28.7,28.2,29.4,6.77,519.0,mothbeans
81.9,55.9,88.6,29.8,71.8,6.25,1404.7,papaya
68.6,36.4,67.9,21.0,59.0,6.87,781.8,grapes
30.3,47.4,21.8,20.3,50.5,7.29,807.7,lentil
42.3,51.3,46.8,31.4,65.5,7.0,923.4,blackgram
32.2,44.5,51.1,29.8,64.0,7.28,1101.8,blackgram
13.5,40.3,37.6,27.2,65.2,6.67,1019.7,mungbean
46.7,39.8,52.5,15.9,65.4,6.68,1701.8,apple
91.3,54.7,56.9,30.7,72.2,6.12,1218.5,maize
56.9,51.9,57.5,16.1,67.4,6.96,1689.8,apple
108.7,43.3,102.0,31.4,83.3,6.34,2360.1,banana
109.6,42.2,74.8,23.6,90.0,6.62,3360.4,rice
48.1,51.5,65.6,25.8,56.3,6.59,1016.4,grapes
45.0,48.9,87.2,19.2,73.0,5.84,3086.1,coffee
36.5,42.4,27.7,19.2,51.8,6.9,696.7,chickpea
82.7,36.4,96.8,25.6,71.4,5.38,2805.5,coffee
116.9,52.7,100.9,28.3,94.7,6.26,2079.9,banana
53.9,33.1,58.3,17.3,59.3,6.72,1835.2,apple
93.9,31.5,77.6,24.9,59.2,6.17,1337.0,orange
50.4,45.5,83.0,31.2,63.0,6.59,761.0,watermelon
51.6,33.1,59.3,28.0,60.4,7.16,937.6,pomegranate
54.6,39.8,82.7,25.5,51.9,6.39,886.3,grapes
83.8,46.9,61.0,19.8,67.4,6.6,1255.9,maize
78.4,55.1,93.0,22.2,82.1,5.21,3382.6,coffee
26.1,68.7,52.4,19.5,64.5,6.6,1122.9,kidneybeans
57.5,69.6,81.6,25.2,67.3,6.75,549.5,muskmelon
31.8,46.1,37.6,23.7,52.8,7.19,657.6,pigeonpeas
143.5,57.8,74.3,27.9,58.6,7.18,953.5,cotton
72.5,45.7,66.6,22.6,56.0,6.61,1010.2,pomegranate
88.8,57.1,37.9,22.5,54.5,5.96,1229.3,wheat
64.5,46.5,105.8,28.0,76.1,6.68,750.6,watermelon
86.2,58.3,112.4,25.5,62.0,6.97,599.3,watermelon
21.1,43.3,28.4,18.7,33.2,6.84,514.5,lentil
63.5,42.8,131.4,26.6,78.6,6.63,2859.2,coconut
59.0,50.7,58.5,15.3,69.9,6.02,1730.3,apple
49.0,29.0,62.7,27.1,60.2,6.29,1895.2,mango
123.5,44.7,111.9,24.8,81.4,6.36,2554.9,banana
52.2,35.0,74.9,20.3,56.7,6.6,1491.3,pomegranate
81.7,42.2,83.0,26.5,78.5,5.38,2381.4,coffee
84.6,53.6,35.2,21.1,57.5,6.81,1036.8,maize
63.9,22.8,94.5,28.0,50.1,7.18,1029.3,pomegranate
110.0,63.3,117.3,28.9,75.8,7.01,2069.8,banana
100.7,46.4,96.6,15.9,76.8,5.63,2498.8,coffee
17.7,34.5,37.9,15.3,56.6,6.19,678.2,lentil
90.6,38.2,41.9,21.8,55.2,7.03,1021.6,wheat
75.2,40.7,79.1,29.8,55.8,7.03,940.6,grapes
48.4,44.9,95.1,19.7,70.1,6.82,1609.9,orange
37.8,63.0,53.6,21.4,65.4,6.44,1226.8,kidneybeans
14.9,24.5,24.4,29.3,50.2,7.86,539.9,mothbeans
24.7,47.0,42.0,31.0,64.2,6.13,1188.7,blackgram
67.4,41.3,81.1,30.2,61.3,6.83,945.8,grapes
99.1,48.1,71.2,26.9,90.7,5.7,2393.3,rice
105.1,40.3,59.2,22.5,69.7,6.19,2319.5,orange
90.4,55.6,56.4,20.0,65.6,6.36,1035.2,maize
37.3,37.1,37.3,18.1,44.8,7.37,953.8,chickpea
55.5,29.6,105.8,34.5,80.9,5.65,1816.8,coconut
88.0,51.3,108.4,26.9,59.2,6.17,661.8,muskmelon
82.9,64.1,88.0,24.8,68.9,6.39,2003.2,papaya
79.0,58.2,102.8,28.9,60.0,6.51,601.0,muskmelon
51.1,45.6,64.9,15.8,70.1,6.3,1562.8,apple
89.9,56.6,82.7,26.3,75.5,6.05,1967.7,papaya
80.0,75.7,99.5,32.8,67.3,6.71,655.6,watermelon
37.3,50.3,44.2,29.0,79.0,6.64,973.6,blackgram
52.0,34.0,62.2,31.1,42.8,6.53,1325.0,mango
105.2,48.4,91.9,25.5,80.2,7.15,1557.6,papaya
97.0,52.1,45.8,20.2,64.7,7.54,935.6,wheat
115.8,55.0,55.2,27.6,86.6,5.79,2725.7,rice
115.4,58.9,98.2,26.4,74.9,6.29,1414.2,papaya
98.0,53.4,66.9,28.9,95.9,6.58,2183.6,jute
66.1,45.8,74.1,25.8,45.5,7.36,1130.6,pomegranate
120.2,54.5,54.1,21.4,57.9,6.88,900.0,wheat
32.4,48.0,31.2,21.1,39.1,6.61,651.4,lentil
27.1,49.2,46.2,28.6,64.5,7.39,630.9,mungbean
98.2,59.2,53.3,24.6,92.3,6.33,2184.2,rice
28.1,57.7,44.6,23.0,69.1,6.8,1384.2,kidneybeans
26.3,35.3,24.7,20.5,33.2,6.95,521.0,lentil
45.4,33.9,67.4,11.6,62.1,7.11,1742.0,apple
61.4,37.2,70.2,19.3,68.8,6.77,1735.7,apple
36.7,33.6,41.6,27.0,69.6,6.95,1329.8,pigeonpeas
39.2,59.6,35.5,14.8,65.8,7.09,1400.4,kidneybeans
114.2,62.3,49.6,33.8,82.3,6.58,2938.4,jute
30.7,49.2,38.4,28.9,73.7,6.79,945.8,blackgram
35.4,36.7,41.1,29.8,74.3,5.97,1080.0,blackgram
48.9,44.4,97.6,25.0,63.3,6.34,607.8,muskmelon
39.2,40.4,29.6,22.6,59.1,7.19,603.2,chickpea
19.9,31.7,27.1,33.2,45.6,6.4,435.2,mothbeans
63.5,63.2,70.8,24.4,75.9,6.41,2105.8,orange
50.4,44.7,62.7,19.8,69.6,6.35,1646.6,apple
73.8,50.6,54.0,24.5,59.9,6.86,884.7,grapes
75.7,42.1,77.8,33.0,70.8,7.17,812.8,grapes
70.9,41.0,126.9,27.3,85.7,6.05,2719.4,coconut
89.9,40.7,85.6,25.8,69.2,6.92,1474.8,papaya
76.0,50.2,85.2,29.7,77.8,6.36,1742.5,orange
60.1,42.2,56.8,20.2,67.9,6.46,1744.2,apple
67.2,52.9,83.0,30.2,56.1,6.53,580.7,muskmelon
27.9,56.8,39.1,28.6,42.5,6.57,854.8,chickpea
49.5,38.4,68.7,12.0,69.5,6.26,1636.7,apple
62.7,28.1,80.8,33.4,44.4,6.63,734.3,grapes
28.4,32.8,33.8,25.4,57.9,6.37,843.2,chickpea
19.6,42.0,36.2,21.9,52.7,7.05,819.7,chickpea
125.6,49.7,63.7,27.2,79.7,6.89,2924.2,jute
76.8,53.4,71.5,24.0,54.4,5.79,1701.8,orange
121.2,38.9,59.7,20.1,72.8,6.84,1154.9,maize
139.6,58.4,56.9,27.1,90.2,6.58,2957.2,rice
110.7,47.7,87.0,27.2,77.8,6.34,2121.1,banana
21.1,59.2,41.8,27.7,61.2,7.61,1140.9,pigeonpeas
44.6,37.3,22.3,28.0,58.1,6.74,1499.3,pigeonpeas
76.5,53.0,98.0,34.6,69.2,6.45,556.4,watermelon
77.3,48.3,30.5,21.1,66.6,6.68,1214.5,wheat
25.3,50.7,26.1,23.0,55.3,6.55,1145.2,chickpea
67.4,37.3,103.0,35.1,88.6,5.56,2476.4,coconut
98.2,60.9,82.8,31.7,91.3,6.92,2536.9,jute
105.9,43.1,108.7,28.9,85.5,6.09,2130.0,banana
95.8,71.2,69.5,30.6,56.6,6.96,1089.9,cotton
77.3,37.2,68.5,33.0,54.2,7.33,864.9,grapes
85.5,45.2,53.8,31.3,66.7,5.93,776.8,maize
83.2,50.6,96.0,28.7,57.9,6.67,764.8,muskmelon
132.0,47.8,69.3,27.9,91.4,5.55,2188.5,rice
46.2,37.0,123.9,33.6,84.9,6.3,2535.2,coconut
79.0,42.3,71.3,30.6,67.6,6.77,568.0,muskmelon
61.4,29.5,129.8,34.0,90.8,7.16,2753.7,coconut
88.6,51.3,66.1,20.2,60.0,6.57,2153.1,orange
65.5,42.8,95.1,17.8,77.4,6.04,2805.3,coffee
50.0,60.1,83.2,26.4,60.5,6.68,855.3,watermelon
24.2,31.7,27.4,28.3,40.4,7.22,476.6,mothbeans
137.8,59.7,51.7,29.7,85.9,6.04,2852.8,rice
81.2,58.3,82.7,21.8,66.0,6.03,451.1,muskmelon
96.9,70.3,72.7,33.2,81.0,6.91,2809.9,jute
15.3,33.7,29.9,34.5,41.0,6.75,492.7,mothbeans
65.8,62.6,125.9,29.7,54.0,6.46,810.2,watermelon
21.9,15.2,29.9,32.0,33.3,7.3,699.9,mothbeans
60.0,43.4,25.6,21.0,55.5,7.04,1114.5,wheat
30.8,32.5,18.8,32.7,38.1,7.5,529.5,mothbeans
32.3,42.5,49.5,27.6,65.5,6.98,1540.2,pigeonpeas
25.8,46.7,39.0,30.0,66.7,6.33,965.3,mungbean
59.0,35.9,75.0,16.2,67.5,6.34,1825.3,apple
54.9,37.3,140.4,28.4,85.8,6.82,2659.5,coconut
80.5,48.6,72.4,20.0,75.4,5.56,2146.5,coffee
36.6,43.1,31.5,27.0,72.9,6.82,1182.1,blackgram
31.1,50.8,22.5,27.8,72.5,6.89,1236.9,blackgram
55.9,59.3,99.5,26.1,67.0,7.14,825.5,muskmelon
68.4,57.4,65.6,26.0,76.4,6.32,1185.7,orange
123.0,56.9,62.4,30.5,79.3,5.97,2581.8,rice
105.8,45.9,65.4,29.4,70.8,6.27,1059.5,maize
62.3,30.4,124.2,33.2,88.2,6.67,2488.8,coconut
116.7,57.4,58.2,32.4,81.5,6.15,2979.3,jute
88.0,59.6,90.8,31.4,74.0,6.73,880.0,watermelon
27.2,38.2,33.5,17.5,64.8,7.01,334.3,lentil
78.8,38.1,78.6,25.7,60.1,6.84,1276.7,mango
121.0,56.7,76.8,25.0,84.0,5.65,3912.5,rice
73.7,53.9,91.0,25.6,56.8,6.79,717.7,watermelon
105.8,62.5,75.3,30.0,74.6,6.98,2101.8,papaya
82.0,47.0,83.9,18.4,79.9,5.4,2719.3,coffee
118.1,50.7,57.7,28.2,99.6,6.06,2271.7,rice
102.2,59.6,57.6,25.5,69.9,6.35,1040.6,maize
55.4,56.3,96.0,29.3,75.4,5.88,2489.9,coffee
57.8,32.5,55.0,25.8,62.4,6.92,1104.4,pomegranate
58.7,54.1,87.4,26.8,61.4,6.47,1737.5,orange
32.1,43.3,24.7,28.2,64.5,5.74,912.1,pigeonpeas
126.1,60.0,92.6,31.0,56.8,6.99,1337.2,cotton
25.3,30.7,20.4,33.6,47.0,6.72,597.1,mothbeans
90.6,50.5,39.7,20.0,64.5,6.25,1133.1,maize
70.3,40.8,87.6,25.6,71.5,6.18,1080.0,orange
96.4,60.3,80.2,24.4,62.8,7.05,1374.2,cotton
107.3,36.0,63.6,33.7,88.1,6.72,2232.1,jute
66.9,52.1,72.4,27.7,67.4,6.51,1570.9,orange
53.0,43.4,85.6,30.3,48.8,6.52,1228.7,pomegranate
67.9,35.0,86.6,29.8,78.2,6.45,2395.7,coconut
118.1,48.6,68.4,25.5,81.9,6.48,3035.0,rice
88.3,51.1,95.0,30.5,50.0,7.65,1096.2,grapes
39.0,47.1,44.8,24.1,67.8,6.59,1164.9,mungbean
50.7,48.9,64.7,31.6,60.5,6.69,1092.7,pomegranate
16.7,53.4,40.7,25.1,74.0,7.21,800.0,mungbean
58.7,50.0,89.1,24.5,56.0,6.89,1004.7,grapes
35.9,48.1,24.7,33.4,72.2,7.1,762.5,mungbean
27.4,46.0,33.3,28.6,60.2,6.54,764.4,mungbean
96.0,66.2,93.8,32.6,76.0,6.55,2040.4,papaya
87.1,57.9,107.9,36.5,80.0,6.79,2264.9,papaya
75.8,45.3,65.7,33.2,57.8,6.68,1860.5,mango
89.7,39.4,70.8,31.4,53.6,6.26,1804.0,orange
85.0,29.4,58.9,36.4,66.8,6.13,1653.7,mango
30.7,45.9,40.9,20.9,75.4,6.24,825.9,mungbean
96.2,46.2,107.1,27.7,82.5,6.89,1667.3,banana
16.7,60.3,28.5,20.5,59.7,7.24,705.1,chickpea
74.1,33.6,64.1,17.3,60.3,6.39,1828.2,apple
128.7,65.9,75.9,34.7,84.4,6.01,2951.0,jute
102.9,48.8,114.4,30.5,78.9,6.71,1466.4,banana
28.7,34.9,25.5,30.6,44.5,7.11,352.8,mothbeans
110.6,49.2,109.8,25.7,68.7,6.87,1338.4,papaya
72.1,40.8,132.5,23.5,87.4,5.93,2463.4,coconut
77.9,46.9,71.1,31.6,38.4,7.75,1587.5,pomegranate
69.8,56.1,61.9,22.9,65.9,6.23,2049.5,orange
23.6,56.6,35.3,32.0,67.4,6.79,919.0,blackgram
79.0,58.6,84.6,25.9,66.9,6.0,2025.0,orange
45.0,52.4,58.4,21.4,63.2,5.88,1262.7,orange
27.4,31.6,33.7,31.2,44.8,6.76,497.8,mothbeans
56.0,35.9,84.8,23.8,56.9,6.87,1066.2,grapes
47.4,43.7,35.8,28.7,73.3,6.46,918.6,pigeonpeas
78.8,23.4,82.5,23.0,59.5,7.35,1173.4,grapes
87.1,71.4,108.4,25.9,62.4,6.34,485.1,muskmelon
100.9,50.5,42.2,28.2,63.2,6.47,1274.2,maize
112.3,62.9,53.3,34.1,86.9,6.55,3143.8,jute
82.0,48.8,88.9,30.2,74.6,6.82,2064.6,papaya
72.3,36.8,144.9,30.3,83.2,6.53,2541.3,coconut
83.3,46.6,69.1,22.1,82.0,5.38,3355.1,coffee
131.8,52.7,70.2,31.1,76.6,6.75,2120.3,jute
59.8,44.3,44.1,28.1,60.2,7.08,1527.5,mango
9.0,29.4,28.2,33.6,41.8,6.28,514.7,mothbeans
113.7,49.8,65.4,37.6,73.2,6.02,2882.5,jute
25.3,54.1,18.0,25.6,67.0,6.29,847.5,pigeonpeas
90.9,51.0,46.8,24.1,65.1,6.77,1206.0,maize
105.4,45.8,69.2,26.6,52.9,7.3,648.0,cotton
65.0,29.2,52.4,23.2,57.4,6.54,924.8,pomegranate
75.6,55.8,41.6,19.5,59.7,7.16,977.7,wheat
114.5,53.3,89.4,33.2,66.3,6.79,1207.9,cotton
75.9,46.4,71.8,24.1,69.4,6.86,538.4,watermelon
124.2,48.0,66.4,30.7,88.9,6.18,2477.5,jute
29.2,37.6,25.7,15.8,46.6,6.99,745.3,lentil
71.5,26.0,60.8,16.2,57.8,6.42,1184.8,apple
56.4,32.9,95.1,24.9,86.3,6.66,2939.0,coconut
143.0,54.1,102.6,27.9,80.4,6.61,1855.7,papaya
48.8,35.5,53.9,30.1,55.2,6.12,1628.0,mango
53.5,20.6,65.9,35.4,67.4,6.59,2062.3,mango
131.8,77.2,73.2,27.5,84.3,6.34,2809.2,jute
78.9,59.4,42.4,20.7,82.7,6.25,1019.4,maize
50.3,30.2,77.6,20.6,59.5,6.3,935.6,grapes
26.6,45.1,20.2,18.7,51.1,6.39,815.5,lentil
57.6,53.1,128.6,29.4,87.5,6.36,2894.8,coconut
92.2,63.6,89.3,30.7,58.0,6.36,707.2,muskmelon
60.6,51.0,71.5,31.1,71.8,6.61,722.2,watermelon
38.0,39.2,69.7,19.1,64.8,6.68,1852.1,apple
35.4,47.0,42.3,25.3,68.9,7.29,1031.3,blackgram
34.7,52.4,30.6,28.9,51.2,6.84,1073.4,pigeonpeas
30.1,48.9,30.4,22.7,40.7,6.77,958.8,lentil
62.0,34.0,79.7,9.5,70.5,6.12,2057.9,apple
80.5,56.3,87.6,29.4,55.2,7.07,991.3,cotton
51.3,58.2,66.0,19.5,72.1,5.61,1535.5,orange
81.2,55.8,75.0,33.2,72.3,5.76,1387.2,orange
82.3,40.3,40.5,18.2,63.4,6.45,953.0,wheat
101.7,54.1,109.6,27.4,87.2,6.5,2491.5,banana
119.9,62.9,58.9,33.9,83.0,6.09,2950.5,jute
26.8,39.1,29.7,17.2,41.8,6.35,674.2,lentil
116.2,58.0,79.5,32.9,50.9,6.4,1314.9,cotton
96.3,57.4,95.7,24.8,57.8,6.24,659.6,muskmelon
54.5,34.7,52.3,31.7,44.3,6.78,1214.3,mango
84.8,24.9,96.7,32.8,96.5,6.41,2791.7,coconut
36.6,49.9,31.9,30.0,64.4,6.61,965.2,blackgram
51.0,42.9,52.5,27.4,55.8,6.58,1712.6,mango
26.4,63.3,32.4,17.6,61.4,6.97,1053.2,kidneybeans
107.4,48.3,54.2,25.8,67.3,6.76,1154.2,maize
30.3,33.2,27.6,31.9,61.6,6.53,897.8,mungbean
116.6,43.9,114.9,27.5,71.7,5.81,1904.2,banana
42.8,50.1,40.6,34.6,73.5,6.53,801.2,blackgram
48.7,35.9,72.9,25.4,62.0,7.54,1190.7,grapes
52.0,34.7,50.3,29.9,49.4,6.99,1555.6,mango
81.5,68.3,62.4,25.4,52.2,6.31,1273.7,maize
59.2,48.8,90.9,25.9,70.5,5.82,2123.1,coffee
72.0,27.2,113.4,26.6,84.0,6.28,2566.9,coconut
51.1,43.4,53.3,28.8,57.0,6.35,1833.5,mango
72.7,35.8,72.7,23.7,70.5,6.71,998.3,grapes
44.2,37.7,31.6,23.9,53.8,6.49,882.4,mungbean
56.9,41.9,53.1,30.8,54.7,7.17,2019.8,mango
97.4,54.1,62.9,32.5,85.6,6.35,2523.3,jute
100.7,54.2,31.9,17.1,64.9,7.24,1065.6,wheat
53.9,42.2,65.8,22.8,45.3,7.24,1283.4,pomegranate
72.7,58.3,111.3,27.6,59.0,6.37,495.8,muskmelon
120.1,43.4,76.9,26.4,83.6,6.87,2416.5,jute
79.3,51.6,77.3,33.8,53.4,6.68,1164.9,cotton
69.5,48.1,102.2,27.2,74.6,5.53,2748.4,coffee
101.6,54.5,73.2,28.0,81.6,6.03,3266.1,rice
98.4,64.5,62.9,24.6,66.0,7.0,1061.1,maize
86.8,55.2,112.2,33.4,54.1,6.46,796.9,muskmelon
60.3,53.3,108.4,30.5,67.9,6.89,906.7,watermelon
72.4,35.4,52.6,19.7,60.8,6.32,1345.7,apple
74.9,44.0,56.7,23.1,46.1,7.4,1128.8,pomegranate
62.4,60.8,97.4,23.6,72.9,5.47,1908.3,coffee
87.1,52.7,68.6,23.7,65.2,6.9,1686.1,orange
101.3,63.6,102.2,28.6,84.1,6.53,1571.2,papaya
76.2,47.2,104.2,26.3,67.8,6.33,952.3,watermelon
91.6,44.6,42.9,15.7,61.1,6.69,957.7,wheat
157.9,51.9,64.2,37.1,91.6,6.37,3096.2,jute
75.8,58.2,104.5,25.1,67.0,6.52,2291.4,orange
46.3,30.8,51.9,33.8,66.2,6.93,2600.4,mango
66.3,27.3,78.4,27.9,56.8,6.97,1112.7,pomegranate
93.4,60.4,63.0,30.4,76.0,6.69,2199.1,papaya
85.6,65.1,94.3,24.9,67.1,5.99,649.2,watermelon
58.3,50.3,75.9,35.1,57.9,7.02,1171.4,pomegranate
77.0,48.4,83.0,24.4,63.6,6.52,1828.1,orange
119.2,48.9,70.8,34.1,91.8,6.38,2100.9,jute
103.9,58.4,47.1,25.6,62.8,6.97,1156.9,maize
80.9,56.7,35.2,19.2,66.6,6.5,923.1,wheat
58.4,46.1,115.6,22.2,75.6,5.62,2627.2,coffee
40.5,52.9,31.1,18.8,55.2,6.11,752.0,chickpea
108.7,47.8,102.9,30.2,71.8,6.2,1998.6,banana
98.2,53.7,39.1,19.6,53.8,6.37,989.6,wheat
145.3,58.2,62.5,32.4,86.3,6.08,2690.2,jute
67.5,36.1,95.8,24.9,84.9,5.81,2515.1,coconut
70.4,66.8,101.0,36.2,66.9,6.67,629.7,muskmelon
79.0,42.8,75.9,24.7,58.3,6.94,1383.9,orange
81.9,60.5,98.4,31.2,60.8,7.2,780.6,grapes
118.7,55.4,50.8,21.3,96.0,5.96,2748.8,rice
39.5,55.3,38.1,22.0,59.5,6.79,1512.6,kidneybeans
83.1,51.6,73.7,29.3,62.3,6.61,595.2,watermelon
66.3,34.0,68.2,15.5,67.7,6.18,1882.9,apple
100.6,55.5,107.3,25.3,65.8,6.84,2155.5,papaya
68.5,43.9,129.1,29.6,91.6,6.53,2351.9,coconut
29.1,40.3,35.7,20.8,48.4,7.13,734.6,lentil
72.0,54.2,63.4,24.1,70.5,6.18,2130.8,orange
56.8,36.1,68.6,19.0,60.3,6.6,1412.5,apple
60.9,48.6,93.4,17.4,86.6,5.77,1938.8,coffee
45.5,62.7,91.6,18.5,78.1,5.25,2452.8,coffee
121.6,48.4,106.6,31.4,74.4,6.42,2310.6,banana
112.2,52.7,61.2,25.4,86.2,5.95,2705.4,rice
82.8,48.7,55.8,26.9,74.7,6.08,989.2,maize
33.7,39.0,26.8,32.6,73.1,6.61,669.9,mungbean
58.4,45.1,43.3,21.4,73.4,6.72,1717.9,apple
28.9,29.9,35.9,21.4,50.4,6.52,890.6,chickpea
118.2,66.6,57.8,25.6,61.4,7.04,1008.2,maize
45.2,56.6,93.1,24.0,59.6,6.52,594.3,muskmelon
106.5,50.1,90.5,25.9,78.9,6.34,1753.4,papaya
72.0,62.9,55.6,26.6,82.4,5.61,2479.6,rice
68.6,36.5,63.2,15.3,67.6,6.2,1670.7,apple
86.9,50.8,65.9,17.5,85.3,5.88,3018.6,coffee
108.1,51.2,98.0,34.5,52.9,5.88,966.7,cotton
110.5,50.9,61.5,33.1,83.1,6.64,3059.2,jute
107.0,47.6,48.9,26.3,79.8,6.23,3275.5,rice
84.6,47.5,31.8,14.3,58.4,6.69,1160.9,wheat
71.2,54.9,93.7,33.1,64.9,6.56,753.1,muskmelon
26.9,36.5,35.0,23.2,47.9,6.86,615.5,lentil
110.6,49.1,70.9,33.8,81.2,6.6,2889.9,jute
63.5,20.4,56.6,26.9,51.5,6.69,1829.0,mango
41.8,60.9,45.7,18.0,69.9,7.0,1237.4,kidneybeans
62.7,37.7,97.5,29.8,51.4,6.12,851.7,grapes
41.2,48.3,27.0,17.2,51.0,7.2,737.8,lentil
34.3,38.3,26.3,29.7,59.5,5.91,653.4,mungbean
42.9,29.7,72.7,19.7,65.8,6.97,1522.5,apple
28.6,54.1,66.0,17.8,71.0,6.58,1225.8,kidneybeans
52.1,53.6,72.1,23.4,75.8,5.68,2319.2,coffee
59.0,38.3,70.6,27.5,49.2,7.03,967.7,pomegranate
108.0,62.2,71.9,30.3,61.7,7.13,1234.4,cotton
39.6,41.6,122.1,24.8,82.0,5.88,2612.4,coconut
124.3,52.1,100.3,27.8,79.9,6.65,2066.0,papaya
129.9,57.1,74.5,27.8,80.8,6.17,3338.8,rice
54.3,40.7,97.7,31.8,59.9,6.33,540.0,grapes
68.4,32.6,64.6,17.5,65.4,6.63,2376.0,apple
42.3,35.9,65.6,22.1,43.1,7.84,691.4,pomegranate
51.9,36.2,66.0,27.0,59.2,6.68,1205.2,grapes
87.9,58.0,36.5,21.0,68.3,6.63,1300.1,wheat
72.1,57.1,89.0,21.9,71.7,6.28,2734.0,coffee
120.8,48.9,96.9,26.5,59.1,7.65,1247.2,cotton
27.1,42.6,35.0,24.8,57.0,6.59,1416.8,pigeonpeas
28.2,46.0,26.7,28.5,69.2,6.19,1422.0,pigeonpeas
119.5,52.6,55.1,25.4,64.2,6.01,963.3,maize
30.1,36.9,37.1,17.2,45.3,7.42,935.6,lentil
59.3,43.8,65.7,25.7,50.2,6.85,1811.8,mango
89.5,46.2,92.3,32.4,49.9,7.5,773.6,pomegranate
99.8,54.6,60.6,39.0,91.2,6.08,2826.5,jute
73.3,49.4,52.5,24.7,79.6,6.19,1369.0,maize
88.3,45.9,90.9,21.9,67.4,6.83,2067.0,orange
84.9,58.5,112.4,23.5,75.6,6.79,778.1,watermelon
111.8,49.8,46.2,21.2,61.6,6.32,1262.3,maize
101.7,58.8,107.2,25.2,76.9,5.88,2597.0,papaya
23.3,25.7,33.5,31.2,37.8,6.58,505.7,mothbeans
95.6,52.2,81.0,36.8,70.4,6.7,1854.8,papaya
60.2,54.1,90.8,35.2,64.2,6.59,642.3,watermelon
106.1,36.0,79.5,32.2,78.5,6.99,1907.4,papaya
65.0,36.1,48.4,25.8,56.9,6.59,1467.5,mango
63.9,48.7,78.9,29.2,76.3,5.42,2493.2,coffee
107.6,54.1,89.5,26.3,74.0,6.86,1773.4,banana
54.1,30.1,63.5,28.7,59.0,6.59,982.5,grapes
68.3,52.5,81.8,22.3,65.5,6.8,1094.6,pomegranate
69.5,37.3,93.9,27.0,77.6,6.19,2323.8,coconut
119.6,49.5,111.7,31.0,79.0,6.27,2393.5,banana
72.9,56.4,111.4,27.7,74.9,6.15,2075.3,papaya
19.4,36.3,25.9,28.5,73.5,7.36,1006.1,blackgram
85.3,46.3,63.9,29.2,54.1,7.13,594.0,pomegranate
83.3,52.1,101.4,22.8,74.5,5.65,3067.1,coffee
75.3,44.9,115.4,26.2,81.9,6.17,2457.9,coconut
115.0,67.0,79.2,23.1,52.0,6.67,1075.3,cotton
98.6,56.1,75.8,29.8,51.2,6.35,1039.1,cotton
19.1,53.5,28.3,30.8,66.7,7.3,1028.7,mungbean
65.8,30.3,118.3,28.5,90.9,6.25,2549.5,coconut
21.9,24.7,34.8,14.1,54.1,6.54,667.3,lentil
61.9,58.4,114.1,23.9,73.8,5.66,2672.9,coffee
65.8,37.7,62.1,32.1,48.9,7.25,848.0,pomegranate
111.9,51.8,39.4,25.1,88.0,6.52,3180.8,rice
64.7,56.8,110.4,29.9,56.7,6.79,663.5,muskmelon
56.0,34.6,96.4,26.8,59.7,7.49,777.9,grapes
95.5,57.6,108.8,29.6,79.3,6.77,1820.8,banana
79.7,42.2,87.4,24.3,76.2,6.56,1558.9,papaya
81.4,47.3,113.6,31.2,60.0,6.49,611.4,muskmelon
36.1,55.0,44.1,22.8,67.0,6.43,1153.2,kidneybeans
76.7,40.7,124.4,25.8,67.8,6.92,694.0,watermelon
52.9,23.9,122.6,30.5,88.0,6.31,2261.9,coconut
125.6,48.0,104.3,32.4,73.4,6.9,2044.4,papaya
42.8,48.4,35.9,26.7,69.9,7.06,1070.1,blackgram
75.8,40.0,36.1,25.2,64.6,5.97,930.4,wheat
45.3,35.4,50.0,23.7,67.7,6.46,1212.2,mango
58.2,70.1,102.6,32.9,60.8,6.48,644.5,muskmelon
43.5,39.2,34.2,26.0,58.5,6.24,1086.3,mungbean
59.5,42.5,92.2,36.7,57.0,6.28,1019.1,grapes
62.7,32.9,49.3,17.9,72.8,6.22,1581.8,apple
118.8,62.8,80.7,28.0,57.5,5.88,1280.1,cotton
72.0,50.3,63.7,26.5,82.0,5.88,2411.7,rice
39.9,45.2,24.1,29.4,77.1,6.71,872.3,blackgram
98.4,61.0,100.6,29.7,59.0,6.68,638.1,muskmelon
82.7,58.4,107.5,20.6,74.7,5.79,3194.9,coffee
20.1,68.1,47.9,22.7,61.2,6.9,1362.0,kidneybeans
107.8,47.1,117.9,30.5,81.7,6.92,1777.9,banana
102.2,40.3,61.6,26.3,60.9,6.7,1180.4,maize
114.1,37.9,36.6,21.6,56.0,6.65,1050.3,wheat
72.5,45.3,64.2,28.3,67.6,6.01,1618.6,orange
16.0,52.7,40.3,14.2,53.7,7.74,650.2,chickpea
51.0,37.4,84.2,23.9,59.3,7.18,773.7,grapes
132.1,51.0,55.7,23.2,89.5,6.17,1857.5,rice
134.9,53.8,73.4,32.1,88.1,6.7,2930.6,jute
77.6,43.9,68.9,19.4,63.6,6.49,1899.7,orange
103.7,63.8,81.3,36.4,54.8,6.86,709.2,muskmelon
99.9,59.7,102.7,28.0,79.1,6.77,1527.6,papaya
42.7,38.7,28.7,21.9,55.8,7.67,1086.1,chickpea
55.0,36.0,95.7,25.0,69.5,7.08,851.7,watermelon
125.0,54.7,78.0,33.9,81.0,6.8,1803.1,papaya
22.2,26.0,23.7,24.1,41.9,6.41,445.7,mothbeans
54.5,43.6,115.4,31.0,77.0,6.79,2673.7,coconut
96.5,53.2,112.2,28.4,69.5,7.05,2140.4,papaya
135.5,58.9,51.4,32.5,84.3,6.64,2344.3,jute
58.7,41.3,64.1,29.4,46.7,7.3,889.5,pomegranate
87.6,41.0,38.3,16.4,56.2,6.97,1185.4,wheat
99.6,47.6,81.8,29.7,81.1,6.53,1357.5,banana
132.4,50.4,137.0,32.9,82.6,6.75,1911.2,banana
75.8,62.4,44.0,33.6,81.4,5.85,1624.0,rice
59.5,46.5,76.0,35.2,68.8,6.94,830.0,grapes
51.2,41.3,70.3,14.5,79.3,6.44,1706.2,apple
16.4,46.7,28.1,18.1,51.4,6.74,708.5,chickpea
100.1,54.5,45.5,26.7,91.0,6.34,2415.9,rice
29.6,48.9,34.5,18.3,50.3,7.2,515.7,lentil
44.3,38.2,45.9,34.4,63.9,6.44,1474.4,mango
102.8,73.2,76.8,27.0,80.1,7.09,1933.3,papaya
68.4,38.1,109.9,25.0,87.2,6.78,2746.2,coconut
91.0,60.8,41.7,30.1,88.3,5.77,2780.2,rice
40.9,46.2,23.1,23.5,51.1,6.75,1041.4,chickpea
111.8,60.0,83.0,30.2,53.8,6.45,1314.5,cotton
80.1,62.8,92.4,32.1,66.3,6.79,828.7,watermelon
63.1,22.5,95.0,27.4,62.1,7.0,868.0,grapes
110.1,48.8,66.4,29.6,81.9,6.28,2741.4,rice
79.6,46.9,99.9,28.9,80.7,6.74,1338.8,banana
116.3,49.8,54.2,31.0,85.0,6.52,2599.0,jute
27.7,52.9,42.6,30.0,77.0,7.33,1124.6,blackgram
96.2,47.6,86.8,29.7,51.7,7.46,1132.2,cotton
29.2,54.8,36.7,25.9,65.7,7.65,1171.3,pigeonpeas
70.7,67.6,109.6,34.1,71.6,6.2,619.2,muskmelon
77.4,32.3,65.4,24.5,61.1,5.87,1365.4,orange
55.0,79.6,42.5,25.3,68.0,6.53,1457.7,kidneybeans
33.9,54.3,52.7,19.1,62.4,6.49,1364.7,kidneybeans
62.8,54.3,110.1,16.3,82.4,5.08,2184.7,coffee
55.9,41.1,76.8,22.3,63.6,6.56,1409.9,orange
105.0,43.9,66.1,22.1,54.8,6.58,1763.4,orange
49.1,45.2,43.5,16.8,67.4,6.91,1421.3,apple
36.0,33.6,80.7,28.1,84.8,6.06,2535.6,coconut
57.5,62.8,76.7,17.4,72.9,6.81,1706.4,orange
112.5,40.5,85.4,29.3,70.9,6.29,1625.1,banana
108.2,60.4,63.8,28.6,86.9,5.68,2070.3,jute
78.4,53.0,36.8,20.9,67.3,6.87,1060.3,maize
25.9,27.8,35.8,33.7,54.0,6.64,639.4,mothbeans
73.2,55.6,32.4,14.0,76.6,6.47,946.1,wheat
63.6,39.7,102.1,31.4,90.5,6.21,2332.6,coconut
67.9,34.0,50.4,29.6,46.9,6.32,1695.4,mango
28.4,44.7,37.2,27.2,58.7,6.36,1443.1,pigeonpeas
102.9,51.5,112.8,26.6,72.6,6.05,2094.7,banana
32.6,41.1,40.9,25.6,69.8,5.77,1058.3,pigeonpeas
122.9,55.3,80.1,31.6,55.1,7.19,1170.9,cotton
88.4,56.1,90.1,18.8,71.1,5.78,2975.6,coffee
78.4,65.7,67.1,27.9,97.3,6.12,2325.8,rice
25.3,51.1,23.9,29.7,47.8,7.29,1447.7,pigeonpeas
19.8,28.6,23.5,27.9,35.8,7.7,446.2,mothbeans
26.7,56.9,31.3,22.0,58.6,6.71,937.5,kidneybeans
35.8,75.5,53.2,24.2,65.6,6.56,974.2,kidneybeans
130.4,50.8,103.3,33.2,75.6,6.48,1637.0,banana
84.6,38.9,79.3,27.1,79.0,6.54,1818.3,banana
9.0,27.3,27.0,29.3,45.7,5.88,482.7,mothbeans
89.8,47.0,74.4,26.4,62.3,6.55,1748.7,orange
77.5,62.5,111.8,26.8,61.4,6.76,555.6,muskmelon
111.7,39.8,71.6,27.8,51.6,7.27,860.5,cotton
86.8,62.9,95.5,26.2,66.2,5.87,1906.6,orange
78.3,36.2,86.5,31.4,49.9,6.64,953.4,grapes
63.6,49.2,101.7,20.8,84.9,5.03,2768.3,coffee
81.4,38.6,73.7,32.7,61.8,6.68,1753.8,mango
106.5,63.7,76.0,25.8,49.3,6.8,1083.6,cotton
75.5,55.9,29.0,20.8,56.4,6.9,1125.6,wheat
88.1,70.9,88.8,26.9,58.7,6.9,587.7,watermelon
114.5,42.4,70.3,29.2,85.3,6.43,2894.0,jute
101.9,48.6,73.3,30.8,56.3,7.45,758.0,cotton
59.3,36.2,110.0,32.2,87.0,6.61,3079.3,coconut
60.9,31.9,75.1,30.6,66.7,6.84,1445.2,mango
131.5,60.1,62.3,32.2,83.9,7.28,3082.5,jute
39.1,47.7,35.2,17.0,61.0,6.28,437.4,lentil
26.6,38.6,34.2,17.9,38.9,6.43,861.6,lentil
30.6,38.7,45.2,29.3,69.9,6.99,671.2,mungbean
58.6,25.7,92.3,25.8,68.4,6.37,1235.2,grapes
54.5,56.6,84.9,39.9,57.6,6.77,836.9,pomegranate
77.6,61.0,101.4,25.6,63.3,6.73,645.7,watermelon
72.8,46.1,67.0,24.1,67.6,6.67,1887.7,orange
125.6,68.4,60.4,29.9,78.3,6.57,2617.0,jute
121.2,51.8,53.3,30.3,73.3,7.24,945.0,maize
83.0,53.1,75.9,33.0,63.2,6.25,1956.9,orange
65.9,34.8,46.3,30.9,54.0,6.75,2157.5,mango
86.7,64.6,97.9,27.5,61.6,6.86,622.9,watermelon
40.0,54.4,38.2,25.7,66.7,6.51,1206.8,blackgram
82.1,54.2,106.3,27.1,56.5,6.63,750.7,watermelon
38.0,53.6,35.9,20.7,63.0,6.95,1273.4,kidneybeans
84.0,53.5,136.0,29.0,81.0,6.35,2997.7,coconut
35.7,53.0,25.9,23.7,55.1,6.64,830.8,chickpea
37.7,30.8,31.7,24.9,68.6,7.65,1056.4,pigeonpeas
22.7,47.3,31.4,22.1,56.6,6.17,957.7,chickpea
86.4,44.3,40.5,15.5,67.1,6.54,1280.6,wheat
104.7,53.3,65.5,22.5,85.8,5.88,3019.7,rice
129.8,49.9,69.7,24.2,62.6,6.55,1161.8,maize
74.9,32.1,76.8,34.0,56.0,6.29,1780.6,mango
91.4,50.2,48.6,21.7,60.2,5.71,1100.3,maize
29.0,54.0,37.7,23.8,64.3,6.6,1032.8,blackgram
22.5,52.7,37.1,36.4,68.6,6.15,1051.3,pigeonpeas
114.2,46.6,120.7,32.3,78.7,6.48,2171.2,banana
99.6,54.6,72.9,26.6,86.5,6.17,2222.7,rice
25.1,46.5,26.7,30.7,71.9,7.59,1172.1,pigeonpeas
35.3,41.7,31.4,15.8,54.8,7.31,959.4,chickpea
33.4,51.6,27.9,20.3,50.8,6.64,726.7,chickpea
98.6,52.2,98.5,31.9,64.3,6.09,660.4,muskmelon
72.8,45.4,88.7,27.5,55.4,6.58,938.2,grapes
103.8,50.4,63.5,25.9,57.0,6.35,891.4,maize
58.8,30.3,70.0,35.3,61.6,6.78,1651.2,mango
79.3,46.3,89.2,18.7,72.1,6.1,3164.5,coffee
49.4,32.0,82.7,26.1,52.8,6.74,1006.1,grapes
37.2,73.3,45.9,14.2,70.7,6.45,1197.8,kidneybeans
103.1,48.8,75.0,30.2,60.7,6.43,818.4,cotton
44.9,44.6,65.9,19.3,72.3,6.33,1638.0,apple
68.3,41.5,84.5,22.4,67.6,5.55,1989.2,coffee
79.8,66.6,86.5,25.1,61.1,6.68,816.4,watermelon
110.4,49.0,70.0,25.4,68.9,6.84,1344.3,maize
96.8,45.1,57.5,23.1,67.0,6.67,1190.8,maize
51.9,56.4,23.5,35.5,86.1,7.38,1066.1,blackgram
149.7,52.6,51.8,29.7,87.4,6.47,1720.2,rice
86.4,47.5,36.5,17.5,62.5,7.26,1154.2,wheat
58.0,41.1,81.8,25.8,57.9,6.37,1019.6,grapes
34.4,43.7,26.8,24.6,58.2,7.14,801.3,chickpea
107.9,62.7,92.2,31.5,72.5,6.48,2309.4,papaya
122.7,48.1,57.6,26.7,81.9,5.95,3144.1,jute
70.8,27.1,112.0,25.8,89.4,6.08,3131.6,coconut
23.9,46.8,32.2,27.5,57.1,6.71,707.8,mungbean
28.0,48.3,36.3,32.7,60.9,6.98,1011.8,mungbean
136.4,53.2,83.3,35.2,60.1,7.16,1071.8,cotton
21.7,57.0,27.7,27.3,57.8,5.88,722.5,mungbean
16.8,52.1,38.5,21.6,53.2,7.96,618.2,chickpea
55.8,41.0,73.1,25.8,64.3,6.07,1205.2,mango
86.2,64.6,102.3,31.5,76.0,6.6,2406.7,papaya
71.0,54.6,76.0,17.1,71.6,5.99,1406.7,orange
126.6,59.3,99.4,25.3,64.7,6.88,928.3,cotton
143.1,66.0,36.1,31.5,79.8,6.22,2790.0,rice
87.7,46.6,26.3,17.9,65.9,6.6,1192.2,wheat
37.0,52.3,33.6,14.6,56.9,6.78,827.6,chickpea
66.3,37.3,58.2,19.3,62.3,6.15,1467.6,apple
43.0,59.5,44.3,30.2,72.2,7.31,821.2,mungbean
62.7,43.9,85.9,30.4,51.1,6.3,1017.3,grapes
79.0,62.1,89.1,30.5,71.1,6.1,611.7,watermelon
20.1,39.5,44.2,31.2,72.6,6.86,1029.5,mungbean
22.7,41.6,37.5,23.3,49.0,6.57,670.1,lentil
28.8,46.5,32.3,29.1,62.8,6.87,1153.7,mungbean
19.5,36.8,38.1,18.0,50.0,7.34,808.4,lentil
100.2,47.6,41.2,19.0,58.3,7.36,1006.7,wheat
79.3,18.5,105.0,31.8,87.9,6.39,2622.3,coconut
72.7,40.1,115.4,25.6,82.5,6.15,1945.6,coconut
95.5,43.1,35.3,19.4,60.0,6.37,1292.5,wheat
32.6,41.9,27.1,18.0,59.3,6.39,575.5,lentil
32.0,34.7,35.6,16.4,39.6,6.8,777.9,lentil
121.4,51.8,60.0,31.9,87.0,5.86,2743.0,jute
109.7,49.3,67.1,33.6,80.0,6.5,2367.5,rice
69.3,39.0,91.5,33.8,50.4,7.51,858.8,grapes
55.1,66.9,64.0,30.0,71.7,6.58,710.4,watermelon
59.3,41.8,108.6,30.0,87.3,6.67,2732.1,coconut
75.6,49.1,35.9,15.1,68.6,6.38,774.8,wheat
48.0,43.5,48.5,29.6,54.9,6.85,1296.1,mango
30.0,47.0,30.0,22.0,73.4,6.32,1273.0,pigeonpeas
36.7,40.8,43.3,28.1,64.9,6.05,747.1,mungbean
110.5,54.7,52.4,24.9,83.2,5.89,2063.9,rice
90.8,53.6,58.2,33.8,88.1,6.6,2011.5,jute
65.1,42.2,82.1,29.2,57.2,6.59,832.7,grapes
114.8,58.6,95.9,31.3,86.0,5.78,2170.2,banana
129.1,53.0,71.5,31.3,57.4,7.36,1002.6,cotton
96.1,44.8,77.8,24.4,90.2,6.18,2663.8,rice
74.7,53.2,91.6,28.1,66.0,6.28,730.4,muskmelon
91.4,44.6,42.7,20.7,72.0,7.65,1134.4,wheat
94.3,47.5,77.7,16.8,75.4,5.54,1867.6,coffee
112.0,65.2,61.1,23.4,68.4,6.33,980.2,maize
81.4,42.1,87.7,24.1,77.5,6.64,1737.3,papaya
134.5,55.2,128.8,27.2,64.9,6.58,1575.5,papaya
35.7,36.0,34.8,28.9,72.0,6.9,969.7,blackgram
57.1,39.5,58.5,13.5,63.4,6.49,1469.8,apple
69.7,39.1,57.2,29.0,42.8,6.32,2095.3,mango
65.7,54.8,80.2,20.6,67.5,6.33,1973.5,orange
80.4,54.1,106.2,31.0,63.2,6.06,887.0,watermelon
72.8,57.0,112.5,26.6,60.9,7.01,743.7,watermelon
36.0,44.2,91.9,20.0,61.5,6.79,1119.9,grapes
93.7,51.6,127.9,28.5,73.2,6.71,1296.0,banana
107.0,47.9,105.4,28.1,83.6,6.39,2526.3,banana
70.8,25.5,127.0,31.1,83.5,6.11,2993.0,coconut
118.5,62.2,44.3,22.7,67.5,5.83,1192.7,maize
86.5,65.9,82.0,31.5,49.8,6.85,1251.9,cotton
116.5,63.3,62.5,34.5,87.0,6.9,2382.8,jute
71.6,56.0,83.2,30.6,68.5,6.68,1301.7,pomegranate
25.3,22.6,26.1,32.8,45.4,6.45,421.1,mothbeans
25.7,45.3,40.0,22.5,61.0,7.12,1504.3,pigeonpeas
32.9,47.0,45.5,26.2,70.7,6.83,1081.6,mungbean
77.0,50.9,83.2,28.7,76.3,6.25,1553.3,orange
55.1,51.8,84.5,25.2,82.9,5.91,2190.9,coffee
70.7,33.4,84.8,31.0,85.6,5.39,2746.3,coconut
59.2,68.9,93.1,23.4,71.6,5.85,2713.7,coffee
67.5,49.0,96.5,26.8,57.1,6.32,714.9,muskmelon
98.3,61.5,55.2,36.1,87.5,6.14,3154.1,jute
132.6,62.4,57.8,36.6,87.8,6.25,2374.6,jute
30.6,45.4,42.5,29.4,58.6,6.8,913.3,mungbean
32.0,40.5,34.0,30.7,67.4,6.94,1038.0,mungbean
77.7,48.4,75.9,26.4,67.4,6.22,1941.1,orange
123.4,56.9,41.9,28.9,82.5,6.07,2698.9,rice
110.3,61.0,40.9,23.6,82.5,5.88,2768.5,rice
28.4,55.6,40.8,23.6,57.1,6.46,647.0,mungbean
116.9,55.2,43.9,27.4,68.7,6.86,787.0,maize
90.6,53.5,60.7,27.5,67.5,7.03,1749.1,orange
72.0,45.2,46.3,23.3,78.1,6.51,2497.5,rice
56.4,27.3,53.4,31.9,65.1,6.97,1472.3,mango
37.7,49.3,42.4,24.7,48.3,7.87,815.9,chickpea
74.7,48.6,94.1,24.5,73.9,6.15,2381.5,coffee
87.9,53.8,68.6,29.0,54.3,6.1,1627.0,orange
22.4,35.0,22.7,13.6,46.3,6.24,432.7,lentil
31.4,62.3,35.7,32.1,62.4,6.57,1480.6,pigeonpeas
77.2,44.5,107.7,23.7,61.7,6.58,620.5,muskmelon
66.5,62.5,103.8,30.9,64.6,6.67,739.2,watermelon
98.8,42.8,96.4,28.7,58.6,5.63,2166.9,orange
73.0,37.3,54.8,33.9,59.1,5.92,1234.9,mango
87.1,56.3,85.1,24.6,67.3,5.76,1390.8,orange
132.1,62.4,77.7,33.4,65.3,6.98,1303.7,cotton
33.6,44.3,39.8,26.2,57.8,7.07,861.8,pigeonpeas
25.6,44.0,32.8,23.9,53.2,5.71,1222.4,pigeonpeas
79.1,37.3,61.4,22.3,71.6,5.82,1684.8,orange
87.4,56.3,95.1,29.7,70.5,6.29,2049.6,papaya
18.3,30.6,43.5,22.3,62.3,7.26,851.9,mungbean
84.5,38.6,66.3,24.3,70.4,6.61,1900.1,orange
78.0,52.6,75.3,24.8,65.0,5.96,1803.2,orange
124.4,48.7,45.3,24.9,75.2,6.2,962.8,maize
97.8,47.9,31.1,16.7,65.9,7.18,899.3,wheat
102.6,57.7,50.5,24.6,63.7,5.84,1789.7,orange
128.7,49.1,121.6,31.2,93.5,6.87,2039.9,banana
73.8,57.7,55.6,28.5,68.1,6.13,1711.9,orange
20.6,55.1,37.2,24.7,71.7,6.56,1022.0,mungbean
118.1,47.4,77.1,28.0,90.4,5.86,2881.0,rice
109.3,54.4,87.5,22.9,56.0,6.52,886.7,cotton
25.4,30.6,33.2,13.6,40.4,7.65,827.4,lentil
134.3,54.5,44.5,29.1,72.6,6.0,3194.8,rice
84.5,47.5,90.7,28.1,57.8,6.48,613.7,muskmelon
73.8,50.1,82.6,32.0,82.4,5.95,2253.3,coconut
107.4,56.3,100.0,32.3,67.8,6.43,2204.0,papaya
69.1,52.0,104.6,32.4,61.2,6.53,554.3,muskmelon
118.8,52.7,57.9,21.0,64.2,6.29,1051.2,maize
33.5,34.5,29.3,30.0,75.3,6.87,741.4,mungbean
30.1,46.0,28.0,28.4,48.5,6.93,836.2,chickpea
124.8,53.7,39.4,24.0,92.1,6.14,2403.3,rice
71.7,18.0,54.9,29.7,66.0,6.14,1729.5,mango
69.8,50.2,91.5,35.7,55.1,7.04,722.4,grapes
63.2,37.8,77.6,19.0,67.2,6.83,1680.1,orange
90.6,47.1,86.9,20.5,65.4,6.81,1557.0,orange
30.8,43.7,35.1,22.9,56.8,6.91,713.5,chickpea
37.0,40.0,32.4,15.4,49.5,7.02,432.0,chickpea
110.8,62.7,81.5,26.1,62.2,7.26,1014.3,cotton
23.2,38.4,22.0,17.0,48.5,6.62,764.1,lentil
72.0,45.9,68.3,31.1,62.1,6.62,673.4,grapes
69.5,41.0,125.9,30.8,81.7,6.84,2723.1,coconut
43.8,37.8,61.4,32.3,61.4,6.95,1428.9,mango
71.5,30.2,74.4,35.8,59.7,6.6,1780.2,mango
100.8,68.9,117.2,30.7,82.2,6.28,1664.6,banana
120.3,66.8,47.0,27.2,82.2,6.3,3179.6,rice
73.2,50.5,49.9,20.1,58.8,7.09,1086.8,wheat
55.6,39.2,92.0,38.5,50.3,6.79,920.2,grapes
103.9,44.6,96.5,33.0,80.6,5.97,1742.5,banana
75.8,26.9,69.7,29.7,53.2,6.48,1350.7,grapes
114.0,42.4,51.4,28.6,84.3,6.48,2527.6,rice
104.5,56.2,100.6,28.4,77.5,6.27,1619.4,papaya
39.7,56.0,28.9,19.4,59.2,5.9,1165.4,kidneybeans
37.8,63.4,34.0,19.7,72.5,6.38,1360.0,kidneybeans
117.1,67.3,41.8,27.9,87.8,6.61,3239.1,jute
82.9,42.6,84.0,32.6,88.7,6.34,3144.6,coconut
35.5,65.1,30.4,36.8,70.0,6.44,1081.1,blackgram
65.4,32.6,136.0,28.6,86.6,6.12,2525.4,coconut
73.1,46.6,95.3,26.4,67.2,5.81,2688.7,coffee
61.8,44.2,62.5,21.0,75.2,6.55,1826.1,apple
73.0,49.2,78.7,29.2,50.6,6.39,869.2,grapes
48.2,61.2,109.9,25.9,65.3,7.01,730.3,watermelon
45.6,48.0,30.1,21.8,64.4,6.41,1052.3,pigeonpeas
78.6,47.4,77.9,28.6,62.3,6.17,1531.9,orange
32.9,59.7,34.4,30.7,59.2,6.44,945.0,pigeonpeas
13.5,35.9,18.0,26.5,53.1,5.99,836.9,pigeonpeas
30.1,26.3,33.4,32.3,51.6,6.43,532.2,mothbeans
26.4,41.7,34.3,26.2,60.4,7.52,1178.8,pigeonpeas
54.1,28.0,89.6,26.2,62.5,6.78,923.4,grapes
63.2,32.4,131.9,30.4,86.9,5.77,2188.6,coconut
70.9,33.7,53.0,29.3,58.4,6.04,1253.2,mango
83.1,39.0,31.5,15.8,68.2,5.98,1334.5,wheat
122.6,55.8,109.6,32.4,93.9,6.19,1795.9,banana
86.9,62.4,93.8,31.2,66.5,6.87,644.8,watermelon
63.2,30.0,119.9,29.2,90.3,6.56,2403.6,coconut
44.7,33.9,134.3,32.0,88.9,6.69,2661.8,coconut
38.7,70.9,40.8,22.8,54.0,6.9,1243.2,kidneybeans
39.3,38.4,50.3,30.2,60.5,6.97,1055.7,mungbean
30.3,37.0,33.2,22.3,61.4,6.91,766.1,chickpea
21.3,31.4,28.5,23.9,33.5,6.39,583.4,mothbeans
42.3,38.0,79.0,26.4,88.7,5.74,2477.2,coconut
53.1,40.6,86.9,29.2,56.0,6.64,744.2,grapes
77.7,56.8,81.0,25.8,55.5,6.84,1075.1,pomegranate
70.5,41.6,73.2,23.7,46.4,6.65,1191.5,pomegranate
58.3,40.5,82.5,28.6,70.8,6.37,2189.4,orange
75.0,47.6,43.7,21.7,47.5,7.13,923.8,wheat
137.3,61.5,51.7,33.1,82.1,7.07,2708.7,jute
66.7,46.3,83.6,26.9,64.3,5.73,1595.3,orange
24.2,54.3,21.1,24.2,61.1,7.21,762.4,chickpea
98.4,54.3,42.3,19.2,71.5,6.85,1284.3,maize
91.7,53.3,75.1,26.5,62.8,6.36,1952.2,orange
69.0,52.0,72.3,27.1,64.4,6.72,754.2,watermelon
79.0,40.9,117.8,27.3,83.9,7.08,3077.7,coconut
74.0,48.5,61.1,33.5,58.1,6.27,1233.4,pomegranate
85.8,61.5,37.5,25.9,72.7,6.23,827.9,maize
72.4,47.5,74.2,28.5,62.7,6.67,646.6,watermelon
60.8,60.5,81.6,24.8,60.7,6.36,1487.5,orange
117.3,39.6,129.1,33.9,85.7,6.56,2028.3,banana
18.0,65.3,53.3,26.4,71.0,7.2,1089.1,kidneybeans
100.9,46.6,88.1,28.2,73.5,6.53,1730.3,papaya
49.5,48.0,78.2,26.8,56.3,6.35,1119.9,grapes
68.2,39.5,111.4,25.2,77.1,5.34,2424.4,coffee
20.3,19.6,25.8,32.3,40.1,5.97,355.0,mothbeans
46.4,48.5,69.4,35.3,57.0,6.49,1181.6,pomegranate
63.4,27.5,49.4,25.4,56.5,6.48,1495.6,mango
116.8,61.7,53.0,27.3,86.7,5.65,2320.9,rice
91.4,50.6,109.8,28.8,68.9,6.38,597.5,watermelon
66.2,45.3,111.6,30.2,52.2,5.88,692.3,watermelon
19.6,46.8,32.5,19.7,43.0,6.49,720.5,lentil
29.2,43.6,35.7,18.4,52.2,6.98,655.7,lentil
51.8,48.4,66.6,32.1,57.9,6.95,1881.0,mango
66.4,33.3,53.6,15.0,67.0,6.47,1573.5,apple
13.9,41.9,26.2,26.8,57.8,6.81,660.2,mothbeans
79.5,40.6,93.4,26.7,66.6,7.28,1183.4,grapes
126.0,55.3,94.7,29.9,82.2,6.4,2409.4,banana
18.1,13.5,19.8,36.0,50.1,6.64,383.9,mothbeans
31.9,41.6,31.2,22.1,48.4,7.24,931.7,chickpea
66.8,47.4,68.3,25.9,62.3,6.62,1397.0,pomegranate
108.0,54.6,48.2,32.0,73.5,5.93,1403.5,maize
13.6,33.7,31.4,32.4,40.0,7.38,484.4,mothbeans
72.0,60.2,65.1,22.1,80.2,6.02,1902.7,rice
134.0,65.5,64.1,33.9,84.1,6.66,1836.0,jute
78.3,32.3,107.4,33.0,84.0,6.16,3465.2,coconut
71.7,54.1,73.3,26.8,59.9,6.85,1135.2,grapes
17.5,23.1,25.8,28.5,41.5,7.51,501.2,mothbeans
86.6,67.4,122.5,27.8,65.7,6.77,657.3,watermelon
24.5,37.9,18.0,20.9,46.0,6.8,929.2,chickpea
14.0,33.6,21.5,31.6,37.6,6.89,575.2,mothbeans
76.6,53.4,82.5,24.8,65.6,5.39,1478.6,orange
23.7,22.5,30.4,19.7,45.6,7.57,746.3,lentil
105.0,50.2,123.6,26.6,71.8,7.11,2082.5,banana
31.9,49.2,27.8,25.0,63.5,7.16,1293.4,pigeonpeas
31.9,43.3,41.0,24.8,60.0,6.73,1027.6,mungbean
36.2,60.9,54.0,16.5,68.7,6.81,1218.8,kidneybeans
106.1,40.8,94.5,36.8,83.3,6.26,1706.8,papaya
112.8,54.4,72.3,32.3,49.9,6.24,988.8,cotton
117.4,50.6,106.7,28.4,73.4,7.11,2431.0,banana
21.3,54.7,33.4,25.5,65.5,6.67,916.7,mungbean
71.6,35.8,87.2,27.9,78.6,6.6,2820.1,coconut
31.8,60.3,52.5,16.3,71.9,6.45,1433.8,kidneybeans
64.4,38.8,99.8,21.1,80.4,5.78,2947.0,coffee
65.9,50.8,58.5,28.9,57.3,6.0,605.0,muskmelon
137.8,51.4,54.8,31.1,81.8,6.67,2882.0,jute
36.1,39.4,36.2,30.8,75.2,6.66,898.8,blackgram
93.7,46.8,34.2,16.7,73.4,6.9,781.7,wheat
103.0,52.5,92.8,25.1,49.3,6.46,918.2,cotton
37.7,58.8,34.0,28.2,63.2,7.33,1018.6,blackgram
109.1,59.0,118.2,29.2,80.3,6.1,1767.4,banana
110.9,68.3,92.8,27.5,83.5,6.46,1927.9,papaya
60.3,26.3,46.8,31.1,51.3,6.6,894.8,pomegranate
26.9,32.4,35.1,32.3,50.4,6.32,751.8,pigeonpeas
66.3,33.8,68.9,31.2,59.6,6.8,2027.1,mango
30.9,42.5,31.8,18.7,55.1,6.89,770.2,lentil
67.0,43.2,92.3,32.0,86.0,5.74,2048.4,coconut
103.7,49.5,112.9,15.2,85.2,5.47,2876.2,coffee
40.8,45.6,33.9,25.1,49.6,7.16,708.4,chickpea
113.0,51.2,96.1,29.1,80.1,6.48,2504.2,banana
35.8,43.9,23.0,21.9,51.1,6.4,714.5,chickpea
58.9,38.6,58.4,17.9,64.2,6.43,1986.4,apple
35.4,55.0,35.4,33.4,72.1,7.26,1110.9,blackgram
15.7,43.5,22.8,25.8,70.1,7.47,1716.0,pigeonpeas
14.5,30.4,19.3,33.5,49.1,7.85,593.3,mothbeans
28.0,13.5,19.3,32.9,35.6,8.09,394.7,mothbeans
120.0,60.7,94.3,25.1,79.0,6.68,2020.9,papaya
70.3,62.9,87.3,25.5,54.5,6.47,636.5,muskmelon
68.7,41.4,105.3,29.3,65.2,6.44,583.2,watermelon
24.2,45.3,45.5,28.3,61.9,6.58,1113.9,mungbean
79.9,51.2,40.9,21.0,73.0,7.02,739.2,wheat
87.3,58.4,65.1,39.1,55.0,6.73,998.4,cotton
34.3,45.1,39.4,14.2,47.3,6.74,432.0,chickpea
28.0,75.5,38.3,20.6,58.3,6.38,1055.0,kidneybeans
130.1,58.4,50.9,30.3,80.2,6.47,2590.7,rice
46.0,33.1,76.0,33.8,58.4,6.3,1566.9,mango
38.0,45.2,24.7,25.1,60.0,6.76,655.9,chickpea
23.3,53.8,34.3,33.0,66.7,6.53,829.3,mungbean
95.2,45.5,87.0,21.4,71.6,5.96,2306.4,coffee
104.2,56.4,126.3,30.0,85.0,6.28,2384.5,banana
100.6,50.1,72.6,28.0,86.9,5.81,3589.1,rice
88.6,48.0,103.1,20.4,66.5,5.63,1891.0,coffee
24.2,41.6,37.2,23.1,54.7,6.46,848.9,chickpea
99.0,45.1,118.0,22.3,68.2,6.65,1231.1,grapes
29.7,36.2,36.8,18.8,49.6,6.69,821.2,lentil
77.1,50.2,94.0,31.7,65.3,6.24,794.3,muskmelon
24.1,40.3,28.0,26.5,67.0,7.05,1026.8,mungbean
102.7,51.1,54.9,30.6,92.6,6.64,2958.1,rice
40.4,35.4,72.5,17.5,65.2,6.61,1418.8,apple
114.8,63.0,78.9,24.2,66.2,7.05,1095.1,cotton
57.8,48.9,54.0,24.9,53.6,6.31,1083.1,grapes
77.9,51.8,73.2,26.4,65.1,6.51,1371.6,orange
20.2,40.6,36.7,27.5,61.2,5.97,834.0,pigeonpeas
80.8,41.9,44.6,31.6,60.8,6.64,922.9,maize
50.3,46.5,77.6,32.9,44.7,7.29,1565.2,pomegranate
74.2,38.0,101.3,33.9,83.3,5.84,1755.7,coconut
55.2,60.7,45.0,31.7,73.1,6.22,1165.7,orange
62.1,52.6,83.4,20.4,77.8,5.44,1826.4,coffee
99.0,32.0,63.9,27.8,57.0,6.32,1041.4,grapes
101.4,49.2,45.6,14.3,56.6,6.7,1282.4,wheat
107.2,49.1,51.0,25.4,76.1,6.23,878.5,maize
147.3,55.4,136.6,29.6,80.9,6.58,2098.8,banana
69.1,44.0,57.6,15.7,62.1,6.57,2028.9,apple
90.2,32.8,118.4,28.9,90.5,6.19,2764.3,coconut
54.9,59.4,75.2,25.8,70.0,6.23,1669.6,orange
91.6,41.1,44.5,23.9,70.0,6.37,1223.0,maize
109.6,36.0,66.8,30.2,87.1,6.1,2717.8,jute
61.5,26.6,70.0,30.5,62.2,6.56,1878.8,mango
33.6,44.1,32.4,30.8,73.9,6.53,1060.7,mungbean
86.6,67.9,54.2,28.7,89.1,6.47,3329.0,rice
105.6,57.3,91.3,31.1,71.7,6.98,1336.3,papaya
92.0,47.5,62.7,22.4,62.9,6.42,1126.9,maize
86.9,64.5,90.5,25.5,68.5,6.89,910.2,watermelon
61.8,37.7,102.2,28.9,81.8,5.82,2299.0,coconut
78.1,32.6,76.5,30.5,62.6,7.1,1250.2,pomegranate
41.6,52.7,41.2,18.2,62.8,6.8,1473.1,kidneybeans
42.2,39.8,29.2,25.1,65.9,6.52,833.1,blackgram
62.4,36.2,69.7,14.9,69.4,6.69,1500.1,apple
80.7,47.0,115.3,28.3,50.0,7.03,749.4,muskmelon
19.1,47.3,18.0,27.3,67.0,6.17,1394.5,pigeonpeas
67.0,46.9,68.9,20.6,58.0,6.67,1356.4,apple
108.5,37.4,115.0,26.9,80.1,6.66,2014.3,papaya
99.4,57.1,53.7,23.2,72.4,6.11,1001.0,maize
77.2,49.0,97.0,23.2,60.4,6.24,1930.3,orange
29.8,46.9,26.9,18.3,44.7,6.6,722.0,lentil
60.5,40.1,51.3,16.0,69.6,6.14,1572.0,apple
40.6,45.5,28.6,23.1,59.8,6.2,1339.4,pigeonpeas
86.0,54.9,73.9,33.6,59.3,7.13,1340.1,cotton
27.2,52.0,40.6,24.0,58.9,6.95,898.6,mungbean
56.6,31.4,109.6,29.6,91.8,6.89,2961.6,coconut
96.0,75.4,124.6,32.7,75.2,6.92,735.9,watermelon
21.6,50.6,33.6,19.4,54.3,6.57,601.4,lentil
108.6,35.9,52.0,28.9,64.5,6.43,1135.5,maize
24.0,20.6,17.8,25.8,48.3,6.84,660.6,mothbeans
52.9,51.7,102.9,27.9,80.7,6.69,679.9,watermelon
23.8,27.0,24.7,32.3,52.4,8.16,485.9,mothbeans
60.6,47.2,83.0,22.5,67.8,6.6,1327.8,orange
67.6,25.5,115.8,32.2,86.1,6.28,2386.6,coconut
131.8,52.5,116.7,25.0,88.2,6.65,2290.3,banana
103.0,36.2,39.8,22.5,55.2,6.62,652.3,wheat
90.3,56.5,40.6,23.7,57.4,6.55,1167.8,wheat
81.5,48.6,84.6,26.7,70.0,6.48,633.8,muskmelon
69.7,43.3,52.5,22.8,70.0,7.2,878.4,wheat
57.0,55.9,79.5,22.3,72.2,6.37,1610.9,orange
119.5,61.5,78.2,36.4,60.3,6.74,1267.7,cotton
13.5,50.9,26.6,30.2,57.7,7.57,1147.1,pigeonpeas
41.7,68.6,46.6,23.4,70.9,6.3,815.2,kidneybeans
39.0,66.0,38.6,22.9,61.7,6.69,1160.8,kidneybeans
111.5,50.3,108.9,29.4,71.0,6.62,2187.8,banana
41.0,58.1,35.1,22.3,50.3,6.06,938.7,chickpea
59.7,36.2,70.4,27.0,58.9,6.71,1126.5,pomegranate
42.8,59.7,41.8,23.1,65.2,6.49,1175.8,kidneybeans
81.9,49.2,54.5,27.6,64.5,5.96,1817.7,orange
66.4,25.4,63.3,34.7,56.4,6.04,1721.5,mango
28.5,36.0,32.7,15.9,48.1,6.35,814.7,chickpea
70.8,41.4,110.5,28.1,73.9,6.54,564.4,watermelon
70.4,46.1,76.3,24.9,59.3,6.56,1958.1,orange
120.2,68.5,78.8,29.2,58.1,7.3,1296.3,cotton
16.8,35.0,28.3,19.1,36.7,7.17,583.2,lentil
74.8,45.1,67.9,30.3,61.2,6.38,943.2,grapes
116.5,53.9,88.9,27.0,80.4,6.38,1415.9,banana
88.0,63.1,38.7,22.6,63.7,7.05,1127.6,wheat
73.4,48.4,89.5,22.8,64.4,5.7,2011.2,orange
79.1,48.9,62.4,32.5,65.1,6.41,1667.9,orange
108.6,53.6,76.1,24.3,84.5,6.05,2747.7,rice
63.9,33.0,70.9,30.9,50.2,6.7,700.0,pomegranate
96.9,57.9,69.1,26.6,84.7,6.3,2146.4,rice
119.0,53.4,53.9,29.6,64.3,6.8,975.0,maize
102.8,59.4,52.7,28.5,82.2,6.12,2080.5,rice
73.4,48.7,91.5,24.0,77.6,5.41,2334.2,coffee
43.3,44.3,36.1,31.9,71.6,6.91,1440.1,pigeonpeas
23.0,38.0,36.7,23.7,67.9,6.67,928.0,mungbean
67.1,20.5,115.6,27.1,87.1,6.22,2798.4,coconut
27.5,45.3,44.4,18.9,43.6,6.8,495.4,lentil
24.7,66.6,45.6,18.2,55.0,6.58,1637.2,kidneybeans
80.0,45.4,112.2,29.4,64.6,6.76,620.5,watermelon
42.5,46.3,35.8,20.5,40.3,6.25,641.6,chickpea
61.4,31.8,78.9,24.5,54.4,6.56,1152.9,pomegranate
63.2,59.9,85.9,20.7,76.6,5.21,2350.9,coffee
33.2,46.1,36.6,30.1,63.9,7.18,906.1,mungbean
55.9,47.9,83.1,12.0,65.4,6.1,1758.9,apple
26.0,46.6,32.2,22.6,78.8,6.44,1110.6,pigeonpeas
56.4,32.0,79.6,26.0,57.6,6.6,1059.2,grapes
30.1,32.2,31.7,29.5,48.5,6.97,503.4,mothbeans
38.6,63.4,34.5,28.3,76.9,6.6,1186.3,blackgram
91.3,47.8,46.4,19.5,67.4,6.88,1113.5,wheat
24.9,65.5,33.9,22.7,52.3,7.0,791.0,chickpea
87.4,48.1,70.2,18.6,72.0,6.76,1171.0,maize
65.6,35.3,64.0,13.0,69.2,6.39,2221.4,apple
38.3,54.8,36.2,23.9,56.8,6.49,960.8,pigeonpeas
73.4,47.8,66.4,30.6,65.0,5.82,1862.1,mango
62.2,67.2,104.6,27.0,64.2,6.31,496.9,muskmelon
118.1,42.9,90.7,31.3,64.1,6.5,1191.7,cotton
113.5,40.9,47.8,32.3,66.5,6.15,1296.1,maize
37.6,49.9,35.5,34.0,73.0,7.25,1063.2,blackgram
115.0,50.3,43.7,29.7,85.4,6.85,2899.9,jute
110.9,61.0,91.5,24.2,68.0,7.29,2110.7,papaya
85.5,57.5,91.4,28.6,62.7,6.88,512.8,muskmelon
107.4,65.3,82.0,26.5,53.2,6.61,1350.6,cotton
47.6,43.2,85.3,12.9,55.3,6.71,1819.1,apple
25.1,54.6,32.7,24.8,43.0,7.69,902.1,chickpea
113.0,56.5,136.1,24.1,79.6,6.87,2170.1,banana
29.4,27.4,44.5,21.2,42.7,6.27,770.7,chickpea
29.0,66.0,40.7,21.9,70.5,6.82,1333.7,kidneybeans
25.0,29.4,16.9,31.5,39.0,7.32,433.6,mothbeans
109.3,49.4,60.0,20.7,64.4,6.77,1216.7,maize
92.7,58.4,100.8,34.0,76.4,7.06,2301.1,papaya
67.0,33.9,72.7,33.6,48.4,6.51,970.1,pomegranate
83.2,40.8,53.9,28.3,65.9,6.29,1044.3,maize
29.9,55.5,34.1,23.7,53.0,7.2,788.3,chickpea
100.7,49.7,87.9,25.7,81.5,6.36,1763.3,banana
60.5,26.7,107.5,30.0,86.6,6.42,2171.5,coconut
35.1,66.2,44.4,17.0,63.7,6.99,1072.0,kidneybeans
55.9,39.8,102.9,26.7,73.5,7.33,1289.8,grapes
109.6,50.4,45.7,20.5,66.8,6.53,1143.5,wheat
51.3,39.1,64.0,33.3,50.0,6.87,764.0,pomegranate
73.8,43.6,35.6,24.9,55.0,7.02,784.4,wheat
17.9,58.3,34.5,30.8,64.0,6.23,1141.3,pigeonpeas
45.4,48.0,79.1,36.1,54.7,6.35,927.1,grapes
75.1,24.8,105.3,28.9,84.7,7.14,2280.0,coconut
36.6,59.7,45.7,27.1,80.8,6.89,1082.1,blackgram
49.0,37.2,60.9,15.6,60.1,6.81,1649.0,apple
73.7,37.7,125.8,28.6,87.5,6.68,2807.7,coconut
93.8,63.4,49.9,21.4,68.5,6.88,1194.0,maize
93.3,49.8,72.6,24.0,83.3,6.23,2357.3,rice
65.8,41.3,56.3,20.8,61.6,6.21,1304.2,apple
86.5,47.3,63.5,26.7,90.8,5.52,2622.3,rice
70.0,41.0,70.5,17.5,59.5,6.44,1816.3,apple
67.3,36.6,69.7,36.2,56.8,7.03,1606.7,pomegranate
116.8,72.8,68.0,33.5,78.9,6.0,3006.5,jute
49.2,56.5,74.7,20.7,62.3,7.24,1003.2,grapes
48.9,39.1,127.3,32.3,89.0,6.43,2893.8,coconut
116.9,52.2,74.9,24.1,60.8,7.45,705.2,cotton
55.7,34.9,69.5,37.5,58.9,6.37,1552.1,mango
81.7,53.2,82.7,27.3,83.5,6.17,1493.0,papaya
53.0,35.7,69.4,17.0,75.1,5.85,1857.9,apple
32.3,46.9,38.9,26.1,55.6,6.7,836.9,lentil
104.7,47.6,76.0,36.2,62.5,7.36,1104.9,cotton
143.3,57.2,57.6,37.0,77.0,6.79,2562.6,jute
30.5,40.2,18.0,21.9,48.8,6.51,1537.5,pigeonpeas
62.3,38.1,71.1,26.0,59.8,6.76,647.6,grapes
109.9,50.9,46.4,21.5,63.4,6.47,713.8,wheat
28.9,49.0,38.0,24.1,57.0,7.1,587.8,chickpea
71.7,48.3,62.1,28.1,70.6,6.78,1813.8,mango
83.6,38.5,105.1,28.1,61.8,6.68,549.0,muskmelon
99.0,38.3,31.6,17.6,56.7,6.68,663.1,wheat
43.4,50.4,103.9,22.7,61.3,6.6,752.3,grapes
30.3,69.0,49.4,19.8,52.2,5.88,1529.2,kidneybeans
81.3,27.6,120.1,25.9,84.3,6.17,3463.9,coconut
120.8,77.0,59.0,39.2,57.5,7.5,1498.3,cotton
68.2,42.7,93.1,26.6,87.2,5.41,3332.6,coffee
19.3,21.8,26.5,30.4,40.8,7.03,784.9,mothbeans
35.4,45.7,35.1,32.2,49.6,7.46,790.8,pigeonpeas
39.2,57.0,32.2,25.2,69.6,6.68,1094.8,blackgram
94.9,44.1,43.1,17.1,60.6,6.86,988.9,wheat
118.6,56.9,69.3,29.3,87.3,6.5,2232.2,rice
83.8,62.7,86.2,25.6,62.8,6.2,587.8,muskmelon
102.8,54.1,62.4,32.1,81.5,6.69,2971.7,jute
96.0,68.6,82.7,24.7,58.5,7.46,1284.1,cotton
73.1,42.9,47.0,17.6,59.9,6.22,1777.8,apple
26.0,45.1,35.8,28.3,59.5,7.13,1313.2,pigeonpeas
115.8,62.9,62.7,35.3,82.6,6.6,2469.2,jute
114.6,49.8,134.5,32.1,84.2,6.72,2222.4,banana
29.4,28.0,28.2,26.5,40.9,6.61,480.6,mothbeans
56.7,40.4,65.3,31.9,59.7,6.62,1168.2,pomegranate
125.4,46.7,108.4,26.1,94.6,6.17,2152.8,banana
55.2,43.2,68.3,33.0,47.8,6.48,1881.7,mango
80.2,62.6,118.2,25.1,61.6,6.64,746.1,watermelon
93.9,41.4,58.8,25.4,91.0,6.42,1987.1,rice
76.9,55.5,74.5,32.0,64.0,7.0,872.8,cotton
57.5,44.4,65.4,27.1,62.1,7.43,1652.0,pomegranate
62.3,67.3,94.2,22.9,58.6,6.6,633.8,muskmelon
45.2,38.6,113.2,28.7,83.8,6.8,3044.7,coconut
25.9,43.0,18.0,18.5,41.3,7.65,789.9,lentil
37.7,56.0,50.1,18.8,66.2,6.46,842.2,kidneybeans
68.8,33.3,71.1,17.3,72.3,6.02,1751.0,apple
39.8,62.1,54.5,18.2,63.5,6.19,1173.2,kidneybeans
31.9,49.0,34.3,25.1,57.3,6.32,1188.0,chickpea
35.2,63.0,55.7,17.8,65.0,6.96,1335.4,kidneybeans
98.3,51.8,137.1,28.3,80.6,6.59,2165.4,banana
130.1,49.9,69.0,33.3,85.2,6.81,2955.0,jute
60.6,55.5,94.6,23.4,68.9,6.21,3063.6,coffee
134.7,70.5,68.8,38.0,86.0,6.55,3112.1,jute
64.0,39.0,107.7,17.9,72.9,5.53,2411.6,coffee
128.6,59.1,84.7,21.0,54.0,6.79,1165.5,cotton
96.3,53.1,113.6,25.9,86.9,6.37,1563.5,banana
70.3,39.7,61.4,17.6,67.4,6.16,1464.5,apple
138.4,63.2,71.1,37.8,79.1,6.36,2606.3,jute
73.0,40.3,128.6,28.1,73.0,6.23,2338.9,coconut
42.7,40.9,68.5,26.3,51.7,6.21,1111.6,pomegranate
121.8,54.8,86.4,32.2,70.0,7.18,1432.6,cotton
116.9,68.6,56.0,27.2,81.0,5.97,2290.3,rice
86.6,46.1,79.6,25.8,60.1,6.86,1285.2,grapes
114.5,53.3,58.8,27.9,86.2,6.05,2684.2,rice
53.8,59.8,88.5,29.1,71.9,6.83,1277.8,orange
45.0,57.3,100.5,26.8,58.5,6.49,507.7,muskmelon
71.7,56.9,80.7,21.9,72.6,5.48,2647.5,coffee
24.1,54.8,38.6,23.7,56.5,7.45,1089.9,pigeonpeas
69.0,31.7,97.7,18.0,48.3,7.13,928.7,grapes
93.4,62.3,65.4,31.6,77.7,6.13,2477.8,jute
25.4,46.6,28.1,17.4,60.0,6.85,671.7,lentil
86.0,44.8,39.5,18.5,63.4,6.44,885.1,wheat
33.0,39.5,28.2,14.6,50.8,6.65,533.3,lentil
60.8,57.4,112.4,19.9,79.6,5.87,2558.1,coffee
72.9,51.3,77.4,21.5,69.2,6.83,1846.1,orange
112.5,52.5,45.8,20.4,65.4,6.7,1126.1,maize
119.0,64.0,53.3,23.8,78.9,6.56,2292.2,rice
22.7,55.1,34.1,31.9,56.5,7.04,884.5,pigeonpeas
65.1,47.8,95.9,28.1,65.4,6.37,1339.7,orange
59.6,27.7,67.6,12.1,56.6,6.29,1731.6,apple
100.8,63.7,64.7,32.7,81.0,6.09,3133.6,jute
33.5,43.3,32.2,32.6,77.0,7.1,991.7,blackgram
35.7,58.3,41.1,29.2,76.9,6.67,692.0,mungbean
58.5,60.7,102.9,27.0,67.6,6.91,735.2,muskmelon
47.3,37.0,69.6,32.4,70.8,6.3,1880.0,mango
36.7,55.2,30.7,22.3,65.3,6.86,854.6,chickpea
99.2,65.1,54.7,26.1,77.5,5.73,3527.5,rice
84.4,46.4,88.7,20.9,68.3,6.61,1800.4,papaya
114.9,49.5,114.1,24.4,79.9,6.5,1478.8,banana
91.3,50.4,93.1,28.5,80.9,6.67,641.4,watermelon
123.5,48.6,64.9,32.8,55.4,7.36,1160.7,cotton
78.8,35.5,99.3,26.1,62.2,6.81,1063.9,grapes
31.5,42.5,32.9,15.8,40.5,7.34,646.0,lentil
68.0,49.7,103.3,20.8,76.8,5.85,2285.1,coffee
114.3,53.3,35.2,15.4,65.3,6.69,1073.9,wheat
31.6,38.7,49.5,27.5,56.8,6.53,806.8,pigeonpeas
51.2,39.0,118.6,28.5,84.7,6.3,2471.9,coconut
32.2,64.8,46.0,21.6,62.2,6.43,937.0,kidneybeans
90.4,18.9,122.8,30.4,88.0,6.47,2729.2,coconut
91.0,48.4,77.1,28.1,75.5,6.46,1534.2,orange
30.2,56.3,32.8,18.9,73.5,7.11,1335.3,kidneybeans
29.9,50.9,32.3,24.7,56.5,6.93,918.6,chickpea
113.8,71.0,79.7,30.6,83.6,6.16,2701.4,jute
47.8,56.6,38.0,30.0,62.3,6.9,799.4,blackgram
69.4,52.9,38.4,20.5,66.2,6.74,1322.2,wheat
43.9,30.5,65.6,37.9,45.3,6.09,1767.2,mango
16.4,29.0,25.3,36.2,41.2,7.9,659.7,mothbeans
29.2,46.8,20.4,12.4,46.7,6.74,752.5,lentil
45.8,80.0,51.2,18.2,58.1,6.76,1346.2,kidneybeans
59.1,50.8,108.1,28.5,68.8,6.31,706.1,watermelon
93.7,49.9,45.7,24.1,64.6,5.82,1230.7,maize
103.4,59.1,81.0,25.8,80.6,6.69,1699.4,papaya
143.2,40.1,123.1,24.9,82.0,7.03,1566.2,banana
102.8,47.2,95.0,30.7,92.8,6.24,1847.2,banana
116.7,47.0,97.4,27.9,69.6,6.49,2086.3,papaya
77.2,58.4,67.8,27.8,66.6,6.29,725.4,watermelon
111.6,68.2,56.9,27.0,60.5,6.49,747.4,maize
126.5,62.5,54.2,25.3,92.9,6.19,2346.1,rice
42.1,65.3,35.8,18.4,58.5,6.75,1409.6,kidneybeans
59.4,47.7,40.5,39.9,47.6,7.02,1155.6,pomegranate
10.0,35.5,26.2,33.3,40.6,5.93,340.3,mothbeans
62.3,38.9,48.3,33.6,48.2,6.43,1363.2,mango
65.6,36.2,62.0,29.7,45.7,6.65,1084.0,grapes
112.2,43.2,63.6,25.3,83.0,6.31,2867.1,rice
145.2,42.2,65.9,37.0,85.8,6.9,2459.8,jute
61.3,29.0,77.0,14.7,65.6,5.68,1630.5,apple
19.9,48.1,44.4,27.9,69.8,6.39,939.0,mungbean
84.7,48.1,69.8,21.9,69.9,6.21,1736.9,orange
113.2,54.1,108.3,25.2,79.2,6.62,1613.6,banana
24.5,47.4,31.1,32.6,42.8,7.64,1105.5,pigeonpeas
82.4,57.5,96.6,26.7,61.1,6.83,764.5,watermelon
35.1,53.7,40.7,27.1,67.8,6.68,979.5,mungbean
98.3,48.8,49.1,23.7,54.7,6.53,1121.8,maize
117.9,58.7,62.9,26.2,52.2,6.16,948.2,maize
94.1,32.8,119.3,30.2,87.3,6.89,2563.6,coconut
113.9,63.9,108.3,29.9,68.3,6.84,1903.4,papaya
58.8,59.5,106.9,29.1,60.2,6.98,806.8,watermelon
94.9,60.8,88.5,30.8,79.8,6.6,2040.9,papaya
32.2,45.1,43.6,28.0,73.3,6.89,1157.4,blackgram
122.6,46.4,40.7,21.4,64.7,6.27,704.7,wheat
67.4,50.5,81.4,23.2,75.3,5.71,2570.4,coffee
36.5,53.6,37.1,28.0,65.8,6.76,659.9,mungbean
83.2,41.2,84.8,30.2,56.0,7.05,542.8,muskmelon
147.5,45.3,53.5,27.6,87.1,6.53,2223.0,rice
82.7,44.6,64.4,32.1,48.9,6.98,1023.6,pomegranate
118.5,60.0,48.5,25.0,87.8,5.77,3589.9,rice
64.7,53.2,47.8,32.8,45.2,6.98,909.3,pomegranate
115.8,63.6,89.3,27.2,77.5,6.6,1584.6,papaya
64.0,46.1,97.5,23.1,73.3,5.44,2344.8,coffee
93.9,48.5,41.5,14.4,58.2,7.25,826.4,wheat
73.6,42.1,88.2,21.8,72.5,5.68,2418.2,coffee
87.5,52.9,36.1,15.7,65.8,6.33,936.3,wheat
108.9,57.1,100.2,29.6,84.8,6.08,1355.9,banana
96.0,49.8,93.4,25.7,91.1,6.15,1995.7,banana
90.4,64.4,77.2,20.4,78.3,5.27,2898.9,coffee
48.3,18.7,110.9,28.0,84.2,5.98,2531.4,coconut
109.2,61.4,65.3,24.3,78.3,6.75,2814.8,rice
53.5,34.7,52.0,34.5,59.7,6.22,1986.8,mango
15.0,39.7,40.2,31.8,78.2,6.7,861.5,mungbean
91.0,47.2,76.9,35.9,64.2,6.68,1325.5,cotton
24.1,37.8,23.5,22.8,58.9,6.32,697.2,lentil
111.8,63.8,44.7,34.4,81.3,6.66,2443.6,jute
33.1,54.8,34.7,26.7,66.9,6.75,789.0,blackgram
156.9,69.6,57.1,36.4,81.5,6.43,2680.4,jute
108.3,55.9,62.9,28.2,84.4,6.18,3013.4,jute
89.1,45.4,114.4,31.1,78.3,7.02,2365.7,papaya
66.8,38.2,69.4,33.5,48.1,6.23,1412.2,pomegranate
67.7,27.7,119.1,32.1,92.2,6.36,2797.0,coconut
22.5,67.8,53.0,20.4,64.1,6.5,1308.5,kidneybeans
102.6,41.2,78.1,28.7,57.9,7.09,1002.7,cotton
26.6,33.8,32.2,21.2,50.6,7.26,614.6,lentil
80.9,41.1,38.1,16.9,58.9,6.97,953.0,wheat
99.5,53.9,42.5,19.9,69.2,6.12,1363.0,maize
93.5,39.9,39.3,23.3,61.0,6.49,950.9,wheat
36.6,16.4,20.8,31.4,36.0,6.87,512.6,mothbeans
77.5,66.0,83.1,33.1,60.3,6.64,758.5,muskmelon
69.6,41.2,79.9,25.8,70.5,6.67,2048.7,orange
34.6,43.0,38.9,26.5,71.0,6.46,945.2,mungbean
28.0,48.6,33.6,21.8,42.3,7.36,585.2,lentil
55.1,35.8,96.9,23.2,58.7,7.19,874.5,grapes
91.8,50.1,99.1,21.4,69.5,6.88,1804.5,orange
22.1,39.8,23.3,26.1,56.5,6.97,800.7,chickpea
28.9,45.2,30.9,21.2,51.6,6.64,641.6,chickpea
15.5,56.9,43.7,27.9,66.8,6.51,844.1,mungbean
133.2,56.4,100.1,26.1,49.9,7.27,1180.8,cotton
25.1,38.7,27.4,27.4,48.5,5.91,942.2,chickpea
64.0,38.1,115.8,32.3,97.8,5.95,2818.7,coconut
102.7,47.1,56.6,25.9,65.6,6.6,1286.6,maize
58.4,40.7,65.6,30.1,63.2,7.48,1331.4,pomegranate
83.7,68.8,84.3,28.3,77.6,6.98,474.8,watermelon
130.4,60.0,71.0,29.9,85.1,6.5,2270.9,jute
36.7,34.1,67.8,13.0,64.3,6.14,1784.7,apple
128.1,54.0,83.8,35.2,55.7,6.92,1337.6,cotton
101.9,54.0,54.9,27.6,83.6,6.24,2930.9,rice
77.1,47.2,47.5,12.7,72.1,6.33,1491.9,apple
81.6,61.6,117.0,20.9,74.6,7.15,1645.9,papaya
62.9,39.1,67.3,13.2,58.2,6.17,1523.0,apple
116.0,60.7,67.3,30.1,84.1,6.26,2628.4,jute
69.5,39.5,63.1,27.9,62.3,6.53,981.8,mango
100.8,57.6,71.9,26.8,81.0,6.34,3046.4,rice
116.3,49.3,31.4,14.5,62.8,6.35,1394.8,wheat
45.7,43.3,68.0,19.1,74.6,6.19,1741.1,apple
113.7,44.1,112.6,29.0,73.1,6.73,2111.7,papaya
118.3,51.4,59.9,24.9,94.8,6.53,2178.9,rice
89.8,53.5,73.4,29.5,59.7,6.13,1055.5,cotton
78.3,70.7,92.4,34.0,57.7,6.87,752.6,muskmelon
62.0,39.7,101.8,34.9,65.0,6.88,432.0,watermelon
124.1,55.9,56.1,36.2,81.5,5.68,3184.1,jute
63.0,36.7,49.0,27.1,72.4,6.72,1042.2,maize
117.7,47.9,56.1,24.7,71.7,6.58,992.4,maize
71.9,45.1,113.8,27.8,65.1,6.65,2070.1,papaya
127.9,62.5,67.0,33.6,86.4,5.86,2531.8,rice
74.4,64.0,47.2,22.9,76.1,6.38,1912.1,orange
34.9,44.2,43.1,34.9,60.2,7.02,911.7,mungbean
65.9,34.1,89.7,27.3,71.4,7.15,892.6,grapes
69.6,30.2,66.4,27.6,67.0,6.44,1071.1,mango
80.5,46.6,52.1,17.6,69.3,6.19,956.4,maize
32.2,24.2,21.4,34.7,46.6,7.35,372.3,mothbeans
75.9,56.7,100.3,20.7,79.4,5.46,2632.7,coffee
80.3,48.4,44.7,21.2,52.1,6.84,728.5,wheat
79.9,56.0,79.3,24.8,67.1,6.39,1431.9,orange
72.0,51.2,70.5,30.0,68.7,6.56,2106.4,orange
118.0,51.3,69.9,24.4,83.7,6.29,2803.9,rice
97.5,55.7,112.7,34.4,83.6,6.63,1956.9,banana
53.0,58.2,89.2,28.9,59.5,6.18,835.3,muskmelon
27.7,39.2,28.7,22.6,44.3,7.29,547.7,lentil
39.8,35.5,33.6,29.6,71.6,6.7,1195.7,mungbean
119.2,31.5,147.5,28.1,84.7,6.21,2344.8,banana
61.3,46.0,79.6,26.8,53.9,6.85,727.9,muskmelon
35.0,62.1,39.1,20.5,66.7,6.54,977.4,kidneybeans
105.0,52.9,52.1,22.9,71.3,5.46,2476.9,orange
100.9,47.6,68.9,30.0,61.2,6.42,1090.1,maize
84.8,76.3,73.5,22.5,77.8,6.62,2012.0,papaya
64.1,42.2,110.4,26.3,78.6,7.16,2441.7,coconut
91.4,58.6,62.1,28.2,83.9,5.8,3043.8,rice
68.2,38.6,159.1,29.1,78.4,6.3,2645.9,coconut
99.6,54.9,69.7,27.7,87.3,6.84,2461.8,rice
117.7,50.3,64.4,26.7,86.3,6.48,2274.4,rice
112.6,52.5,56.8,33.3,81.3,6.93,2973.6,jute
75.0,46.1,112.2,25.0,82.6,6.13,2338.7,coconut
127.8,51.8,106.3,32.7,80.2,6.34,1620.0,banana
51.8,33.8,111.9,27.9,85.1,6.81,2570.9,coconut
40.1,38.0,29.3,25.2,56.6,6.77,973.7,pigeonpeas
36.9,70.5,40.0,20.9,64.2,6.71,1165.5,kidneybeans
44.8,35.4,36.7,33.8,63.5,6.5,926.7,blackgram
81.0,31.5,74.1,23.4,64.2,5.72,2041.7,orange
102.1,45.7,39.8,15.7,64.2,6.63,1154.8,wheat
125.9,61.9,71.9,36.9,76.9,6.85,2225.3,jute
69.8,65.2,123.9,22.6,89.9,5.72,2912.9,coffee
126.9,60.2,70.2,33.7,85.1,7.2,3184.0,jute
60.9,55.1,66.0,25.5,64.8,6.49,1136.4,pomegranate
101.6,62.1,74.0,31.5,71.9,6.6,579.0,muskmelon
60.4,65.2,101.7,29.4,68.6,7.24,854.1,watermelon
26.8,42.1,31.3,20.4,55.5,7.33,979.9,chickpea
67.2,35.8,64.4,32.0,67.2,6.36,1482.7,mango
42.5,51.1,31.9,35.1,76.5,6.89,941.5,blackgram
70.0,43.3,89.6,23.3,53.7,7.19,1043.7,pomegranate
128.8,42.4,113.6,23.6,78.0,6.91,2181.2,papaya
93.5,41.1,114.1,25.9,86.6,5.97,2977.7,coconut
72.4,44.2,104.1,35.7,87.8,6.64,1701.6,banana
28.0,54.4,31.1,16.8,54.2,6.46,901.9,chickpea
69.9,47.0,51.9,34.6,48.4,6.81,1477.8,mango
40.4,69.0,34.5,30.3,68.2,6.49,1030.9,blackgram
88.2,51.2,67.5,18.7,69.9,6.21,3072.6,coffee
131.1,48.2,108.0,27.4,92.0,6.56,1755.1,banana
148.5,68.0,86.8,33.7,59.0,6.85,1072.1,cotton
28.5,40.3,29.7,27.2,61.3,7.31,797.9,mungbean
73.6,53.0,101.1,26.2,74.1,6.6,2121.8,banana
74.1,50.2,68.3,27.2,62.7,6.01,1492.9,orange
49.9,29.8,67.2,33.2,51.1,6.63,858.5,grapes
34.4,49.2,30.7,21.9,44.1,6.53,652.4,lentil
96.7,44.1,49.0,15.7,61.0,6.55,724.5,wheat
27.6,16.1,29.4,38.2,42.6,7.31,376.0,mothbeans
40.9,41.7,47.6,26.9,68.3,7.33,1008.2,mungbean
23.8,38.0,42.8,22.7,54.9,6.97,710.4,chickpea
74.1,42.1,88.9,21.8,82.6,5.34,1831.2,coffee
42.6,44.8,42.1,27.4,73.1,7.18,1308.4,blackgram
88.9,42.1,47.9,31.3,63.9,6.5,1065.4,maize
115.8,65.1,43.9,35.9,84.0,6.21,2477.3,jute
88.0,56.3,60.0,29.6,72.9,5.72,2724.7,rice
131.3,47.1,72.3,29.5,80.6,6.72,2778.4,jute
67.6,65.9,115.0,20.9,63.4,6.69,703.3,muskmelon
83.1,63.8,88.2,26.1,61.9,6.3,844.3,watermelon
72.9,35.3,105.9,27.6,91.5,6.51,2268.0,coconut
33.0,40.1,32.9,12.6,63.4,6.68,735.9,lentil
54.9,27.3,52.3,36.5,70.5,6.52,2140.0,mango
72.5,55.8,63.6,25.6,59.6,5.74,1708.9,orange
76.3,39.3,39.6,22.3,66.6,6.7,914.6,wheat
65.4,47.1,81.5,31.7,79.4,6.66,2417.8,coconut
26.1,41.8,34.4,24.0,70.0,6.94,891.9,mungbean
54.0,42.5,33.3,16.4,64.4,7.25,1186.4,wheat
92.3,75.1,61.8,25.4,84.7,6.09,2913.6,rice
23.9,37.6,29.9,21.8,47.0,7.41,789.6,lentil
83.7,50.4,45.3,25.9,67.9,7.27,923.7,maize
104.6,54.9,38.7,18.4,67.4,6.66,745.5,wheat
71.9,56.2,56.8,26.4,71.5,6.27,1600.2,orange
29.1,42.8,30.2,22.5,50.3,7.34,760.4,chickpea
91.5,43.1,106.1,26.2,77.6,6.5,1651.4,papaya
52.6,41.6,68.5,16.4,77.1,6.25,1821.6,apple
70.6,53.6,92.8,29.5,61.2,7.03,750.5,watermelon
99.7,55.8,79.6,31.6,58.5,7.34,1132.6,cotton
74.3,33.4,65.8,36.6,57.9,6.32,2007.0,mango
88.2,35.4,35.5,20.2,76.7,6.72,868.4,wheat
75.8,48.4,92.5,30.1,62.8,6.26,682.3,watermelon
132.4,52.7,53.8,24.7,81.1,5.56,3433.2,rice
32.8,32.0,32.6,32.3,69.0,6.6,830.4,mungbean
33.8,40.4,34.7,28.0,69.8,5.44,1480.3,pigeonpeas
43.1,47.5,112.5,30.3,79.2,6.19,1620.0,coconut
65.0,59.2,92.4,27.6,58.2,6.6,533.0,muskmelon
17.7,24.7,32.7,30.4,38.2,6.48,509.6,mothbeans
63.2,27.4,78.2,29.8,57.5,6.6,1212.5,grapes
90.5,49.1,44.3,18.9,60.7,7.19,1139.8,wheat
78.7,49.5,56.8,23.1,60.2,6.48,912.1,maize
105.4,40.7,98.8,25.5,81.4,6.85,1987.3,papaya
118.7,57.8,79.4,31.9,71.8,6.55,2055.2,papaya
20.7,46.2,23.8,22.7,55.9,7.45,670.2,chickpea
98.9,50.1,42.4,27.7,80.4,6.17,2818.7,rice
61.5,51.7,93.0,26.2,58.6,6.7,674.6,watermelon
50.7,47.2,104.0,29.7,55.0,6.5,1131.5,grapes
80.8,47.4,38.8,22.1,68.5,6.54,1131.3,wheat
118.9,58.0,104.5,26.7,73.5,6.66,1909.5,papaya
113.8,63.4,62.5,31.7,88.9,6.57,2259.1,jute
28.8,29.4,29.4,27.0,41.3,7.24,527.1,mothbeans
42.6,52.2,25.9,22.0,51.3,6.18,800.0,chickpea
26.3,46.8,26.2,32.6,60.8,6.89,834.5,mungbean
68.9,31.0,91.5,32.4,87.3,6.98,2159.7,coconut
127.8,53.4,74.9,29.6,62.0,7.19,770.4,cotton
99.2,37.3,91.6,29.8,81.3,6.83,2170.1,banana
110.4,58.5,92.1,29.4,70.5,6.49,1942.1,papaya
71.8,61.5,101.8,26.6,68.0,6.74,671.9,watermelon
105.6,49.4,69.2,31.8,82.8,6.38,3104.1,rice
75.9,61.6,91.4,29.9,64.5,6.62,823.1,muskmelon
115.8,38.3,45.4,22.8,72.6,6.92,910.4,maize
81.2,44.9,54.2,22.6,84.6,6.22,2481.1,rice
58.9,23.9,107.1,30.1,86.7,6.05,3185.5,coconut
91.5,32.8,105.1,28.1,80.9,6.04,2008.3,coffee
111.0,55.0,103.9,31.4,80.5,6.33,1603.9,papaya
77.5,36.4,99.4,32.2,56.5,6.66,688.7,grapes
80.4,52.6,93.2,27.5,54.9,6.47,1142.5,cotton
16.5,33.9,31.9,30.3,51.3,7.34,625.3,mothbeans
91.4,66.9,99.2,24.1,81.4,6.61,2220.3,papaya
140.5,43.7,67.3,27.4,94.6,5.86,2905.4,rice
96.9,47.0,80.0,27.9,54.4,6.5,1202.1,cotton
72.5,38.0,90.5,29.6,56.7,7.23,1190.0,grapes
66.7,41.8,68.6,16.8,61.2,6.48,1844.4,apple
36.2,38.2,36.2,23.5,46.2,6.35,1219.0,pigeonpeas
26.5,44.0,37.3,23.1,43.2,7.18,723.1,chickpea
23.5,42.7,33.0,32.1,71.4,6.31,979.7,mungbean
50.5,27.7,120.6,27.8,88.5,6.6,2586.9,coconut
25.4,37.2,35.6,27.4,62.4,6.49,648.0,pigeonpeas
76.4,44.9,78.9,22.9,58.3,6.35,1324.1,pomegranate
108.4,54.5,88.4,29.2,66.1,6.82,817.2,muskmelon
108.2,49.0,50.6,24.1,84.0,6.89,1145.6,maize
100.1,52.5,100.8,29.5,81.0,6.28,1715.4,papaya
111.7,43.3,72.2,23.8,89.0,6.13,2537.9,rice
65.6,31.7,57.7,35.6,65.9,6.73,1578.4,mango
88.9,49.4,60.5,24.0,75.5,6.59,1209.3,maize
66.6,43.6,119.6,30.2,86.0,6.05,3018.2,coconut
68.9,30.8,75.8,25.5,66.3,7.12,732.7,grapes
107.7,46.7,60.6,25.5,82.6,6.21,946.0,maize
67.2,31.3,58.6,35.0,58.0,6.13,1356.1,mango
81.3,43.4,132.0,21.4,77.3,5.05,2687.1,coffee
101.3,53.5,35.0,17.9,65.5,6.6,1089.7,wheat
101.4,51.9,58.3,18.3,61.1,6.39,1021.7,maize
105.2,52.4,38.8,19.5,62.6,7.31,1102.3,wheat
52.3,34.8,126.1,31.9,82.6,6.31,2616.8,coconut
90.0,56.5,73.5,21.5,67.7,6.24,2092.8,orange
66.3,41.2,75.5,34.0,62.6,6.2,516.4,muskmelon
70.5,52.9,87.0,21.0,81.3,5.56,2606.2,coffee
31.7,45.3,31.5,24.2,57.5,6.93,766.7,chickpea
136.8,54.1,45.1,33.0,87.6,6.07,2855.2,jute
90.1,65.3,52.6,32.9,85.9,6.32,2561.9,rice
48.7,51.7,50.5,26.3,62.9,6.77,1411.7,orange
64.5,39.8,61.6,9.5,67.4,6.15,1669.1,apple
87.2,43.6,39.9,18.0,62.1,7.11,905.9,wheat
103.7,46.2,32.7,16.2,64.1,6.7,836.6,wheat
48.5,39.2,136.8,31.9,91.5,6.44,2563.7,coconut
33.9,33.0,24.7,28.6,37.7,6.56,491.7,mothbeans
27.1,46.5,34.8,26.4,55.4,6.87,863.3,pigeonpeas
71.6,37.1,37.1,25.8,56.9,5.88,1066.5,wheat
121.0,52.8,58.6,28.4,59.0,6.72,1058.3,maize
43.5,43.7,71.8,25.8,57.8,6.52,666.0,grapes
129.1,61.6,68.5,32.6,87.9,6.3,2656.1,jute
84.6,37.6,57.7,24.5,64.0,6.25,810.9,maize
50.9,39.2,91.9,27.2,67.0,6.11,2151.7,orange
108.7,62.7,46.3,22.9,72.9,6.19,1110.1,maize
124.6,57.3,49.0,29.1,81.3,6.05,2778.3,rice
111.7,50.4,57.3,30.5,91.5,6.85,2174.2,jute
71.1,50.5,76.3,20.8,70.1,6.16,2214.7,orange
26.7,32.1,24.0,30.4,40.2,7.11,391.3,mothbeans
33.6,30.2,32.8,22.5,45.7,6.92,752.4,lentil
126.9,55.3,89.3,33.5,55.0,6.89,938.6,cotton
24.2,49.4,42.5,24.2,67.3,6.52,715.4,mungbean
40.9,57.3,25.7,33.4,74.6,5.99,1206.8,blackgram
20.7,32.8,37.7,17.1,53.6,6.39,765.9,lentil
46.8,36.4,50.6,33.3,53.0,6.21,1653.9,mango
71.8,59.8,111.5,22.7,60.5,6.54,827.9,watermelon
76.4,48.3,105.8,15.2,73.6,5.12,2664.0,coffee
118.8,53.1,44.4,30.4,85.7,6.58,2377.0,rice
60.9,24.5,58.7,32.0,64.0,6.31,1946.6,mango
124.7,57.7,56.9,25.8,89.1,6.18,2827.4,rice
62.9,38.6,75.4,22.5,58.4,5.83,1425.5,apple
106.7,55.2,101.3,26.4,63.6,6.3,648.0,cotton
132.5,72.1,81.9,27.4,73.9,6.48,1989.0,papaya
109.9,47.8,107.3,27.7,92.9,6.4,2324.9,banana
99.5,45.5,22.7,13.8,63.6,6.76,1170.6,wheat
53.3,60.9,30.1,20.4,60.0,6.3,1126.4,kidneybeans
59.1,52.1,53.9,28.9,69.3,6.68,1301.9,orange
138.4,56.4,127.7,27.2,77.4,6.7,2103.6,banana
138.3,53.4,63.3,30.3,80.7,6.58,2811.7,jute
122.3,70.6,46.8,22.8,67.6,6.53,1044.3,maize
61.5,34.9,54.5,28.5,55.6,6.45,1628.3,mango
34.4,49.0,27.5,22.4,46.8,6.99,945.3,pigeonpeas
59.5,26.4,61.0,29.7,50.1,6.62,1558.3,mango
19.8,33.9,23.7,32.6,46.3,7.84,450.8,mothbeans
59.9,33.8,49.1,31.9,57.4,6.44,1643.3,mango
29.2,44.9,25.3,26.0,62.6,6.82,1146.1,pigeonpeas
23.8,59.0,39.7,21.6,62.9,6.97,1138.7,kidneybeans
50.2,48.2,68.4,17.2,76.9,6.28,1182.1,apple
77.0,60.2,92.3,30.1,69.4,6.59,2508.0,orange
32.3,45.8,33.3,20.8,53.5,7.51,935.6,chickpea
102.9,47.9,106.7,28.8,69.5,6.82,1920.1,banana
101.5,50.3,35.1,18.3,71.7,6.92,812.5,wheat
72.4,40.4,61.6,27.3,57.1,6.05,965.7,pomegranate
70.3,62.3,77.7,25.1,64.5,6.16,1973.0,orange
81.2,57.2,77.8,28.6,69.5,6.34,515.0,muskmelon
86.4,26.0,100.9,29.5,93.3,6.05,2694.4,coconut
60.7,38.4,95.2,24.1,50.4,6.7,1016.2,grapes
68.5,45.1,54.0,29.4,72.0,6.22,1575.4,orange
50.6,50.8,112.5,21.1,71.7,5.34,2216.7,coffee
27.4,44.2,38.8,15.1,63.1,6.87,770.6,lentil
70.8,57.8,109.2,28.5,64.3,6.58,792.3,watermelon
128.9,54.0,83.9,34.5,61.8,7.7,864.2,cotton
135.5,41.5,92.5,30.6,74.4,6.61,1388.8,papaya
79.3,46.4,93.4,22.1,75.4,5.21,2715.5,coffee
50.8,54.2,41.1,30.7,72.5,6.15,989.3,blackgram
111.3,49.9,91.1,28.3,72.3,6.9,1270.0,cotton
102.0,37.4,39.3,16.8,57.6,6.63,900.7,wheat
128.6,54.1,126.9,29.4,78.5,6.45,1812.0,banana
31.2,29.3,38.2,17.9,51.7,5.88,647.8,chickpea
85.5,53.9,97.2,21.1,80.0,5.44,3148.7,coffee
98.6,57.1,92.7,29.4,55.3,6.48,625.9,muskmelon
106.5,64.3,88.1,30.2,73.7,6.59,1840.9,papaya
103.1,43.1,91.0,26.4,78.3,6.72,2246.8,papaya
58.2,33.4,118.4,32.5,82.9,6.17,2494.4,coconut
60.0,38.2,67.8,27.6,66.3,6.09,1185.3,grapes
29.5,44.4,49.3,25.2,60.9,6.56,826.6,mungbean
108.6,44.6,80.7,35.5,84.0,6.75,2556.9,jute
112.3,45.0,104.3,23.2,85.6,6.49,2018.3,banana
89.0,29.5,108.0,23.6,57.2,6.77,1124.1,grapes
73.3,47.8,73.6,21.8,70.6,6.36,1441.4,orange
42.3,30.2,104.2,32.5,92.1,6.89,2903.6,coconut
85.5,50.2,90.1,23.1,71.3,6.73,568.6,watermelon
106.2,51.3,102.6,28.2,84.3,7.01,1669.8,banana
26.6,48.3,32.1,30.8,67.9,5.91,1226.9,blackgram
43.6,72.9,34.3,15.3,63.4,7.04,1260.5,kidneybeans
108.7,76.6,72.5,29.9,78.0,6.18,3248.7,rice
83.0,41.1,35.3,14.1,57.6,6.16,944.8,wheat
87.4,58.7,65.7,25.1,63.1,6.37,1609.5,orange
24.5,50.4,32.0,19.1,54.0,6.66,795.6,chickpea
109.9,63.1,78.0,28.3,62.3,6.73,1265.7,cotton
118.7,64.0,66.8,28.8,78.8,6.02,2688.1,rice
56.4,57.7,99.5,26.9,61.6,6.69,658.4,watermelon
105.4,56.2,85.1,26.6,62.0,7.1,1010.4,cotton
58.5,32.0,80.6,34.9,58.2,6.59,1142.6,grapes
92.6,52.6,85.1,27.7,71.8,7.15,1188.0,papaya
36.2,57.0,34.8,19.8,52.3,7.63,784.1,chickpea
112.7,57.2,126.6,31.2,73.6,6.65,2198.7,banana
38.4,38.5,44.2,12.1,51.0,6.35,418.0,lentil
41.1,40.4,28.5,32.2,55.9,7.15,853.2,mungbean
29.9,50.8,33.4,28.4,78.8,6.02,918.0,pigeonpeas
59.5,36.4,72.4,26.6,38.0,7.68,1298.4,pomegranate
124.6,64.1,70.2,31.8,55.9,7.08,1071.8,cotton
105.2,46.6,60.2,30.4,63.6,7.23,1029.3,maize
62.2,36.3,67.0,32.5,67.7,6.1,2181.2,mango
124.3,63.2,86.4,32.1,55.0,7.04,1263.1,cotton
28.8,38.4,32.6,32.3,56.9,6.9,919.7,pigeonpeas
67.3,34.1,48.4,31.8,45.8,6.9,2006.4,mango
89.0,50.8,42.0,14.5,56.6,7.43,1131.9,wheat
83.9,60.5,90.0,19.6,69.6,5.72,2126.1,coffee
15.3,42.3,32.9,32.9,57.8,6.12,1176.1,pigeonpeas
30.9,59.5,18.0,32.7,72.7,6.57,1708.1,pigeonpeas
62.1,50.5,68.6,31.4,69.0,5.69,1583.4,orange
63.2,35.1,56.8,30.5,57.5,6.42,1081.6,mango
97.6,43.6,56.4,26.7,86.5,5.52,2465.2,rice
28.4,43.5,36.4,15.1,50.4,6.21,657.0,lentil
63.9,65.1,96.3,29.0,68.8,6.24,622.3,muskmelon
56.0,22.8,62.7,17.0,70.9,7.14,1297.5,apple
24.0,48.0,39.3,17.2,54.2,6.58,324.1,lentil
67.5,44.9,44.3,29.3,68.5,6.33,1124.5,pomegranate
106.7,48.7,100.3,29.1,78.2,6.99,2755.6,papaya
26.4,34.4,33.1,12.5,39.8,6.73,524.6,lentil
125.0,52.0,86.9,35.4,67.8,7.78,1133.8,cotton
116.3,71.5,97.1,26.5,77.9,6.34,1690.2,banana
20.1,14.8,23.3,30.6,36.5,6.86,671.5,mothbeans
72.9,43.1,62.8,27.3,69.5,5.97,1872.7,orange
34.1,37.6,31.3,34.9,67.3,6.96,1021.4,blackgram
36.9,64.6,48.4,16.2,61.5,6.42,1159.6,kidneybeans
54.0,41.7,29.6,18.3,74.8,6.53,982.5,wheat
107.1,60.4,110.4,25.5,71.2,6.58,2519.0,papaya
149.7,65.0,75.6,28.1,86.6,6.37,2709.2,jute
102.2,51.3,85.9,32.4,77.7,6.83,1843.7,papaya
55.2,40.7,76.1,9.5,65.4,6.31,1773.3,apple
75.5,58.6,81.8,33.7,56.7,6.11,727.3,muskmelon
113.1,53.6,130.5,30.3,86.4,6.91,2371.2,banana
37.3,48.0,41.1,14.2,49.8,6.24,623.6,chickpea
41.5,62.1,50.0,20.9,66.0,6.31,1024.0,kidneybeans
19.0,34.5,23.3,25.6,49.4,7.3,401.0,mothbeans
37.0,47.4,23.4,14.2,43.3,7.73,688.4,chickpea
101.5,45.8,93.0,35.8,66.7,7.17,965.4,cotton
109.1,48.2,97.3,34.2,49.5,6.69,1026.1,cotton
88.2,59.4,42.5,23.2,73.3,5.68,1079.7,maize
30.2,45.1,18.0,22.9,55.0,6.13,1210.7,pigeonpeas
33.7,68.4,33.2,24.8,65.6,6.75,1170.4,kidneybeans
114.1,55.6,78.7,32.8,82.9,6.43,2424.1,jute
138.9,56.2,78.0,27.0,52.4,7.16,1502.8,cotton
26.9,38.3,39.7,11.4,52.1,7.16,536.5,lentil
21.1,31.4,40.7,13.6,61.6,6.79,714.2,lentil
91.7,51.4,84.2,33.6,80.9,6.39,1731.7,papaya
27.6,69.0,35.8,18.1,61.4,6.66,1084.9,kidneybeans
75.5,42.9,100.0,27.5,62.5,6.8,1010.2,grapes
107.6,49.4,51.9,22.7,61.9,6.68,1348.9,maize
27.5,43.0,34.1,26.3,69.1,6.88,1141.4,blackgram
60.4,30.7,41.2,36.8,53.1,6.16,1599.4,mango
29.0,63.3,42.7,21.4,66.4,6.46,1344.1,kidneybeans
74.8,47.3,112.8,31.9,78.9,6.64,2109.4,banana
61.3,53.0,74.0,27.7,78.8,6.31,1520.9,orange
90.8,53.5,87.6,26.8,80.5,6.18,2411.9,banana
73.9,53.1,70.8,21.4,64.1,6.15,1762.3,apple
75.0,36.7,88.7,22.5,64.6,5.88,865.9,grapes
77.0,48.9,91.3,25.8,61.9,6.98,822.8,watermelon
97.6,59.0,57.6,24.7,91.4,6.39,2548.1,rice
114.2,68.4,61.0,25.6,81.3,5.74,3145.6,rice
53.7,41.3,59.1,17.7,76.1,6.6,1612.4,apple
42.8,40.1,37.7,31.5,61.1,6.76,1106.5,blackgram
71.7,76.8,100.4,26.6,71.1,6.71,636.5,watermelon
143.4,68.8,65.7,32.3,80.9,5.91,2686.2,jute
51.2,37.5,91.6,37.5,62.6,7.28,631.8,grapes
27.6,19.1,19.9,28.6,41.2,6.32,720.2,mothbeans
9.0,29.2,19.8,30.7,30.1,7.13,539.1,mothbeans
105.8,54.8,112.8,29.2,81.6,7.05,1987.0,banana
28.0,33.4,38.6,23.1,58.7,6.87,712.8,chickpea
70.9,42.8,68.9,13.7,62.9,5.72,1678.8,apple
95.7,55.2,80.0,32.7,63.2,6.36,706.4,watermelon
73.5,31.0,63.9,18.0,55.9,6.23,1546.6,apple
94.7,50.0,99.6,23.6,80.3,5.2,3192.4,coffee
99.4,67.7,101.2,25.4,71.0,6.86,2272.1,papaya
115.2,47.0,84.3,30.0,60.9,6.67,1036.6,cotton
32.7,50.7,30.8,27.5,63.9,7.06,694.9,mungbean
22.7,19.7,28.9,31.4,39.8,6.49,380.4,mothbeans
105.9,47.6,35.1,28.0,79.6,6.51,1141.8,maize
78.8,37.5,72.1,26.2,51.0,6.15,986.5,grapes
36.8,39.1,43.1,31.3,63.4,7.12,935.9,mungbean
55.2,61.8,79.6,21.9,61.1,5.88,504.5,watermelon
72.1,35.5,84.0,24.2,52.8,6.45,871.0,grapes
93.9,53.8,137.8,29.1,77.5,6.24,2135.7,banana
24.1,29.7,19.7,30.7,41.8,7.31,711.0,mothbeans
76.3,52.5,114.4,28.5,61.7,7.11,378.0,muskmelon
85.2,50.0,62.2,29.1,89.0,6.35,2431.7,rice
116.2,57.5,50.1,29.1,84.1,6.0,2620.9,rice
79.2,55.0,71.6,30.0,62.8,7.46,1459.6,cotton
119.8,48.4,125.5,32.0,85.7,6.2,1443.9,banana
96.4,53.6,58.6,25.5,81.6,6.33,3185.1,rice
139.5,60.6,108.4,29.3,81.1,6.69,1644.2,banana
86.1,49.1,38.9,18.9,58.7,6.58,1399.2,wheat
29.7,40.7,30.5,20.8,49.6,6.64,786.1,lentil
41.6,48.3,40.5,18.6,62.5,6.84,1008.9,kidneybeans
92.7,55.3,38.5,19.4,54.9,6.02,941.9,wheat
101.0,50.9,122.8,28.6,81.3,7.15,2105.6,banana
107.5,46.7,103.5,30.6,78.2,6.27,1527.7,banana
111.9,61.4,66.3,30.8,86.6,7.09,2880.8,jute
26.1,27.0,22.0,28.9,37.3,6.98,528.1,mothbeans
60.7,46.6,70.5,36.1,63.7,6.78,972.6,grapes
35.6,55.6,39.4,30.6,67.3,6.62,808.1,mungbean
21.7,28.2,27.7,33.0,50.2,7.48,567.8,mothbeans
71.5,60.6,99.2,20.6,77.7,5.55,2308.7,coffee
47.8,35.0,72.9,33.4,52.0,6.35,1859.2,mango
74.5,52.7,24.0,13.4,64.1,6.78,679.5,wheat
109.1,51.2,58.2,27.5,53.5,7.14,1145.5,cotton
22.6,52.3,41.6,28.1,71.1,6.87,975.1,blackgram
30.4,44.1,31.2,17.0,51.2,6.42,592.3,lentil
64.7,33.0,62.5,32.2,66.1,7.07,1140.7,mango
83.3,60.5,85.9,21.9,67.5,6.88,1738.0,orange
68.3,23.3,61.1,34.4,61.6,6.0,1477.3,mango
65.2,46.1,104.8,23.5,73.7,5.31,2194.1,coffee
83.6,47.2,84.3,20.5,63.6,5.85,2388.5,coffee
101.8,50.3,87.2,27.2,65.5,6.81,739.5,watermelon
51.8,26.7,74.7,29.8,70.4,7.12,1859.0,mango
87.4,46.9,81.8,24.1,60.9,6.46,713.5,muskmelon
102.5,56.3,87.1,37.8,63.1,7.91,985.6,cotton
67.5,44.9,94.1,25.6,84.0,5.54,2831.6,coffee
30.3,34.6,38.0,28.8,72.8,7.05,760.6,mungbean
57.7,45.0,100.6,26.1,69.7,6.44,1047.0,grapes
23.8,20.0,18.8,30.5,37.4,7.81,568.0,mothbeans
23.7,31.8,38.1,20.9,75.4,6.22,964.3,mungbean
26.8,56.6,25.8,29.3,55.7,6.58,805.4,mungbean
125.8,60.6,57.2,34.9,84.0,6.5,2898.7,jute
33.2,63.4,53.9,20.2,61.5,6.82,1280.4,kidneybeans
20.5,45.7,33.1,27.0,73.5,6.05,729.7,mungbean
93.1,42.0,36.8,19.6,66.9,6.2,936.3,maize
75.1,57.4,70.4,29.3,85.9,6.03,3009.3,rice
66.3,34.8,129.3,29.3,89.4,6.18,2772.7,coconut
67.5,24.1,84.1,29.3,84.6,6.11,2853.8,coconut
82.9,52.9,69.9,24.5,63.7,6.39,1740.0,orange
30.9,37.7,43.4,35.8,63.2,5.39,1122.5,pigeonpeas
26.5,51.7,27.4,35.6,71.5,6.75,801.7,mungbean
22.9,55.1,45.5,25.0,77.7,7.0,988.2,mungbean
45.5,33.5,31.5,23.2,63.1,6.31,1224.8,pigeonpeas
35.5,68.5,43.9,21.3,63.8,6.38,1181.4,kidneybeans
58.3,38.0,88.4,17.1,52.1,6.08,1100.9,grapes
29.6,50.9,33.8,19.6,53.8,7.27,596.3,lentil
28.3,41.4,32.6,21.6,47.8,6.52,676.2,lentil
77.2,36.8,93.8,26.1,48.2,6.96,1043.8,grapes
47.8,53.1,102.8,20.9,48.6,6.74,1101.9,grapes
54.3,43.5,161.0,30.8,81.8,6.38,2460.5,coconut
23.8,41.3,32.6,16.5,62.6,6.86,637.0,lentil
112.4,52.2,50.4,28.3,63.4,6.27,1104.1,maize
83.5,48.2,60.7,28.7,75.4,6.95,1446.6,orange
43.4,32.4,23.3,19.4,57.1,6.82,997.6,pigeonpeas
18.0,59.6,49.6,18.6,68.3,6.48,1225.0,kidneybeans
23.7,25.3,47.1,19.1,43.9,7.12,491.9,lentil
106.2,57.7,64.7,24.5,82.7,5.96,3073.0,rice
35.5,47.9,30.2,30.7,68.9,6.38,939.6,pigeonpeas
21.2,50.3,33.0,21.3,68.2,6.52,493.0,lentil
27.8,42.7,31.6,16.1,42.8,6.86,790.4,lentil
59.5,51.3,78.4,20.9,73.0,5.62,2913.3,coffee
96.4,41.9,55.0,14.8,59.8,6.62,1250.0,wheat
26.9,49.2,26.7,30.6,70.6,6.46,1638.1,pigeonpeas
95.1,51.8,46.0,21.6,62.4,6.43,1370.3,wheat
110.4,52.1,103.7,27.0,81.4,6.57,1793.7,banana
65.6,65.6,84.1,31.5,62.3,6.62,543.3,muskmelon
76.5,50.0,30.9,15.3,61.4,6.62,875.2,wheat
103.8,57.9,115.4,26.4,73.2,6.04,1468.7,papaya
123.4,48.6,54.3,27.6,71.1,6.27,1068.3,maize
80.4,51.7,86.9,22.1,73.5,7.04,1410.1,orange
74.8,54.3,101.5,26.6,73.6,6.09,2313.2,coffee
36.0,35.9,74.6,11.8,64.2,6.36,1760.8,apple
73.7,31.1,77.7,36.4,56.4,6.87,1061.9,grapes
69.2,40.3,123.6,32.0,90.3,6.54,2005.3,coconut
79.3,31.9,82.9,36.8,87.2,6.89,2568.4,coconut
44.7,20.1,62.3,26.2,63.7,6.61,1698.6,mango
62.6,43.2,113.3,21.9,71.5,5.45,2362.5,coffee
94.4,57.1,78.6,26.3,74.6,6.63,2346.4,papaya
106.2,46.3,108.9,25.2,72.6,6.5,1699.4,papaya
41.0,34.0,28.0,22.2,60.4,6.88,1156.0,pigeonpeas
24.3,33.1,23.2,27.7,31.9,7.45,424.0,mothbeans
61.8,46.8,114.6,31.2,82.5,6.86,2786.0,coconut
117.3,56.9,88.1,28.8,60.3,7.27,1042.9,cotton
79.1,66.7,108.7,27.2,62.7,6.28,586.2,muskmelon
104.9,32.4,121.0,34.1,88.0,6.15,1296.0,banana
97.5,39.6,60.3,27.8,81.0,5.75,3211.9,rice
63.6,42.9,111.5,28.8,55.0,6.89,621.3,watermelon
77.4,48.7,40.1,17.0,61.6,6.93,1034.8,wheat
79.8,45.1,91.6,26.2,65.7,5.96,1882.7,orange
116.6,67.5,61.6,34.0,81.9,6.35,2561.5,jute
60.3,42.5,105.0,20.2,79.7,5.55,2538.1,coffee
60.6,47.2,105.5,32.5,67.5,6.77,937.9,watermelon
45.3,36.6,70.9,35.1,62.5,6.61,1706.6,mango
49.3,22.8,60.9,20.4,63.3,6.3,2125.8,apple
128.2,64.3,51.8,29.9,68.1,6.65,797.0,maize
22.3,43.4,32.3,32.2,52.8,5.69,663.7,pigeonpeas
98.4,52.5,112.0,15.2,84.9,5.27,2994.2,coffee
41.5,36.3,111.3,29.1,57.6,6.39,782.3,grapes
74.2,51.9,77.5,27.3,59.2,6.78,577.9,muskmelon
74.3,36.2,74.7,21.3,58.8,7.01,1444.3,pomegranate
96.0,54.1,67.7,22.2,66.4,7.24,967.0,maize
63.8,34.4,148.4,34.2,85.1,6.37,3413.6,coconut
69.7,38.0,71.9,32.7,42.2,6.84,977.3,pomegranate
39.1,53.3,28.2,28.1,68.9,7.11,986.4,mungbean
27.6,43.6,49.5,15.2,43.1,6.71,925.3,lentil
41.0,46.0,31.8,26.4,63.4,6.6,1386.4,pigeonpeas
114.2,56.8,40.8,20.9,94.3,5.97,2748.8,rice
79.9,50.4,107.2,22.8,47.7,6.67,929.0,grapes
114.3,57.9,69.3,29.3,57.4,6.77,1146.1,cotton
92.3,50.4,93.3,26.0,73.2,5.98,2393.8,coffee
52.9,38.6,50.8,15.2,74.1,6.15,1623.0,apple
55.6,31.4,111.1,27.3,76.9,5.53,1820.5,coconut
72.7,35.4,62.2,27.9,55.3,7.43,1320.6,pomegranate
58.9,40.4,95.7,33.1,49.0,6.99,1330.6,grapes
70.5,34.6,74.7,16.0,70.1,6.35,1668.1,apple
41.8,50.4,30.8,26.1,69.0,6.54,1207.3,pigeonpeas
55.4,49.4,107.6,30.5,78.5,6.98,2379.2,coconut
96.7,48.4,84.1,35.9,68.1,7.52,1201.8,cotton
94.5,41.1,96.7,29.9,76.1,6.66,1903.3,papaya
23.3,63.1,27.7,20.2,49.8,7.2,566.2,chickpea
117.9,53.9,83.4,28.9,79.0,7.04,1845.1,papaya
54.0,47.6,45.5,18.9,64.4,6.95,1150.6,wheat
27.3,30.3,31.6,18.4,46.3,6.67,753.7,lentil
24.8,42.5,20.0,32.9,39.7,7.37,521.9,mothbeans
26.2,36.3,38.4,27.8,66.3,6.68,1004.5,mungbean
67.1,30.6,63.2,25.7,56.8,6.37,1905.0,mango
103.7,42.5,35.1,20.9,67.4,6.79,857.3,wheat
100.7,60.7,111.5,23.4,57.9,6.12,440.9,muskmelon
57.6,37.5,69.9,14.6,67.1,6.18,1448.5,apple
98.7,67.5,96.9,26.7,81.1,6.21,1726.3,papaya
56.4,36.4,46.9,33.4,64.9,6.87,1413.9,mango
105.1,50.9,54.6,17.1,58.3,6.34,1358.9,wheat
77.7,58.3,99.7,23.0,69.4,6.45,826.2,watermelon
57.9,47.4,77.5,25.4,68.0,6.49,1529.5,orange
122.6,55.3,62.3,32.6,87.1,6.35,3172.9,jute
98.3,48.2,46.1,23.7,61.1,6.43,730.7,wheat
13.5,33.2,24.2,27.7,59.4,6.59,1094.6,pigeonpeas
120.4,55.0,117.4,28.1,71.0,6.98,2082.0,banana
37.3,57.8,55.8,25.9,66.5,6.54,1152.9,kidneybeans
113.6,41.6,81.3,29.4,82.0,6.11,2411.7,banana
32.3,36.2,36.0,16.8,52.3,7.44,752.3,chickpea
33.4,61.2,42.1,17.9,61.1,6.77,1417.2,kidneybeans
87.4,45.3,100.0,26.6,75.4,6.57,1881.2,banana
102.5,59.0,93.9,30.7,62.7,6.3,665.6,muskmelon
55.8,66.8,84.8,24.8,76.7,5.79,1681.9,orange
67.6,24.0,56.7,12.8,59.7,6.24,1692.7,apple
30.1,50.7,32.4,29.2,58.8,5.92,1131.4,pigeonpeas
51.5,36.2,111.2,32.8,88.7,6.93,2642.9,coconut
58.2,34.3,60.7,31.9,64.0,6.38,1099.6,mango
38.2,68.8,54.3,19.2,60.5,6.59,1313.1,kidneybeans
101.2,54.2,48.1,26.1,85.7,6.23,2112.2,rice
71.8,49.4,106.2,22.2,82.4,5.7,3084.8,coffee
103.8,47.2,72.9,25.9,90.4,6.24,2651.6,rice
98.9,38.7,50.8,27.2,70.2,6.42,779.0,maize
92.4,52.8,120.8,26.2,81.7,6.11,1555.6,banana
53.2,56.8,100.7,26.1,56.1,6.33,2108.4,orange
111.2,60.2,59.4,29.3,81.4,6.4,2190.5,rice
60.4,40.1,80.1,30.3,58.7,6.96,1525.4,mango
80.2,42.1,114.0,28.8,67.1,6.92,630.7,muskmelon
64.8,35.2,52.7,30.7,46.9,7.3,1302.0,pomegranate
98.9,41.3,93.5,26.1,72.2,6.58,1202.1,papaya
124.9,45.4,115.7,28.1,76.2,6.58,1919.3,banana
64.3,31.5,63.5,39.2,60.5,6.66,1395.3,mango
34.6,43.9,46.0,29.4,68.7,6.86,1245.1,blackgram
66.6,43.9,63.6,23.7,43.6,7.0,1325.1,pomegranate
33.5,59.6,46.4,29.2,76.6,6.51,1067.1,blackgram
82.6,32.9,99.6,31.7,54.0,7.01,1452.0,grapes
70.5,64.3,102.6,29.2,62.3,6.4,642.9,watermelon
32.2,42.9,37.5,19.1,61.5,6.1,623.1,chickpea
110.3,47.7,56.5,34.5,76.3,5.7,2350.9,jute
31.1,54.2,36.8,22.5,68.1,6.35,1004.0,kidneybeans
67.6,41.7,72.8,25.1,70.2,7.14,1789.4,orange
55.6,22.3,94.8,24.1,86.5,6.28,2311.4,coconut
37.1,59.8,32.3,31.8,70.0,6.7,996.5,blackgram
36.2,56.7,35.8,20.5,52.7,6.31,868.7,chickpea
32.8,41.8,18.0,16.5,44.1,6.94,529.7,lentil
37.0,53.5,42.6,19.2,54.6,6.77,515.5,lentil
69.0,52.5,74.6,34.9,66.0,6.35,692.6,watermelon
22.7,30.0,29.2,31.2,42.6,7.33,620.6,mothbeans
99.9,54.9,65.5,25.5,71.2,6.67,1890.0,rice
33.1,60.2,38.2,28.2,61.8,5.98,965.6,blackgram
38.5,53.4,42.9,25.5,77.8,7.34,1153.7,blackgram
63.9,49.1,71.7,27.0,51.3,7.19,1117.3,pomegranate
80.4,63.8,102.8,31.7,56.5,6.19,624.7,muskmelon
98.9,42.3,64.1,30.1,70.0,6.57,2102.3,papaya
94.4,51.3,94.6,25.1,80.5,6.67,2150.5,papaya
129.4,52.3,79.6,26.5,52.7,6.75,868.7,cotton
124.2,66.3,81.2,33.4,53.3,6.62,1010.9,cotton
75.7,31.4,106.2,30.5,88.6,6.95,2378.0,coconut
63.5,41.3,54.8,33.2,61.6,6.46,1903.3,mango
78.0,55.7,132.4,31.6,82.9,6.3,2419.6,banana
97.1,45.8,36.6,20.0,54.3,6.95,898.8,wheat
103.4,68.1,102.9,27.0,77.2,6.43,1951.9,banana
61.7,61.5,76.8,27.9,66.3,6.9,653.9,muskmelon
21.5,38.2,26.6,15.3,41.4,6.46,394.3,lentil
21.8,58.0,40.5,27.4,59.3,5.44,873.2,pigeonpeas
68.2,39.3,67.0,37.3,61.6,6.64,2192.9,mango
116.7,59.7,98.2,28.3,75.9,6.49,1966.8,papaya
47.7,41.2,61.1,23.0,65.5,7.75,1463.4,pomegranate
88.7,40.9,92.8,23.4,86.5,5.16,2825.0,coffee
99.8,56.2,76.5,23.3,77.6,6.11,1842.4,rice
35.2,43.8,42.0,20.4,60.4,7.32,719.1,chickpea
25.3,27.0,26.7,27.7,49.5,6.29,622.8,chickpea
70.6,42.9,76.1,34.2,51.7,6.39,1170.2,mango
46.3,29.7,76.8,30.7,66.9,6.55,1743.2,mango
86.3,52.9,66.8,21.4,67.5,6.05,2508.0,orange
57.3,38.7,61.5,16.9,67.7,6.74,1696.3,apple
116.7,61.9,68.2,27.5,61.7,6.4,1361.1,maize
35.6,38.4,18.0,23.0,64.3,6.58,1140.4,pigeonpeas
114.1,58.5,77.0,23.0,66.3,6.0,1204.4,maize
93.7,63.6,79.1,31.6,50.4,6.72,1105.9,cotton
62.6,41.8,66.4,30.4,52.1,6.8,1181.8,pomegranate
48.5,47.9,83.5,22.2,68.0,6.48,1241.2,grapes
59.9,48.1,73.0,18.0,64.4,5.68,1080.0,apple
68.5,34.4,56.8,27.7,66.3,6.43,1355.0,mango
101.5,61.5,65.2,38.9,87.5,5.78,2810.5,jute
54.1,44.0,97.9,25.2,82.2,5.95,1753.0,coconut
51.9,35.1,72.4,26.1,74.7,6.22,1633.1,orange
55.3,38.0,73.1,33.5,62.9,6.26,1181.0,pomegranate
61.6,39.1,94.3,30.0,56.9,7.23,723.8,grapes
123.2,56.1,76.6,37.1,60.5,6.59,1060.1,cotton
51.5,18.0,55.0,31.4,60.3,6.53,2259.0,mango
108.6,46.0,126.9,28.6,85.7,6.28,2175.0,banana
32.3,31.7,29.5,15.3,54.2,6.51,986.6,chickpea
104.1,59.1,85.3,37.3,68.4,7.76,1298.0,cotton
107.8,39.7,57.4,27.7,78.8,6.17,2536.8,rice
101.6,50.7,47.5,25.5,64.1,6.49,817.2,maize
130.2,65.7,51.8,34.9,81.4,6.84,3263.2,jute
51.5,35.0,116.3,34.3,88.4,5.79,2537.5,coconut
111.3,60.3,145.0,25.5,80.5,6.83,1789.0,banana
80.4,64.3,106.4,28.2,54.8,6.53,757.2,muskmelon
106.8,64.3,54.7,39.1,83.1,6.67,2889.2,jute
79.9,58.2,86.7,29.4,73.0,5.18,3140.9,coffee
58.7,52.0,38.0,18.3,60.6,7.65,936.6,wheat
127.8,54.9,66.5,34.3,84.1,6.86,2799.6,jute
128.0,46.5,50.6,29.0,70.6,6.2,963.2,maize
55.0,44.9,110.6,22.8,79.1,6.83,2300.1,coconut
68.7,47.8,58.4,19.6,54.4,6.9,2038.6,apple
40.7,47.7,36.1,14.3,62.2,7.38,769.5,chickpea
15.0,28.3,22.9,30.8,43.3,6.61,554.5,mothbeans
91.9,54.5,95.2,33.6,69.1,6.76,1978.2,papaya
86.7,41.0,50.3,26.6,80.4,6.12,1740.6,rice
51.2,38.4,71.1,20.4,60.9,6.99,1404.4,orange
57.8,34.4,82.1,26.1,63.4,6.94,996.4,pomegranate
132.1,40.8,112.8,26.4,72.8,5.8,2193.8,banana
35.3,53.1,39.8,30.8,73.5,7.57,974.8,blackgram
70.8,64.4,84.5,32.6,60.7,6.32,750.1,muskmelon
93.7,44.8,52.8,26.5,62.5,6.57,923.7,maize
98.1,63.8,72.0,31.1,86.5,6.35,2494.7,rice
84.2,37.5,67.7,28.7,64.9,6.6,1621.8,orange
68.6,46.8,84.1,22.0,49.9,6.89,1364.9,grapes
50.7,39.6,50.9,37.9,48.2,6.93,1644.1,mango
79.9,53.5,105.1,21.0,72.8,5.39,3304.3,coffee
87.6,40.0,118.4,25.1,71.2,6.55,698.7,watermelon
76.2,48.1,100.4,18.2,84.9,5.15,2660.4,coffee
115.6,39.9,39.6,18.8,74.0,6.89,953.6,wheat
37.2,69.3,50.1,21.6,67.1,6.45,1314.5,kidneybeans
110.0,43.8,111.2,28.6,70.5,6.31,841.4,muskmelon
134.7,59.0,77.6,32.6,93.9,6.76,2505.4,jute
89.0,49.9,99.6,30.3,84.0,6.96,2194.1,banana
99.1,54.7,44.7,30.9,72.0,6.02,1167.6,maize
101.3,51.8,51.5,25.5,71.6,7.11,1393.7,maize
40.1,76.3,51.4,21.6,70.9,7.17,983.7,kidneybeans
77.6,26.3,60.2,32.8,73.1,6.78,920.5,mango
121.2,61.8,87.1,36.6,49.2,6.59,1306.8,cotton
105.5,56.0,86.8,36.3,69.5,6.83,1286.7,cotton
87.6,41.9,77.0,31.0,57.9,7.07,881.1,grapes
30.4,67.3,50.9,19.9,66.5,6.86,1040.0,kidneybeans
46.3,41.7,76.0,31.5,47.1,7.23,594.0,pomegranate
66.5,47.8,70.3,23.7,64.7,6.57,1576.3,orange
23.6,45.4,34.7,28.2,63.8,6.7,1520.1,pigeonpeas
30.1,51.8,33.0,32.0,69.4,6.69,598.7,mungbean
30.9,44.6,53.3,20.9,75.8,7.0,1354.3,kidneybeans
75.5,41.7,115.0,33.4,61.8,6.92,670.1,watermelon
91.2,54.1,74.8,22.7,75.8,5.32,2255.5,coffee
79.1,38.7,45.3,19.0,53.8,7.05,1124.0,wheat
97.6,55.3,63.4,33.5,80.5,6.42,3027.5,jute
70.2,38.2,70.8,24.5,48.7,7.28,1030.5,pomegranate
101.7,35.0,31.6,18.8,59.3,6.88,855.4,wheat
73.9,34.0,73.0,13.0,81.9,6.69,1645.1,apple
151.0,53.1,54.7,33.4,82.5,6.63,2510.1,jute
110.1,44.2,76.9,26.3,75.9,6.15,3199.1,rice
81.0,38.6,102.9,26.3,64.1,6.36,974.9,grapes
38.8,30.4,27.5,14.1,37.5,6.55,1008.3,lentil
58.3,32.2,64.7,28.8,47.2,7.3,1702.8,pomegranate
82.1,54.7,101.6,25.9,66.9,6.93,759.1,watermelon
64.8,43.7,63.2,22.1,57.2,7.1,738.9,pomegranate
21.8,43.9,35.4,19.3,48.4,6.99,860.1,lentil
102.9,70.8,68.9,30.0,80.1,6.2,2371.8,jute
37.9,40.1,25.1,18.1,53.7,6.74,735.1,chickpea
28.5,58.4,29.7,22.5,52.9,6.63,1299.4,pigeonpeas
76.3,46.3,59.2,28.4,59.6,5.88,1128.5,pomegranate
68.2,37.6,60.3,30.0,53.3,6.94,737.6,pomegranate
96.4,56.9,50.3,30.6,78.0,6.01,3136.6,rice
50.1,41.9,96.6,20.7,67.0,5.85,1921.2,coffee
64.0,40.8,66.3,13.6,72.4,6.72,1736.1,apple
101.9,50.9,94.2,20.9,67.4,7.35,1399.9,cotton
26.8,45.3,37.2,28.9,80.5,6.77,1062.5,blackgram
53.3,43.6,103.8,29.2,85.6,6.73,2451.1,coconut
30.7,50.6,42.4,20.7,73.9,5.72,1181.9,pigeonpeas
20.5,60.8,48.4,19.0,71.0,6.91,1126.7,kidneybeans
77.7,61.3,116.9,30.2,75.0,6.52,2147.4,papaya
72.4,59.6,106.2,21.5,76.1,6.03,1961.4,coffee
93.2,60.6,43.6,24.0,70.0,6.9,1346.7,maize
33.4,22.1,30.3,32.3,41.4,6.89,459.8,mothbeans
61.0,50.4,80.9,38.1,51.2,7.34,863.2,pomegranate
113.5,68.3,59.6,27.0,83.3,6.28,2573.1,rice
23.4,32.9,39.7,22.7,58.4,6.96,553.5,lentil
80.9,54.7,104.6,25.1,85.7,5.61,2768.3,coffee
73.4,54.6,68.0,28.0,59.8,6.48,629.2,muskmelon
98.8,43.5,55.4,25.6,76.4,6.91,1047.0,maize
26.0,52.1,43.0,25.3,48.6,6.44,1043.8,pigeonpeas
121.1,59.9,44.3,26.8,60.8,6.6,871.6,maize
104.2,54.6,85.4,29.5,52.5,7.15,888.8,cotton
100.0,43.8,61.3,26.3,48.7,7.19,1156.7,cotton
109.7,43.2,98.8,26.9,77.4,6.79,1769.5,banana
97.1,47.1,126.2,33.2,88.3,6.16,2078.0,banana
39.4,44.2,36.6,18.4,57.1,7.57,830.9,chickpea
80.7,48.6,85.4,21.8,60.4,6.5,1438.8,orange
44.4,77.1,49.8,18.7,55.1,6.39,1209.3,kidneybeans
63.4,39.0,55.6,29.4,62.5,6.68,795.3,grapes
77.1,42.8,75.8,25.5,49.0,7.76,1153.9,pomegranate
95.7,54.9,67.1,31.4,53.0,6.71,1161.8,grapes
69.7,60.5,119.0,25.5,73.3,6.38,2188.2,papaya
107.4,31.5,101.5,29.3,76.0,6.65,2069.8,banana
114.2,56.0,77.4,30.7,60.6,6.64,918.1,cotton
35.1,39.9,31.3,24.8,54.7,6.41,822.1,chickpea
25.7,52.9,45.8,18.3,63.6,6.43,1173.0,kidneybeans
64.2,39.5,62.6,29.6,61.8,6.26,1408.2,mango
80.3,57.0,78.6,22.7,62.8,5.95,1803.7,orange
45.8,57.9,35.4,30.3,76.0,7.4,1230.8,blackgram
70.7,45.5,91.2,27.8,62.5,6.4,972.7,grapes
108.2,55.8,126.0,27.3,81.7,6.62,2396.1,banana
38.2,78.2,45.9,21.6,72.5,5.96,1154.2,kidneybeans
40.7,52.6,39.3,26.4,61.3,6.98,1317.0,kidneybeans
23.4,45.6,41.7,11.8,41.8,6.78,578.2,lentil
17.9,45.7,42.2,27.4,48.8,7.03,710.2,chickpea
52.7,59.6,98.3,22.2,65.1,6.46,651.9,muskmelon
100.3,55.7,60.9,27.1,97.0,6.06,3081.4,rice
33.1,51.8,39.1,29.6,68.2,6.76,950.0,pigeonpeas
42.9,38.8,67.9,18.1,64.3,6.79,1641.7,apple
39.4,53.0,44.0,21.6,67.8,6.5,849.4,kidneybeans
117.7,40.0,88.3,28.3,80.9,6.3,2309.0,banana
90.2,47.0,53.2,25.6,74.7,6.8,1152.7,maize
90.1,49.4,84.0,25.6,76.0,6.23,1873.4,papaya
22.9,49.2,30.5,31.6,70.3,6.67,1123.1,blackgram
42.7,22.5,69.2,35.2,43.3,6.87,947.4,pomegranate
33.2,41.7,40.4,26.2,47.4,7.13,863.8,chickpea
103.3,53.3,95.6,21.1,65.9,7.16,824.4,cotton
109.8,53.0,77.7,27.7,50.6,6.78,1178.2,cotton
59.9,43.3,70.1,19.6,59.7,6.86,1689.6,apple
83.9,54.2,99.9,26.2,58.6,6.69,1505.4,cotton
58.3,35.0,72.2,16.9,66.8,6.12,1549.6,apple
112.2,61.8,85.4,28.2,72.4,6.49,1137.7,cotton
111.5,60.3,80.7,32.7,59.1,6.34,1198.1,cotton
61.4,39.5,118.9,34.0,85.1,5.85,1802.1,coconut
139.2,74.1,70.6,30.5,85.7,5.97,2747.3,rice
103.8,50.5,55.8,26.7,67.9,6.42,1014.9,maize
87.6,43.4,52.8,26.3,64.7,6.63,1435.9,maize
63.9,43.8,63.4,20.3,70.2,6.4,1505.9,apple
95.5,54.3,37.4,22.0,62.8,6.9,1240.0,maize
83.1,50.3,77.8,25.5,78.6,5.49,2685.4,coffee
63.6,35.1,95.6,30.3,53.8,6.35,1288.9,grapes
92.5,48.2,47.7,18.8,69.3,6.1,994.4,maize
70.6,31.8,109.0,25.3,86.9,6.51,2233.2,coconut
89.0,46.8,79.0,22.3,74.4,5.68,1963.3,orange
33.4,33.3,36.2,14.4,52.9,7.07,707.6,lentil
105.5,39.2,99.5,33.0,83.7,6.56,1891.1,papaya
94.6,60.8,95.2,33.8,75.0,6.62,2135.1,papaya
99.5,49.6,91.5,33.7,79.1,6.68,2094.7,papaya
118.1,61.3,137.7,29.8,84.4,6.95,2074.5,banana
100.0,57.9,75.5,32.3,76.1,6.48,2954.1,jute
81.9,42.6,82.8,24.0,66.7,6.25,1934.6,orange
67.2,38.1,101.4,26.1,87.0,6.42,3194.8,coconut
52.3,33.3,86.2,24.6,58.5,6.14,1160.1,grapes
23.3,48.5,42.9,28.8,63.8,7.07,769.0,mungbean
98.9,50.5,70.2,25.6,92.1,6.07,3254.5,rice
56.3,49.7,102.5,32.3,58.5,6.57,526.8,muskmelon
31.3,70.6,43.8,24.0,64.2,6.62,1066.3,kidneybeans
50.7,34.5,74.1,26.0,57.0,7.09,711.8,grapes
112.2,58.0,73.8,32.0,64.1,6.33,1338.6,cotton
100.0,51.1,52.0,16.8,53.7,5.93,994.7,wheat
72.9,43.8,62.6,24.5,64.7,6.38,1415.2,orange
26.0,36.4,40.8,25.0,62.2,6.85,1172.8,blackgram
61.6,48.2,83.2,25.6,64.9,6.32,2114.3,coffee
123.1,45.3,63.2,31.6,76.0,6.27,2686.4,jute
102.2,51.5,81.4,31.9,62.2,6.8,948.6,cotton
106.9,43.9,30.4,22.7,63.3,6.49,897.7,wheat
106.2,36.1,114.3,33.2,86.1,6.16,2075.5,banana
98.0,36.0,48.6,23.7,89.2,6.04,2624.3,rice
66.3,38.9,65.2,27.4,51.1,6.46,1336.6,pomegranate
73.5,29.2,67.3,33.7,56.9,6.62,1314.8,mango
136.1,53.2,101.4,27.3,71.1,6.17,2117.6,papaya
102.3,41.1,106.2,31.0,71.0,6.55,848.1,watermelon
119.2,55.0,50.4,24.3,92.4,6.13,2871.1,rice
100.5,40.3,63.3,28.1,87.8,6.38,2017.6,rice
74.6,54.0,90.9,20.9,73.3,5.36,2760.3,coffee
38.6,46.2,39.1,27.9,66.6,6.0,1099.1,pigeonpeas
21.3,27.0,26.2,30.7,49.3,6.17,493.2,mothbeans
64.9,38.1,64.4,36.5,66.2,5.89,1226.1,mango
111.7,67.3,80.1,32.8,64.4,6.67,852.4,cotton
13.7,52.9,32.1,30.7,58.1,6.82,814.0,pigeonpeas
96.9,44.9,71.0,36.0,48.5,6.39,1136.7,cotton
111.4,44.2,38.8,19.3,58.9,6.67,829.5,wheat
66.5,51.2,60.6,24.1,77.2,6.44,1850.4,orange
80.4,48.2,80.3,26.4,54.0,6.73,772.3,muskmelon
106.9,55.2,98.4,27.6,76.3,6.25,1615.7,papaya
43.8,58.0,29.9,24.4,56.6,7.33,856.5,chickpea
65.5,38.0,75.1,24.2,51.8,6.67,912.5,grapes
67.2,37.7,100.1,29.5,92.3,6.08,2177.9,coconut
25.5,14.9,28.3,29.4,44.3,6.69,564.9,mothbeans
43.4,40.7,38.2,34.6,58.9,6.13,1375.2,pigeonpeas
108.3,48.7,71.7,30.7,54.1,7.47,1041.0,cotton
93.0,50.9,111.0,28.4,78.4,6.55,1895.4,banana
91.0,47.6,82.7,31.5,64.2,6.48,587.6,muskmelon
77.0,48.8,93.8,30.5,68.5,6.72,522.6,muskmelon
23.9,48.9,29.0,29.8,57.0,7.12,972.8,pigeonpeas
115.5,53.9,48.8,24.0,66.7,6.46,1112.8,maize
67.8,49.1,74.2,30.2,54.7,6.95,2330.6,mango
130.5,57.8,64.7,37.0,82.3,6.94,2928.5,jute
58.5,38.3,71.0,22.7,65.5,6.93,1274.1,grapes
77.7,20.1,69.4,34.1,65.2,6.8,2455.2,mango
50.0,28.6,66.6,17.5,70.8,6.24,1664.5,apple
63.0,43.3,61.5,20.5,60.0,6.11,1475.5,apple
108.7,45.3,38.3,20.6,61.5,6.02,1014.7,wheat
71.0,41.4,74.1,25.5,68.0,7.35,914.1,pomegranate
27.3,44.0,26.8,20.3,44.7,7.17,485.8,lentil
78.8,51.4,28.3,20.4,65.4,6.37,1267.9,wheat
121.6,52.2,57.7,25.8,51.3,7.65,654.6,cotton
75.7,66.1,127.3,33.6,60.3,6.73,637.7,watermelon
22.3,28.4,22.5,37.7,49.9,7.42,719.0,mothbeans
37.0,63.6,40.5,18.3,61.5,6.62,1222.5,kidneybeans
42.1,34.2,28.6,25.0,59.2,6.73,751.6,chickpea
74.8,24.7,108.6,27.6,92.7,6.37,2442.0,coconut
75.1,50.4,39.1,21.1,65.5,6.09,1013.4,wheat
55.4,39.2,120.0,27.3,76.8,6.06,3017.1,coconut
66.7,35.3,56.6,30.1,44.3,6.4,1529.1,mango
83.8,46.3,25.9,18.3,61.6,6.49,1447.9,wheat
74.6,28.9,130.7,32.0,81.7,7.28,2403.9,coconut
26.6,62.6,29.4,33.3,77.1,6.31,1057.6,blackgram
100.8,60.8,98.7,34.5,83.1,6.3,1407.0,banana
92.6,51.1,39.6,25.6,72.9,6.74,1007.6,maize
52.0,28.1,72.5,23.0,53.0,6.71,1234.6,pomegranate
19.6,33.3,27.6,25.5,44.3,6.65,1188.0,chickpea
137.6,67.7,61.2,30.2,79.9,6.62,2661.4,jute
108.1,45.2,34.8,19.6,61.9,6.93,984.0,wheat
30.5,51.9,23.8,28.8,55.0,6.71,1385.0,pigeonpeas
47.8,40.6,116.7,33.0,72.1,7.21,1869.8,coconut
61.9,50.9,115.1,23.4,88.5,5.76,2651.1,coffee
25.4,48.1,31.5,31.5,61.0,6.6,1263.5,blackgram
38.8,65.8,36.5,18.7,63.3,6.04,1018.8,kidneybeans
115.7,54.5,91.0,28.9,69.3,6.73,1287.4,cotton
86.4,55.7,92.5,25.5,60.5,6.9,557.9,muskmelon
70.6,35.1,134.0,31.3,87.9,5.81,2561.6,coconut
89.4,32.9,64.6,29.2,51.6,6.57,851.0,pomegranate
102.4,47.4,50.8,27.8,60.7,6.92,793.0,maize
51.6,30.9,96.2,38.4,54.6,6.92,1087.8,grapes
83.1,48.4,42.6,18.6,57.6,7.26,1071.8,wheat
19.9,38.5,28.9,24.0,59.7,6.83,1260.9,pigeonpeas
55.8,29.9,81.1,39.9,56.1,7.14,910.0,pomegranate
105.6,53.6,55.4,26.7,65.4,6.99,1584.0,maize
52.8,42.6,58.6,28.6,70.4,6.05,1598.0,mango
58.5,29.2,63.4,14.5,66.7,6.34,2099.8,apple
87.9,37.3,38.0,17.3,56.7,7.36,941.6,wheat
28.4,43.0,43.7,20.9,78.8,7.12,947.1,mungbean
83.5,48.7,47.9,22.3,73.6,7.35,1079.3,wheat
131.5,39.4,64.0,32.5,89.3,6.38,1836.0,jute
118.8,56.3,119.2,27.0,74.0,6.82,2638.9,banana
68.6,46.4,89.4,27.9,63.4,6.73,1185.7,grapes
87.6,48.1,120.9,16.1,73.3,6.11,2425.5,coffee
136.5,55.7,53.4,33.6,86.2,6.4,2388.4,rice
94.6,61.1,99.5,20.0,75.3,5.69,2867.0,coffee
83.5,58.6,43.6,24.5,62.5,6.22,1106.4,maize
77.8,59.4,91.0,22.8,79.2,5.38,2740.0,coffee
56.7,52.7,110.6,22.5,81.7,5.63,2412.4,coffee
29.0,18.2,25.1,39.9,42.2,7.1,533.8,mothbeans
52.9,42.0,59.4,36.6,59.7,7.14,1693.1,mango
23.4,25.8,23.3,27.1,43.9,7.16,446.2,mothbeans
25.6,35.3,39.2,20.6,55.3,6.6,840.3,chickpea
132.8,41.0,114.0,28.7,88.7,5.96,2744.9,banana
78.3,48.4,83.4,21.5,73.2,5.61,2224.5,coffee
108.8,63.3,81.1,34.4,56.8,6.93,1458.4,cotton
33.3,62.4,50.9,20.7,63.8,6.42,1527.6,kidneybeans
33.4,58.1,34.9,23.8,73.3,6.8,1006.4,blackgram
27.4,30.9,42.8,23.1,64.0,7.39,450.6,chickpea
54.2,45.6,59.5,33.4,56.3,6.94,1155.9,pomegranate
55.2,51.0,94.9,32.0,52.2,6.33,838.7,watermelon
32.5,40.7,34.7,27.9,52.9,5.85,1285.1,pigeonpeas
96.1,33.7,55.5,26.1,64.4,6.79,855.5,maize
110.4,43.5,49.0,27.0,84.9,6.31,2645.2,rice
26.5,55.0,33.6,33.3,70.7,6.38,776.5,mungbean
64.8,39.6,64.6,21.0,67.5,6.4,1767.7,apple
103.8,50.9,88.0,32.4,52.2,6.54,1161.6,cotton
72.3,60.7,57.2,22.6,70.4,7.25,1385.5,orange
66.5,53.0,80.5,29.1,64.4,6.69,644.4,muskmelon
19.8,34.7,20.2,27.9,43.6,7.15,549.5,mothbeans
81.7,54.5,116.3,20.7,74.9,5.54,2373.8,coffee
98.4,61.8,92.6,32.9,61.5,6.38,612.1,muskmelon
108.5,51.5,51.5,27.3,78.9,5.98,3128.9,rice
137.6,44.1,68.5,30.4,87.4,6.35,3356.0,jute
27.5,49.2,32.4,17.9,49.2,6.98,736.1,lentil
31.4,64.5,58.5,19.9,67.2,6.45,1289.6,kidneybeans
52.4,32.8,103.9,29.6,79.5,5.96,2942.6,coconut
32.5,48.4,49.1,27.1,64.4,6.88,985.9,mungbean
67.1,33.7,90.0,32.0,54.0,7.14,634.0,grapes
29.6,54.2,48.7,24.7,71.9,6.7,1340.9,kidneybeans
65.2,40.3,47.3,15.3,61.7,6.84,1690.0,apple
79.4,56.2,108.7,33.4,64.1,6.45,592.5,watermelon
89.9,61.2,95.9,29.7,79.3,6.78,2259.7,papaya
38.2,50.9,41.7,30.5,74.1,7.02,1219.4,blackgram
76.9,55.3,56.6,23.6,62.8,6.65,1736.0,orange
126.3,62.9,67.2,30.8,82.3,6.74,3348.5,jute
46.2,73.6,43.7,22.6,68.5,6.74,1069.6,kidneybeans
68.5,29.7,97.5,32.6,85.1,6.19,2919.3,coconut
32.0,39.3,28.7,21.1,49.4,7.13,778.5,chickpea
35.7,30.9,35.4,28.8,64.7,6.82,1000.9,mungbean
73.5,48.2,48.8,31.0,59.9,6.21,2125.0,mango
76.7,47.9,61.3,24.3,61.1,6.54,942.2,maize
49.4,43.4,68.8,29.3,59.7,7.53,1128.4,pomegranate
92.0,61.1,101.9,33.1,67.7,6.95,688.7,watermelon
16.9,44.9,37.3,22.8,50.4,6.85,881.9,chickpea
24.7,55.1,28.6,32.1,74.8,6.91,872.9,blackgram
71.4,39.3,76.0,32.1,60.7,6.41,1719.7,orange
87.6,48.4,70.8,28.4,58.5,6.09,1643.7,orange
64.6,24.7,57.1,22.8,49.5,6.77,1960.8,mango
100.1,55.1,72.7,21.2,45.2,7.04,1226.1,cotton
31.6,55.4,43.8,30.6,76.0,7.13,1117.5,blackgram
54.7,45.7,67.2,25.4,53.8,7.07,1128.6,pomegranate
116.6,63.7,87.4,28.3,76.0,6.85,1624.4,papaya
90.7,50.9,65.0,28.0,50.9,7.13,972.9,pomegranate
108.7,53.6,68.3,35.4,54.3,6.33,1128.5,cotton
116.1,44.3,117.7,29.7,86.5,6.3,2056.0,banana
25.2,34.5,33.2,19.8,49.5,6.21,920.6,lentil
41.4,51.0,36.0,31.5,75.4,6.61,1353.5,blackgram
79.7,33.5,126.9,30.7,87.8,5.78,2486.6,coconut
49.6,46.8,60.6,24.3,38.0,7.18,905.4,pomegranate
115.7,59.9,72.6,28.0,94.3,6.82,2209.5,jute
94.8,55.0,70.0,29.0,90.9,6.55,2732.9,rice
76.7,39.0,57.2,28.5,60.0,7.43,1390.7,pomegranate
92.0,52.9,89.6,26.1,56.9,6.79,615.8,watermelon
103.8,52.1,61.2,33.6,71.6,6.86,1113.2,maize
28.7,38.3,38.9,25.1,67.1,7.46,862.1,chickpea
81.2,61.8,122.4,26.9,66.4,6.6,703.1,watermelon
109.4,46.7,74.6,30.7,91.2,5.8,1710.2,banana
74.0,40.3,80.4,23.9,52.2,6.07,896.7,grapes
62.7,39.0,62.6,19.6,65.0,6.2,1772.6,apple
65.8,39.7,70.6,30.6,66.0,6.42,1527.0,mango
81.4,53.4,72.8,25.4,69.9,6.07,1933.7,orange
137.4,55.0,121.8,26.8,76.0,5.86,2323.7,banana
28.2,29.9,27.7,23.3,52.7,7.18,561.8,lentil
83.2,54.6,87.4,31.8,55.4,6.41,598.6,muskmelon
55.6,64.4,76.9,35.1,57.8,6.81,837.1,watermelon
66.2,29.9,46.6,13.5,61.3,7.14,1666.1,apple
55.4,40.3,59.2,22.8,58.5,6.12,1948.5,apple
77.7,61.8,106.4,29.6,66.3,6.68,598.9,watermelon
122.4,54.8,108.5,28.9,92.3,6.36,1517.7,banana
49.6,35.3,58.5,34.2,64.7,6.38,1658.4,mango
104.4,54.2,57.5,31.2,79.8,5.85,2661.3,rice
103.4,61.9,75.4,26.8,83.6,5.98,2890.5,rice
30.3,59.0,33.7,27.5,57.5,6.39,862.0,pigeonpeas
93.5,48.2,86.0,24.6,57.1,6.33,616.0,muskmelon
19.3,43.7,30.9,16.4,49.1,6.51,730.2,lentil
28.3,54.5,30.1,20.4,66.2,7.03,706.3,chickpea
62.6,32.3,83.1,24.4,60.3,6.43,771.6,grapes
45.5,40.1,63.4,19.2,55.0,6.16,1837.4,orange
44.0,41.0,58.4,31.7,61.0,6.55,2315.8,mango
54.0,48.4,76.3,25.7,62.5,6.41,1233.7,grapes
91.1,54.5,98.8,20.7,74.6,5.1,2938.9,coffee
27.1,35.2,22.4,20.1,48.9,7.19,970.3,chickpea
68.6,39.9,107.6,15.2,92.4,5.25,3056.9,coffee
98.7,55.4,31.5,24.8,61.8,6.48,1239.7,maize
67.6,47.6,61.7,28.7,67.8,6.42,1909.7,mango
71.7,59.6,105.0,28.5,50.6,6.58,817.8,muskmelon
120.6,60.6,46.4,26.2,91.4,6.1,2555.8,rice
38.6,46.4,28.0,20.5,58.1,6.91,804.8,chickpea
60.8,28.8,46.5,30.6,54.9,7.07,1711.8,mango
85.1,61.4,100.0,32.2,63.7,6.46,610.5,muskmelon
106.5,55.1,62.7,28.6,91.7,6.48,2529.6,rice
26.8,46.2,42.3,28.3,65.9,6.83,1137.8,blackgram
41.1,33.5,29.0,29.8,72.2,6.85,910.6,mungbean
47.6,60.4,109.0,25.1,61.1,6.5,770.0,muskmelon
110.5,43.5,40.1,25.6,69.9,7.29,1114.9,maize
30.0,47.7,30.7,30.3,71.0,7.24,856.0,pigeonpeas
49.5,28.6,59.3,34.2,45.8,6.62,1753.1,mango
24.2,46.4,35.1,21.4,49.4,7.22,971.5,chickpea
87.6,58.8,114.9,30.6,68.5,6.67,686.2,muskmelon
107.8,47.2,53.5,23.5,74.0,6.62,1223.1,maize
106.5,54.4,84.5,30.9,72.4,6.8,1840.6,papaya
144.0,64.2,123.5,32.8,79.5,5.97,2608.9,banana
98.3,45.0,110.2,29.6,74.6,6.38,2272.5,banana
104.2,59.4,60.9,33.4,81.1,6.44,2754.9,jute
46.9,44.4,101.8,26.6,70.6,6.58,686.1,watermelon
77.7,64.9,95.4,21.7,81.0,5.45,2759.6,coffee
123.2,64.3,74.4,34.9,83.1,6.47,2393.1,jute
81.8,38.9,122.2,18.6,79.0,5.26,2766.7,coffee
40.7,54.3,85.4,26.8,58.5,6.67,1000.6,pomegranate
119.1,59.9,63.7,33.7,76.6,6.42,2239.7,jute
105.9,43.0,77.7,25.4,72.2,7.7,1355.8,cotton
51.8,54.4,37.4,26.0,76.2,7.28,1254.4,blackgram
87.0,56.6,96.7,36.8,62.9,6.81,698.7,muskmelon
48.3,25.3,70.9,16.4,71.4,6.04,1821.7,apple
12.0,21.9,20.8,33.5,40.7,7.6,401.0,mothbeans
94.7,46.9,68.4,26.2,68.4,5.62,1953.0,orange
89.3,50.2,114.3,29.0,63.1,7.06,707.0,watermelon
23.2,50.4,34.3,31.0,61.3,6.49,1252.7,pigeonpeas
77.9,58.1,103.3,33.5,55.0,6.93,540.4,muskmelon
111.9,63.6,54.2,24.6,81.4,6.74,3037.7,rice
67.2,24.3,130.7,30.9,84.1,6.32,1708.7,coconut
112.7,63.5,79.3,30.0,82.6,6.38,2956.7,jute
134.3,60.5,83.7,30.9,63.4,7.44,1094.3,cotton
120.8,46.3,49.4,20.9,69.4,7.17,956.8,maize
18.6,29.3,21.4,39.9,37.5,5.88,416.7,mothbeans
86.3,48.1,97.2,27.1,61.9,7.14,706.3,watermelon
66.2,47.4,73.7,26.0,68.2,6.81,1761.4,orange
61.8,38.0,54.8,28.1,61.9,6.86,1960.3,mango
13.5,49.2,42.9,31.5,68.2,6.68,930.3,pigeonpeas
67.3,55.8,77.7,26.5,69.4,6.39,2017.6,orange
78.4,29.6,94.5,31.3,72.0,5.66,2656.1,coconut
103.4,60.3,56.1,28.4,87.9,6.03,2782.5,rice
101.8,57.2,72.7,29.9,56.1,6.55,1544.9,cotton
54.9,56.5,87.9,21.5,75.5,5.54,2981.5,coffee
121.8,53.8,54.7,26.0,77.5,6.92,1150.3,maize
38.8,40.3,30.5,21.0,41.1,7.2,778.3,chickpea
89.9,43.0,55.7,28.1,66.5,6.77,1299.4,pomegranate
54.0,39.9,35.6,16.9,56.8,6.67,1292.2,wheat
114.0,44.3,45.9,31.1,81.5,6.53,2399.2,jute
77.5,46.5,91.3,26.8,80.3,6.7,1526.0,papaya
125.0,52.9,79.9,38.6,58.7,6.92,1358.0,cotton
20.0,19.2,29.3,33.4,44.3,7.0,398.1,mothbeans
57.3,37.3,76.5,29.0,61.0,7.0,1127.2,pomegranate
108.8,42.5,34.4,16.7,56.1,7.13,1045.6,wheat
72.4,31.7,92.6,30.2,95.0,6.06,1993.3,coconut
84.8,31.5,36.1,22.3,66.0,6.35,1024.9,wheat
22.6,39.0,46.1,21.0,45.9,6.48,417.2,lentil
44.2,43.4,91.9,23.0,66.1,6.79,572.3,grapes
64.5,31.6,57.7,14.2,63.0,5.87,1932.9,apple
110.1,54.7,74.8,29.3,91.1,7.1,3027.4,jute
74.4,34.7,102.4,20.9,66.5,5.55,2392.0,coffee
15.2,32.1,24.0,32.4,44.9,7.32,375.9,mothbeans
72.9,40.7,32.2,17.8,55.7,7.03,1055.6,wheat
100.4,50.8,67.0,26.4,86.0,5.92,2628.5,rice
93.6,42.3,124.7,21.5,88.5,5.21,3566.6,coffee
49.5,31.3,66.3,20.8,59.3,6.7,1893.9,apple
24.5,55.6,29.6,29.7,79.1,6.92,1060.8,blackgram
58.7,33.4,104.4,27.0,88.5,5.72,2242.8,coconut
58.8,31.8,144.6,32.3,85.1,6.8,2635.1,coconut
64.5,43.9,113.1,29.6,61.8,6.75,814.1,muskmelon
32.4,48.9,31.0,25.4,70.5,7.0,861.8,blackgram
65.7,32.4,51.2,33.2,70.4,6.91,1661.0,mango
40.1,42.4,25.2,26.8,49.9,6.96,738.3,chickpea
26.6,46.0,37.8,22.7,68.9,6.8,831.7,mungbean
73.6,44.7,65.7,22.4,47.4,7.34,1197.8,pomegranate
94.2,57.3,114.0,17.0,92.4,5.56,2943.9,coffee
60.6,26.2,125.6,32.5,82.4,6.18,2469.4,coconut
66.7,18.0,67.7,32.5,59.2,6.58,1022.7,mango
109.6,48.3,38.9,12.9,55.0,7.21,781.9,wheat
107.6,58.0,78.5,25.6,82.8,6.03,3036.3,rice
38.3,64.5,52.2,23.4,59.6,6.99,1268.2,kidneybeans
91.3,46.7,47.2,22.6,77.7,6.21,1077.8,wheat
40.8,37.8,35.0,32.0,62.1,7.0,967.0,mungbean
105.5,49.1,98.6,28.3,73.3,6.06,2209.8,banana
21.6,22.5,37.1,12.8,47.2,7.05,710.9,lentil
31.0,34.3,46.8,18.0,49.1,7.65,692.2,lentil
112.2,37.6,52.8,28.4,84.0,6.16,2861.7,rice
102.4,44.3,42.1,29.5,72.7,6.3,1086.8,maize
73.8,55.0,79.2,22.4,78.2,5.98,2206.1,coffee
68.0,22.5,93.5,26.2,53.9,6.72,1357.0,pomegranate
73.8,43.4,32.5,15.3,73.3,6.3,1067.8,wheat
83.5,50.5,43.6,15.0,59.1,6.54,623.9,wheat
65.5,66.6,110.4,28.7,51.1,6.27,576.5,muskmelon
117.1,47.6,72.0,31.3,79.1,6.84,1296.0,banana
137.4,47.5,78.6,31.7,78.0,6.28,3093.5,jute
83.0,50.9,63.0,32.7,73.0,6.53,2196.6,papaya
80.5,45.6,78.4,23.8,52.3,6.56,977.8,grapes
99.6,39.7,46.3,19.8,59.2,6.36,1042.7,wheat
90.9,56.9,97.0,27.1,87.5,6.65,2065.7,banana
76.8,36.7,98.9,23.1,79.2,5.59,1917.8,coffee
28.1,41.6,33.4,25.1,72.8,6.47,1292.3,pigeonpeas
58.1,40.7,63.2,17.3,62.8,6.85,1916.4,apple
23.3,38.5,27.7,15.3,43.1,7.01,630.7,lentil
24.2,47.9,39.7,18.2,48.7,6.88,701.5,chickpea
90.3,43.5,87.7,25.9,56.4,6.06,595.3,muskmelon
94.4,39.1,92.0,37.8,58.7,7.03,1630.1,cotton
116.5,48.1,101.7,32.0,71.5,6.41,2060.4,papaya
76.5,42.5,87.1,27.1,71.5,6.62,1744.5,papaya
70.6,43.5,36.0,27.7,62.1,6.66,1667.8,mango
29.3,54.9,28.1,26.4,73.9,6.71,1416.6,pigeonpeas
122.3,39.5,101.7,31.4,80.4,6.68,2033.9,banana
88.0,50.1,43.1,17.1,65.5,5.88,1060.6,wheat
70.8,30.9,94.4,28.3,92.0,6.49,2770.9,coconut
126.1,55.4,63.1,30.9,93.0,6.84,2511.7,jute
62.8,43.9,81.3,24.0,44.1,6.86,1099.7,pomegranate
73.4,32.5,54.7,23.9,49.1,7.18,759.5,grapes
28.9,49.3,29.2,35.1,63.1,6.67,950.1,mungbean
22.7,43.0,41.7,16.2,49.2,7.12,736.9,chickpea
60.4,36.8,63.9,23.9,57.0,6.14,1224.9,grapes
63.7,37.5,135.4,27.0,79.8,5.89,2754.1,coconut
19.9,36.2,23.8,30.5,33.3,7.66,431.9,mothbeans
40.9,56.0,33.3,27.6,72.0,6.66,1243.6,blackgram
61.7,39.0,67.8,31.0,53.8,6.48,1195.3,pomegranate
103.8,40.9,97.9,29.2,86.7,6.69,2200.1,banana
64.5,57.9,118.2,31.1,66.4,6.56,595.7,watermelon
30.5,22.6,27.1,31.4,37.4,6.97,657.0,mothbeans
61.6,64.6,108.3,33.3,74.2,6.52,623.8,watermelon
110.9,58.4,95.8,33.8,71.9,7.08,2510.4,papaya
36.6,59.8,25.1,31.6,46.5,6.94,1098.5,pigeonpeas
41.1,36.0,74.9,19.4,63.9,6.84,1637.7,apple
77.6,36.0,59.0,29.7,52.6,6.72,1619.0,mango
121.3,55.7,70.7,27.1,56.3,6.76,1250.5,maize
151.9,44.4,61.9,36.5,80.4,6.76,2428.4,jute
71.3,30.0,104.5,29.2,84.2,6.62,2616.8,coconut
55.0,54.2,40.9,17.1,63.2,6.36,1223.8,wheat
19.6,53.8,38.9,21.4,59.0,6.97,709.1,chickpea
74.4,66.0,120.4,29.8,53.8,6.42,501.3,muskmelon
107.9,37.2,48.3,29.9,82.1,6.27,2205.8,jute
22.2,57.0,25.7,12.1,68.2,7.51,614.3,lentil
77.3,36.9,53.0,27.7,58.8,7.06,1111.1,pomegranate
92.6,44.6,132.0,28.8,62.5,6.43,422.7,muskmelon
125.6,57.3,61.7,26.1,81.8,6.9,2756.4,rice
35.7,51.3,41.8,28.4,59.0,6.65,1052.5,blackgram
27.9,37.9,35.5,18.4,48.4,6.6,518.0,lentil
65.4,35.3,65.0,30.7,50.9,6.46,2247.2,mango
55.5,34.5,53.5,32.0,56.7,6.77,1153.1,mango
111.2,58.1,53.6,29.2,86.6,6.3,2435.8,rice
74.8,50.5,41.9,12.0,62.2,6.37,1001.5,wheat
72.1,45.5,101.6,36.7,68.6,6.58,699.2,grapes
116.0,40.5,112.9,30.7,85.0,6.79,2293.7,banana
86.7,48.0,55.7,28.8,71.9,6.23,1368.5,maize
39.2,41.5,26.0,25.6,63.9,6.55,1037.0,pigeonpeas
41.8,54.7,53.1,20.4,64.9,7.34,1489.1,kidneybeans
59.6,34.2,94.8,25.5,53.7,7.34,977.1,grapes
54.1,25.0,81.4,38.1,69.4,7.14,2033.8,mango
91.8,60.7,86.0,32.0,67.1,6.68,2204.7,papaya
75.3,51.2,93.3,25.4,75.9,5.44,2810.2,coffee
65.1,31.8,36.0,30.5,60.2,6.59,1357.1,mango
84.3,52.9,80.3,31.0,63.6,5.86,1979.6,orange
53.6,42.7,67.7,33.2,63.0,6.61,2051.5,mango
68.7,49.9,70.2,29.2,54.2,7.3,911.5,pomegranate
28.0,44.1,31.0,21.8,56.2,7.32,1036.1,chickpea
60.6,43.1,62.7,13.3,64.3,6.03,2283.4,apple
118.3,42.4,40.9,29.6,77.5,5.68,969.7,maize
87.8,51.6,75.5,28.6,59.6,7.2,1150.9,cotton
36.7,49.0,36.9,26.3,79.9,6.41,908.0,mungbean
83.4,39.6,58.5,21.6,58.6,6.3,820.9,muskmelon
81.6,73.6,93.3,28.4,68.7,6.67,738.3,watermelon
24.2,31.3,32.6,21.0,52.7,6.55,1028.9,chickpea
64.2,38.7,79.1,19.1,75.5,6.32,1773.9,apple
63.3,57.1,72.1,22.4,70.3,5.63,2890.7,coffee
75.5,49.3,67.0,29.7,50.2,7.01,1923.6,mango
97.5,57.4,56.0,19.7,66.9,6.64,1187.5,maize
124.8,61.5,55.0,27.6,75.3,6.02,2078.1,rice
71.0,36.8,67.0,13.1,62.5,6.7,1684.8,apple
66.5,49.9,96.6,23.0,79.2,5.89,2736.7,coffee
61.0,50.1,101.7,25.2,69.5,6.17,631.3,muskmelon
61.0,55.1,74.6,28.7,73.4,6.17,2356.4,orange
24.6,47.2,32.7,17.5,58.4,6.7,672.5,lentil
70.6,47.3,109.6,23.6,55.0,6.2,1011.7,grapes
113.7,59.3,73.0,38.3,57.8,7.13,1367.1,cotton
96.7,51.1,112.9,23.5,63.8,6.41,584.7,muskmelon
100.0,51.3,84.8,36.3,49.3,6.97,1083.6,cotton
36.5,59.1,31.3,16.3,55.0,7.48,589.5,chickpea
100.6,45.4,66.9,29.2,72.3,6.54,2305.8,orange
60.8,39.8,123.2,31.1,88.6,5.81,2903.0,coconut
24.7,29.5,35.0,17.0,54.7,6.62,835.4,lentil
64.2,45.9,64.5,36.7,64.4,5.98,683.0,watermelon
79.4,52.2,91.7,32.8,73.4,6.56,664.8,watermelon
29.4,59.2,47.3,20.8,66.7,6.11,1214.8,kidneybeans
59.6,52.6,88.1,31.1,54.9,6.84,824.0,muskmelon
27.9,50.1,26.7,18.7,51.4,6.97,716.9,chickpea
109.8,40.3,37.7,23.9,78.9,6.58,1106.1,maize
92.5,44.9,53.7,26.7,84.2,6.61,3113.6,rice
67.2,61.0,108.3,30.7,68.2,7.08,582.9,watermelon
69.7,47.5,94.5,23.9,75.0,5.51,2088.6,coffee
103.9,44.9,34.0,17.5,62.0,6.37,972.2,wheat
111.9,63.3,89.5,36.9,66.3,7.96,1413.2,cotton
120.5,62.5,70.7,26.0,80.6,6.1,2579.7,rice
55.7,47.5,69.6,31.1,60.9,5.76,1966.4,mango
50.3,27.1,57.8,33.9,45.6,6.03,1609.6,mango
71.7,46.0,65.9,31.9,66.7,6.17,1124.2,grapes
103.7,65.7,108.1,26.0,69.9,6.77,1782.4,papaya
57.8,36.0,65.4,36.0,56.4,6.67,864.0,mango
97.9,48.8,37.7,13.3,67.2,6.75,903.0,wheat
87.0,49.7,89.2,20.9,56.9,6.63,584.1,muskmelon
128.7,39.4,53.3,36.6,81.0,6.9,2324.0,jute
58.1,40.1,155.4,29.8,87.2,6.72,2226.4,coconut
86.5,58.0,58.7,23.6,71.6,5.92,1197.8,maize
78.7,32.7,53.7,27.1,52.4,6.93,1288.2,pomegranate
31.3,66.0,43.7,19.9,59.7,6.52,994.6,kidneybeans
111.9,47.0,70.0,28.0,80.9,6.13,2868.7,rice
101.5,60.4,75.0,32.3,83.6,6.45,2879.1,jute
62.6,26.7,68.0,29.1,58.0,6.81,1706.2,mango
80.1,73.7,106.1,25.8,59.6,6.52,755.0,watermelon
95.8,52.7,55.1,27.7,52.1,7.33,880.7,cotton
65.4,62.6,51.2,21.8,65.6,6.34,1028.8,maize
59.9,45.2,77.1,19.4,76.8,6.31,1996.2,apple
55.5,45.5,83.7,34.7,54.8,6.75,1064.3,pomegranate
70.1,41.9,114.1,15.2,74.1,5.74,3260.8,coffee
51.4,40.7,68.2,28.1,58.8,6.65,644.0,muskmelon
113.0,55.9,80.0,34.0,73.5,6.82,1024.6,cotton
35.2,49.5,42.6,29.1,69.4,6.72,1053.4,blackgram
88.0,47.9,102.4,28.2,75.7,5.31,2619.9,coffee
22.2,44.0,36.7,19.7,44.0,7.53,920.8,chickpea
109.6,49.4,69.6,23.7,83.3,6.31,2589.2,rice
82.8,59.2,99.1,30.5,72.2,6.69,764.3,watermelon
54.2,25.3,119.3,28.5,83.1,5.83,2410.3,coconut
62.6,44.6,84.2,20.5,83.8,5.7,2781.1,coffee
66.9,36.7,69.1,19.8,70.6,6.45,1745.3,apple
70.8,36.5,54.0,34.4,58.4,6.32,1862.7,mango
81.1,53.4,102.3,21.9,76.1,6.11,2688.3,coffee
67.7,28.0,63.1,16.2,61.2,6.67,1710.4,apple
23.0,51.8,39.5,20.8,47.7,6.97,608.9,lentil
31.0,22.7,28.1,32.3,45.0,6.74,632.6,mothbeans
67.9,61.4,110.4,24.3,61.0,6.72,433.6,muskmelon
46.3,51.1,43.0,26.3,68.1,6.69,1086.2,blackgram
54.2,50.3,128.9,27.4,92.2,6.26,2627.3,coconut
27.1,46.2,40.4,14.5,61.2,6.43,856.1,lentil
104.3,63.7,108.6,26.4,79.7,6.31,1528.6,banana
110.3,49.2,102.4,21.0,71.7,6.85,1927.8,papaya
71.8,62.0,100.3,33.2,66.1,7.16,693.3,watermelon
86.2,51.7,64.7,22.2,63.8,6.43,2145.7,orange
32.6,72.0,52.8,14.2,58.7,6.48,1312.6,kidneybeans
56.6,37.9,60.4,36.6,53.5,6.1,1766.6,mango
75.8,61.4,62.5,23.7,67.3,7.16,1690.9,orange
105.9,60.7,47.0,24.8,65.4,6.78,942.8,maize
32.1,45.1,45.8,29.5,68.6,6.24,1000.3,blackgram
120.7,53.4,59.2,23.3,86.3,6.42,2436.0,rice
82.9,31.5,43.8,19.3,67.5,6.3,907.5,wheat
34.2,62.1,49.5,21.0,53.1,6.97,567.0,chickpea
31.5,40.9,29.0,22.7,78.8,6.95,1217.4,pigeonpeas
29.6,48.1,21.9,29.8,71.2,7.36,1287.9,pigeonpeas
55.4,31.7,129.1,25.5,89.3,6.02,3305.5,coconut
74.7,66.5,96.3,28.5,67.1,6.09,595.2,muskmelon
20.2,54.8,36.3,30.9,62.4,5.95,1038.1,blackgram
99.6,50.8,109.7,29.0,80.0,5.9,2904.0,banana
19.4,37.7,23.9,26.9,38.3,8.16,383.7,mothbeans
66.0,38.3,89.5,33.8,73.5,6.59,1084.1,grapes
63.3,50.7,80.6,17.3,72.9,5.35,1651.1,coffee
118.2,69.7,98.4,31.5,82.7,7.11,1812.1,papaya
73.6,29.7,139.3,26.9,83.9,6.34,2814.3,coconut
35.0,36.2,18.0,20.2,61.9,6.37,784.6,lentil
100.3,57.0,48.4,25.0,84.9,5.92,3139.3,rice
31.7,64.1,33.8,23.8,61.2,6.72,1073.8,kidneybeans
36.6,55.2,45.7,30.9,58.0,6.39,1249.5,blackgram
143.1,49.5,60.9,33.4,82.7,6.51,2230.6,jute
38.8,46.0,42.8,30.6,73.2,6.72,1091.8,mungbean
32.6,42.9,29.0,16.9,53.6,7.65,826.4,lentil
20.7,27.6,23.9,25.1,56.0,7.05,1498.6,pigeonpeas
33.8,52.2,51.5,16.3,69.0,6.87,956.5,kidneybeans
116.2,47.2,52.2,28.7,61.3,6.56,1053.0,maize
60.1,38.5,89.4,28.2,75.8,6.21,3352.7,coffee
64.8,37.3,62.1,19.1,60.8,5.93,1456.1,apple
62.3,29.3,73.6,36.6,66.3,7.01,1951.4,mango
75.3,52.4,81.9,15.2,74.8,5.44,2491.5,coffee
58.5,28.5,57.9,25.6,54.1,6.81,1555.3,mango
82.4,56.0,102.7,29.6,62.0,7.04,615.6,watermelon
122.0,72.6,68.2,26.4,79.6,6.28,2719.4,jute
34.1,58.4,50.3,19.7,62.1,6.57,1451.3,kidneybeans
106.5,44.0,77.8,35.0,45.9,6.31,1023.6,cotton
106.4,54.8,36.2,24.0,59.2,6.79,1193.8,maize
77.4,22.5,58.5,25.3,63.9,7.12,896.6,pomegranate
26.8,52.3,37.2,27.0,73.4,6.6,1217.6,blackgram
106.3,51.5,47.0,29.3,84.2,5.85,2670.0,jute
88.8,53.0,33.3,18.2,65.6,7.46,1104.0,wheat
70.1,58.7,91.0,21.0,71.2,5.27,2385.2,coffee
80.3,46.9,83.9,29.1,45.6,6.46,1148.3,pomegranate
54.8,40.2,62.8,19.0,57.9,7.1,1012.5,pomegranate
34.1,48.7,31.1,30.9,58.1,6.81,844.5,pigeonpeas
121.1,61.2,83.3,23.2,61.0,7.08,1130.3,cotton
107.6,69.2,118.9,27.8,62.6,6.34,740.5,watermelon
51.3,39.1,55.6,28.2,71.0,6.39,1449.4,mango
107.1,47.0,150.9,29.8,87.7,6.04,1794.5,banana
97.5,40.2,37.3,19.0,64.2,6.57,1207.2,wheat
73.4,53.4,105.4,33.4,68.3,6.65,529.2,watermelon
90.3,34.6,44.2,14.0,60.4,7.6,954.6,wheat
112.1,59.6,78.9,28.0,70.3,6.83,1574.7,papaya
23.9,41.8,32.5,16.9,44.3,7.65,654.4,lentil
93.6,54.6,55.6,30.0,77.7,6.55,2756.5,rice
65.7,38.6,62.4,17.5,53.3,6.88,1018.8,grapes
98.4,37.4,32.9,17.2,59.9,5.9,1000.1,wheat
95.5,45.9,35.4,13.1,66.4,6.53,1174.2,wheat
29.4,41.7,35.3,33.7,64.7,7.43,877.7,pigeonpeas
53.3,42.5,64.0,28.6,62.2,6.73,884.6,grapes
51.2,35.5,75.4,33.1,88.4,6.21,1923.7,coconut
33.0,55.5,37.5,22.4,70.8,6.72,1308.1,kidneybeans
125.9,49.7,55.3,35.1,88.4,6.65,2456.3,jute
37.8,49.4,36.1,25.3,68.0,6.22,1036.1,mungbean
25.4,37.9,40.9,30.7,57.0,6.64,1178.8,blackgram
47.3,27.2,53.3,34.3,57.0,6.76,1771.5,mango
80.5,48.5,107.9,27.2,75.1,7.1,1921.8,banana
71.8,62.8,63.0,25.0,66.3,7.01,567.2,watermelon
30.7,38.0,40.2,27.8,58.4,6.89,902.8,chickpea
38.8,52.6,90.1,29.0,56.1,7.09,788.4,grapes
79.4,38.3,76.6,23.9,66.1,6.84,1070.6,grapes
29.7,38.9,31.5,17.6,41.5,5.94,634.1,lentil
45.2,48.4,99.0,24.0,66.8,6.71,1062.1,grapes
79.0,48.3,90.8,21.1,75.3,5.81,2672.1,coffee
28.5,42.5,33.8,23.0,50.8,7.12,839.5,chickpea
81.4,50.3,50.3,23.9,64.1,6.48,1550.0,maize
25.9,33.0,23.4,15.4,60.5,7.21,737.9,lentil
115.5,67.1,110.8,26.1,76.8,6.94,1649.3,papaya
137.5,68.7,61.7,34.5,78.2,6.31,3121.0,jute
87.2,43.5,110.8,15.2,73.6,5.68,2252.1,coffee
55.3,27.9,45.2,29.7,62.6,6.23,1243.4,mango
89.2,56.5,53.9,26.5,84.5,6.42,2352.8,rice
58.4,38.6,69.0,21.5,73.9,6.82,1703.8,apple
81.0,53.2,97.2,30.1,74.3,6.36,2653.7,papaya
58.1,34.3,109.7,29.0,80.4,6.23,1662.6,coconut
101.6,64.8,85.4,27.9,69.8,6.32,2048.5,papaya
101.5,45.8,42.1,26.1,68.0,6.09,1100.1,maize
103.1,45.4,22.5,23.1,68.9,6.08,1055.2,wheat
152.5,67.4,80.8,32.3,80.0,6.29,3101.6,jute
97.6,59.1,91.8,34.3,59.4,6.52,1320.7,cotton
54.7,31.1,52.3,27.1,62.6,7.06,1722.4,mango
83.3,28.0,99.2,24.1,85.2,6.49,2902.0,coconut
139.9,55.9,85.2,34.0,56.1,7.35,1169.7,cotton
126.5,63.8,91.9,37.3,58.5,6.0,1179.6,cotton
28.1,48.4,32.2,21.0,57.7,7.31,765.2,chickpea
109.1,52.8,70.6,22.9,81.4,5.69,3495.3,rice
30.5,46.7,29.5,24.8,66.1,6.53,1392.2,pigeonpeas
59.1,42.2,77.8,34.4,60.9,6.65,1241.0,pomegranate
32.4,54.5,31.8,14.5,43.3,7.96,780.1,chickpea
29.3,50.1,39.6,29.2,71.3,6.6,1195.5,mungbean
51.3,43.3,66.2,30.4,54.8,6.45,2161.4,mango
119.5,44.5,118.6,30.7,86.0,6.82,1987.9,banana
109.4,47.8,128.8,30.7,75.8,6.62,2421.1,banana
113.7,45.2,50.6,29.3,76.8,6.64,1167.4,maize
20.5,42.2,31.0,17.9,51.3,6.53,386.6,lentil
37.0,49.0,44.3,22.7,63.2,7.03,1024.9,mungbean
85.8,64.0,47.2,17.6,50.9,6.49,858.6,wheat
104.9,58.1,53.3,23.4,66.3,6.11,1021.4,maize
109.5,49.8,146.8,25.9,90.9,7.01,2063.6,banana
68.2,53.0,113.9,28.1,69.4,6.77,628.7,muskmelon
95.7,55.7,58.1,25.0,82.2,5.58,2707.8,rice
75.9,34.2,68.7,21.0,54.4,6.25,1821.9,apple
70.4,34.3,62.3,30.4,65.6,5.92,1841.8,orange
32.8,63.3,61.3,24.6,72.9,6.87,1267.3,kidneybeans
53.3,35.9,85.9,21.6,46.4,6.34,678.0,grapes
88.1,53.8,59.2,28.5,86.5,6.17,2667.8,rice
29.1,27.0,32.8,29.8,60.9,6.76,949.2,mungbean
65.9,37.6,72.5,26.7,61.6,6.25,1911.3,mango
89.2,71.3,81.8,29.4,59.2,6.26,547.6,muskmelon
124.2,53.5,67.9,32.0,69.6,7.92,1522.2,cotton
50.8,54.7,75.0,25.1,74.7,6.44,1249.9,orange
18.5,38.0,31.4,17.7,50.3,7.03,424.7,lentil
101.3,54.9,73.8,25.5,58.7,7.25,735.4,cotton
67.9,55.7,106.2,24.5,52.5,7.08,1152.5,grapes
117.2,58.3,87.1,28.6,56.7,6.31,693.7,cotton
22.3,28.7,24.9,32.2,43.7,7.32,478.9,mothbeans
21.5,47.7,34.2,25.8,62.8,6.08,1069.6,pigeonpeas
139.3,60.3,66.0,28.1,98.5,6.4,3235.8,rice
102.3,61.5,63.3,26.5,89.6,6.56,2356.4,jute
77.2,53.0,91.1,30.8,78.3,6.95,2115.6,papaya
41.8,42.6,69.0,27.5,60.3,6.57,1067.9,pomegranate
63.4,20.3,61.1,31.4,44.5,6.28,1750.8,mango
66.9,32.5,48.1,32.0,62.6,6.07,1711.6,mango
33.6,44.5,27.8,20.3,52.9,6.82,528.2,chickpea
65.4,60.5,35.0,18.6,62.9,7.55,1126.0,wheat
19.6,44.6,35.9,33.6,70.0,6.93,968.1,mungbean
28.1,54.5,45.2,24.1,58.1,6.22,756.0,kidneybeans
61.5,50.0,89.4,20.0,86.2,4.94,2348.2,coffee
22.6,43.7,31.4,15.3,49.7,6.84,595.8,chickpea
45.0,22.5,90.5,33.4,61.5,7.41,902.8,grapes
61.7,39.0,96.9,21.5,62.5,6.16,844.3,grapes
26.3,50.0,23.9,22.9,61.8,6.62,1301.4,pigeonpeas
98.6,71.6,73.1,27.2,74.3,6.0,3334.2,rice
64.0,43.5,69.5,31.0,49.0,6.06,985.3,pomegranate
63.3,37.1,94.6,28.6,59.1,6.02,1094.8,grapes
97.5,53.2,103.4,21.0,81.0,6.15,2881.4,coffee
22.7,40.1,31.9,14.4,57.2,6.65,554.8,lentil
64.6,71.9,101.3,25.8,64.3,6.29,709.7,watermelon
69.2,47.1,44.7,27.1,49.7,6.52,1819.9,mango
54.5,36.0,59.5,24.6,47.0,6.91,1570.6,mango
25.7,62.1,37.9,24.2,72.6,6.88,1093.2,blackgram
89.2,57.2,53.1,22.7,77.3,5.63,1911.6,rice
115.0,50.7,106.6,26.5,80.8,6.89,1985.3,banana
72.5,41.2,92.3,27.4,58.8,7.04,713.6,watermelon
69.8,54.1,96.9,20.2,79.2,5.56,2724.1,coffee
124.3,52.7,62.5,26.3,87.4,5.8,2243.2,rice
56.3,41.8,75.8,16.3,66.3,6.6,1566.7,apple
31.5,49.5,34.1,26.9,76.1,6.24,1044.1,pigeonpeas
40.5,25.0,38.0,16.6,62.8,6.2,653.7,lentil
99.8,55.7,105.7,28.3,71.0,7.02,1485.7,papaya
74.9,34.9,134.1,26.5,90.8,6.78,2531.3,coconut
53.9,38.1,59.6,25.3,50.9,6.91,1191.0,pomegranate
60.0,29.1,62.2,33.2,58.4,6.01,1953.2,mango
102.8,45.2,42.3,21.8,53.8,6.9,1062.9,wheat
37.2,44.4,37.1,29.4,69.6,6.66,804.7,blackgram
68.0,53.0,72.8,29.0,49.1,6.72,779.9,pomegranate
71.9,56.5,103.9,16.1,75.5,5.25,2309.3,coffee
73.0,55.4,90.3,28.6,69.2,6.96,955.5,watermelon
114.0,44.8,125.0,28.9,92.0,6.73,2088.7,banana
76.2,48.5,68.8,26.4,72.4,6.99,1486.3,orange
115.5,56.7,107.7,28.7,47.7,7.1,1100.0,cotton
74.2,44.3,40.4,21.0,64.7,6.85,899.7,wheat
35.0,49.5,27.4,20.0,49.3,7.44,558.3,chickpea
102.7,44.5,29.9,21.1,61.9,7.08,1258.8,wheat
57.6,40.7,69.6,24.5,58.4,6.73,1464.7,pomegranate
69.7,32.1,88.6,18.3,61.4,6.26,710.7,grapes
105.7,49.5,59.7,25.0,62.1,6.22,1088.0,maize
26.3,31.9,37.8,34.3,58.2,6.56,704.5,mungbean
91.0,50.2,64.3,29.3,87.6,6.44,2968.0,rice
67.7,60.3,83.2,23.0,53.3,6.94,537.7,muskmelon
135.1,62.8,77.4,30.1,76.4,7.23,2571.2,jute
124.2,59.1,61.3,29.5,80.9,5.52,2441.2,rice
79.8,47.6,38.8,16.9,71.8,6.7,1108.2,wheat
92.2,58.9,54.9,24.7,68.2,5.91,1048.9,maize
84.3,45.4,72.0,34.5,46.0,6.73,1418.9,pomegranate
52.4,53.7,145.5,34.7,95.9,6.99,2368.4,coconut
30.2,36.3,40.2,19.9,43.3,6.69,343.8,lentil
69.8,36.4,113.8,28.9,72.4,6.54,1009.5,watermelon
78.5,34.9,58.2,12.8,64.6,6.12,1894.3,apple
69.5,47.6,83.8,27.9,65.2,6.86,1838.6,orange
50.6,50.4,75.1,33.0,69.0,6.15,467.9,watermelon
113.6,70.5,61.6,27.9,78.9,6.55,2458.4,jute
25.5,34.4,30.0,20.3,45.5,6.23,791.9,lentil
68.7,55.8,97.1,24.5,76.1,5.57,2770.8,coffee
101.4,56.9,59.7,32.8,58.9,6.58,1428.4,cotton
124.7,52.8,111.4,24.3,81.6,6.19,2205.3,banana
103.7,40.8,45.5,26.2,65.2,6.74,814.4,maize
74.9,32.7,79.0,31.2,69.1,6.42,1907.6,mango
111.0,60.2,62.4,33.0,77.9,6.74,2262.5,jute
103.8,47.5,66.0,29.2,66.9,6.14,1633.0,orange
35.8,34.1,27.9,15.4,46.8,6.88,1056.0,lentil
35.2,70.4,42.5,16.8,74.4,6.41,1387.9,kidneybeans
71.5,35.6,121.3,28.6,85.5,5.98,2310.3,coconut
42.8,35.4,33.8,32.3,65.2,6.33,1186.3,blackgram
79.4,33.8,107.0,25.7,77.8,6.77,1788.8,coconut
14.0,30.1,29.5,19.4,50.0,6.33,697.2,lentil
70.2,60.4,109.1,23.2,69.3,6.48,610.1,watermelon
27.8,30.8,22.3,33.0,38.7,7.0,518.8,mothbeans
66.9,59.5,64.7,22.6,71.0,6.4,1080.0,orange
61.3,43.9,102.2,34.5,86.8,6.02,2755.2,coconut
98.6,52.1,47.4,21.9,76.8,6.93,1167.1,maize
79.2,43.2,95.8,37.5,52.9,7.16,1046.4,grapes
31.3,59.9,36.1,27.9,72.9,6.98,1186.3,blackgram
70.8,59.2,46.3,25.9,53.3,6.31,2125.1,orange
48.8,39.5,108.2,34.0,62.2,6.6,855.1,grapes
99.7,44.1,103.9,28.9,69.1,7.32,1217.8,cotton
66.9,19.1,91.7,33.8,88.1,6.88,1986.1,coconut
35.6,29.3,29.7,18.4,42.5,7.68,976.2,chickpea
37.0,43.1,74.4,29.1,46.9,5.88,947.4,grapes
69.3,32.2,106.7,26.7,87.9,5.71,2398.2,coconut
71.2,55.8,92.1,28.3,63.9,6.77,549.0,muskmelon
132.0,49.7,57.8,27.5,86.0,6.86,2637.0,jute
14.2,45.4,23.3,17.8,51.2,7.18,766.4,chickpea
91.5,52.5,87.0,22.3,63.9,6.7,684.8,muskmelon
34.4,35.7,37.0,22.1,44.3,7.69,637.8,chickpea
22.2,37.2,31.5,35.5,64.1,7.01,973.3,mungbean
29.4,34.7,37.2,19.5,51.6,7.06,663.5,chickpea
46.5,25.5,138.1,25.0,78.7,6.2,2461.1,coconut
75.9,38.3,140.9,24.9,89.9,6.25,2891.0,coconut
37.8,53.3,44.3,30.2,75.9,6.98,1114.1,blackgram
127.6,49.3,124.2,32.9,75.2,6.28,1694.1,banana
65.1,24.4,98.7,23.2,52.0,7.06,618.4,grapes
116.3,51.3,70.0,33.8,84.8,6.64,3421.3,jute
99.2,53.4,59.1,33.0,68.3,6.48,949.4,maize
98.4,48.1,43.5,17.1,63.2,6.65,957.5,wheat
61.2,42.7,78.7,21.3,42.8,7.04,1101.6,grapes
136.6,56.3,54.2,30.6,86.8,6.34,2456.3,jute
26.8,46.1,23.7,24.6,53.1,7.47,702.0,chickpea
90.8,48.0,141.5,31.1,81.5,6.86,1953.1,banana
98.9,66.6,104.3,31.2,75.0,6.3,1754.9,papaya
97.9,48.5,100.9,26.5,74.2,6.66,1478.0,papaya
79.2,28.3,57.4,18.7,66.9,6.19,1634.8,apple
89.5,64.9,97.0,30.1,70.4,6.52,921.7,watermelon
51.2,32.1,89.3,19.1,66.4,6.13,1605.3,apple
36.6,51.0,45.9,32.8,79.5,6.35,1124.6,blackgram
82.4,38.8,114.5,26.0,91.0,5.97,2688.3,coconut
31.8,30.2,17.1,29.9,45.2,6.95,533.3,mothbeans
63.0,41.0,76.4,21.6,70.4,6.01,1224.5,maize
26.4,49.1,34.6,19.4,42.8,6.92,1060.9,pigeonpeas
30.2,30.6,35.8,19.1,43.6,6.94,614.6,lentil
