N,P,K,temperature,humidity,ph,rainfall,soil_type
60.1,11.3,86.4,33.2,79.1,5.63,2878.1,Laterite
61.0,28.6,80.2,26.3,83.3,6.14,3296.3,Red Loam
49.6,47.7,58.7,34.6,76.0,7.65,1616.0,Coastal Alluvial
97.7,62.6,72.9,27.9,81.1,6.8,3099.6,Riverine Alluvial
90.1,35.5,74.5,25.9,77.6,6.47,1365.0,Loamy
58.8,17.4,64.8,25.8,76.7,6.36,2375.1,Red Loam
57.0,21.9,79.9,31.7,74.3,5.67,2350.4,Red Loam
72.9,28.6,59.0,31.2,58.0,7.7,1531.1,Black Cotton
46.4,46.2,56.5,34.4,87.4,7.4,1693.9,Coastal Alluvial
83.8,18.0,38.0,28.9,88.1,4.62,2421.3,Brown Hydromorphic
77.5,48.0,108.3,32.0,71.0,7.22,2002.5,Clayey
47.0,24.6,43.2,29.1,72.9,5.53,3178.3,Laterite
58.0,9.7,44.4,29.9,83.2,5.33,2279.5,Laterite
81.8,36.4,35.8,31.6,78.8,4.99,2672.4,Brown Hydromorphic
65.1,28.0,78.8,29.2,78.7,6.49,2627.5,Red Loam
115.6,48.8,110.6,19.6,83.1,5.04,3386.2,Forest Loam
73.1,24.5,66.6,25.0,63.5,6.12,2573.4,Red Loam
54.3,21.4,60.0,28.6,87.3,4.21,2551.3,Brown Hydromorphic
117.6,31.6,56.8,29.9,90.6,3.76,3570.7,Peaty
105.4,61.1,78.3,31.3,76.3,7.16,2795.7,Riverine Alluvial
64.5,40.1,85.6,35.8,70.1,5.85,2412.5,Red Loam
113.3,27.3,39.4,29.4,86.5,4.44,2966.2,Peaty
127.5,40.3,76.8,15.6,89.4,6.28,3678.2,Forest Loam
74.3,20.4,77.5,29.8,82.8,6.13,2428.3,Red Loam
85.6,62.9,142.3,19.8,79.4,5.94,3554.1,Forest Loam
79.1,52.2,85.7,29.4,85.9,6.64,3388.7,Riverine Alluvial
44.0,32.1,92.0,28.1,75.4,7.12,3066.9,Red Loam
55.6,34.3,62.8,28.4,86.6,4.33,3008.9,Brown Hydromorphic
72.6,34.1,46.0,35.0,85.0,4.5,2776.5,Brown Hydromorphic
48.3,9.2,70.1,32.4,74.6,5.28,3195.2,Laterite
63.6,41.8,68.3,25.3,64.4,8.18,1469.3,Black Cotton
28.1,30.7,66.5,30.7,93.0,8.14,2178.7,Coastal Alluvial
62.4,20.9,73.1,28.3,86.7,5.89,3423.0,Laterite
89.6,71.2,100.4,28.5,72.8,7.17,2600.9,Riverine Alluvial
57.7,28.4,91.3,27.1,66.6,6.61,2193.8,Red Loam
50.8,32.5,89.5,27.4,75.7,6.22,2782.3,Red Loam
61.0,14.0,88.3,29.0,83.6,5.94,2633.1,Red Loam
112.3,51.8,74.2,27.9,80.2,6.52,2956.1,Riverine Alluvial
53.5,13.4,88.1,33.1,85.3,5.97,2918.5,Laterite
40.4,27.6,60.4,28.5,84.9,8.29,1861.1,Coastal Alluvial
53.9,55.0,39.4,33.8,88.6,7.16,2368.9,Coastal Alluvial
93.1,33.8,56.1,28.6,85.1,4.52,2934.8,Brown Hydromorphic
114.2,35.2,67.2,18.8,89.6,5.97,3110.6,Forest Loam
63.9,32.1,58.2,29.0,81.6,6.94,1896.1,Coastal Alluvial
58.2,15.9,85.4,28.9,82.4,5.89,3405.7,Laterite
120.4,50.1,109.7,20.7,79.9,5.04,3991.2,Forest Loam
71.1,37.4,34.7,27.5,97.0,4.74,3016.3,Brown Hydromorphic
84.4,36.1,78.7,34.0,69.7,7.26,1434.3,Black Cotton
93.6,28.7,78.0,28.4,70.5,6.58,2393.1,Red Loam
44.7,8.6,56.4,31.1,74.9,5.36,2612.8,Laterite
75.5,14.1,69.7,29.6,81.4,4.9,3073.3,Laterite
53.3,12.5,75.1,28.1,74.1,4.67,3127.0,Laterite
76.6,12.6,52.0,25.3,69.6,5.68,3465.9,Laterite
48.8,27.5,60.4,33.7,81.8,4.93,2932.0,Laterite
138.5,27.3,40.1,31.8,91.7,4.29,3036.5,Peaty
41.3,36.7,55.9,33.6,83.3,8.11,2021.4,Coastal Alluvial
99.9,49.9,82.1,29.9,75.3,6.67,2533.9,Clayey
51.6,12.4,43.7,29.1,86.1,5.17,2970.5,Laterite
96.0,27.7,80.9,25.0,76.3,6.47,1877.0,Red Loam
71.7,58.8,59.9,25.5,72.0,7.35,2006.8,Clayey
40.9,33.0,54.2,31.4,84.4,8.29,2179.0,Coastal Alluvial
58.3,32.8,30.1,27.0,79.1,4.25,3164.5,Brown Hydromorphic
47.9,9.9,54.6,28.4,83.1,5.24,2252.8,Laterite
97.0,62.1,89.3,26.6,81.7,6.68,3118.7,Riverine Alluvial
73.6,32.1,56.8,27.9,85.3,4.87,3083.0,Brown Hydromorphic
66.9,24.1,75.8,26.6,87.9,6.47,2193.3,Red Loam
74.0,62.4,50.3,26.8,81.5,6.98,2628.1,Riverine Alluvial
54.0,18.3,110.0,27.1,75.1,5.37,3835.9,Laterite
110.5,42.2,89.8,23.9,79.1,5.84,3806.8,Forest Loam
71.9,30.4,81.2,35.0,74.7,6.23,2773.0,Red Loam
46.3,37.0,68.5,32.7,89.9,8.42,1578.2,Coastal Alluvial
67.9,59.1,73.2,27.1,73.0,6.75,1450.6,Loamy
37.4,12.7,101.8,29.4,83.5,5.14,2449.0,Laterite
42.5,18.1,53.6,36.0,83.5,7.0,2138.3,Coastal Alluvial
66.1,37.2,69.5,34.0,80.2,6.21,2859.1,Red Loam
91.8,26.5,78.1,28.5,76.0,7.14,2266.8,Red Loam
39.3,14.7,77.8,27.4,83.0,4.75,2804.1,Laterite
58.9,10.7,77.8,25.8,87.4,4.67,3475.2,Laterite
121.4,58.5,118.6,19.7,76.0,5.41,3643.5,Forest Loam
84.6,39.9,56.1,32.7,62.8,7.43,1660.1,Black Cotton
66.7,31.9,55.7,35.5,76.0,6.05,2369.7,Red Loam
99.0,29.5,70.4,26.4,77.0,5.95,2155.2,Red Loam
37.1,44.3,51.0,32.8,87.6,7.56,2167.1,Coastal Alluvial
67.3,19.1,58.3,27.1,76.1,5.39,3426.8,Laterite
78.6,24.3,55.0,32.9,85.8,4.66,3908.2,Brown Hydromorphic
71.4,38.7,31.9,30.6,94.1,4.84,2937.3,Brown Hydromorphic
65.5,55.0,76.8,31.1,76.8,7.08,2981.5,Riverine Alluvial
156.2,23.8,53.8,32.0,93.0,4.65,3005.2,Peaty
68.1,27.6,68.0,29.1,73.8,6.29,2767.4,Red Loam
79.1,60.3,91.5,30.9,72.2,6.55,3101.1,Riverine Alluvial
65.4,33.1,60.2,34.1,61.6,8.31,1663.0,Black Cotton
76.2,34.5,84.5,32.2,86.3,6.71,2804.7,Red Loam
133.2,24.9,53.2,34.7,94.1,4.68,3108.8,Peaty
49.5,8.7,85.8,31.9,72.0,4.5,3336.1,Laterite
115.1,40.7,98.9,16.6,90.2,5.38,3772.9,Forest Loam
69.0,14.3,87.1,27.4,68.8,6.88,2063.1,Red Loam
144.3,43.4,121.1,16.1,81.8,5.05,3380.3,Forest Loam
80.2,43.1,66.5,26.5,64.8,7.26,1268.1,Loamy
83.8,66.3,106.5,33.6,82.2,6.97,3069.5,Riverine Alluvial
52.9,19.9,79.5,33.0,82.9,5.62,2504.9,Laterite
75.2,29.0,99.1,25.4,69.7,5.62,2147.2,Red Loam
56.2,29.3,56.8,30.4,86.2,4.59,2980.3,Brown Hydromorphic
67.4,14.1,54.0,27.0,77.2,5.75,2816.7,Laterite
95.5,43.0,58.3,20.6,89.7,5.54,4051.5,Forest Loam
30.4,36.8,49.6,28.9,80.7,7.43,2318.3,Coastal Alluvial
64.8,22.3,82.5,25.1,90.3,4.57,2451.8,Brown Hydromorphic
39.7,16.8,47.3,31.7,49.9,6.92,1426.5,Sandy
107.5,64.3,111.2,32.1,79.6,6.52,2947.1,Riverine Alluvial
127.1,34.3,38.8,27.3,91.8,4.92,2922.0,Peaty
75.2,67.1,93.0,29.0,88.6,7.04,2705.0,Riverine Alluvial
67.7,46.3,65.3,33.6,68.8,8.17,1279.7,Black Cotton
110.7,53.8,95.5,23.9,89.1,5.71,4107.0,Forest Loam
118.6,49.5,70.9,22.0,84.3,5.57,4608.3,Forest Loam
74.4,50.0,89.4,35.7,74.3,7.96,2720.0,Clayey
53.3,15.2,69.6,28.4,78.6,5.98,3060.8,Laterite
68.8,16.8,65.0,24.2,80.4,5.11,3754.5,Laterite
27.4,51.6,61.8,32.4,85.5,7.57,2285.8,Coastal Alluvial
60.5,25.3,78.2,28.3,83.6,6.03,3313.7,Red Loam
69.8,30.2,45.1,27.5,87.0,4.64,2741.7,Brown Hydromorphic
77.5,33.4,55.7,31.8,58.1,7.25,931.7,Black Cotton
76.8,36.7,77.8,30.2,75.6,5.57,2848.6,Red Loam
162.6,24.7,59.2,28.5,90.8,3.71,2633.1,Peaty
80.9,56.4,78.0,28.3,73.9,7.49,2817.1,Riverine Alluvial
56.9,16.6,54.0,27.7,80.9,5.8,2605.3,Laterite
54.0,50.3,114.6,30.2,83.5,6.75,2584.4,Riverine Alluvial
56.1,36.9,44.6,30.5,82.3,7.92,1599.7,Coastal Alluvial
29.5,39.2,48.7,34.1,80.7,7.05,1869.2,Coastal Alluvial
69.5,50.4,73.7,28.4,68.2,6.49,1923.2,Loamy
68.2,30.3,69.0,30.2,86.2,5.03,2530.7,Brown Hydromorphic
78.7,46.3,99.2,29.9,68.3,6.83,2874.1,Riverine Alluvial
36.1,37.2,77.2,28.7,80.0,7.16,1814.1,Coastal Alluvial
64.3,42.9,86.1,25.1,81.6,7.03,1651.3,Loamy
97.4,46.7,92.4,18.2,81.2,5.76,3745.8,Forest Loam
29.4,16.4,51.5,31.5,77.7,5.64,3673.3,Laterite
106.8,52.1,81.9,23.3,84.5,7.22,2216.8,Riverine Alluvial
58.0,19.9,63.4,35.0,88.5,4.58,3034.2,Brown Hydromorphic
49.1,13.9,86.3,31.2,82.7,4.97,3735.5,Laterite
41.4,38.7,71.3,33.9,89.4,8.31,2514.8,Coastal Alluvial
55.6,46.2,44.2,31.5,97.6,4.47,2735.9,Brown Hydromorphic
72.4,40.3,88.8,26.8,61.8,7.68,1567.2,Clayey
81.5,58.0,108.6,26.8,84.5,7.32,2366.9,Riverine Alluvial
48.8,11.0,69.5,27.2,75.5,4.58,3804.4,Laterite
59.5,12.2,60.2,29.6,88.3,5.25,3056.9,Laterite
58.2,21.4,50.6,30.9,88.4,7.38,1568.8,Coastal Alluvial
68.0,41.0,103.5,29.9,83.9,7.12,2357.2,Clayey
44.3,44.6,53.3,32.8,79.3,7.92,2107.8,Coastal Alluvial
43.6,30.6,100.6,31.0,69.9,5.75,2963.8,Red Loam
70.1,13.2,67.5,26.9,75.5,5.1,3798.2,Laterite
55.9,11.1,87.6,27.6,67.3,4.91,3192.8,Laterite
43.8,10.4,56.1,33.1,74.0,5.62,3450.1,Laterite
62.0,27.1,96.2,27.5,85.1,5.86,2350.7,Red Loam
76.4,46.7,92.3,28.0,66.8,6.21,2022.4,Loamy
130.6,31.4,46.5,25.5,95.8,4.32,3632.3,Peaty
70.0,40.1,55.9,33.9,97.6,5.34,2976.9,Brown Hydromorphic
85.7,32.5,96.3,29.6,82.7,6.58,3101.1,Red Loam
36.5,37.2,59.5,33.3,80.2,8.25,2202.3,Coastal Alluvial
103.6,56.8,73.0,21.2,82.3,6.19,3619.2,Forest Loam
82.5,44.9,59.4,31.6,84.4,4.41,2704.7,Brown Hydromorphic
75.5,47.9,69.3,28.3,79.8,7.29,2767.9,Riverine Alluvial
48.2,27.9,72.1,32.0,88.1,7.73,2004.0,Coastal Alluvial
94.5,28.5,98.7,29.5,75.4,6.1,2571.2,Red Loam
49.5,13.7,87.7,26.9,81.4,5.46,3393.1,Laterite
101.6,51.9,74.4,26.2,91.8,5.93,2710.2,Riverine Alluvial
63.3,13.4,82.2,30.3,85.6,5.03,3501.0,Laterite
44.8,21.6,55.3,28.3,86.5,4.81,3325.4,Laterite
72.5,27.6,36.5,28.2,89.3,4.53,3135.5,Brown Hydromorphic
85.5,55.6,98.7,25.8,88.3,7.85,1996.6,Clayey
31.7,22.5,41.8,29.6,86.3,5.57,2935.8,Laterite
47.5,38.0,66.0,28.8,94.7,7.99,1794.2,Coastal Alluvial
100.6,54.2,85.5,30.6,83.1,6.86,2909.5,Riverine Alluvial
57.8,18.0,82.4,31.2,76.6,5.11,3582.4,Laterite
55.0,6.8,70.6,32.0,86.3,5.47,3569.1,Laterite
101.1,33.2,112.0,27.5,80.1,6.39,3558.0,Riverine Alluvial
80.8,32.3,62.2,29.0,85.4,4.85,2163.1,Brown Hydromorphic
66.1,39.7,62.0,31.2,89.1,5.01,3005.0,Brown Hydromorphic
65.2,32.0,49.3,28.4,92.0,5.03,2488.6,Brown Hydromorphic
78.4,33.4,68.7,26.5,77.2,5.7,2858.6,Red Loam
66.3,43.1,72.2,37.4,70.3,7.9,1169.0,Black Cotton
47.6,16.3,95.1,30.5,84.7,4.86,3053.1,Laterite
45.0,33.0,55.8,27.6,89.4,4.78,3049.5,Brown Hydromorphic
92.3,40.1,81.4,26.3,68.8,6.6,2192.2,Loamy
58.2,42.6,54.2,31.9,81.1,7.13,1740.8,Coastal Alluvial
98.1,50.5,93.2,27.9,75.6,6.19,3259.2,Riverine Alluvial
90.4,61.1,93.3,30.8,75.4,6.99,2578.4,Riverine Alluvial
140.6,24.1,57.9,30.9,94.7,4.49,3172.6,Peaty
33.5,33.0,42.4,28.3,89.7,7.82,1648.1,Coastal Alluvial
46.8,27.0,81.0,26.5,80.5,5.05,3567.7,Laterite
44.9,28.9,65.1,31.1,89.7,8.13,2358.8,Coastal Alluvial
143.5,23.9,38.9,30.9,94.7,4.05,2880.3,Peaty
58.7,26.0,78.2,28.1,68.7,6.46,2585.7,Red Loam
78.1,55.0,58.6,28.4,91.0,4.34,3054.4,Brown Hydromorphic
79.1,50.8,93.2,20.9,68.0,7.63,1403.9,Clayey
75.9,36.6,54.5,25.8,65.7,6.56,2102.0,Loamy
92.2,45.5,67.6,25.4,63.7,6.51,2143.3,Loamy
30.8,23.2,63.0,25.5,88.1,5.93,3237.7,Laterite
152.6,30.1,51.7,29.9,92.4,4.79,3600.6,Peaty
88.9,70.0,92.0,28.4,76.5,6.56,3414.8,Riverine Alluvial
54.3,14.1,56.5,25.7,80.1,5.16,2993.2,Laterite
109.2,30.8,54.0,22.4,74.0,6.0,3480.9,Forest Loam
159.3,31.0,58.1,29.1,87.0,4.58,3168.0,Peaty
71.7,34.6,70.7,28.4,83.6,6.4,2905.9,Red Loam
88.8,41.3,60.4,29.7,64.8,7.36,1265.3,Black Cotton
150.7,23.8,44.3,30.4,99.8,4.05,3271.2,Peaty
74.7,42.1,53.5,29.3,70.8,8.33,1472.2,Black Cotton
54.8,30.9,74.8,29.0,81.8,6.97,2128.1,Coastal Alluvial
62.5,46.1,39.3,30.3,87.5,5.01,3552.2,Brown Hydromorphic
43.9,22.5,104.9,27.6,75.2,6.63,2243.9,Red Loam
68.0,16.2,82.9,32.5,67.5,5.47,3000.9,Laterite
34.8,25.6,18.8,32.1,48.8,6.94,1575.0,Sandy
82.1,45.7,102.6,30.3,78.5,6.81,2574.8,Riverine Alluvial
81.7,48.4,96.3,30.0,82.3,7.78,2252.3,Clayey
63.2,13.2,86.8,27.6,87.6,4.98,3304.6,Laterite
27.7,45.1,43.6,28.4,87.7,7.31,1789.7,Coastal Alluvial
77.3,33.0,63.3,28.0,83.3,5.47,3204.0,Brown Hydromorphic
92.3,35.5,55.0,23.8,93.8,4.74,3318.4,Brown Hydromorphic
73.2,46.3,66.3,29.9,61.3,7.36,1543.7,Black Cotton
100.1,60.9,85.3,24.4,72.6,6.78,2779.0,Riverine Alluvial
78.5,33.2,43.7,30.2,94.0,4.5,2954.0,Brown Hydromorphic
66.0,11.4,89.9,25.6,80.5,5.67,3506.5,Laterite
37.6,40.7,62.6,30.8,96.9,7.82,2098.5,Coastal Alluvial
66.6,15.5,65.3,32.4,76.1,5.07,2999.2,Laterite
54.8,47.5,95.5,34.9,60.6,7.66,1194.1,Black Cotton
94.7,47.5,86.4,28.7,82.3,7.19,3058.6,Riverine Alluvial
77.7,34.4,57.9,29.3,88.9,4.88,3307.7,Brown Hydromorphic
83.9,48.5,56.8,27.4,82.1,5.34,3166.0,Brown Hydromorphic
87.1,59.6,102.3,29.6,73.5,6.5,2514.4,Riverine Alluvial
49.6,10.8,76.7,30.7,86.1,5.37,2980.9,Laterite
56.1,12.7,82.8,32.6,84.2,5.29,4097.8,Laterite
50.4,10.0,75.8,31.9,86.1,5.58,3261.1,Laterite
75.9,36.4,49.5,28.3,80.5,6.52,3163.8,Riverine Alluvial
62.5,35.8,60.4,24.7,61.7,7.62,1502.1,Black Cotton
71.5,44.7,67.4,26.8,72.6,7.11,1809.9,Clayey
86.7,44.4,108.2,21.1,92.9,6.06,4014.7,Forest Loam
53.0,38.9,55.8,29.3,81.7,6.31,3124.7,Red Loam
86.9,49.7,83.3,26.0,82.8,7.17,3134.0,Riverine Alluvial
49.5,10.6,63.6,29.1,81.5,5.39,3318.7,Laterite
164.6,25.0,41.9,31.1,94.9,4.36,3370.1,Peaty
74.2,60.0,66.4,29.0,79.7,6.86,3167.5,Riverine Alluvial
89.5,49.9,76.1,32.0,74.5,6.73,2884.3,Riverine Alluvial
86.1,47.6,66.5,27.3,58.8,7.44,1486.9,Black Cotton
55.5,32.1,64.8,30.1,83.0,6.43,2252.6,Red Loam
84.9,62.6,106.7,27.2,73.7,6.61,2783.4,Riverine Alluvial
54.2,39.8,46.1,30.1,76.5,7.5,2242.8,Coastal Alluvial
36.0,20.9,28.3,33.6,50.0,6.31,750.8,Sandy
75.6,27.9,75.1,31.0,69.1,6.1,2639.5,Red Loam
48.4,23.4,69.8,31.8,69.7,5.69,3234.0,Laterite
97.3,34.0,95.9,15.2,85.3,5.82,3925.4,Forest Loam
71.7,12.5,109.6,27.7,93.8,4.58,3519.0,Laterite
179.3,19.3,36.5,28.9,91.9,4.06,2674.9,Peaty
32.1,19.0,50.8,30.9,83.3,7.93,1937.4,Coastal Alluvial
116.7,69.6,70.2,27.4,81.2,7.79,3315.7,Riverine Alluvial
42.1,35.7,65.2,29.2,84.5,7.77,2116.8,Coastal Alluvial
118.1,47.4,111.3,19.3,91.5,5.32,3935.2,Forest Loam
41.6,36.3,54.5,32.6,91.3,8.52,2668.2,Coastal Alluvial
49.1,44.9,68.7,24.7,75.2,6.9,1211.6,Black Cotton
65.8,43.2,51.8,31.1,73.6,7.75,1614.2,Black Cotton
128.0,42.6,104.5,21.1,86.2,5.73,3901.1,Forest Loam
70.2,24.5,78.4,29.9,66.0,5.72,2411.0,Red Loam
66.4,28.4,80.5,31.7,78.7,7.88,1876.8,Coastal Alluvial
101.0,39.6,98.6,14.2,77.0,6.06,4177.2,Forest Loam
75.4,16.8,49.7,29.9,72.2,6.13,2682.4,Red Loam
48.8,29.3,85.2,30.1,64.6,6.56,2585.2,Red Loam
79.4,42.7,50.2,30.0,91.2,4.47,2991.2,Brown Hydromorphic
53.8,38.9,73.1,27.0,81.5,6.99,2450.4,Clayey
76.7,43.7,44.4,30.7,97.5,4.86,3881.5,Brown Hydromorphic
105.4,41.8,82.2,28.0,82.9,6.76,2926.7,Riverine Alluvial
107.6,51.5,75.7,26.3,84.6,6.8,3068.8,Riverine Alluvial
89.1,47.1,34.6,30.2,90.6,4.97,3544.0,Brown Hydromorphic
41.3,36.9,52.8,30.8,80.7,7.62,1777.1,Coastal Alluvial
61.4,34.3,99.3,27.2,70.8,6.24,2432.5,Red Loam
72.9,13.4,66.1,30.0,82.1,5.1,3462.2,Laterite
60.9,32.9,67.4,28.4,81.3,5.82,2958.9,Red Loam
98.1,57.0,82.6,34.6,69.0,6.79,2541.2,Riverine Alluvial
91.0,40.6,61.0,31.9,92.0,4.27,3415.0,Brown Hydromorphic
35.0,37.1,62.1,25.3,78.6,7.72,1637.6,Coastal Alluvial
28.3,38.3,59.7,34.4,85.2,7.44,2031.0,Coastal Alluvial
132.8,38.0,63.7,22.1,79.9,6.26,3191.2,Forest Loam
116.4,46.1,107.5,20.7,85.7,6.31,3478.9,Forest Loam
73.5,25.2,64.4,32.3,89.0,5.9,2544.1,Red Loam
73.0,31.8,53.8,29.0,89.8,4.21,3643.7,Brown Hydromorphic
74.7,42.1,115.4,29.3,77.7,6.99,3185.0,Riverine Alluvial
83.6,55.9,119.8,23.3,81.2,6.06,4208.5,Forest Loam
68.0,49.1,56.9,25.6,85.3,4.79,2568.3,Brown Hydromorphic
75.2,42.1,77.0,34.9,86.3,7.5,1822.9,Clayey
55.7,13.6,74.4,26.7,74.4,5.77,3788.6,Laterite
60.5,14.4,76.1,30.7,77.9,5.25,3374.6,Laterite
63.1,5.7,71.2,27.2,79.1,5.41,3522.6,Laterite
54.4,37.6,60.2,32.5,93.7,7.48,1893.3,Coastal Alluvial
50.1,33.5,59.4,32.2,82.5,8.05,1489.1,Coastal Alluvial
42.5,18.6,71.9,25.0,86.4,4.27,3033.0,Laterite
143.8,54.8,107.9,19.5,82.0,5.32,4598.9,Forest Loam
97.6,55.0,77.1,25.9,74.4,7.06,3013.0,Riverine Alluvial
68.7,22.5,55.4,32.9,76.5,6.82,1145.6,Black Cotton
34.8,18.1,70.0,31.6,83.4,5.57,3538.1,Laterite
81.6,58.6,87.0,28.0,83.8,6.89,3094.4,Riverine Alluvial
54.2,37.3,47.9,27.8,86.7,4.82,3044.4,Brown Hydromorphic
32.4,54.7,53.1,33.5,84.9,8.62,2172.7,Coastal Alluvial
98.6,62.7,62.0,17.9,90.8,5.39,3236.9,Forest Loam
34.4,16.1,50.2,27.8,61.9,6.51,943.7,Sandy
58.4,42.9,58.6,31.0,57.2,7.78,1211.6,Black Cotton
78.7,28.0,50.9,30.2,89.2,4.94,3077.7,Brown Hydromorphic
108.3,61.4,61.3,31.1,85.7,6.93,1909.3,Riverine Alluvial
75.7,44.2,86.3,28.9,70.8,6.95,2195.0,Loamy
100.3,43.9,81.6,28.6,76.6,6.65,1688.9,Loamy
79.0,31.0,44.7,29.0,88.8,5.05,3511.4,Brown Hydromorphic
74.8,38.3,79.9,33.9,50.3,7.84,1241.4,Black Cotton
87.9,43.8,103.6,24.4,82.8,6.93,1831.3,Clayey
57.3,29.8,89.9,32.0,75.4,6.05,2535.8,Red Loam
80.0,37.2,93.5,35.4,86.4,6.92,2353.6,Red Loam
46.2,25.3,40.4,39.7,56.0,6.65,1105.0,Sandy
45.7,39.4,57.7,33.3,62.7,7.46,1088.1,Black Cotton
99.9,45.6,81.9,21.7,80.0,5.44,4231.2,Forest Loam
34.6,36.6,54.7,33.6,92.2,7.24,2621.5,Coastal Alluvial
56.8,21.9,88.7,29.9,74.4,6.29,2666.3,Red Loam
23.3,25.5,56.9,35.1,54.0,6.2,1357.2,Sandy
27.0,14.7,83.2,22.8,73.8,4.6,2321.9,Laterite
68.2,22.8,70.8,28.5,73.4,5.98,2676.5,Red Loam
90.9,50.4,100.6,31.5,75.2,7.01,2348.0,Riverine Alluvial
75.2,53.7,54.9,33.6,56.2,6.81,1399.9,Black Cotton
123.7,58.5,111.9,18.3,89.8,5.22,4697.8,Forest Loam
81.1,55.4,83.8,28.7,80.1,6.67,2929.2,Riverine Alluvial
54.0,63.6,103.4,24.9,74.2,6.98,2327.3,Riverine Alluvial
58.3,17.2,89.3,27.7,83.1,5.27,2960.6,Laterite
93.0,36.5,76.5,35.5,65.6,7.91,1615.7,Black Cotton
56.0,16.5,69.6,29.4,78.2,4.77,3461.8,Laterite
73.9,49.6,64.4,31.7,61.1,8.03,1876.0,Black Cotton
84.5,14.2,73.4,27.8,89.3,4.5,3364.1,Laterite
71.5,37.5,38.4,30.8,90.4,4.08,3144.9,Brown Hydromorphic
74.7,17.8,64.7,28.5,85.9,5.31,2814.8,Laterite
74.8,46.4,70.2,26.1,70.5,6.91,1351.6,Loamy
69.4,29.3,47.4,31.7,90.6,5.09,3383.4,Brown Hydromorphic
108.9,53.1,75.6,18.4,76.2,5.4,4989.2,Forest Loam
78.6,16.8,97.8,26.3,85.5,4.96,4021.4,Laterite
66.7,9.6,72.8,26.1,85.3,4.37,3092.3,Laterite
53.6,28.1,43.2,26.5,82.7,4.33,3814.3,Brown Hydromorphic
140.8,23.9,43.5,30.0,92.6,4.43,3139.2,Peaty
74.7,40.0,63.7,30.8,71.7,8.5,1564.5,Black Cotton
53.8,19.4,67.9,30.4,80.4,6.41,2784.3,Red Loam
22.5,32.5,48.4,31.6,81.5,7.67,2218.3,Coastal Alluvial
51.3,46.9,40.9,34.6,78.0,7.78,1328.7,Coastal Alluvial
49.5,44.7,50.2,33.0,81.6,7.74,1585.9,Coastal Alluvial
115.9,46.5,102.1,32.2,84.3,6.36,2532.3,Riverine Alluvial
43.7,25.2,68.7,31.6,79.8,7.19,1669.8,Coastal Alluvial
123.9,51.5,130.7,22.5,85.2,6.32,3908.3,Forest Loam
57.7,15.7,74.6,23.8,81.4,5.63,3341.1,Laterite
67.9,14.3,89.5,25.5,80.7,4.85,3956.3,Laterite
75.1,77.0,78.4,24.8,73.3,6.78,3278.0,Riverine Alluvial
108.6,51.3,107.8,29.1,82.0,6.78,2472.4,Riverine Alluvial
66.8,14.4,85.3,31.3,80.4,5.22,3481.2,Laterite
29.0,39.7,50.3,35.5,88.6,7.81,2209.1,Coastal Alluvial
84.7,42.2,68.0,30.1,89.3,4.33,3076.2,Brown Hydromorphic
81.5,48.6,82.3,29.7,66.9,6.49,1417.8,Loamy
121.5,54.2,93.9,22.7,87.1,5.46,3593.8,Forest Loam
70.5,26.2,73.3,29.4,81.1,5.61,2470.3,Red Loam
137.9,32.4,40.9,31.3,100.0,4.11,2961.8,Peaty
42.3,34.4,57.1,36.1,90.2,6.85,2048.9,Coastal Alluvial
46.7,31.6,69.5,31.4,80.3,7.43,2448.6,Coastal Alluvial
84.3,26.1,48.6,29.2,67.2,7.8,1292.3,Black Cotton
106.6,40.2,87.6,27.9,77.0,7.01,3564.8,Riverine Alluvial
36.2,17.3,36.0,27.3,75.7,5.4,3569.1,Laterite
91.0,53.6,87.8,27.7,85.1,6.44,2276.2,Riverine Alluvial
55.5,17.6,69.5,29.5,74.4,5.56,3077.0,Laterite
31.2,14.9,86.2,30.2,77.9,5.31,3432.4,Laterite
86.5,23.6,59.4,30.7,84.6,6.8,2945.2,Red Loam
43.3,19.0,46.5,30.7,79.8,5.18,3314.4,Laterite
125.1,57.5,85.2,19.4,80.0,5.7,4393.4,Forest Loam
89.6,44.9,74.7,22.8,82.0,6.32,3488.9,Forest Loam
139.5,24.7,39.1,31.4,87.7,3.32,3135.8,Peaty
55.9,24.3,46.3,33.5,89.2,7.01,2553.9,Coastal Alluvial
22.5,31.8,78.5,31.8,81.9,8.05,1549.9,Coastal Alluvial
112.4,44.1,94.0,14.2,82.1,5.95,4107.1,Forest Loam
69.7,15.8,49.9,24.1,78.3,4.91,3518.3,Laterite
86.5,43.8,93.8,20.1,86.8,5.84,4084.7,Forest Loam
93.6,46.6,105.3,30.4,84.9,6.79,2553.0,Riverine Alluvial
80.8,47.9,66.6,31.4,70.9,7.58,1784.8,Clayey
67.8,19.2,69.8,30.4,74.9,6.13,1793.9,Red Loam
53.1,37.3,62.5,29.5,84.4,8.52,2622.8,Coastal Alluvial
36.2,40.2,79.5,34.5,86.7,7.12,1697.7,Coastal Alluvial
68.3,32.1,61.8,33.8,75.5,6.24,2717.6,Red Loam
156.7,34.0,47.5,30.9,92.6,4.58,3095.9,Peaty
60.3,41.3,59.1,29.8,85.9,5.09,2874.5,Brown Hydromorphic
157.9,31.9,59.1,30.7,95.5,4.22,2576.0,Peaty
75.3,43.8,85.2,28.8,77.7,6.95,2547.9,Riverine Alluvial
31.1,40.9,58.1,31.2,89.6,7.8,1899.7,Coastal Alluvial
76.4,21.6,92.5,28.8,79.5,6.04,2857.0,Red Loam
90.8,45.4,73.3,28.0,77.0,7.15,3045.7,Clayey
125.2,46.3,109.0,21.5,91.3,5.67,4196.7,Forest Loam
119.5,61.6,121.2,19.1,85.4,5.97,3101.7,Forest Loam
76.2,37.6,115.1,29.7,75.6,6.44,2689.1,Red Loam
30.7,25.1,35.3,28.6,56.6,6.38,914.9,Sandy
76.7,37.9,77.4,32.5,55.5,7.69,1419.7,Black Cotton
75.3,65.4,72.9,27.0,78.2,6.69,2969.6,Riverine Alluvial
90.5,30.9,61.5,29.5,87.5,4.52,3102.2,Brown Hydromorphic
83.6,26.0,79.6,30.4,75.0,6.17,2581.2,Red Loam
85.6,52.2,100.9,29.9,75.5,6.86,2636.1,Riverine Alluvial
61.3,44.3,77.1,27.6,70.7,6.7,1899.5,Loamy
41.0,12.1,42.2,29.2,78.0,5.74,3365.2,Laterite
152.1,25.7,46.7,32.9,91.0,4.56,2766.6,Peaty
156.9,23.3,37.8,27.9,90.8,4.51,3219.9,Peaty
121.4,19.3,34.8,27.8,88.8,4.52,3072.7,Peaty
36.3,14.2,70.6,28.1,85.1,5.05,3237.5,Laterite
99.3,55.9,123.9,29.7,78.0,6.77,3193.6,Riverine Alluvial
91.9,55.5,96.9,26.5,77.3,6.84,2577.5,Riverine Alluvial
45.6,29.1,58.1,30.8,74.4,8.02,1910.3,Coastal Alluvial
18.0,22.6,38.5,28.6,38.0,6.68,1791.0,Sandy
64.0,26.7,67.3,28.8,80.3,5.84,2540.9,Red Loam
60.3,20.9,96.1,27.7,87.4,5.26,3504.5,Laterite
113.3,53.8,104.3,21.9,83.3,5.85,3795.2,Forest Loam
68.4,49.2,59.3,32.3,88.8,4.82,2747.4,Brown Hydromorphic
62.6,56.3,74.8,30.9,76.5,6.62,1603.0,Clayey
104.3,67.2,65.7,32.3,83.3,6.97,3260.2,Riverine Alluvial
37.1,19.0,40.5,29.8,48.4,6.52,1446.6,Sandy
58.2,11.6,72.2,29.3,81.2,5.3,2835.9,Laterite
39.9,31.2,53.9,31.5,84.1,7.65,1968.6,Coastal Alluvial
48.7,26.6,29.5,33.5,48.7,6.42,1443.5,Sandy
61.6,18.8,61.8,32.9,85.7,8.14,2376.0,Coastal Alluvial
84.9,32.1,75.1,24.8,86.9,5.9,2967.7,Red Loam
60.8,9.3,74.3,28.4,80.7,5.02,3187.6,Laterite
65.3,29.6,60.5,29.4,87.1,4.35,2750.9,Brown Hydromorphic
123.5,36.6,106.0,19.5,85.0,4.95,3469.8,Forest Loam
109.8,52.1,103.4,19.7,82.3,5.62,3686.6,Forest Loam
74.0,36.9,73.3,26.5,73.0,6.6,1999.9,Loamy
28.3,25.4,32.9,32.2,62.1,6.38,1592.5,Sandy
72.5,28.2,91.5,29.5,74.6,5.84,1948.7,Red Loam
67.2,38.7,67.4,24.8,88.8,4.69,2628.4,Brown Hydromorphic
36.0,14.4,95.8,26.1,77.3,5.56,3843.1,Laterite
58.1,13.6,82.2,31.3,82.5,5.03,2180.4,Laterite
107.3,52.0,75.8,29.4,79.0,6.7,2592.0,Riverine Alluvial
83.2,26.2,78.8,29.1,69.8,5.63,2018.6,Red Loam
41.9,55.0,44.6,34.3,96.6,8.02,1863.4,Coastal Alluvial
46.3,22.8,55.9,30.0,91.4,7.98,2042.0,Coastal Alluvial
57.8,37.7,74.9,26.7,88.8,8.33,1569.5,Coastal Alluvial
53.3,29.0,97.5,25.9,78.3,5.85,1957.0,Red Loam
47.7,11.7,48.9,28.7,78.7,5.24,4054.9,Laterite
135.4,17.2,50.2,26.3,92.8,4.62,2769.3,Peaty
85.0,42.6,68.9,25.9,69.8,6.25,1632.2,Loamy
74.3,49.3,60.0,31.6,76.3,7.03,1526.4,Clayey
90.2,54.8,88.6,25.4,75.8,8.07,2931.3,Clayey
89.6,39.6,43.8,29.1,82.3,5.64,3307.6,Brown Hydromorphic
35.8,22.2,46.8,31.4,50.0,6.55,1634.5,Sandy
40.2,11.2,54.8,30.3,88.4,5.62,3411.3,Laterite
48.2,17.7,97.1,30.7,83.3,5.96,3417.2,Red Loam
35.4,27.8,51.4,24.6,48.7,6.77,1166.7,Sandy
62.3,46.9,76.3,31.5,94.5,4.8,3022.6,Brown Hydromorphic
72.7,35.3,47.0,28.8,91.0,5.45,3246.5,Brown Hydromorphic
30.5,19.3,56.7,33.6,83.7,6.8,1934.5,Coastal Alluvial
117.5,40.6,99.8,22.3,89.0,4.98,3996.8,Forest Loam
68.2,57.0,80.0,27.9,79.1,7.46,2579.7,Clayey
140.9,58.9,102.7,23.1,78.1,5.6,3889.9,Forest Loam
70.6,24.0,77.0,27.8,84.2,5.59,2491.4,Red Loam
93.3,66.1,74.2,21.5,88.3,6.08,4033.6,Forest Loam
63.2,9.4,50.8,30.9,79.3,5.27,3168.6,Laterite
45.5,13.6,61.9,33.3,80.2,5.13,3075.6,Laterite
81.0,37.1,68.5,35.3,58.7,6.95,1274.1,Black Cotton
57.7,43.5,62.9,28.6,80.3,8.05,1917.8,Coastal Alluvial
141.0,62.7,90.3,22.2,84.3,5.5,3578.3,Forest Loam
102.5,18.0,27.0,27.1,89.2,4.55,3428.1,Brown Hydromorphic
77.1,46.4,82.3,26.6,67.1,7.83,1440.7,Clayey
66.4,9.3,62.2,27.0,79.7,5.38,2321.2,Laterite
37.6,13.6,58.6,33.6,89.4,5.52,3166.3,Laterite
51.6,7.2,47.2,26.8,74.7,5.64,3130.2,Laterite
44.8,15.4,88.0,29.1,79.5,6.55,3106.2,Red Loam
86.3,28.7,92.4,33.1,76.7,6.17,2667.4,Red Loam
105.1,44.7,97.7,32.6,77.7,7.71,2899.6,Riverine Alluvial
84.1,51.7,92.8,31.2,82.8,7.01,2856.3,Riverine Alluvial
75.3,29.3,68.0,31.5,82.8,6.14,2765.7,Red Loam
41.8,33.3,47.2,31.0,83.4,7.56,2337.3,Coastal Alluvial
83.6,49.7,34.9,26.3,95.7,5.0,3143.0,Brown Hydromorphic
47.2,23.8,73.4,31.4,89.8,5.03,2938.6,Laterite
131.2,27.9,91.3,20.8,80.0,5.57,4142.5,Forest Loam
52.8,29.3,83.3,31.0,72.1,5.66,1530.0,Red Loam
78.0,35.8,45.1,27.6,91.1,4.78,3375.7,Brown Hydromorphic
99.1,39.0,43.0,29.7,96.1,5.08,2790.6,Brown Hydromorphic
55.0,27.9,90.6,31.9,71.0,6.08,2329.5,Red Loam
82.8,21.5,70.0,25.5,82.5,6.01,2272.8,Laterite
82.2,28.1,37.4,34.3,88.5,5.24,3506.6,Brown Hydromorphic
32.2,24.7,37.1,36.1,56.0,6.26,1617.9,Sandy
46.8,23.8,50.2,28.7,84.5,5.25,3788.9,Laterite
79.4,32.6,55.6,30.0,80.8,6.52,2586.7,Red Loam
158.9,27.6,54.3,29.3,87.6,4.26,3236.2,Peaty
142.5,24.5,22.5,33.3,90.7,4.68,2663.2,Peaty
74.6,27.0,35.4,30.7,89.5,4.81,3257.4,Brown Hydromorphic
55.9,33.9,81.5,35.8,80.2,6.12,2771.8,Red Loam
131.6,30.0,52.6,30.5,88.3,4.52,2893.5,Peaty
105.8,57.2,89.0,30.4,78.6,6.94,3146.4,Riverine Alluvial
31.5,14.7,37.0,30.1,66.5,6.5,1155.2,Sandy
154.1,28.3,52.3,30.6,92.5,3.59,2788.7,Peaty
85.4,47.9,108.7,26.2,86.0,6.79,2724.7,Riverine Alluvial
59.1,38.5,79.1,31.9,72.2,6.9,2188.1,Clayey
35.5,13.2,51.0,33.6,61.1,6.33,1499.1,Sandy
82.4,50.7,70.2,32.4,82.2,6.74,3098.9,Riverine Alluvial
63.7,37.1,70.7,24.9,92.4,4.67,3081.7,Brown Hydromorphic
152.1,21.9,36.8,28.8,93.5,4.03,2793.0,Peaty
62.0,23.6,93.6,29.9,77.2,6.28,2671.0,Red Loam
36.6,34.5,55.9,31.4,82.0,7.43,1724.3,Coastal Alluvial
73.7,41.4,54.6,26.3,91.4,4.65,3747.2,Brown Hydromorphic
68.5,31.8,88.2,24.3,67.4,7.23,2194.8,Loamy
37.5,12.7,38.1,30.9,60.7,6.86,1257.3,Sandy
80.5,42.5,113.4,28.1,72.7,6.81,3258.5,Riverine Alluvial
54.5,16.0,78.7,31.0,75.4,5.34,3013.8,Laterite
123.0,45.6,126.3,27.9,79.9,6.72,2845.6,Riverine Alluvial
59.2,29.0,50.5,34.0,84.5,7.82,1827.6,Coastal Alluvial
66.4,55.2,76.4,26.6,69.1,7.64,1352.6,Clayey
72.1,25.9,75.7,27.8,74.4,5.22,2540.9,Red Loam
144.6,49.8,143.0,19.3,93.4,6.17,3756.7,Forest Loam
60.5,19.1,80.7,27.0,78.9,6.0,2778.5,Red Loam
47.6,29.2,47.3,27.0,81.2,7.66,2300.2,Coastal Alluvial
63.2,18.7,63.3,29.3,79.3,5.44,3150.7,Laterite
70.8,34.1,58.3,24.4,67.5,7.16,1668.8,Loamy
33.7,19.9,40.7,30.7,85.3,5.03,2862.6,Laterite
27.0,12.6,46.5,28.1,72.5,5.37,3648.5,Laterite
78.0,43.7,91.4,29.9,78.8,6.72,2528.7,Riverine Alluvial
69.6,32.7,110.0,27.8,81.5,7.07,2951.3,Clayey
84.1,30.2,51.0,27.7,87.5,5.18,3603.2,Brown Hydromorphic
58.1,39.2,70.6,33.6,59.7,7.59,1403.8,Black Cotton
110.1,54.3,113.1,18.6,84.6,6.55,4708.2,Forest Loam
59.3,18.8,87.8,27.0,84.7,6.46,2724.6,Red Loam
162.8,14.8,43.6,32.1,96.6,3.93,3056.8,Peaty
60.8,53.9,83.3,28.9,63.8,7.81,1370.2,Black Cotton
49.7,11.8,73.7,29.7,85.4,5.33,3968.8,Laterite
43.5,15.2,79.6,30.7,85.9,5.06,4417.1,Laterite
41.6,38.0,64.9,31.5,80.4,8.36,1807.7,Coastal Alluvial
79.3,43.8,112.7,30.9,81.7,6.79,2187.5,Clayey
29.0,32.6,39.3,32.4,64.7,6.68,1566.7,Sandy
63.5,10.6,72.9,26.5,85.7,5.51,3229.7,Laterite
36.4,23.0,31.8,30.3,57.1,6.99,1258.4,Sandy
57.2,5.1,60.7,27.5,89.2,5.1,3365.8,Laterite
53.4,33.1,43.0,30.6,88.9,7.75,1766.9,Coastal Alluvial
56.6,31.9,65.1,28.4,89.6,8.12,2305.8,Coastal Alluvial
64.4,46.8,92.3,28.6,88.8,6.93,1582.7,Clayey
34.8,32.1,40.0,30.7,49.0,6.74,811.9,Sandy
66.5,45.2,75.8,29.3,68.3,6.44,2163.5,Loamy
59.4,28.1,50.1,28.0,81.5,4.36,2936.2,Brown Hydromorphic
83.3,28.6,40.3,32.5,87.6,4.5,3603.3,Brown Hydromorphic
64.6,50.3,96.7,29.1,76.2,6.95,3164.8,Riverine Alluvial
94.2,30.5,40.8,31.8,93.2,4.36,2658.4,Brown Hydromorphic
78.1,33.1,64.9,30.6,81.3,4.13,2766.0,Brown Hydromorphic
108.0,57.3,106.3,21.2,86.6,5.81,3226.9,Forest Loam
57.0,29.1,74.5,27.8,91.2,8.17,1787.9,Coastal Alluvial
69.0,9.4,70.7,31.4,74.3,5.15,3202.2,Laterite
72.9,49.6,80.1,28.5,61.2,7.5,1784.1,Black Cotton
89.0,22.1,54.4,29.7,94.8,4.64,3180.1,Brown Hydromorphic
155.0,21.0,39.8,32.0,91.4,3.92,3186.7,Peaty
76.8,43.5,96.6,27.0,66.9,6.52,2154.2,Loamy
60.1,14.5,49.6,28.4,74.2,4.64,4119.2,Laterite
38.4,27.2,35.5,30.9,59.3,6.59,857.0,Sandy
95.3,50.7,79.6,22.2,66.8,6.74,1640.1,Loamy
50.8,45.0,92.6,23.2,70.0,7.08,2194.2,Clayey
49.6,19.2,75.4,29.7,77.4,5.49,2704.7,Laterite
64.4,16.4,67.0,30.9,81.1,5.02,3864.2,Laterite
53.6,12.3,108.0,32.8,81.5,5.73,3175.9,Laterite
102.5,51.8,95.9,27.4,84.3,7.21,2878.0,Riverine Alluvial
63.6,46.2,86.2,24.8,67.1,6.75,1870.0,Loamy
135.3,23.2,39.5,29.1,97.9,4.31,2853.9,Peaty
36.0,31.6,99.1,27.7,77.4,6.56,2552.8,Red Loam
68.8,48.6,48.6,29.6,88.1,3.89,3468.0,Brown Hydromorphic
67.2,43.7,68.2,23.8,68.9,6.23,1808.1,Loamy
75.4,37.0,70.3,29.8,88.4,5.37,3368.9,Brown Hydromorphic
84.1,42.7,108.1,22.8,74.6,7.57,1706.8,Clayey
80.0,26.6,86.5,32.2,85.9,6.48,2483.6,Red Loam
120.5,25.2,36.9,30.9,87.2,3.58,3668.7,Peaty
27.5,19.7,30.1,33.6,52.5,7.31,1753.9,Sandy
89.9,22.5,72.4,31.8,58.3,7.89,1191.5,Black Cotton
86.0,45.3,37.5,31.4,93.2,4.73,2947.2,Brown Hydromorphic
132.6,16.9,44.8,30.8,92.0,4.0,2450.6,Peaty
41.6,18.3,76.2,24.7,75.3,5.83,4275.7,Laterite
58.7,41.5,56.2,28.7,89.3,7.85,1897.7,Coastal Alluvial
41.4,16.5,27.9,29.3,51.9,6.94,990.6,Sandy
100.5,53.7,97.4,29.5,87.0,6.8,2723.8,Riverine Alluvial
52.9,27.5,66.8,32.6,84.2,5.38,3014.8,Laterite
72.3,56.8,117.8,30.6,76.5,7.42,3375.9,Riverine Alluvial
51.4,22.1,67.9,29.8,78.9,6.02,4142.2,Laterite
52.1,19.4,55.5,23.7,81.2,4.45,4176.5,Laterite
82.8,18.0,84.5,29.5,67.7,6.84,2749.2,Red Loam
143.5,21.9,54.7,26.1,88.9,4.76,2820.4,Peaty
55.8,14.7,40.9,25.2,83.9,5.34,3137.8,Laterite
61.9,46.4,101.4,28.2,71.4,7.19,2189.9,Clayey
160.8,33.0,50.2,28.2,92.4,3.94,3086.7,Peaty
52.4,34.2,87.4,27.9,66.2,6.76,2173.2,Loamy
66.7,46.2,96.7,23.6,87.2,7.01,2013.4,Clayey
73.0,51.7,90.7,25.6,78.2,6.89,2408.3,Clayey
69.8,32.7,49.9,30.0,80.4,5.74,3211.6,Red Loam
51.3,39.4,79.8,33.8,62.0,8.03,1304.8,Black Cotton
83.3,45.5,72.7,28.2,81.3,7.23,2183.7,Clayey
73.8,40.9,68.0,30.6,70.1,7.93,1399.0,Black Cotton
32.1,23.9,56.2,32.7,83.5,8.42,1952.8,Coastal Alluvial
44.6,17.8,44.9,33.3,40.8,6.92,1562.5,Sandy
78.4,27.0,94.6,27.2,77.0,7.72,2696.7,Clayey
63.9,8.2,64.4,32.7,80.2,5.35,2715.6,Laterite
65.5,39.3,74.6,30.8,71.1,6.06,2420.3,Red Loam
57.3,32.6,71.1,32.6,90.7,5.18,2377.3,Brown Hydromorphic
83.5,25.5,82.5,30.8,81.9,4.66,2928.8,Brown Hydromorphic
58.2,26.7,57.4,32.7,82.1,8.15,2343.4,Coastal Alluvial
88.3,75.6,64.9,27.7,85.1,6.94,2517.2,Riverine Alluvial
27.0,5.5,52.6,28.2,79.7,5.24,2955.1,Laterite
76.4,29.7,40.5,34.1,96.1,5.2,3282.9,Brown Hydromorphic
80.8,35.6,41.7,27.3,89.4,5.13,3308.5,Brown Hydromorphic
88.4,33.9,78.4,23.8,73.1,6.24,2144.8,Red Loam
55.9,25.4,52.5,35.3,52.8,8.27,1458.9,Black Cotton
59.6,19.1,95.9,30.8,84.8,5.49,3194.1,Laterite
54.6,12.8,71.6,27.2,85.2,4.96,3616.7,Laterite
39.5,13.9,75.5,30.6,84.2,5.92,3496.4,Laterite
36.6,14.9,65.0,30.3,80.8,5.99,3293.2,Laterite
49.5,42.7,57.0,34.9,90.6,8.43,2046.0,Coastal Alluvial
58.1,14.3,100.1,27.6,84.4,6.3,3628.4,Laterite
110.1,47.0,94.1,20.4,88.2,5.71,3743.2,Forest Loam
138.2,42.9,107.3,21.4,87.6,5.47,3992.9,Forest Loam
55.1,28.3,44.7,30.1,88.3,8.09,1815.0,Coastal Alluvial
35.0,22.1,47.0,30.6,69.3,7.02,1234.1,Sandy
61.5,35.2,66.2,33.0,57.5,8.0,1494.4,Black Cotton
26.3,35.9,48.9,31.6,80.8,7.61,2040.6,Coastal Alluvial
80.2,38.3,58.1,26.7,87.9,5.35,3315.4,Brown Hydromorphic
150.7,18.9,46.3,30.2,90.4,4.2,2804.4,Peaty
71.4,46.5,94.7,28.4,74.4,7.24,2428.8,Clayey
85.7,37.5,68.6,32.2,56.7,7.36,1463.2,Black Cotton
108.9,41.7,76.9,27.8,74.7,7.23,2757.4,Riverine Alluvial
141.7,58.3,143.0,20.8,83.4,6.2,2824.9,Forest Loam
63.6,41.6,61.7,32.1,62.3,8.06,1803.9,Black Cotton
36.0,26.9,62.8,32.7,72.2,6.3,3083.6,Red Loam
62.6,36.0,69.2,31.6,48.3,7.59,1436.1,Black Cotton
106.5,37.5,88.3,20.3,88.5,5.11,3336.4,Forest Loam
93.6,53.1,79.4,30.1,84.3,6.92,2495.4,Riverine Alluvial
70.1,61.3,74.7,28.3,81.3,6.49,2334.6,Riverine Alluvial
55.9,25.5,89.5,29.4,69.1,6.0,2850.9,Red Loam
84.0,48.4,97.8,28.9,82.3,6.73,2720.1,Riverine Alluvial
47.9,21.6,86.6,26.7,75.7,6.36,2550.8,Red Loam
67.3,42.2,91.2,23.5,63.9,6.86,1892.7,Clayey
44.6,37.8,57.5,34.2,91.1,7.19,2053.4,Coastal Alluvial
47.2,17.6,62.7,29.3,85.2,6.25,2937.6,Red Loam
60.2,26.4,77.7,24.2,78.4,6.09,2250.6,Red Loam
50.4,24.0,77.2,26.9,70.9,6.1,3000.7,Red Loam
83.5,32.6,72.0,29.6,86.0,5.6,2539.4,Red Loam
35.7,22.0,30.0,32.4,49.4,6.66,648.5,Sandy
71.6,45.3,68.0,31.5,90.8,4.58,3164.2,Brown Hydromorphic
47.7,21.9,62.0,28.6,82.5,7.83,2036.5,Coastal Alluvial
45.6,33.9,60.5,35.8,64.1,6.6,1526.5,Sandy
122.8,58.5,100.2,20.8,78.0,5.87,3413.5,Forest Loam
89.3,55.0,84.1,29.0,81.4,7.41,3022.4,Riverine Alluvial
55.4,14.9,59.4,32.4,77.3,5.42,3461.2,Laterite
62.4,31.9,44.8,32.4,60.2,7.49,1755.8,Black Cotton
81.9,25.0,74.1,34.6,87.2,5.15,3402.8,Brown Hydromorphic
101.3,45.3,84.0,27.8,84.2,6.45,3007.2,Riverine Alluvial
72.8,9.8,76.7,32.5,73.6,5.21,3487.5,Laterite
67.9,14.7,49.8,28.7,82.6,4.78,2677.7,Laterite
71.2,40.6,40.5,30.0,87.0,4.82,2777.6,Brown Hydromorphic
58.1,43.8,91.4,24.1,76.3,7.44,1947.1,Clayey
61.4,29.1,93.0,31.4,61.8,6.44,2998.2,Red Loam
109.0,36.0,89.2,22.4,83.5,6.01,3790.3,Forest Loam
38.4,16.4,45.1,31.5,52.6,6.07,1032.8,Sandy
70.6,22.7,46.7,26.0,92.4,5.13,3474.5,Laterite
114.7,63.2,92.6,22.5,83.4,5.45,3517.2,Forest Loam
94.4,56.3,89.2,27.9,77.5,7.26,1539.7,Clayey
65.2,34.9,68.9,33.5,78.4,6.67,3006.5,Red Loam
103.5,48.5,92.3,29.4,80.8,6.48,2773.0,Riverine Alluvial
42.8,12.6,73.7,29.6,80.2,4.79,3043.2,Laterite
98.2,36.7,89.9,27.4,80.2,6.34,2886.4,Riverine Alluvial
24.1,25.4,43.1,30.0,83.2,6.8,1838.8,Coastal Alluvial
53.0,42.0,61.6,30.5,94.7,7.32,2017.9,Coastal Alluvial
54.2,43.7,35.0,30.0,79.1,7.96,2471.5,Coastal Alluvial
63.6,20.1,92.7,27.2,79.2,6.41,2558.7,Red Loam
120.3,46.9,84.4,24.9,83.3,7.42,3092.3,Riverine Alluvial
56.7,4.5,86.8,27.8,80.0,5.68,2849.8,Laterite
57.8,13.2,54.0,27.4,83.4,5.17,3668.8,Laterite
95.0,46.4,87.1,23.9,79.5,6.48,3132.0,Riverine Alluvial
57.2,52.3,79.2,28.4,78.2,7.22,1739.4,Clayey
35.9,31.7,46.5,32.1,92.7,8.31,1723.2,Coastal Alluvial
121.3,23.0,52.3,33.9,85.0,3.65,2951.1,Peaty
50.6,17.9,64.8,31.6,82.5,5.24,3903.2,Laterite
56.3,24.6,56.1,28.9,95.6,4.54,3117.1,Brown Hydromorphic
67.1,30.3,49.5,27.4,88.7,5.38,3128.5,Brown Hydromorphic
56.2,21.3,65.0,27.2,88.3,4.38,3495.4,Brown Hydromorphic
22.2,16.0,27.7,32.1,59.1,6.7,1513.1,Sandy
52.8,31.6,72.9,29.0,74.2,6.01,1957.1,Red Loam
58.1,52.2,71.4,29.7,91.5,4.24,2958.7,Brown Hydromorphic
60.3,25.5,58.5,30.8,83.7,6.01,2852.2,Red Loam
68.1,21.7,89.7,30.6,71.2,5.85,2738.1,Laterite
34.9,12.6,63.9,28.4,75.7,5.21,4094.1,Laterite
54.2,35.7,68.4,26.3,78.6,8.55,2187.8,Coastal Alluvial
100.7,53.4,106.0,29.1,78.0,6.43,2857.0,Riverine Alluvial
51.8,50.2,65.1,33.1,64.2,8.08,1419.9,Black Cotton
39.0,35.8,55.8,34.9,87.7,8.0,2159.5,Coastal Alluvial
99.1,60.3,88.1,30.0,75.6,6.52,2894.9,Riverine Alluvial
113.3,50.7,96.3,29.8,86.9,6.8,3115.1,Riverine Alluvial
123.7,23.8,33.3,30.5,92.5,4.56,2876.8,Peaty
79.5,39.4,69.1,34.7,55.3,7.98,1410.4,Black Cotton
98.1,24.8,29.3,29.5,96.8,3.72,2849.5,Peaty
97.6,41.7,69.9,23.2,72.0,6.42,1929.2,Loamy
150.0,13.7,66.0,28.5,92.0,3.57,3161.5,Peaty
58.3,50.1,92.7,24.0,80.5,7.54,2251.3,Clayey
44.1,9.6,74.8,33.1,82.8,4.78,3405.6,Laterite
50.8,44.8,90.3,25.9,68.7,6.6,1944.1,Loamy
68.6,31.8,78.6,29.3,69.4,6.19,2844.8,Red Loam
76.2,20.6,87.0,30.9,79.0,6.69,3278.0,Red Loam
130.7,44.4,118.9,25.7,78.7,5.88,4111.7,Forest Loam
49.4,45.9,57.6,30.9,93.5,7.4,1548.2,Coastal Alluvial
75.1,62.2,107.0,28.2,84.4,7.27,2103.0,Riverine Alluvial
82.7,54.8,80.7,29.7,71.3,6.9,2891.5,Riverine Alluvial
40.8,18.6,51.1,27.2,77.5,4.86,3754.5,Laterite
84.6,16.8,84.4,30.0,71.8,5.05,3785.4,Laterite
92.5,52.3,73.0,28.1,65.5,7.56,1577.1,Loamy
77.0,40.1,82.0,25.9,76.1,6.13,1572.6,Loamy
146.1,44.0,30.9,30.5,90.0,3.93,2223.9,Peaty
136.8,17.3,46.0,31.5,87.6,4.21,2656.1,Peaty
80.6,33.5,100.9,28.9,71.7,6.26,2461.6,Red Loam
77.9,40.6,66.1,30.5,61.3,7.15,1440.6,Black Cotton
57.5,42.0,50.5,28.4,95.7,4.78,3181.6,Brown Hydromorphic
93.5,55.6,82.9,29.2,70.4,6.9,2976.4,Riverine Alluvial
42.7,11.8,91.3,29.9,80.9,5.62,3542.5,Laterite
131.2,29.7,48.2,29.9,89.0,4.09,3276.7,Peaty
49.7,30.2,67.1,31.7,87.0,7.77,1435.7,Coastal Alluvial
150.3,26.0,51.2,32.9,97.5,4.91,2518.6,Peaty
60.9,12.4,89.3,23.2,74.0,5.65,3269.7,Laterite
92.7,45.7,75.3,25.8,73.9,7.09,2064.6,Loamy
42.9,4.5,87.3,32.0,66.5,5.03,4101.8,Laterite
35.1,19.1,28.6,33.9,56.8,6.65,1301.9,Sandy
89.7,47.6,73.7,27.8,72.2,6.49,2296.4,Loamy
33.6,21.4,57.9,34.0,87.6,8.1,2070.8,Coastal Alluvial
97.7,43.4,87.3,17.1,81.6,5.61,3676.4,Forest Loam
65.9,35.2,59.3,28.7,89.4,4.69,2749.9,Brown Hydromorphic
74.0,67.2,101.3,33.7,83.3,6.92,2942.6,Riverine Alluvial
63.0,39.6,53.9,29.0,94.1,4.56,3531.4,Brown Hydromorphic
115.6,63.4,102.3,19.9,86.7,5.66,3958.0,Forest Loam
58.1,19.7,67.6,34.4,80.9,6.62,2180.2,Red Loam
43.7,15.7,57.1,26.1,80.7,5.32,3365.0,Laterite
115.3,62.6,74.1,16.9,76.2,5.71,4287.3,Forest Loam
43.4,13.4,46.0,30.8,77.6,5.44,3304.9,Laterite
48.7,13.4,52.3,30.0,83.5,5.87,3320.2,Laterite
52.0,47.3,59.2,30.7,84.6,7.49,2036.6,Coastal Alluvial
87.5,51.3,126.1,28.9,83.3,6.78,2477.3,Riverine Alluvial
55.6,15.6,82.8,32.3,83.7,5.99,2435.3,Red Loam
104.6,48.4,121.9,21.5,79.4,5.84,4649.2,Forest Loam
32.1,26.6,52.2,32.6,85.5,7.88,2044.0,Coastal Alluvial
142.2,28.1,37.9,27.4,88.9,4.63,3298.1,Peaty
104.7,50.8,105.2,25.9,78.9,6.98,3012.9,Riverine Alluvial
83.8,41.8,98.5,29.7,80.9,6.79,3002.7,Riverine Alluvial
50.3,34.2,71.8,29.8,75.1,6.33,2258.7,Red Loam
44.9,18.5,86.8,31.3,80.7,5.1,3394.1,Laterite
55.5,15.1,60.1,32.7,83.9,5.48,3212.3,Laterite
38.8,15.3,36.6,32.9,59.7,6.6,996.0,Sandy
59.1,16.5,51.3,29.7,85.3,5.05,3381.8,Laterite
150.3,23.0,22.5,28.6,96.0,4.16,3143.5,Peaty
83.3,61.4,69.0,27.6,77.0,6.58,3287.2,Riverine Alluvial
103.2,47.8,79.0,14.2,81.3,5.76,3181.1,Forest Loam
105.1,51.1,77.9,29.5,66.6,6.93,3308.7,Riverine Alluvial
44.0,28.2,55.9,33.8,88.7,7.13,1560.8,Coastal Alluvial
63.3,20.4,49.7,24.5,72.2,5.84,3201.7,Laterite
83.3,61.1,114.2,23.4,84.4,5.68,3172.2,Forest Loam
50.4,41.5,38.7,28.0,90.9,4.8,3202.2,Brown Hydromorphic
73.1,35.5,87.9,35.4,62.8,7.36,1381.2,Black Cotton
60.1,28.6,115.9,31.1,77.4,6.37,2545.5,Red Loam
98.1,33.3,98.0,30.1,80.6,6.96,3237.2,Riverine Alluvial
89.3,46.2,83.8,29.4,60.4,6.71,1642.0,Loamy
123.7,58.5,79.6,17.0,82.4,6.17,4391.6,Forest Loam
85.9,53.6,81.9,32.0,91.8,6.71,2178.8,Riverine Alluvial
94.9,46.1,50.2,31.4,94.2,5.17,3084.5,Brown Hydromorphic
60.2,21.4,52.6,28.9,93.1,4.28,2885.0,Brown Hydromorphic
38.6,23.2,32.4,28.4,51.0,6.79,1420.0,Sandy
80.9,35.4,69.1,29.3,81.7,4.71,3970.8,Brown Hydromorphic
76.1,35.7,77.1,28.4,78.5,6.16,2686.1,Red Loam
100.9,41.1,79.6,18.3,88.2,5.6,3800.7,Forest Loam
85.0,34.2,96.3,28.6,71.7,6.98,2736.5,Riverine Alluvial
28.5,35.8,47.5,29.5,75.7,7.45,2165.1,Coastal Alluvial
61.5,29.0,73.2,29.4,86.1,5.31,2882.6,Brown Hydromorphic
162.2,27.9,48.2,31.1,94.4,4.46,3227.3,Peaty
95.9,44.7,81.4,21.5,87.7,5.83,4032.7,Forest Loam
27.0,17.8,49.9,26.3,87.2,5.82,3933.3,Laterite
93.2,51.8,109.8,22.5,93.1,5.58,3904.2,Forest Loam
65.1,41.5,100.2,24.1,76.3,6.53,1681.8,Loamy
91.9,35.7,33.6,29.4,91.3,4.71,2603.8,Brown Hydromorphic
24.2,18.3,47.0,30.5,62.2,6.9,1526.8,Sandy
30.7,20.0,31.5,34.9,41.1,7.25,1272.8,Sandy
59.0,9.1,80.0,26.7,83.6,5.48,3282.6,Laterite
30.9,13.1,51.6,28.2,75.9,5.32,2635.9,Laterite
106.9,38.7,65.1,25.8,82.0,7.0,3186.1,Riverine Alluvial
90.7,56.1,108.6,31.7,69.8,6.46,3247.5,Riverine Alluvial
61.5,32.1,47.9,31.2,95.6,8.11,2153.2,Coastal Alluvial
81.7,27.8,39.6,29.7,91.5,4.51,3984.8,Brown Hydromorphic
100.8,41.1,81.1,27.5,83.8,6.72,2486.7,Riverine Alluvial
82.5,54.8,82.2,27.8,69.2,6.37,1695.7,Loamy
142.0,30.0,52.3,31.0,91.5,4.74,3072.3,Peaty
65.4,8.8,57.0,28.7,84.0,4.89,3739.2,Laterite
89.0,41.2,101.4,29.9,78.6,6.95,2434.1,Riverine Alluvial
75.2,40.2,59.6,34.5,61.7,6.67,1395.5,Black Cotton
99.2,44.4,102.4,31.2,80.4,6.49,2819.2,Riverine Alluvial
68.4,24.1,80.7,30.7,76.5,6.46,2239.8,Red Loam
43.3,21.5,74.7,26.0,67.0,6.12,2137.3,Red Loam
62.0,11.5,74.1,26.2,77.6,5.39,2666.5,Laterite
59.8,20.1,55.2,31.3,82.2,4.72,2675.7,Laterite
53.1,33.7,60.0,28.0,85.9,5.03,3536.8,Brown Hydromorphic
34.1,26.5,59.8,29.6,83.8,7.78,1939.9,Coastal Alluvial
95.2,44.5,89.8,30.7,86.6,7.01,2592.8,Riverine Alluvial
28.2,14.6,34.9,28.2,43.9,6.37,959.6,Sandy
50.6,30.7,71.8,31.0,75.5,6.43,2644.8,Red Loam
86.8,23.7,89.2,30.4,81.5,6.21,2516.4,Red Loam
91.6,41.7,85.6,27.3,79.3,6.81,2931.9,Riverine Alluvial
46.0,18.8,93.5,30.8,82.8,5.66,2222.3,Red Loam
63.7,42.3,71.6,32.8,62.7,7.34,1354.9,Black Cotton
78.3,57.7,88.7,29.8,72.0,6.89,3085.5,Riverine Alluvial
67.4,18.9,57.4,29.5,70.8,6.27,2221.1,Red Loam
70.1,43.2,36.1,24.5,87.7,5.4,2781.0,Brown Hydromorphic
103.0,50.1,84.3,31.0,83.5,6.61,2661.0,Riverine Alluvial
56.9,25.1,89.1,29.4,79.2,6.21,2098.7,Red Loam
54.9,14.2,84.5,30.3,80.1,4.69,3852.8,Laterite
127.8,77.0,109.6,29.9,84.7,6.71,2687.2,Riverine Alluvial
57.2,14.4,68.2,28.0,72.2,5.39,3001.9,Laterite
44.1,22.7,46.2,35.2,88.2,6.98,2018.4,Coastal Alluvial
70.8,32.7,50.2,31.3,82.0,4.87,3221.0,Brown Hydromorphic
100.5,64.0,104.9,31.0,81.9,7.29,2123.0,Clayey
69.8,24.2,60.5,29.4,90.6,5.03,3012.7,Brown Hydromorphic
52.6,28.2,78.3,28.0,73.4,5.88,2325.5,Red Loam
55.4,19.6,63.5,34.8,79.6,8.12,2164.1,Coastal Alluvial
55.9,29.4,90.3,30.7,84.3,6.3,2862.1,Red Loam
60.4,49.0,86.4,28.9,71.1,7.29,2740.1,Clayey
26.0,26.5,40.7,35.5,52.5,7.29,966.0,Sandy
81.1,50.6,100.8,28.8,67.9,6.62,1916.7,Loamy
38.8,19.7,48.5,32.2,57.8,6.92,1175.1,Sandy
74.0,42.6,73.1,29.8,88.0,7.17,2092.3,Clayey
97.2,38.9,67.9,32.6,82.6,6.7,3093.5,Riverine Alluvial
87.3,47.5,76.2,31.6,76.9,6.59,2321.9,Riverine Alluvial
138.9,40.0,43.3,32.5,95.3,4.47,3422.0,Peaty
65.4,46.8,73.1,27.0,71.8,6.57,2195.0,Loamy
132.4,20.1,44.1,30.1,96.5,4.18,2754.8,Peaty
107.2,76.6,60.4,33.2,88.1,7.0,2873.7,Riverine Alluvial
85.7,48.6,93.9,17.2,80.0,5.49,3408.7,Forest Loam
103.2,52.6,108.2,26.4,77.6,6.97,2216.4,Riverine Alluvial
88.9,25.8,65.1,31.6,58.3,8.12,1343.3,Black Cotton
40.8,36.0,60.4,28.7,77.0,6.33,2543.7,Red Loam
38.4,32.7,110.0,27.6,87.2,6.22,2059.1,Red Loam
77.1,41.4,52.1,31.5,87.9,4.93,3544.8,Brown Hydromorphic
58.2,10.7,80.4,25.5,86.5,4.87,3824.3,Laterite
91.5,39.7,87.2,30.8,81.4,7.41,2393.5,Clayey
42.0,29.0,46.3,30.3,80.7,7.89,1975.2,Coastal Alluvial
88.2,61.1,78.6,31.9,84.1,6.83,3097.9,Riverine Alluvial
54.1,16.0,58.0,27.6,75.5,5.27,3865.8,Laterite
23.1,18.5,40.7,29.4,54.6,6.81,1635.6,Sandy
85.3,37.1,74.1,34.5,72.0,7.91,1599.7,Black Cotton
53.1,14.8,62.3,22.8,70.2,5.54,3104.2,Laterite
53.2,21.3,72.8,32.4,83.5,6.46,1753.7,Red Loam
45.4,26.0,81.0,31.4,74.5,6.52,3288.1,Red Loam
77.6,44.0,67.7,29.0,77.3,5.73,2693.3,Red Loam
55.4,33.5,43.0,30.1,83.8,4.03,2878.9,Brown Hydromorphic
71.8,31.8,59.3,37.2,67.5,7.39,1153.2,Black Cotton
109.3,55.6,92.3,20.0,93.9,6.43,4099.0,Forest Loam
84.2,50.5,72.6,28.6,82.7,6.73,2647.3,Riverine Alluvial
58.8,56.5,89.1,24.9,74.0,7.13,2873.7,Riverine Alluvial
73.9,39.9,56.2,31.3,55.6,8.23,1160.2,Black Cotton
96.3,38.5,70.9,24.9,81.9,7.23,2190.7,Riverine Alluvial
71.2,34.5,51.6,28.5,86.6,7.41,1843.3,Coastal Alluvial
98.9,26.7,55.3,31.0,84.1,4.17,3624.8,Brown Hydromorphic
92.6,49.9,67.5,28.2,86.4,6.25,2560.3,Riverine Alluvial
77.7,35.3,58.2,26.0,63.5,8.2,1196.8,Black Cotton
108.9,48.1,94.5,21.3,86.4,5.67,3847.1,Forest Loam
99.6,64.1,94.7,24.4,80.2,6.77,2633.3,Riverine Alluvial
67.0,49.2,71.7,30.3,79.8,7.37,2158.4,Coastal Alluvial
59.3,12.6,105.6,28.4,81.4,5.11,3702.0,Laterite
41.3,10.4,52.6,30.5,72.8,5.62,2947.8,Laterite
103.4,50.1,78.6,29.7,81.8,7.21,3084.4,Riverine Alluvial
64.9,19.7,89.6,28.8,88.6,5.68,3394.4,Laterite
58.6,35.9,113.1,29.3,65.2,6.21,2873.5,Red Loam
86.1,60.8,103.3,28.7,77.1,6.61,2845.5,Riverine Alluvial
40.5,18.4,51.4,31.9,56.3,6.4,923.5,Sandy
174.2,36.8,44.9,30.7,88.3,5.25,3184.0,Peaty
55.8,19.1,76.3,26.2,75.3,5.04,3451.4,Laterite
32.0,39.7,56.9,30.8,87.1,7.97,2125.3,Coastal Alluvial
70.0,55.8,89.5,29.4,64.9,7.48,2257.6,Clayey
51.9,13.2,36.0,26.3,92.1,5.41,3285.8,Laterite
142.8,33.1,49.2,29.6,92.3,3.36,2771.8,Peaty
36.0,21.7,36.8,33.2,51.1,6.71,1504.0,Sandy
139.6,30.7,102.7,22.4,86.1,5.71,3321.4,Forest Loam
65.8,13.7,46.0,25.7,82.2,5.16,2947.8,Laterite
121.0,20.6,29.6,31.2,92.6,3.72,2774.9,Peaty
64.9,20.1,59.2,26.1,84.6,5.04,2635.7,Laterite
126.3,24.2,34.8,28.5,92.5,4.12,3007.6,Peaty
124.5,56.3,72.5,18.9,88.5,6.14,3319.8,Forest Loam
87.7,62.7,104.0,26.4,76.2,6.77,2758.6,Riverine Alluvial
32.3,10.7,59.4,28.5,82.0,4.95,2445.0,Laterite
120.0,61.8,95.0,15.9,79.2,5.94,3888.7,Forest Loam
45.9,9.0,59.4,27.2,85.7,5.45,3524.6,Laterite
68.7,47.7,93.6,32.9,75.8,6.81,1991.6,Clayey
46.8,10.2,47.5,30.2,76.9,4.59,3628.6,Laterite
30.1,26.9,32.0,31.4,58.0,7.14,963.6,Sandy
56.6,49.0,75.9,31.7,91.4,7.35,2397.2,Coastal Alluvial
146.3,31.5,36.5,29.3,95.2,4.08,2971.7,Peaty
41.8,19.5,43.0,30.9,64.0,6.18,731.6,Sandy
70.2,15.8,53.0,31.3,79.0,5.26,3100.9,Laterite
63.1,9.9,101.3,30.8,76.6,5.26,3258.0,Laterite
85.4,23.5,80.2,30.1,74.1,6.64,2271.9,Red Loam
84.9,38.3,54.0,28.3,88.8,5.22,2351.3,Brown Hydromorphic
130.2,50.8,77.0,20.0,73.9,5.69,3431.6,Forest Loam
60.4,17.6,61.9,27.5,87.1,5.68,2750.5,Laterite
137.8,21.6,39.5,32.5,96.4,4.5,3323.2,Peaty
137.8,50.1,64.9,15.6,81.8,5.66,4161.5,Forest Loam
39.6,36.4,69.7,30.6,89.8,7.75,2071.8,Coastal Alluvial
66.9,27.4,40.3,32.2,57.5,7.82,1536.5,Black Cotton
85.8,44.3,102.1,25.0,78.7,6.65,2505.8,Riverine Alluvial
51.7,40.5,52.2,31.0,89.4,7.85,1901.3,Coastal Alluvial
69.2,27.0,100.3,28.4,81.7,7.41,2053.1,Clayey
108.1,54.1,83.0,20.9,80.9,6.04,3694.3,Forest Loam
40.7,21.6,62.2,37.2,92.1,7.67,1545.4,Coastal Alluvial
52.2,26.4,59.5,31.3,85.2,6.53,2080.9,Red Loam
53.9,23.9,52.1,31.3,89.2,5.17,2787.0,Laterite
75.3,30.3,70.2,32.8,70.3,8.19,1400.2,Black Cotton
36.7,39.5,49.9,33.9,79.2,7.74,1853.2,Coastal Alluvial
85.9,32.5,61.2,28.6,84.1,4.48,3290.2,Brown Hydromorphic
97.7,46.9,65.0,24.4,76.1,6.75,3150.8,Riverine Alluvial
75.2,36.0,59.4,33.0,66.8,8.82,1138.0,Black Cotton
60.5,35.0,45.9,30.0,93.2,4.62,3218.2,Brown Hydromorphic
83.4,29.2,80.1,26.2,74.1,6.26,1612.5,Loamy
77.5,38.5,71.1,23.2,74.8,6.47,1484.2,Loamy
60.0,17.1,73.0,31.0,79.0,6.23,2424.7,Red Loam
78.6,46.9,61.4,27.5,69.1,6.53,1691.7,Loamy
140.6,36.4,47.1,32.0,92.8,4.37,2763.2,Peaty
38.6,45.6,62.8,29.9,89.4,7.81,1371.1,Coastal Alluvial
59.5,22.7,58.1,31.2,85.2,7.79,2643.2,Coastal Alluvial
59.5,11.7,93.4,27.5,82.7,5.95,3436.8,Laterite
95.3,58.1,100.3,16.9,84.6,5.51,3703.3,Forest Loam
47.1,31.4,47.9,36.7,87.9,7.87,2038.7,Coastal Alluvial
79.9,61.1,113.3,22.3,78.3,7.08,2242.9,Clayey
119.0,43.1,105.3,14.9,80.9,5.28,4147.4,Forest Loam
154.7,32.4,42.2,27.9,92.6,3.91,3281.2,Peaty
70.9,42.2,58.5,26.9,84.6,4.85,3442.1,Brown Hydromorphic
81.0,51.4,94.3,26.2,77.5,7.57,2679.6,Riverine Alluvial
169.1,31.4,31.2,31.6,94.1,4.02,3235.2,Peaty
63.1,30.4,52.0,34.1,65.9,6.76,1243.7,Black Cotton
135.9,39.9,79.4,21.1,83.5,5.99,4580.7,Forest Loam
63.4,23.7,43.6,32.8,59.3,8.44,1543.2,Black Cotton
79.2,58.4,72.3,25.6,82.6,6.84,2700.1,Riverine Alluvial
61.6,47.9,96.9,29.4,74.7,6.87,2702.4,Riverine Alluvial
149.9,13.5,46.7,26.4,93.8,4.58,2787.6,Peaty
53.5,33.5,47.7,30.9,91.2,8.14,1598.8,Coastal Alluvial
81.5,42.3,58.8,27.4,57.4,6.87,1962.4,Loamy
82.0,29.8,50.1,26.6,49.4,7.57,1555.6,Black Cotton
53.6,52.0,111.0,27.4,71.1,7.14,2809.0,Clayey
124.5,45.9,74.1,19.8,87.9,5.62,3821.6,Forest Loam
40.7,20.6,42.9,33.4,58.3,6.72,1080.6,Sandy
68.0,31.7,64.6,33.6,61.1,7.54,1023.5,Black Cotton
56.8,33.3,51.7,30.5,91.2,7.92,1763.8,Coastal Alluvial
60.3,45.5,93.1,30.9,60.3,7.82,1312.8,Black Cotton
82.0,48.9,92.1,32.8,78.6,6.65,2312.9,Clayey
102.2,60.1,89.6,25.7,80.8,6.62,2513.6,Riverine Alluvial
136.5,48.4,102.4,18.5,85.3,5.51,3978.8,Forest Loam
52.0,24.2,55.9,30.8,83.1,7.53,2150.2,Coastal Alluvial
70.3,22.0,75.5,27.9,73.1,4.35,2043.6,Laterite
68.1,48.1,73.8,22.4,74.4,6.46,1611.6,Loamy
61.8,7.3,79.5,27.4,77.3,4.96,3995.6,Laterite
87.2,27.8,94.0,28.8,79.8,6.55,3076.5,Red Loam
53.7,30.4,85.3,23.6,79.2,6.05,2184.7,Red Loam
39.7,24.8,79.7,29.2,87.6,8.42,2051.2,Coastal Alluvial
45.1,15.1,79.0,30.0,79.6,4.87,3457.6,Laterite
79.7,43.6,62.5,32.0,64.3,8.02,1470.4,Black Cotton
54.7,10.9,68.7,26.3,76.0,5.25,3928.6,Laterite
76.3,33.7,108.8,28.2,74.2,5.75,3376.2,Red Loam
90.8,45.1,72.9,32.7,84.4,4.72,2568.0,Brown Hydromorphic
56.0,37.6,80.7,26.6,69.7,7.0,1540.8,Clayey
42.7,41.7,64.1,32.0,85.3,8.26,1486.1,Coastal Alluvial
66.3,25.2,59.4,29.2,89.9,4.89,3656.3,Brown Hydromorphic
70.1,12.7,69.3,32.9,85.4,5.17,2582.7,Laterite
35.3,12.5,32.8,28.4,38.0,7.02,1429.2,Sandy
75.6,32.8,50.6,31.1,84.6,4.38,2744.2,Brown Hydromorphic
46.4,42.1,110.2,28.9,78.0,7.77,1867.3,Clayey
71.6,27.5,85.0,26.5,75.3,6.77,2229.5,Red Loam
113.3,50.0,94.8,18.1,85.7,6.03,4093.9,Forest Loam
30.8,18.0,48.5,33.3,90.2,7.53,1711.7,Coastal Alluvial
72.1,43.4,54.2,28.4,91.5,4.77,3544.3,Brown Hydromorphic
72.4,38.7,62.2,33.4,60.3,7.68,1481.2,Black Cotton
37.0,35.9,64.6,32.4,88.6,7.86,2008.3,Coastal Alluvial
75.8,45.3,86.5,32.2,76.6,6.67,2387.7,Riverine Alluvial
87.7,39.1,91.0,30.0,78.7,6.58,3091.5,Riverine Alluvial
84.0,31.3,101.5,29.5,67.3,5.98,3187.2,Red Loam
74.0,38.1,44.9,30.3,56.9,8.17,1281.1,Black Cotton
55.9,23.8,64.0,29.2,83.5,6.21,2436.6,Red Loam
36.8,31.2,28.3,29.2,67.7,7.01,1357.8,Sandy
86.3,52.3,60.2,29.6,75.0,7.04,3219.9,Riverine Alluvial
81.8,21.8,92.1,30.7,73.7,6.92,2753.9,Red Loam
45.4,13.2,81.4,32.2,81.7,5.44,3598.3,Laterite
25.1,46.9,27.0,28.8,80.0,7.16,1773.2,Coastal Alluvial
100.2,54.1,90.1,20.7,89.9,5.38,3410.8,Forest Loam
78.9,22.2,72.2,30.1,89.8,5.74,3612.1,Red Loam
80.3,29.3,84.4,27.2,67.8,6.3,2496.8,Red Loam
42.2,23.9,50.5,26.6,65.9,7.14,1194.5,Sandy
78.5,38.6,55.4,26.4,65.7,6.5,1636.4,Loamy
73.6,42.9,65.7,27.6,58.8,6.79,1524.3,Loamy
107.7,43.1,104.9,28.8,80.5,6.87,2951.3,Riverine Alluvial
89.5,37.5,69.4,31.9,71.7,6.36,2460.4,Red Loam
51.5,15.8,75.1,28.1,84.4,4.95,2823.1,Laterite
56.1,28.1,50.8,27.7,76.9,6.5,1775.6,Red Loam
53.6,40.6,50.1,31.2,84.9,7.7,2100.2,Coastal Alluvial
40.0,35.1,50.5,29.4,81.5,7.53,2309.8,Coastal Alluvial
117.9,42.3,119.6,18.7,87.2,6.0,3666.3,Forest Loam
114.5,56.6,93.2,18.5,85.4,6.56,4042.0,Forest Loam
59.9,4.9,98.5,33.2,75.9,5.01,2703.3,Laterite
78.8,25.6,90.3,25.3,83.7,6.67,2972.4,Red Loam
35.5,17.6,94.2,32.9,78.1,6.04,2735.7,Laterite
46.7,16.8,38.2,35.7,41.8,7.16,1136.4,Sandy
109.7,48.1,106.9,18.4,84.2,5.51,3765.1,Forest Loam
69.4,36.6,75.6,28.7,80.0,5.89,2390.5,Red Loam
72.2,39.0,82.5,30.3,87.6,5.4,2905.0,Brown Hydromorphic
66.6,28.0,62.1,29.0,88.0,5.14,3080.5,Brown Hydromorphic
71.3,47.4,108.3,25.4,86.3,7.72,2488.1,Clayey
33.9,33.5,57.6,30.0,78.7,7.35,1456.3,Coastal Alluvial
64.9,39.3,53.6,29.6,86.5,7.84,2514.6,Coastal Alluvial
69.2,4.9,88.5,30.9,88.1,5.45,3207.6,Laterite
67.2,41.8,70.9,32.5,84.4,4.33,2990.1,Brown Hydromorphic
74.1,11.2,97.2,31.1,78.3,5.14,2582.0,Laterite
83.4,41.6,72.6,33.7,71.7,7.45,1170.3,Black Cotton
61.1,16.4,82.3,28.6,82.1,4.99,3535.1,Laterite
74.7,27.2,50.1,32.8,88.3,6.46,2261.0,Red Loam
65.1,22.1,77.7,31.8,73.9,6.57,3097.4,Red Loam
81.1,42.5,124.5,23.7,88.3,5.72,3885.6,Forest Loam
97.5,49.6,83.8,25.1,79.9,5.75,3836.6,Forest Loam
69.5,45.1,97.7,30.5,78.0,7.55,2068.8,Clayey
137.8,47.4,56.3,21.8,89.6,5.86,2896.9,Forest Loam
41.0,21.6,80.2,34.5,85.3,7.62,1530.8,Coastal Alluvial
122.0,33.3,53.4,27.2,89.3,3.32,3171.3,Peaty
45.8,48.6,41.0,27.9,92.0,4.58,3440.1,Brown Hydromorphic
80.6,54.6,106.7,27.7,79.8,7.27,3715.5,Riverine Alluvial
77.3,20.7,86.0,31.0,70.7,5.96,1734.7,Red Loam
60.3,18.8,54.2,27.9,74.4,5.25,2770.2,Laterite
71.6,16.4,48.5,25.0,93.4,5.16,3026.7,Laterite
75.1,33.3,86.3,30.2,86.7,5.7,2749.2,Red Loam
73.6,50.6,92.0,27.0,86.6,6.58,2646.2,Riverine Alluvial
50.4,38.1,43.7,29.8,72.3,7.37,2253.2,Coastal Alluvial
51.3,27.0,85.9,26.2,73.5,6.39,2649.3,Red Loam
159.3,23.3,39.6,30.2,87.9,4.98,3135.3,Peaty
86.2,53.9,60.7,27.5,69.9,5.94,1843.3,Loamy
33.8,11.8,90.8,27.5,84.4,5.89,2833.0,Laterite
42.2,43.6,62.8,29.4,80.7,8.21,2189.8,Coastal Alluvial
35.3,48.2,57.1,33.4,85.5,8.49,1843.7,Coastal Alluvial
136.1,26.1,40.6,29.4,86.8,4.1,2826.3,Peaty
54.7,24.8,62.1,29.9,88.0,7.91,2463.7,Coastal Alluvial
60.6,35.8,84.5,26.8,82.3,6.06,2416.2,Red Loam
84.7,48.5,115.2,30.7,79.8,6.77,2592.5,Riverine Alluvial
69.7,22.0,66.4,27.0,75.5,6.3,2730.5,Red Loam
72.0,13.0,67.3,29.1,87.2,5.2,2937.4,Laterite
37.2,40.0,42.5,30.8,88.9,8.11,1873.0,Coastal Alluvial
70.7,18.2,56.6,29.8,82.1,4.85,2552.0,Laterite
66.7,59.2,82.8,33.8,74.5,6.74,3065.6,Riverine Alluvial
30.8,24.5,67.6,30.5,72.6,5.62,3301.8,Laterite
58.9,44.4,88.4,33.0,61.9,8.28,1501.8,Black Cotton
54.0,42.2,77.1,27.3,76.5,6.8,2926.2,Riverine Alluvial
70.6,14.6,42.8,27.8,89.5,5.05,3066.4,Laterite
44.3,8.6,75.5,29.3,73.3,5.53,4567.4,Laterite
56.3,22.5,77.0,30.3,78.8,5.81,2477.4,Red Loam
48.9,41.8,58.3,30.7,85.1,7.17,1662.2,Coastal Alluvial
60.5,21.4,83.2,29.0,72.6,6.67,1828.1,Red Loam
56.4,20.4,76.8,25.0,81.1,5.24,4083.6,Laterite
81.7,41.2,76.2,35.3,55.5,7.35,1277.3,Black Cotton
124.4,43.9,95.3,23.1,87.3,5.98,4570.5,Forest Loam
76.2,27.0,88.5,30.9,73.6,6.83,1603.4,Clayey
63.0,19.4,57.3,28.5,75.3,6.14,3719.7,Laterite
49.9,42.2,63.5,27.2,69.4,6.78,2082.5,Loamy
60.4,6.9,81.6,30.3,72.7,5.05,3305.0,Laterite
82.0,30.3,92.8,30.1,75.4,6.32,1709.3,Red Loam
50.3,32.0,46.2,33.7,79.4,7.43,2310.4,Coastal Alluvial
79.7,24.4,75.6,35.8,76.3,6.07,2862.5,Red Loam
63.0,27.7,79.8,30.2,67.7,5.22,2367.7,Red Loam
150.1,29.1,36.3,30.0,90.3,4.53,2782.3,Peaty
115.2,23.9,53.5,30.5,85.9,4.56,2995.0,Peaty
124.1,27.3,36.4,30.1,88.5,4.04,2980.3,Peaty
67.0,48.7,110.3,27.9,77.8,7.91,1939.2,Clayey
133.5,52.3,93.6,18.8,79.5,5.59,4134.6,Forest Loam
63.0,15.0,63.8,31.7,82.2,4.98,2899.3,Laterite
82.4,47.5,61.2,28.2,81.7,4.75,3236.9,Brown Hydromorphic
74.4,32.7,65.9,28.5,65.7,7.98,2194.1,Clayey
72.6,18.4,65.4,24.7,86.2,5.88,3784.7,Laterite
71.3,33.9,87.2,28.6,64.6,7.18,1576.9,Loamy
147.0,62.8,79.0,19.7,84.5,5.25,3469.1,Forest Loam
165.0,40.4,97.3,18.5,79.4,5.66,3736.0,Forest Loam
105.9,49.9,58.2,18.6,88.7,6.1,4137.2,Forest Loam
39.2,39.7,57.4,30.8,82.8,8.27,1921.7,Coastal Alluvial
68.5,34.8,80.2,29.9,73.3,6.64,1884.3,Loamy
104.6,42.1,86.4,16.1,83.3,5.95,4131.1,Forest Loam
54.8,8.9,52.2,29.6,78.1,5.97,3548.6,Laterite
75.7,23.2,36.0,28.3,82.5,4.82,3186.2,Laterite
50.7,42.7,46.0,27.0,85.4,7.82,2231.9,Coastal Alluvial
96.2,46.7,90.9,26.8,68.6,6.82,2598.2,Riverine Alluvial
48.7,42.2,69.5,28.6,95.1,7.84,1984.1,Coastal Alluvial
61.6,30.3,92.2,30.1,79.3,6.12,1923.8,Red Loam
36.5,15.4,88.8,33.9,80.8,5.15,2732.3,Laterite
78.1,61.6,70.1,27.9,82.6,6.98,3379.8,Riverine Alluvial
90.7,29.5,74.6,30.9,86.1,4.71,3001.8,Brown Hydromorphic
54.6,13.7,72.2,31.0,77.0,5.15,4295.5,Laterite
59.3,11.0,56.1,27.1,80.5,5.65,3065.7,Laterite
49.2,10.0,92.6,22.9,80.3,5.43,2746.7,Laterite
61.0,31.3,64.9,32.4,83.7,4.84,3049.0,Brown Hydromorphic
97.1,30.2,52.5,29.3,61.9,7.56,1491.3,Black Cotton
75.5,24.6,58.7,27.5,94.1,5.11,3115.0,Brown Hydromorphic
51.8,32.1,54.0,24.7,86.4,8.19,2206.4,Coastal Alluvial
54.7,34.1,32.0,32.1,79.6,8.53,2050.5,Coastal Alluvial
63.3,41.9,45.2,33.2,60.7,8.02,1255.5,Black Cotton
57.2,36.9,97.8,30.5,78.9,6.25,3099.0,Red Loam
110.0,42.6,110.5,23.2,75.7,5.76,3893.7,Forest Loam
56.3,21.6,66.5,29.3,84.0,4.96,3733.3,Laterite
55.3,27.1,82.2,30.5,78.7,5.72,2391.1,Red Loam
56.6,24.1,52.2,29.8,85.6,5.54,3793.4,Laterite
38.1,34.9,57.5,28.4,85.2,7.48,2254.5,Coastal Alluvial
49.8,22.2,77.1,32.2,85.3,6.15,2961.4,Red Loam
65.9,42.7,88.9,23.6,80.5,6.46,1628.0,Loamy
96.3,54.1,92.2,23.7,86.2,5.58,4008.6,Forest Loam
107.1,33.4,66.7,32.8,87.4,4.5,3465.0,Brown Hydromorphic
31.5,35.1,49.9,31.1,81.0,7.45,2522.8,Coastal Alluvial
53.4,18.4,81.7,29.2,74.9,5.62,2892.8,Laterite
33.3,22.6,73.5,30.9,76.8,5.22,2753.8,Laterite
61.3,44.1,66.3,34.2,53.6,8.05,1119.9,Black Cotton
34.7,11.7,55.7,29.0,78.7,5.0,3784.9,Laterite
51.2,46.5,71.4,33.5,89.0,7.32,2253.1,Coastal Alluvial
36.6,13.5,37.0,30.9,44.2,6.13,1783.8,Sandy
56.7,32.8,81.1,28.6,81.1,6.25,2419.7,Red Loam
52.6,7.6,62.0,29.1,73.4,5.25,2855.4,Laterite
81.0,21.6,107.5,22.8,69.2,6.8,2226.5,Red Loam
42.2,7.1,80.8,27.6,84.9,5.63,3334.2,Laterite
63.8,12.2,86.7,30.3,79.7,5.74,3305.9,Laterite
83.5,32.5,63.8,21.5,74.2,7.26,2144.5,Clayey
62.0,21.8,69.8,32.6,69.0,5.59,4039.2,Laterite
67.8,11.5,95.4,28.2,76.2,5.12,3987.0,Laterite
125.2,33.6,45.0,31.8,93.4,4.3,3003.6,Peaty
82.3,41.4,90.8,21.2,84.4,6.16,3131.1,Forest Loam
65.1,18.1,71.3,27.7,79.6,5.75,2628.7,Laterite
58.5,36.8,55.2,34.3,88.8,4.17,3106.9,Brown Hydromorphic
89.2,45.8,49.4,32.5,81.7,5.0,2497.1,Brown Hydromorphic
38.0,11.8,56.7,30.0,85.9,5.33,3152.9,Laterite
92.4,58.5,85.0,31.2,80.3,6.55,3121.5,Riverine Alluvial
39.3,34.0,38.4,27.4,86.0,7.94,1981.5,Coastal Alluvial
70.9,44.4,86.6,30.4,62.4,6.8,2220.8,Loamy
43.9,18.7,67.7,31.9,73.6,5.56,3295.2,Laterite
77.6,33.0,83.8,29.0,69.2,6.7,1815.0,Loamy
21.6,18.1,29.0,32.2,62.5,5.71,983.9,Sandy
83.3,41.0,42.1,27.5,65.2,7.23,1339.2,Black Cotton
96.4,52.7,77.9,27.8,85.1,6.49,2770.0,Riverine Alluvial
103.5,62.4,82.5,24.4,77.0,7.27,2497.8,Riverine Alluvial
90.6,18.0,47.8,30.9,79.2,5.57,3875.0,Brown Hydromorphic
119.3,44.5,110.6,29.8,84.8,6.41,3447.7,Riverine Alluvial
145.0,47.5,101.9,19.7,81.8,6.41,4218.2,Forest Loam
123.6,61.6,98.7,22.2,89.1,5.27,2764.1,Forest Loam
75.4,36.5,91.3,29.6,84.0,5.95,2182.4,Red Loam
79.5,52.5,72.3,26.4,79.4,6.15,2904.8,Riverine Alluvial
64.7,40.0,75.4,36.5,54.3,7.71,1258.0,Black Cotton
82.1,14.5,67.7,25.0,86.7,4.89,3317.8,Laterite
88.0,32.1,66.4,26.9,83.9,4.61,3427.2,Brown Hydromorphic
95.2,66.3,83.2,22.9,89.5,6.13,4068.7,Forest Loam
55.3,5.4,51.4,34.6,82.6,5.14,3831.1,Laterite
116.7,27.0,85.8,20.5,85.2,5.12,4068.6,Forest Loam
76.0,53.2,104.5,27.0,81.2,7.21,2311.1,Clayey
53.7,48.9,71.1,28.9,71.9,6.26,1804.3,Loamy
76.0,23.7,80.5,29.5,65.5,6.16,2687.4,Red Loam
176.7,33.0,48.4,34.1,89.0,4.23,2824.3,Peaty
65.8,34.6,91.7,27.9,84.4,5.96,2463.7,Red Loam
97.1,47.3,95.5,22.3,83.1,5.89,3879.9,Forest Loam
45.3,14.4,86.5,28.3,69.1,5.09,3055.1,Laterite
109.5,36.9,110.8,19.0,89.5,5.63,4244.7,Forest Loam
74.4,37.6,96.9,31.7,62.5,7.74,1389.6,Black Cotton
62.5,20.0,68.4,33.5,75.1,5.68,2292.2,Red Loam
80.6,21.4,71.5,34.0,81.7,5.94,3186.7,Red Loam
90.2,67.2,88.5,31.8,84.9,6.95,2875.2,Riverine Alluvial
65.1,12.0,56.2,27.7,77.5,5.37,3468.7,Laterite
53.1,16.4,79.6,31.9,79.0,5.02,3271.8,Laterite
78.3,43.1,56.3,31.1,59.5,8.11,1637.5,Black Cotton
106.2,55.3,66.5,25.9,83.9,6.55,2998.6,Riverine Alluvial
52.7,41.0,52.1,25.5,74.7,7.52,2165.2,Coastal Alluvial
60.9,33.6,57.4,32.0,84.6,5.31,2755.5,Red Loam
92.2,56.2,85.0,30.9,76.7,7.07,2751.6,Riverine Alluvial
35.9,28.5,58.1,29.5,84.9,8.45,2455.5,Coastal Alluvial
59.0,14.8,36.0,30.2,81.0,5.11,3281.3,Laterite
39.6,20.9,62.3,34.5,87.1,7.14,2000.3,Coastal Alluvial
77.8,45.9,71.1,24.5,70.4,6.58,1354.3,Loamy
86.9,46.8,69.2,29.5,68.0,6.84,1794.2,Loamy
76.3,62.2,73.2,30.6,88.1,7.48,3270.6,Riverine Alluvial
75.7,48.6,83.4,26.7,82.5,7.62,1604.0,Clayey
75.8,34.1,83.0,28.2,79.5,6.16,2494.3,Red Loam
70.5,15.9,84.2,26.7,79.2,5.42,3589.1,Laterite
52.2,12.2,67.4,29.1,75.8,5.29,2965.3,Laterite
130.5,60.6,98.6,19.0,82.6,5.49,4117.1,Forest Loam
130.2,43.7,83.2,19.8,85.5,5.86,2796.3,Forest Loam
79.0,48.3,85.7,33.0,82.3,6.68,2493.3,Riverine Alluvial
129.6,69.3,89.3,20.5,92.0,6.32,4148.6,Forest Loam
27.5,15.9,67.7,24.1,83.7,5.53,3913.4,Laterite
59.3,22.6,95.6,31.5,77.9,5.93,2715.6,Red Loam
71.2,30.0,74.5,32.5,75.6,7.14,1573.8,Coastal Alluvial
53.1,37.3,53.6,26.8,85.5,7.56,2381.9,Coastal Alluvial
55.7,13.0,54.0,28.5,81.9,6.05,3625.0,Laterite
94.0,41.7,72.5,30.7,82.1,6.9,2705.1,Riverine Alluvial
77.1,40.3,70.9,28.1,86.3,4.75,3048.3,Brown Hydromorphic
42.9,17.5,37.9,30.3,64.1,6.25,1276.1,Sandy
48.4,17.1,82.0,30.2,77.4,5.63,2331.7,Laterite
45.6,39.3,50.8,32.7,84.2,7.94,2029.8,Coastal Alluvial
82.8,50.3,80.9,29.6,47.5,7.89,1424.3,Black Cotton
62.3,37.1,46.7,25.5,76.0,6.4,1758.1,Red Loam
39.2,30.8,80.3,28.7,70.8,7.14,2839.3,Red Loam
91.0,67.1,103.3,23.6,88.1,5.54,3489.9,Forest Loam
62.5,36.0,49.3,28.9,78.2,4.94,3215.8,Brown Hydromorphic
66.9,21.5,94.9,25.0,82.2,6.51,2360.2,Red Loam
42.9,29.3,67.5,30.3,85.2,7.78,2287.3,Coastal Alluvial
107.4,41.4,74.1,25.9,84.6,6.52,3115.9,Riverine Alluvial
97.4,44.4,83.5,32.2,83.6,6.66,3549.1,Riverine Alluvial
54.8,13.4,48.2,35.7,83.6,5.35,3543.5,Laterite
37.7,23.2,41.7,30.8,52.8,6.56,1803.6,Sandy
62.6,12.9,87.2,29.8,77.6,4.94,2483.4,Laterite
72.6,14.3,65.4,25.4,85.3,5.36,3153.3,Laterite
84.0,26.7,69.2,28.9,82.2,6.28,2752.4,Red Loam
35.9,30.9,39.8,32.6,41.8,6.69,1264.5,Sandy
83.2,44.8,74.2,27.5,69.2,6.67,1626.3,Loamy
121.7,49.0,63.0,22.0,85.0,5.88,3983.2,Forest Loam
60.1,50.0,88.1,23.3,69.1,5.79,2423.7,Loamy
36.2,15.5,76.7,28.9,83.5,5.39,3005.5,Laterite
55.3,35.2,84.2,25.9,63.2,6.59,1894.6,Loamy
159.4,22.8,48.8,30.8,85.6,4.55,3480.7,Peaty
42.4,31.1,56.1,30.0,79.1,7.91,2058.4,Coastal Alluvial
129.8,43.1,116.7,18.9,87.2,5.67,4087.0,Forest Loam
59.5,29.8,70.6,30.6,78.7,6.0,2942.9,Red Loam
27.0,16.9,86.1,31.6,78.0,5.59,3257.7,Laterite
38.9,24.9,37.3,38.3,70.4,7.01,1314.9,Sandy
79.6,31.9,36.6,27.8,86.1,5.16,3085.6,Brown Hydromorphic
74.1,38.8,57.9,31.7,57.7,7.27,1269.2,Black Cotton
54.9,42.6,63.5,26.8,53.9,7.4,1524.5,Black Cotton
67.8,24.1,58.3,31.3,88.6,4.54,3271.4,Brown Hydromorphic
95.3,41.4,75.3,29.3,76.1,6.91,3938.8,Riverine Alluvial
25.6,34.4,53.1,32.8,84.0,8.23,1617.2,Coastal Alluvial
47.5,16.4,78.1,29.3,77.2,4.45,3833.8,Laterite
54.6,34.9,38.5,28.6,85.6,8.35,2157.9,Coastal Alluvial
62.2,48.7,75.8,28.1,72.5,7.64,1020.0,Clayey
47.5,41.5,70.6,27.4,57.6,6.99,1335.8,Black Cotton
79.2,10.3,58.4,29.3,93.8,5.02,3497.4,Laterite
39.4,24.7,80.9,27.8,73.5,6.03,1716.4,Red Loam
44.9,45.5,70.5,28.4,76.7,8.13,2814.0,Coastal Alluvial
34.5,8.8,36.0,28.5,83.6,5.43,3081.9,Laterite
49.1,15.9,83.1,29.2,83.5,4.87,3329.5,Laterite
130.5,39.1,89.5,26.1,89.7,5.66,2866.0,Forest Loam
64.2,13.7,64.2,29.6,87.6,5.29,3157.9,Laterite
111.5,56.5,125.5,20.9,84.1,5.76,3672.9,Forest Loam
86.2,59.5,106.0,28.5,82.8,6.52,3222.3,Riverine Alluvial
138.8,18.6,60.1,28.9,95.9,4.3,3014.3,Peaty
71.5,10.0,57.9,28.4,86.9,5.09,3762.3,Laterite
40.4,13.9,73.4,27.0,78.3,5.85,3520.5,Laterite
78.7,43.3,107.6,26.1,75.5,6.99,2965.0,Riverine Alluvial
138.2,26.0,28.3,28.5,95.3,4.39,3170.9,Peaty
43.5,21.0,45.6,34.4,52.3,6.34,1169.5,Sandy
72.5,16.3,70.1,28.2,79.6,6.21,2143.9,Red Loam
82.1,46.4,67.9,26.0,78.3,7.18,3055.6,Riverine Alluvial
56.0,32.0,64.2,29.3,78.7,8.24,1772.0,Coastal Alluvial
75.0,34.6,50.5,28.9,86.9,3.8,2848.1,Brown Hydromorphic
57.2,11.5,40.0,30.3,86.3,5.49,2705.5,Laterite
76.7,46.8,119.8,23.1,79.7,5.92,3763.3,Forest Loam
29.4,31.0,72.0,30.9,83.4,7.7,2077.9,Coastal Alluvial
67.9,40.9,93.3,27.6,65.3,6.51,1944.6,Loamy
51.5,17.1,91.7,28.0,84.9,5.02,2265.2,Laterite
40.8,23.5,62.4,31.5,89.1,7.37,2300.0,Coastal Alluvial
128.7,16.9,33.5,29.1,87.9,3.96,3327.0,Peaty
35.5,18.0,51.6,28.9,79.9,8.62,1671.3,Coastal Alluvial
31.8,24.9,23.9,32.9,65.5,7.3,995.1,Sandy
41.8,31.2,73.3,24.7,95.4,7.58,2129.9,Coastal Alluvial
115.8,43.5,105.7,21.6,89.7,6.07,3329.2,Forest Loam
160.8,47.9,106.3,22.0,81.1,6.28,4449.0,Forest Loam
33.4,32.1,56.8,28.2,86.2,7.8,2542.5,Coastal Alluvial
61.1,8.0,94.8,31.7,81.4,5.01,3380.3,Laterite
48.5,48.6,39.9,29.5,66.3,7.98,1376.5,Black Cotton
56.9,14.7,64.2,28.1,84.4,4.94,3910.6,Laterite
128.4,29.4,33.5,34.2,98.0,3.87,3080.9,Peaty
126.9,33.5,52.4,26.6,87.2,3.45,3280.7,Peaty
39.3,31.3,43.2,34.2,79.1,7.87,2233.3,Coastal Alluvial
73.4,40.7,62.4,27.3,87.1,4.69,2846.1,Brown Hydromorphic
78.7,33.4,34.0,29.3,95.7,4.95,3518.5,Brown Hydromorphic
60.6,21.1,96.4,31.0,89.8,5.13,2721.8,Laterite
160.2,23.7,45.2,28.2,88.5,4.61,3270.3,Peaty
136.1,24.2,46.8,31.2,98.3,4.02,3183.3,Peaty
51.8,20.6,42.1,29.2,88.3,4.55,3328.6,Brown Hydromorphic
47.1,13.3,61.7,23.3,85.4,5.34,2775.1,Laterite
45.0,47.4,58.1,28.0,85.2,4.55,3469.7,Brown Hydromorphic
72.3,32.2,76.1,28.1,75.4,6.29,1785.5,Red Loam
55.5,20.3,63.0,28.6,84.7,5.46,4052.4,Laterite
130.3,48.2,119.1,22.4,84.3,6.01,4120.5,Forest Loam
126.4,49.3,100.7,17.5,73.0,5.26,4507.3,Forest Loam
56.5,35.1,88.5,28.9,72.1,6.09,2564.8,Red Loam
134.2,42.2,85.0,14.2,81.9,6.24,4064.6,Forest Loam
53.0,24.0,66.2,27.2,90.0,5.44,3957.5,Laterite
80.4,29.8,53.0,31.4,92.4,4.36,2968.8,Brown Hydromorphic
48.9,38.0,74.0,25.9,66.6,6.31,1760.1,Loamy
71.3,34.7,72.5,30.4,87.1,4.98,3065.0,Brown Hydromorphic
58.8,8.9,77.9,28.3,83.7,5.25,3366.5,Laterite
59.5,19.7,71.6,27.5,77.6,5.07,2971.5,Laterite
44.1,39.7,58.9,26.5,81.1,8.01,2118.8,Coastal Alluvial
80.1,23.0,64.9,30.9,81.7,5.0,3450.9,Laterite
53.9,31.8,66.3,32.1,81.8,6.08,2056.6,Red Loam
103.5,55.9,106.3,30.0,85.2,7.3,2337.5,Riverine Alluvial
66.0,48.0,59.0,28.2,88.9,5.21,2470.8,Brown Hydromorphic
118.1,41.4,85.3,24.5,89.3,5.78,3479.2,Forest Loam
101.9,40.9,103.1,19.4,89.3,6.11,4789.0,Forest Loam
68.1,32.1,45.5,28.2,98.7,4.92,3273.3,Brown Hydromorphic
121.5,26.8,36.9,29.2,92.0,3.66,2873.4,Peaty
78.0,31.7,52.5,34.9,64.6,8.11,1309.8,Black Cotton
120.7,55.8,89.7,20.6,84.4,5.89,3085.0,Forest Loam
52.3,38.7,58.3,26.9,78.5,6.01,2634.4,Red Loam
73.9,42.3,53.4,27.5,50.6,7.46,1468.5,Black Cotton
63.1,48.3,64.1,21.7,75.6,6.92,1720.2,Loamy
121.0,32.1,54.0,20.7,91.0,6.2,3446.8,Forest Loam
46.7,31.9,40.8,31.9,91.5,8.1,1929.1,Coastal Alluvial
73.6,52.0,85.6,24.2,83.9,7.15,2620.4,Clayey
70.8,13.6,60.0,27.4,77.3,5.15,2826.4,Laterite
65.7,37.4,62.6,27.2,55.2,7.72,1079.4,Black Cotton
54.2,44.2,73.7,29.3,58.4,7.89,1523.9,Black Cotton
132.3,26.7,36.5,34.5,88.6,3.58,2810.1,Peaty
65.1,30.8,77.1,28.7,75.3,6.08,2273.9,Red Loam
88.6,61.3,75.0,29.7,79.6,7.12,2358.3,Riverine Alluvial
103.2,45.0,124.3,32.9,80.8,7.25,3798.9,Riverine Alluvial
87.3,38.4,51.8,26.2,90.4,4.78,3161.6,Brown Hydromorphic
48.0,26.6,71.2,27.7,83.9,5.25,4053.2,Laterite
94.1,48.9,112.5,30.7,87.9,6.54,2406.2,Riverine Alluvial
171.4,33.2,50.6,30.5,97.4,4.62,3521.3,Peaty
43.9,18.8,60.6,28.9,87.4,5.15,3780.5,Laterite
61.5,13.9,58.4,27.5,82.3,5.01,3033.2,Laterite
89.5,45.5,45.1,30.6,89.4,4.58,2512.3,Brown Hydromorphic
55.4,17.3,42.0,26.8,77.0,5.64,3207.7,Laterite
44.3,36.3,66.9,37.0,55.1,8.18,1224.7,Black Cotton
47.4,20.4,83.5,30.6,84.4,5.24,4200.4,Laterite
91.5,44.4,80.7,26.4,75.0,7.2,2623.9,Riverine Alluvial
66.0,38.7,49.3,29.8,94.5,5.38,2746.2,Brown Hydromorphic
64.9,16.6,36.0,27.6,79.2,5.89,3104.0,Laterite
77.5,22.5,77.1,27.9,73.4,6.08,2598.0,Red Loam
76.0,22.5,51.3,28.8,64.1,7.71,1199.4,Black Cotton
77.4,45.3,63.2,30.4,63.8,7.14,1977.6,Clayey
109.9,49.4,95.1,25.9,75.0,6.86,2369.0,Riverine Alluvial
69.3,9.2,74.2,24.7,86.0,5.0,3305.9,Laterite
100.9,43.3,37.8,34.1,87.8,4.59,3082.2,Brown Hydromorphic
45.4,36.6,71.3,22.9,74.1,6.3,2877.6,Red Loam
129.4,46.7,120.8,17.5,78.5,5.55,3874.9,Forest Loam
77.8,49.7,77.1,29.0,75.2,6.98,1651.3,Clayey
103.8,58.2,93.5,30.4,77.8,6.6,2273.7,Riverine Alluvial
67.7,21.7,83.2,33.9,71.2,5.56,2464.9,Red Loam
160.6,27.3,38.1,32.9,88.6,4.16,3205.4,Peaty
83.8,60.9,104.2,20.6,81.8,5.57,3872.4,Forest Loam
47.8,14.2,69.4,28.6,79.8,4.99,2504.8,Laterite
140.8,46.6,105.9,19.6,86.1,5.33,4701.8,Forest Loam
72.9,6.8,97.9,26.6,81.5,5.42,2692.1,Laterite
58.8,15.8,78.8,27.7,75.8,4.78,3097.0,Laterite
63.0,20.8,78.1,31.4,78.7,5.58,3400.6,Laterite
57.7,5.4,92.9,30.0,80.5,5.19,2684.3,Laterite
84.8,31.4,49.3,26.8,97.9,4.91,3165.0,Brown Hydromorphic
78.2,34.3,45.7,27.2,94.1,5.46,3219.9,Brown Hydromorphic
51.9,23.6,93.5,29.3,73.5,6.4,2794.4,Red Loam
60.6,26.8,55.4,29.7,80.4,5.86,1859.0,Red Loam
80.0,38.9,54.8,31.4,88.4,4.53,2580.2,Brown Hydromorphic
72.0,30.4,49.0,28.4,94.4,4.79,3446.5,Brown Hydromorphic
36.1,27.2,59.1,32.9,81.2,8.06,1994.6,Coastal Alluvial
78.8,55.3,58.3,28.2,85.0,6.67,2453.3,Riverine Alluvial
60.3,9.9,70.3,34.0,84.1,5.99,3240.9,Laterite
135.7,16.3,30.5,30.8,97.2,3.74,3123.3,Peaty
141.4,27.9,45.3,29.2,91.0,4.13,3563.5,Peaty
52.2,33.7,50.4,30.2,82.0,4.54,3037.2,Brown Hydromorphic
55.3,36.1,59.3,24.8,96.4,7.87,2037.4,Coastal Alluvial
90.1,56.4,89.4,31.3,78.1,6.68,2317.1,Riverine Alluvial
118.1,48.3,49.5,28.1,79.8,6.77,2630.2,Riverine Alluvial
75.4,25.6,80.2,26.9,66.8,6.37,2623.0,Red Loam
61.9,46.1,78.4,30.6,61.2,7.2,1477.1,Black Cotton
54.0,70.4,100.8,30.2,80.7,6.68,3146.0,Riverine Alluvial
122.0,56.1,92.1,17.2,81.2,6.47,4226.2,Forest Loam
55.2,27.5,49.0,27.0,76.9,5.35,4003.6,Laterite
52.2,36.1,54.6,29.6,88.0,4.48,3415.4,Brown Hydromorphic
52.1,19.9,89.7,31.4,87.0,6.46,2809.1,Red Loam
49.6,31.9,52.6,29.0,85.2,7.7,1747.8,Coastal Alluvial
120.0,52.9,91.6,24.2,83.1,5.06,4179.6,Forest Loam
98.2,54.7,86.2,31.2,75.5,6.82,3015.9,Riverine Alluvial
126.6,45.5,70.4,20.5,91.3,5.61,4460.9,Forest Loam
80.6,43.2,88.3,29.6,73.6,7.24,1220.7,Clayey
60.9,39.2,63.1,34.2,62.1,7.95,1322.4,Black Cotton
166.9,27.9,58.8,34.5,88.3,4.82,2989.0,Peaty
71.5,14.5,71.2,26.6,76.7,5.37,3160.7,Laterite
126.1,48.2,106.6,17.8,81.6,6.11,3873.1,Forest Loam
24.2,31.4,35.8,34.5,55.9,6.6,526.8,Sandy
71.6,43.9,120.1,28.2,79.5,6.98,2318.7,Riverine Alluvial
108.9,37.1,93.9,19.9,83.4,5.74,3961.1,Forest Loam
61.7,30.5,101.2,27.8,75.1,6.04,2354.2,Red Loam
70.1,13.9,61.0,29.2,74.9,4.73,3899.9,Laterite
54.2,16.6,98.1,33.6,70.6,5.62,3610.0,Laterite
33.4,20.4,45.8,30.5,55.8,6.75,719.1,Sandy
112.5,51.7,101.1,18.4,83.5,6.28,3933.5,Forest Loam
80.8,44.5,83.1,24.8,68.3,6.63,2673.7,Riverine Alluvial
110.7,43.7,85.4,18.8,91.0,5.92,2928.8,Forest Loam
102.3,61.7,89.8,19.5,73.2,5.7,4049.4,Forest Loam
103.7,39.3,88.1,25.3,84.7,5.92,3824.2,Forest Loam
156.3,22.5,28.2,26.2,91.0,4.4,2767.9,Peaty
61.0,30.2,62.5,30.6,89.8,6.09,3182.9,Red Loam
42.1,36.4,79.1,30.4,68.5,7.11,2645.0,Red Loam
78.1,47.0,95.8,27.6,81.3,7.27,1238.2,Clayey
31.3,26.7,62.4,32.7,96.9,7.13,2008.3,Coastal Alluvial
90.0,46.9,93.1,34.6,79.1,6.65,2522.0,Riverine Alluvial
64.5,24.5,50.1,29.3,89.3,4.96,3091.6,Brown Hydromorphic
41.9,41.5,63.1,32.3,81.8,7.83,1994.0,Coastal Alluvial
105.2,57.4,63.0,21.2,90.2,5.63,4463.2,Forest Loam
73.1,31.0,40.6,30.7,89.6,4.46,2854.3,Brown Hydromorphic
57.4,28.8,87.0,28.3,71.0,6.3,2356.7,Red Loam
40.3,15.3,94.8,22.8,81.0,5.55,2841.5,Laterite
97.7,45.3,69.5,28.9,78.5,6.35,3512.1,Riverine Alluvial
84.6,58.1,76.6,30.3,83.8,6.36,3012.8,Riverine Alluvial
36.8,20.1,51.3,34.6,88.2,7.38,2522.6,Coastal Alluvial
93.4,53.0,81.4,27.5,74.0,6.84,2875.0,Riverine Alluvial
32.3,11.7,101.2,28.7,82.9,5.06,2644.6,Laterite
54.9,18.3,77.5,29.0,75.4,4.79,3565.2,Laterite
27.0,22.1,84.4,25.6,80.1,5.8,3757.1,Laterite
45.7,25.4,62.1,27.4,60.8,7.48,1668.5,Black Cotton
145.8,20.3,33.8,30.8,93.6,4.4,2864.0,Peaty
70.0,17.2,71.0,32.2,70.6,4.75,3316.1,Laterite
60.4,34.8,93.2,33.4,75.9,6.08,2655.2,Red Loam
55.2,39.3,54.1,29.7,86.3,4.84,3169.8,Brown Hydromorphic
68.2,50.8,102.9,22.6,86.4,7.7,2020.7,Clayey
88.0,21.6,92.6,27.1,73.6,5.8,3419.0,Laterite
51.7,41.1,50.4,29.1,86.0,7.06,1588.4,Coastal Alluvial
149.8,48.1,101.4,20.9,86.9,5.46,4230.2,Forest Loam
74.2,29.4,86.6,33.6,73.5,5.99,2965.5,Red Loam
61.1,43.1,71.2,25.3,68.4,6.76,1197.3,Loamy
53.0,50.5,61.5,31.4,85.0,8.41,1624.9,Coastal Alluvial
156.8,26.4,34.9,31.5,88.9,4.75,2868.6,Peaty
65.6,37.5,73.1,26.3,72.1,6.95,1787.7,Loamy
62.9,13.7,73.7,32.3,86.4,5.56,3382.7,Laterite
118.7,38.3,76.3,18.6,96.9,5.92,4622.2,Forest Loam
123.6,21.9,45.2,30.2,87.1,4.37,3287.1,Peaty
51.9,14.7,73.2,31.0,80.1,5.77,3695.2,Laterite
81.8,38.6,77.6,24.0,60.8,6.84,1609.9,Loamy
57.2,54.1,58.7,26.5,66.0,6.59,1972.7,Loamy
53.5,29.0,85.2,32.8,73.8,5.87,1991.0,Red Loam
135.0,42.9,132.6,21.5,83.1,5.69,3961.2,Forest Loam
63.6,57.0,69.5,25.6,72.0,6.46,2034.1,Loamy
78.1,47.2,99.8,25.6,80.2,6.61,2204.2,Riverine Alluvial
113.3,60.0,93.5,27.2,80.8,6.75,3018.5,Riverine Alluvial
44.2,12.9,68.9,31.9,87.0,5.21,2984.5,Laterite
56.4,27.8,52.6,35.5,57.9,7.8,1687.4,Black Cotton
52.5,29.5,77.6,29.5,72.4,6.55,3040.2,Red Loam
77.5,27.0,69.8,22.8,66.2,6.47,1935.0,Loamy
98.8,73.0,80.7,30.6,83.0,6.56,3180.6,Riverine Alluvial
132.0,58.5,70.1,30.4,78.6,7.06,3455.1,Riverine Alluvial
56.1,44.2,87.9,28.9,67.4,7.16,1885.4,Loamy
105.7,39.1,58.8,31.6,84.0,5.2,3362.1,Brown Hydromorphic
137.9,37.4,39.9,26.5,94.6,3.81,2692.8,Peaty
49.4,36.0,58.5,30.7,91.5,7.58,1425.9,Coastal Alluvial
30.9,30.5,30.8,31.0,80.9,8.34,2071.4,Coastal Alluvial
59.2,17.9,56.6,26.8,81.7,5.21,3560.1,Laterite
131.9,28.3,48.5,31.6,90.6,4.04,3239.8,Peaty
53.9,43.8,42.8,30.7,87.1,7.48,2188.5,Coastal Alluvial
49.3,45.7,58.1,32.8,96.6,8.1,2604.0,Coastal Alluvial
56.5,42.4,76.3,35.1,65.4,7.89,1727.1,Black Cotton
147.2,37.9,45.7,29.4,94.8,4.19,3149.9,Peaty
53.9,18.6,99.3,32.0,72.0,6.27,1906.4,Red Loam
128.7,64.9,87.5,24.4,86.3,5.84,3999.2,Forest Loam
89.3,41.2,49.5,28.2,81.0,6.83,2167.0,Riverine Alluvial
67.3,50.3,64.9,30.0,71.3,6.63,2431.7,Loamy
123.9,51.9,86.9,18.7,90.1,5.66,3572.2,Forest Loam
92.5,62.5,89.2,26.4,83.9,7.17,3205.2,Riverine Alluvial
39.5,16.0,77.2,29.3,80.4,6.23,2399.1,Red Loam
30.9,4.5,73.2,29.5,88.3,4.64,3304.4,Laterite
51.1,15.3,56.8,30.4,84.6,5.31,2190.4,Laterite
138.8,19.3,53.9,30.2,93.0,4.7,2813.7,Peaty
70.9,15.9,79.9,31.9,85.5,4.75,3158.2,Laterite
76.8,32.8,62.2,25.4,88.6,5.23,3641.1,Brown Hydromorphic
129.9,45.5,82.7,25.0,80.4,5.35,3871.9,Forest Loam
56.2,36.1,38.1,32.4,77.8,7.35,2369.2,Coastal Alluvial
38.2,15.5,81.5,26.5,83.0,4.53,2895.9,Laterite
38.3,50.5,57.8,30.7,85.7,7.65,2497.9,Coastal Alluvial
63.8,27.5,82.4,29.3,84.5,6.04,2391.2,Red Loam
66.7,19.2,89.3,28.0,75.6,5.46,3551.8,Laterite
97.6,44.5,92.3,25.3,64.5,7.16,2069.1,Loamy
39.8,24.3,35.6,33.7,64.0,6.86,1534.7,Sandy
120.6,24.2,36.5,30.1,91.1,4.25,3035.6,Peaty
68.2,19.8,100.3,27.3,88.6,5.26,2809.0,Laterite
45.4,39.2,53.4,29.9,85.2,7.13,1857.7,Coastal Alluvial
49.2,47.6,60.9,31.7,90.3,7.35,1671.4,Coastal Alluvial
54.0,56.6,93.6,32.7,78.0,6.82,2486.3,Riverine Alluvial
54.0,54.9,74.4,30.2,80.0,7.37,2393.3,Riverine Alluvial
52.6,28.2,69.6,32.0,83.8,7.68,1989.3,Coastal Alluvial
48.2,11.5,84.6,27.6,87.4,5.2,2792.6,Laterite
57.6,38.5,63.3,33.4,63.6,8.23,1391.5,Black Cotton
77.7,31.5,74.2,26.6,87.5,7.13,2388.0,Riverine Alluvial
80.9,54.1,104.0,31.2,87.5,7.49,1960.8,Clayey
61.6,58.9,77.7,24.0,68.9,6.74,1515.1,Loamy
66.0,37.8,57.2,32.9,77.9,6.56,2170.2,Red Loam
22.5,33.1,55.6,34.1,86.1,7.03,1875.9,Coastal Alluvial
105.6,57.7,91.2,21.5,90.7,5.4,3587.9,Forest Loam
142.7,32.8,42.3,26.8,93.7,3.52,2869.0,Peaty
48.1,31.1,67.6,31.1,81.9,8.34,1957.7,Coastal Alluvial
82.2,60.1,83.1,32.2,78.3,6.32,3235.2,Riverine Alluvial
84.4,29.8,97.0,33.0,68.2,5.94,2954.0,Red Loam
83.3,56.7,103.2,29.5,81.4,6.78,3030.0,Riverine Alluvial
68.7,30.6,49.4,32.0,90.7,7.48,1836.0,Coastal Alluvial
71.4,43.3,31.6,26.6,94.5,4.93,3713.7,Brown Hydromorphic
142.0,17.6,37.6,29.6,96.4,4.21,3086.1,Peaty
52.8,10.6,65.9,31.1,72.6,4.89,3617.5,Laterite
106.3,52.1,104.7,22.9,87.2,5.15,4097.6,Forest Loam
40.9,14.7,50.3,33.9,55.3,6.46,802.2,Sandy
154.3,29.9,22.5,30.3,93.0,3.88,3074.0,Peaty
71.6,11.1,88.2,22.8,89.2,5.55,2834.4,Laterite
85.5,55.0,46.3,27.7,88.8,4.81,3040.4,Brown Hydromorphic
114.9,45.9,111.9,20.0,90.1,6.05,4441.4,Forest Loam
66.6,22.8,81.5,26.3,89.8,6.15,2060.3,Red Loam
28.6,26.5,68.3,35.3,89.4,7.73,2364.9,Coastal Alluvial
58.0,36.3,70.4,30.6,64.8,8.06,1133.5,Black Cotton
57.8,39.8,42.7,32.9,96.0,3.97,3606.3,Brown Hydromorphic
80.7,66.1,103.7,26.2,84.8,6.87,2708.2,Riverine Alluvial
114.9,46.3,81.4,20.7,80.0,6.36,4068.7,Forest Loam
47.7,23.9,82.1,30.5,62.7,5.52,2357.1,Red Loam
52.6,38.4,86.7,34.0,72.9,6.08,2396.7,Red Loam
88.4,50.0,102.6,28.1,70.7,6.76,2999.6,Riverine Alluvial
65.6,6.2,48.3,26.2,76.5,4.91,3788.6,Laterite
56.9,10.1,68.8,30.9,79.1,5.19,3620.7,Laterite
129.5,49.7,104.7,21.6,81.1,6.08,3647.5,Forest Loam
47.3,22.5,84.5,30.5,87.9,4.91,3105.6,Laterite
52.6,37.2,62.2,28.2,76.4,8.13,1939.5,Coastal Alluvial
56.6,43.3,89.2,34.1,65.0,7.81,1387.1,Black Cotton
88.0,61.5,92.1,30.4,86.7,6.8,2530.7,Riverine Alluvial
77.0,4.5,74.0,32.6,85.4,5.47,3422.6,Laterite
64.5,29.3,73.0,31.4,73.6,5.47,1939.7,Red Loam
55.2,33.0,48.4,26.8,79.4,6.0,2993.5,Red Loam
47.5,13.9,87.8,25.3,81.1,5.04,2824.2,Laterite
68.3,34.0,96.2,31.2,83.9,6.04,2873.1,Red Loam
53.3,21.8,66.2,28.6,81.6,5.6,2908.2,Red Loam
72.3,45.2,79.7,30.8,70.9,7.01,1485.7,Clayey
65.9,27.3,72.0,29.2,82.6,5.83,2624.6,Red Loam
149.9,37.0,53.7,29.0,95.0,4.48,3236.6,Peaty
37.9,13.5,39.5,29.3,81.7,5.86,3502.8,Laterite
58.8,18.7,63.1,28.1,82.7,5.69,2935.9,Laterite
49.9,21.5,75.1,29.3,79.3,5.84,2539.5,Red Loam
142.2,28.3,48.7,28.5,95.5,3.93,3492.6,Peaty
45.1,5.2,78.9,29.8,75.6,4.98,3809.5,Laterite
55.4,30.7,81.4,33.2,71.7,6.14,2222.9,Red Loam
118.7,31.0,70.0,18.4,90.5,5.44,3763.2,Forest Loam
54.4,31.7,62.7,29.6,81.9,6.29,1809.7,Red Loam
128.2,63.4,106.7,18.9,78.6,5.59,3886.3,Forest Loam
33.2,30.3,53.9,35.7,82.7,7.31,2498.2,Coastal Alluvial
60.0,48.2,80.6,21.4,75.7,6.39,1711.3,Loamy
66.1,53.7,61.6,35.3,71.9,7.36,2123.8,Coastal Alluvial
67.0,17.5,70.8,27.9,86.1,5.24,3910.1,Laterite
81.0,12.6,84.5,31.9,87.0,5.62,3472.1,Laterite
115.8,62.7,99.6,27.5,80.9,6.92,1949.1,Riverine Alluvial
135.7,31.2,102.1,19.0,87.3,6.26,3005.7,Forest Loam
75.3,47.5,91.7,29.6,91.8,7.23,2014.6,Clayey
31.2,33.7,31.9,30.1,47.1,6.63,1197.7,Sandy
41.5,8.5,80.7,30.4,83.7,5.09,3190.3,Laterite
32.7,39.2,56.0,35.0,85.4,8.08,2137.6,Coastal Alluvial
42.7,12.2,43.2,31.6,62.3,6.72,1714.1,Sandy
130.3,47.0,99.1,19.6,90.4,5.79,3754.6,Forest Loam
96.2,52.4,93.6,25.4,88.2,6.99,2345.8,Riverine Alluvial
106.6,44.6,70.4,27.7,79.5,7.26,3043.0,Riverine Alluvial
27.5,22.3,72.9,29.7,85.2,7.66,2477.2,Coastal Alluvial
95.2,55.9,67.8,27.5,71.3,6.98,2473.7,Riverine Alluvial
91.4,39.5,35.6,26.3,85.4,4.97,3618.1,Brown Hydromorphic
56.1,26.2,68.8,30.7,80.8,6.35,1997.1,Red Loam
90.0,58.3,84.8,28.7,84.3,7.03,2471.1,Riverine Alluvial
107.1,28.9,49.5,30.8,88.5,5.1,3075.8,Brown Hydromorphic
86.5,35.3,72.5,31.8,71.1,5.51,2637.5,Red Loam
80.7,44.7,35.2,28.1,85.8,4.53,2691.9,Brown Hydromorphic
92.0,48.6,88.3,28.3,78.9,7.14,2783.4,Riverine Alluvial
86.1,13.8,75.1,25.2,76.5,5.24,3557.4,Laterite
68.0,28.4,55.5,26.4,90.1,4.46,3577.6,Brown Hydromorphic
80.6,58.2,82.2,28.6,69.3,6.57,2708.1,Riverine Alluvial
58.8,42.0,63.4,32.1,85.0,8.23,2244.7,Coastal Alluvial
57.7,6.5,66.0,29.2,71.1,4.88,3486.6,Laterite
117.7,61.0,106.1,28.1,85.2,6.09,2934.0,Riverine Alluvial
87.5,37.0,58.2,28.3,83.0,4.53,3685.0,Brown Hydromorphic
77.2,35.4,73.5,31.0,86.5,4.3,2878.2,Brown Hydromorphic
81.8,44.7,82.4,34.7,69.3,8.1,1464.6,Black Cotton
69.2,36.1,69.8,29.5,96.8,3.86,3254.6,Brown Hydromorphic
72.6,26.1,60.2,27.5,68.9,5.7,2812.0,Red Loam
50.1,23.5,43.7,33.9,61.3,6.59,1299.5,Sandy
53.7,25.0,58.3,31.0,78.7,7.69,2042.0,Coastal Alluvial
81.1,56.9,68.6,32.3,72.0,7.05,3625.2,Riverine Alluvial
73.6,19.7,47.9,27.7,77.4,6.16,2036.3,Red Loam
38.9,15.6,88.3,26.2,81.3,4.99,3385.0,Laterite
72.4,46.7,113.9,27.4,76.0,7.75,2797.5,Clayey
163.3,26.7,49.1,33.9,97.0,3.98,3527.0,Peaty
63.6,15.4,56.8,32.4,77.3,4.42,2854.2,Laterite
50.8,24.3,76.3,28.5,89.8,6.31,2497.7,Red Loam
84.7,38.2,47.7,30.7,74.7,7.68,1449.1,Black Cotton
56.8,15.1,77.3,32.4,82.5,5.41,3841.4,Laterite
100.6,43.8,66.0,24.5,65.1,6.02,2086.4,Loamy
139.2,30.0,31.3,26.1,91.4,4.43,2301.0,Peaty
42.8,35.0,46.5,34.2,93.9,8.64,1859.6,Coastal Alluvial
61.8,50.9,62.4,34.9,59.6,7.09,1692.7,Black Cotton
53.7,12.2,103.4,32.3,83.6,5.44,3454.4,Laterite
41.3,48.1,34.9,30.7,78.1,7.56,2349.9,Coastal Alluvial
68.1,34.5,87.5,28.5,72.9,5.89,2701.2,Red Loam
65.4,19.5,53.7,27.3,84.9,4.94,2722.3,Laterite
114.9,40.7,76.0,26.7,88.4,7.31,2248.6,Riverine Alluvial
137.3,36.4,37.1,30.0,86.9,4.02,2999.5,Peaty
33.5,25.6,73.4,28.8,92.4,7.82,2237.5,Coastal Alluvial
47.4,33.8,51.3,35.1,87.5,8.31,1658.1,Coastal Alluvial
86.5,51.1,55.1,26.3,69.6,7.19,1847.4,Loamy
49.6,12.4,63.4,29.2,79.5,5.35,3167.0,Laterite
46.7,11.0,101.0,23.6,88.2,4.96,3383.7,Laterite
73.5,38.8,89.7,30.1,69.1,6.74,1315.4,Loamy
48.0,26.1,78.1,27.1,80.0,5.83,2660.4,Red Loam
73.7,39.3,66.7,23.6,62.2,7.08,1636.1,Loamy
130.3,32.6,23.0,26.6,89.8,4.05,2771.0,Peaty
84.5,42.4,63.6,26.9,66.5,7.66,1335.1,Black Cotton
93.8,43.0,60.9,31.2,63.2,7.57,1515.3,Black Cotton
95.0,46.5,96.3,20.2,91.4,6.3,3606.6,Forest Loam
58.4,11.5,75.6,24.7,84.2,4.65,4287.4,Laterite
45.8,40.7,61.8,31.7,82.7,7.8,2112.1,Coastal Alluvial
59.4,49.3,84.5,29.9,82.2,7.35,2595.5,Coastal Alluvial
58.2,34.4,85.5,29.8,70.0,6.34,2112.7,Red Loam
53.4,56.5,72.3,32.6,77.2,8.19,2341.0,Clayey
70.4,36.0,40.4,28.0,61.5,7.61,1109.3,Black Cotton
62.7,36.5,49.6,30.8,81.8,7.6,2532.0,Coastal Alluvial
122.8,13.6,43.6,30.4,93.2,4.87,2980.0,Peaty
91.4,47.7,93.0,28.4,88.1,6.66,2406.9,Riverine Alluvial
63.2,29.8,66.5,30.0,66.9,6.03,2263.5,Red Loam
94.2,60.7,97.5,25.9,76.5,6.81,2916.8,Riverine Alluvial
85.7,57.4,109.1,30.2,79.9,7.37,1925.5,Clayey
83.7,33.7,86.5,33.6,75.7,6.35,2988.4,Red Loam
97.7,24.9,42.5,30.4,93.1,4.95,2866.6,Brown Hydromorphic
67.4,47.9,65.2,30.5,87.3,4.47,3190.5,Brown Hydromorphic
42.6,41.2,44.6,27.7,87.5,7.58,1885.8,Coastal Alluvial
134.9,30.4,42.7,29.5,89.5,3.93,3309.3,Peaty
64.5,18.9,36.0,27.0,77.3,5.72,2782.7,Laterite
46.6,26.6,99.6,28.8,85.5,6.24,1807.2,Red Loam
61.5,54.0,90.6,25.1,73.3,6.42,2532.7,Riverine Alluvial
89.8,60.1,92.9,25.5,75.3,6.69,2623.4,Riverine Alluvial
72.2,34.1,60.5,32.3,72.2,7.77,1485.8,Black Cotton
45.0,21.4,60.2,33.3,54.6,5.88,1657.8,Sandy
88.0,19.2,49.8,31.1,82.2,4.48,2445.6,Laterite
178.7,17.1,40.2,29.0,89.5,4.28,2809.8,Peaty
60.2,41.2,49.0,29.8,93.9,4.44,3449.1,Brown Hydromorphic
71.0,37.7,61.4,26.8,61.2,7.27,867.4,Black Cotton
97.0,27.6,60.5,27.5,86.7,4.42,3185.8,Brown Hydromorphic
49.6,24.1,63.4,32.1,86.5,4.89,3318.7,Laterite
82.5,22.6,119.3,29.1,78.4,6.41,2267.6,Red Loam
68.6,5.4,88.6,25.0,78.5,4.87,3537.0,Laterite
134.8,57.2,89.6,17.1,76.0,5.68,4192.4,Forest Loam
78.7,60.3,104.4,27.1,88.5,7.01,3338.0,Riverine Alluvial
77.8,45.1,85.1,25.8,82.5,6.44,2771.8,Riverine Alluvial
46.0,15.9,69.5,27.6,90.1,4.72,2452.3,Laterite
78.9,20.5,83.4,32.9,80.9,6.21,1891.0,Red Loam
77.9,50.2,68.8,29.6,79.5,7.62,1749.2,Clayey
65.5,34.8,43.7,28.8,78.5,7.77,2356.0,Coastal Alluvial
46.1,32.6,69.7,34.0,89.5,7.54,2491.3,Coastal Alluvial
56.5,18.0,58.1,28.5,94.1,5.04,3181.5,Brown Hydromorphic
88.8,36.9,71.6,31.7,80.1,6.24,3150.7,Riverine Alluvial
34.1,23.2,37.2,30.4,60.1,6.9,1046.9,Sandy
73.2,43.5,79.9,26.7,68.2,6.08,1715.9,Loamy
78.5,26.3,68.4,25.5,76.0,6.13,2513.2,Red Loam
68.4,20.8,85.2,30.8,76.8,5.99,3136.5,Red Loam
77.6,30.8,58.7,29.5,84.9,5.26,3274.6,Brown Hydromorphic
44.5,34.9,53.5,30.8,87.7,7.45,1885.3,Coastal Alluvial
77.4,60.7,97.9,28.7,81.2,6.42,2397.5,Riverine Alluvial
83.0,37.3,52.2,31.3,92.3,4.9,2316.8,Brown Hydromorphic
29.2,18.4,62.8,30.5,81.8,5.97,2747.8,Laterite
52.9,52.7,47.3,36.0,63.7,7.77,1455.4,Black Cotton
101.8,53.7,99.7,28.0,72.4,6.78,2525.8,Riverine Alluvial
62.0,46.4,64.6,25.8,68.9,8.24,1867.6,Black Cotton
116.4,28.9,35.0,29.6,89.1,3.53,2471.8,Peaty
61.8,29.1,45.6,32.0,99.4,4.68,3182.3,Brown Hydromorphic
115.9,57.8,91.1,22.5,78.3,6.15,3535.1,Forest Loam
59.3,13.6,55.0,27.5,81.8,5.25,2587.3,Laterite
50.4,36.0,41.2,32.5,80.6,8.29,2570.5,Coastal Alluvial
45.5,28.5,58.9,32.6,75.7,7.97,1952.7,Coastal Alluvial
68.7,45.9,72.5,33.5,77.5,7.44,3450.0,Clayey
45.2,36.7,27.1,33.1,86.9,7.76,1577.9,Coastal Alluvial
179.9,24.2,59.1,32.0,90.6,3.82,2765.8,Peaty
151.7,28.5,39.0,28.7,96.0,4.23,3222.8,Peaty
30.5,40.9,46.9,30.6,85.9,7.97,2451.6,Coastal Alluvial
40.1,17.8,30.7,34.8,38.9,6.45,1415.5,Sandy
148.5,37.0,40.2,31.0,92.9,4.46,2952.3,Peaty
68.7,28.5,54.4,28.9,80.1,8.07,1838.0,Coastal Alluvial
44.1,16.9,63.9,27.8,89.6,5.45,3805.1,Laterite
44.9,30.1,48.1,31.2,48.3,7.42,929.9,Sandy
41.9,28.6,44.1,32.8,76.3,7.26,1925.1,Coastal Alluvial
121.0,47.7,104.7,27.0,76.5,5.44,3816.2,Forest Loam
51.5,23.6,85.1,34.5,66.1,5.65,2553.5,Red Loam
165.0,46.3,63.8,17.1,80.6,5.74,3751.3,Forest Loam
49.9,16.1,74.2,28.3,69.1,5.15,3717.4,Laterite
42.2,33.7,58.9,32.3,83.7,7.76,1993.1,Coastal Alluvial
41.7,15.9,41.6,30.5,52.3,6.83,818.2,Sandy
69.2,12.5,60.6,28.3,72.9,5.33,3618.5,Laterite
67.4,36.9,44.2,29.3,86.9,5.29,3462.3,Brown Hydromorphic
41.3,24.2,62.8,29.0,76.7,5.64,3823.1,Laterite
58.4,8.3,51.0,25.6,69.2,5.01,3788.6,Laterite
76.3,31.6,73.7,34.1,63.8,8.33,1462.5,Black Cotton
144.8,29.6,50.5,24.7,91.7,4.03,3079.1,Peaty
82.7,43.8,102.9,29.6,81.2,6.46,2445.5,Riverine Alluvial
31.6,39.1,41.1,34.4,76.5,7.81,1905.0,Coastal Alluvial
65.4,31.3,69.4,35.6,57.9,7.72,1314.4,Black Cotton
76.2,42.8,72.5,25.1,64.8,7.46,1243.5,Black Cotton
92.9,45.1,76.5,31.9,84.1,6.56,2948.8,Riverine Alluvial
56.9,26.9,48.4,29.0,89.7,4.93,2746.5,Brown Hydromorphic
44.8,33.8,92.3,32.4,85.3,6.12,2671.8,Red Loam
44.8,15.1,87.8,29.9,83.1,4.83,3085.7,Laterite
110.0,29.7,46.6,30.6,88.3,4.0,2975.6,Brown Hydromorphic
73.4,58.7,67.6,25.4,68.4,7.13,1764.9,Loamy
67.7,52.3,72.9,24.9,73.0,7.56,1461.2,Loamy
64.8,35.6,51.3,32.3,91.1,4.54,3190.4,Brown Hydromorphic
56.2,13.2,46.1,29.2,84.0,4.85,3639.4,Laterite
66.8,14.8,75.8,27.5,75.8,6.69,3388.5,Red Loam
118.8,39.8,80.6,25.1,80.9,5.79,4093.2,Forest Loam
71.2,26.1,53.7,27.5,73.5,5.37,2847.7,Laterite
44.2,49.8,45.5,32.8,81.7,7.2,1849.1,Coastal Alluvial
93.6,59.8,103.9,34.4,64.9,7.17,2190.3,Clayey
46.1,12.2,74.6,30.0,84.1,5.19,2862.9,Laterite
72.8,13.9,50.3,30.1,81.5,5.04,3405.7,Laterite
48.5,16.0,73.9,29.3,82.2,5.2,3981.5,Laterite
46.3,17.3,32.3,36.9,61.9,6.62,749.6,Sandy
85.6,55.4,107.3,27.0,81.3,7.32,3125.7,Riverine Alluvial
61.4,31.4,53.0,30.7,91.7,4.3,3435.0,Brown Hydromorphic
96.1,32.7,104.6,20.2,83.3,5.55,3939.3,Forest Loam
73.9,22.0,75.7,31.5,80.1,6.69,2732.1,Red Loam
74.2,43.2,42.6,35.2,59.7,8.01,1365.0,Black Cotton
62.0,29.5,91.1,32.2,84.6,6.32,2817.8,Red Loam
86.9,41.9,66.6,22.7,71.2,6.45,1752.3,Loamy
49.8,46.9,103.5,27.8,84.8,6.93,2503.2,Clayey
54.4,13.2,81.8,34.7,75.7,5.56,3217.8,Laterite
28.0,12.4,59.4,31.4,56.4,7.33,1670.8,Sandy
68.5,43.9,85.8,28.2,65.2,7.73,1317.7,Black Cotton
121.8,48.1,118.3,17.6,89.8,5.46,3718.9,Forest Loam
49.5,45.5,50.5,32.8,81.8,7.57,2271.8,Coastal Alluvial
129.8,58.1,95.0,27.9,82.2,6.84,2958.1,Riverine Alluvial
92.8,58.3,74.6,24.5,91.8,7.2,2064.3,Clayey
103.8,42.9,80.0,29.0,75.6,7.09,1929.0,Riverine Alluvial
37.8,32.5,44.2,28.7,46.2,7.04,1217.5,Sandy
81.7,54.5,94.5,32.6,87.8,7.19,2724.5,Riverine Alluvial
79.9,41.1,86.6,24.9,67.6,6.86,1787.9,Loamy
64.5,59.6,94.3,26.4,77.0,6.68,2965.6,Riverine Alluvial
52.3,25.1,95.0,30.7,75.1,5.65,2441.7,Red Loam
94.0,71.6,69.8,29.4,78.5,7.13,2294.4,Riverine Alluvial
126.8,46.5,84.0,24.7,84.5,7.18,2819.9,Riverine Alluvial
46.1,6.6,67.7,29.8,78.0,5.05,2688.9,Laterite
61.3,50.7,99.4,26.6,67.5,6.47,2885.2,Riverine Alluvial
97.8,34.2,66.2,33.6,66.8,7.88,1351.8,Black Cotton
79.5,11.9,75.6,28.1,75.8,5.13,3456.1,Laterite
62.6,36.2,51.8,31.3,84.2,7.96,2176.6,Coastal Alluvial
71.6,67.8,91.0,22.6,82.2,7.42,1760.8,Clayey
98.9,36.9,93.4,19.4,92.8,5.07,4155.8,Forest Loam
76.4,32.9,80.0,25.5,69.9,6.73,1843.5,Red Loam
58.0,53.0,88.9,29.2,73.3,7.05,2418.4,Riverine Alluvial
71.3,27.8,87.8,28.9,73.5,6.09,2115.7,Red Loam
28.3,17.5,32.8,30.7,45.6,6.65,895.8,Sandy
81.0,54.0,93.6,29.5,75.5,7.15,3025.5,Riverine Alluvial
78.6,54.3,97.4,28.7,81.2,6.2,2792.8,Riverine Alluvial
90.3,71.5,103.0,29.2,72.3,7.45,3765.4,Riverine Alluvial
54.5,10.4,87.4,30.9,72.9,5.11,3634.7,Laterite
66.0,12.7,54.3,30.3,87.7,6.08,3303.7,Laterite
87.8,59.7,59.8,27.3,71.6,6.55,1870.1,Loamy
81.5,40.9,113.3,27.8,70.9,7.05,2577.0,Riverine Alluvial
80.1,34.4,69.8,28.9,90.6,5.2,2671.3,Brown Hydromorphic
60.8,13.5,70.1,27.9,80.4,5.45,3497.0,Laterite
73.8,26.5,75.0,28.8,77.9,5.64,2631.9,Red Loam
111.6,48.6,113.9,16.9,86.4,5.89,4128.5,Forest Loam
57.4,21.1,40.0,28.0,84.9,4.92,2739.1,Laterite
64.8,32.2,110.0,30.3,65.1,6.25,3061.6,Red Loam
80.5,41.3,66.3,33.1,62.8,6.97,1305.2,Black Cotton
64.3,39.7,35.4,28.3,91.6,5.02,2857.7,Brown Hydromorphic
42.5,32.1,75.5,33.6,77.3,5.84,2595.5,Red Loam
81.9,56.0,78.3,25.9,79.8,7.19,3391.0,Riverine Alluvial
43.0,36.3,45.3,25.9,85.1,7.6,1848.3,Coastal Alluvial
54.3,32.9,41.7,28.9,91.9,4.7,3275.1,Brown Hydromorphic
71.6,31.0,68.1,29.1,83.2,5.82,1972.5,Red Loam
74.7,26.9,71.9,34.3,77.0,6.03,2515.0,Red Loam
142.9,26.5,31.6,26.2,90.6,4.35,3698.5,Peaty
50.3,15.5,36.0,28.8,70.2,5.55,4074.9,Laterite
80.2,44.4,65.5,30.7,90.3,5.49,2978.5,Brown Hydromorphic
93.3,68.2,67.7,25.7,80.7,7.04,3591.9,Riverine Alluvial
75.9,26.1,110.8,28.1,71.0,6.0,2661.6,Red Loam
54.9,45.7,46.7,27.9,64.2,7.63,1861.7,Black Cotton
71.4,33.9,79.7,35.9,77.2,6.33,2584.3,Red Loam
47.4,10.2,82.5,35.4,81.6,5.57,2628.4,Laterite
30.9,39.0,56.8,30.4,82.0,7.71,2565.2,Coastal Alluvial
61.7,31.6,68.7,32.5,78.6,5.99,2403.1,Red Loam
95.7,48.6,79.5,28.0,83.3,6.64,2826.1,Riverine Alluvial
73.6,44.6,76.9,26.8,71.1,6.79,3102.3,Riverine Alluvial
56.3,10.5,69.2,22.8,82.6,5.37,2974.6,Laterite
85.3,31.5,91.2,28.5,83.6,7.23,1836.0,Riverine Alluvial
144.5,33.1,45.9,29.3,86.7,4.16,2592.6,Peaty
37.7,26.0,53.9,29.4,87.3,7.88,2337.9,Coastal Alluvial
122.1,58.5,100.2,18.8,79.7,5.37,3918.8,Forest Loam
81.6,14.7,65.6,31.5,80.9,5.29,2883.3,Laterite
68.4,38.5,93.9,26.2,72.1,6.38,1682.1,Loamy
75.0,27.9,78.1,28.0,63.3,6.11,2609.7,Red Loam
65.6,54.2,74.3,30.9,65.7,7.82,1477.8,Black Cotton
73.8,53.6,79.6,37.0,59.6,7.12,1567.3,Black Cotton
120.8,61.9,88.1,30.0,80.1,6.67,3430.7,Riverine Alluvial
171.7,35.2,50.3,32.4,91.4,3.82,3372.8,Peaty
95.8,62.0,66.5,16.0,79.8,5.18,3701.5,Forest Loam
46.0,22.6,71.0,32.8,83.0,4.95,3110.4,Laterite
32.4,37.0,52.6,29.6,89.7,7.57,2093.8,Coastal Alluvial
125.3,24.4,23.9,29.0,95.1,4.59,2293.0,Peaty
77.8,15.0,69.2,31.1,84.3,5.1,4126.3,Laterite
68.9,40.8,79.6,31.1,77.7,6.9,2397.1,Riverine Alluvial
106.7,60.5,94.0,20.4,89.4,5.93,3723.4,Forest Loam
73.9,41.0,77.3,32.2,73.8,7.96,1357.0,Black Cotton
90.9,50.2,78.5,22.1,80.0,5.68,4231.6,Forest Loam
51.9,31.3,77.4,31.2,85.9,6.01,2686.5,Red Loam
61.5,14.9,46.6,26.4,72.0,5.0,3610.9,Laterite
88.9,21.0,61.5,31.1,89.6,3.98,3018.0,Brown Hydromorphic
71.7,63.7,86.6,32.1,76.3,6.93,3190.1,Riverine Alluvial
46.8,19.2,78.5,27.6,90.1,5.14,2775.4,Laterite
40.3,18.5,45.0,29.7,84.2,5.39,3203.0,Laterite
90.2,50.3,59.4,31.3,85.0,6.72,2807.5,Riverine Alluvial
78.1,19.9,75.8,26.3,68.3,6.28,3205.5,Laterite
52.7,36.4,28.0,30.3,79.1,5.78,2541.1,Brown Hydromorphic
110.2,35.7,91.2,19.3,87.8,5.59,3963.3,Forest Loam
59.1,40.0,55.7,34.2,82.6,4.34,3175.8,Brown Hydromorphic
54.6,9.5,56.9,31.2,78.8,5.25,2911.2,Laterite
43.8,33.0,55.5,35.2,79.8,7.51,1938.3,Coastal Alluvial
48.0,33.8,30.1,26.9,83.1,7.62,2110.0,Coastal Alluvial
48.0,32.7,68.4,36.0,78.4,8.31,2095.7,Coastal Alluvial
140.6,29.3,43.2,26.3,87.9,3.77,2895.6,Peaty
119.7,42.4,95.5,18.9,81.7,5.91,3792.2,Forest Loam
65.2,49.1,85.1,27.6,72.2,6.78,2685.8,Riverine Alluvial
108.8,59.9,97.9,29.0,81.5,6.84,2729.6,Riverine Alluvial
105.2,46.2,78.1,17.6,79.7,5.75,4012.4,Forest Loam
75.3,42.9,58.8,31.8,87.1,5.25,3137.2,Brown Hydromorphic
100.6,43.8,98.4,29.8,86.1,6.6,2903.4,Riverine Alluvial
109.1,69.5,91.0,28.1,84.2,6.97,2863.6,Riverine Alluvial
119.1,63.7,49.5,30.4,83.1,6.68,3149.6,Riverine Alluvial
64.9,41.3,54.7,34.9,67.0,8.09,1455.4,Black Cotton
47.9,18.6,64.3,31.3,82.1,5.79,2972.6,Laterite
133.6,58.0,126.9,21.2,86.3,5.78,2992.1,Forest Loam
46.5,19.5,61.2,31.3,91.7,5.38,3315.5,Laterite
86.0,47.1,81.1,30.0,87.5,6.39,3040.2,Riverine Alluvial
117.0,42.4,96.3,17.6,81.9,5.75,3571.5,Forest Loam
162.4,27.9,35.7,31.5,87.4,4.31,3078.8,Peaty
57.6,14.2,78.6,30.2,83.5,5.03,2218.7,Laterite
83.9,60.1,105.7,26.6,68.2,7.12,2499.4,Riverine Alluvial
81.7,50.6,69.2,25.2,66.6,6.39,1763.4,Loamy
70.7,30.2,54.0,29.1,91.1,4.35,3317.3,Brown Hydromorphic
65.5,37.4,60.3,27.4,82.1,4.16,3218.4,Brown Hydromorphic
69.7,35.6,71.1,29.6,72.0,5.97,3237.8,Red Loam
83.9,18.0,69.5,31.5,91.1,4.44,2989.3,Brown Hydromorphic
37.1,36.0,51.3,29.6,89.4,7.15,1947.7,Coastal Alluvial
72.0,35.9,103.0,30.2,89.9,6.86,2632.3,Riverine Alluvial
58.8,26.9,111.7,31.3,70.3,6.26,1871.1,Red Loam
40.9,22.5,66.4,25.8,91.0,7.89,1834.2,Coastal Alluvial
77.1,27.5,107.8,29.2,68.5,5.58,2400.0,Red Loam
68.4,28.0,65.6,27.2,91.9,4.67,2830.0,Brown Hydromorphic
118.0,29.9,33.6,27.5,92.6,4.92,2401.6,Peaty
76.7,13.5,83.2,24.1,73.5,6.23,2935.9,Red Loam
78.7,59.3,80.3,27.6,80.1,6.9,3051.8,Riverine Alluvial
58.7,46.5,54.3,35.9,72.7,7.64,957.7,Black Cotton
34.7,9.0,53.2,30.0,63.3,6.92,1625.5,Sandy
81.1,45.2,76.4,37.8,64.1,8.22,1807.3,Black Cotton
59.3,27.1,98.9,28.4,65.1,5.64,2299.9,Red Loam
79.8,27.2,76.5,28.0,77.0,6.19,2110.7,Red Loam
145.2,49.0,63.2,15.7,86.0,6.36,3467.7,Forest Loam
78.4,39.9,35.1,30.7,94.1,4.98,2648.0,Brown Hydromorphic
54.6,34.3,69.5,29.0,66.0,6.43,1856.8,Loamy
53.8,25.9,67.8,29.4,79.2,5.64,2461.5,Red Loam
40.6,13.3,56.7,25.8,89.8,5.22,2784.1,Laterite
62.2,13.9,46.4,28.0,79.0,5.19,3482.9,Laterite
58.9,11.8,61.6,31.1,76.6,5.0,2739.1,Laterite
103.2,60.6,79.1,28.6,73.6,6.99,3083.4,Riverine Alluvial
89.3,40.6,72.0,15.5,80.3,5.68,4326.6,Forest Loam
125.0,34.3,50.1,29.1,91.0,4.47,2929.3,Peaty
78.4,52.6,86.6,27.6,76.2,7.18,2089.8,Clayey
78.6,56.7,102.1,28.3,76.1,7.38,2248.7,Clayey
52.5,13.4,64.7,26.6,85.4,5.54,3120.2,Laterite
133.0,52.7,98.6,19.0,94.2,5.31,3779.4,Forest Loam
68.5,38.6,72.5,30.1,89.0,4.51,2664.4,Brown Hydromorphic
77.6,23.6,59.3,32.3,68.3,7.61,1084.7,Black Cotton
59.2,35.6,76.0,28.3,67.6,5.69,3217.3,Red Loam
170.8,34.1,47.6,30.5,89.2,3.79,2882.5,Peaty
35.1,29.6,43.2,33.0,63.3,6.92,870.2,Sandy
73.1,17.2,58.1,33.7,77.6,5.02,3630.9,Laterite
71.5,37.9,56.8,30.1,80.8,8.02,2258.2,Coastal Alluvial
84.8,41.3,89.6,26.9,74.6,6.01,1975.6,Loamy
55.0,11.8,45.1,29.6,78.8,5.45,3724.0,Laterite
29.6,42.8,41.6,30.8,89.3,7.61,2812.8,Coastal Alluvial
31.2,29.6,54.7,33.2,80.5,7.04,1564.7,Coastal Alluvial
92.4,37.1,52.2,35.5,60.9,7.49,1397.6,Black Cotton
67.2,47.8,63.4,32.1,91.8,7.43,2190.9,Clayey
61.7,16.6,79.7,31.0,80.3,5.58,3745.4,Laterite
94.8,57.6,101.6,27.1,83.3,7.15,3036.3,Riverine Alluvial
80.1,51.4,78.4,26.2,61.2,6.68,1849.0,Loamy
38.8,34.8,61.2,32.9,81.5,7.63,1995.6,Coastal Alluvial
77.1,10.2,82.7,32.1,77.8,4.54,3517.8,Laterite
159.4,25.0,40.4,27.7,86.0,4.24,2712.6,Peaty
61.3,14.5,74.6,28.4,81.3,4.97,3684.1,Laterite
71.1,21.4,95.4,29.7,80.0,6.27,2478.8,Red Loam
44.9,30.3,43.2,33.5,84.9,7.71,2003.4,Coastal Alluvial
83.5,38.3,85.2,27.4,63.2,7.62,1039.0,Black Cotton
56.6,36.7,51.5,26.7,82.7,4.96,3319.6,Brown Hydromorphic
95.1,62.2,71.8,24.8,70.4,6.94,2983.2,Riverine Alluvial
142.2,23.6,37.0,30.2,92.5,4.45,3323.6,Peaty
60.9,13.7,89.9,26.4,75.8,4.9,4058.4,Laterite
155.0,32.4,54.2,31.9,93.9,4.27,3247.5,Peaty
72.9,28.1,58.7,28.2,69.9,8.07,1489.1,Black Cotton
41.4,26.9,58.6,33.7,86.6,7.41,2199.7,Coastal Alluvial
96.4,63.3,88.3,27.9,73.2,7.04,3262.8,Riverine Alluvial
40.0,37.0,56.7,33.2,89.2,7.45,1741.9,Coastal Alluvial
153.8,26.5,45.2,29.4,93.3,3.91,3160.7,Peaty
78.5,34.1,57.6,32.7,74.1,7.7,1292.1,Black Cotton
58.1,12.5,60.8,25.6,84.6,4.69,2996.4,Laterite
31.8,13.0,45.6,26.5,38.8,6.73,1178.5,Sandy
90.4,62.7,71.1,30.1,86.4,6.81,3008.2,Riverine Alluvial
22.5,20.4,49.3,27.4,78.4,7.5,1616.3,Coastal Alluvial
110.0,47.5,106.3,19.4,82.9,5.3,4625.7,Forest Loam
134.8,34.8,47.9,29.7,97.3,4.3,3449.2,Peaty
144.1,30.2,34.2,27.0,96.0,3.7,2835.4,Peaty
62.3,50.3,76.2,31.5,89.0,4.18,3400.1,Brown Hydromorphic
58.2,34.8,46.1,29.1,91.5,4.62,2899.2,Brown Hydromorphic
79.7,63.4,59.3,26.0,78.2,6.79,2656.3,Riverine Alluvial
116.1,44.7,116.5,20.2,80.8,5.67,3462.1,Forest Loam
54.5,23.2,80.2,30.8,70.0,7.85,1132.1,Black Cotton
44.1,12.6,61.6,30.5,80.2,4.69,2664.9,Laterite
139.7,28.7,27.3,31.9,93.6,4.06,3077.7,Peaty
86.1,45.7,57.9,28.1,71.3,6.53,1568.7,Loamy
65.2,22.6,74.5,28.9,81.4,5.15,2708.6,Laterite
69.5,22.1,86.2,29.3,82.3,6.44,3150.4,Red Loam
123.3,36.2,27.0,26.3,92.2,4.55,3272.6,Peaty
51.1,6.7,69.6,29.1,79.4,5.16,4012.8,Laterite
61.9,20.0,59.5,31.3,85.1,5.16,3322.0,Laterite
102.8,52.1,92.5,30.8,81.4,7.03,2386.2,Riverine Alluvial
80.8,50.2,86.0,19.0,87.1,6.17,2550.0,Forest Loam
52.9,21.1,89.2,28.4,77.5,4.94,3590.8,Laterite
67.4,35.8,74.1,32.0,66.3,5.9,2213.1,Red Loam
64.4,13.5,65.9,27.2,75.8,6.49,2637.3,Red Loam
77.2,31.7,60.1,28.2,94.1,4.96,3027.9,Brown Hydromorphic
58.6,32.5,45.9,29.3,97.7,5.26,3306.3,Brown Hydromorphic
74.7,34.6,50.7,25.5,79.0,4.65,2558.9,Brown Hydromorphic
112.7,52.8,75.6,20.6,81.5,5.4,3862.4,Forest Loam
90.1,49.0,63.3,36.8,60.7,6.97,1235.7,Black Cotton
37.7,12.8,69.0,27.8,73.2,5.29,3056.9,Laterite
58.8,29.2,86.1,29.3,73.4,6.26,3105.5,Red Loam
55.1,27.5,76.7,30.0,84.8,5.63,4230.2,Laterite
116.4,24.5,44.8,27.3,96.0,4.29,2962.4,Peaty
28.6,28.7,57.5,36.6,92.8,7.34,1847.1,Coastal Alluvial
94.0,48.5,85.7,15.2,76.5,5.82,4724.9,Forest Loam
69.3,28.6,56.3,23.0,70.4,6.31,2448.2,Red Loam
42.1,47.1,67.3,31.0,66.1,7.7,1661.4,Black Cotton
113.9,67.7,92.0,25.8,76.5,7.15,3121.2,Riverine Alluvial
56.2,41.6,75.5,36.1,79.9,7.56,2068.0,Coastal Alluvial
82.4,31.0,59.6,35.4,84.3,4.71,2790.0,Brown Hydromorphic
56.4,19.5,87.7,25.9,73.2,5.23,2725.7,Laterite
94.5,35.7,85.3,30.7,75.7,6.33,2659.5,Riverine Alluvial
70.4,26.6,63.1,28.3,86.6,8.2,1995.8,Coastal Alluvial
72.9,50.8,84.6,27.4,79.2,6.33,3579.5,Riverine Alluvial
58.9,20.3,69.8,30.9,81.6,6.09,2644.3,Red Loam
68.8,21.0,61.6,28.1,81.3,4.47,3700.3,Brown Hydromorphic
59.0,33.2,111.9,30.1,68.6,5.96,1779.5,Red Loam
76.0,36.9,84.8,27.0,71.0,7.28,1725.9,Loamy
92.5,52.6,80.5,20.4,90.5,5.96,3635.6,Forest Loam
60.1,12.3,71.4,31.4,73.0,5.13,2811.2,Laterite
84.0,41.8,92.7,26.3,70.9,5.61,2336.3,Red Loam
70.8,29.8,87.9,30.9,77.3,6.4,2789.0,Red Loam
49.1,37.9,60.7,31.8,83.9,7.45,2013.4,Coastal Alluvial
75.4,17.1,62.8,25.0,72.8,5.75,2873.3,Red Loam
95.9,46.7,86.6,27.6,82.4,7.15,2520.9,Riverine Alluvial
43.9,36.6,31.5,32.9,79.1,7.31,1630.4,Coastal Alluvial
99.8,50.9,80.1,24.6,90.9,5.23,4566.7,Forest Loam
46.5,29.3,36.7,34.3,68.5,6.35,1421.1,Sandy
46.8,38.7,63.2,33.9,88.2,7.37,2049.4,Coastal Alluvial
62.2,41.5,63.5,31.0,88.0,5.02,3638.5,Brown Hydromorphic
49.1,30.3,72.7,30.7,88.3,7.29,2193.3,Coastal Alluvial
115.7,50.2,118.4,19.2,87.0,6.15,4521.7,Forest Loam
78.3,26.3,98.2,25.7,77.1,5.9,2120.6,Red Loam
67.7,29.8,46.9,33.7,94.0,4.46,3231.3,Brown Hydromorphic
72.6,49.2,41.5,31.7,81.2,4.35,2458.4,Brown Hydromorphic
57.5,19.3,82.9,30.7,75.0,5.06,2740.9,Laterite
71.2,34.0,104.8,27.5,71.6,6.07,2459.6,Red Loam
79.0,57.7,91.2,28.6,82.5,6.76,2691.8,Riverine Alluvial
85.4,54.5,103.0,17.1,91.3,5.67,4210.4,Forest Loam
61.9,38.0,95.4,25.6,81.8,7.07,2307.2,Red Loam
74.5,56.5,103.4,31.1,79.8,6.78,3094.9,Riverine Alluvial
76.8,53.9,91.1,24.6,73.1,7.97,2872.6,Clayey
137.4,56.0,85.1,22.9,80.9,5.77,3749.3,Forest Loam
125.6,39.2,110.4,27.0,87.1,6.63,2646.0,Riverine Alluvial
69.7,39.4,83.9,31.2,69.7,8.05,1066.2,Black Cotton
92.6,33.6,34.5,28.1,84.4,4.8,3117.1,Brown Hydromorphic
65.0,11.1,55.8,28.8,89.0,5.22,3232.3,Laterite
65.2,49.2,95.0,29.7,75.6,7.42,2228.4,Clayey
74.5,49.0,71.5,31.4,80.0,6.51,3227.1,Riverine Alluvial
72.9,27.4,72.0,30.6,72.0,5.69,2237.3,Red Loam
78.4,34.9,55.5,25.3,65.9,6.03,1965.5,Loamy
47.0,5.2,75.1,24.3,75.8,5.67,2591.5,Laterite
144.6,56.5,84.5,20.5,83.0,5.05,3673.0,Forest Loam
71.7,26.8,98.1,30.5,73.0,6.29,1960.3,Red Loam
38.1,47.4,57.6,30.0,85.9,7.32,1954.4,Coastal Alluvial
50.1,14.2,63.6,27.7,85.3,5.49,3579.8,Laterite
73.9,14.0,75.0,27.4,92.0,5.46,3745.5,Laterite
99.1,48.5,70.2,29.4,73.1,6.64,1020.0,Loamy
66.6,17.4,73.1,32.6,69.8,5.95,2135.6,Red Loam
47.4,16.4,76.4,26.7,82.5,5.09,3690.8,Laterite
75.6,60.3,82.0,25.1,83.3,6.18,2081.7,Clayey
48.2,22.3,49.1,28.7,86.7,7.8,1856.0,Coastal Alluvial
54.8,55.0,60.3,30.8,83.2,7.39,2119.9,Coastal Alluvial
33.7,35.7,37.1,27.8,50.8,6.55,1443.7,Sandy
84.2,33.2,66.7,29.9,97.2,3.8,3394.3,Brown Hydromorphic
65.4,32.4,79.9,28.2,79.8,5.44,2626.7,Red Loam
75.9,36.3,44.2,29.3,87.9,5.23,3342.4,Brown Hydromorphic
110.9,37.4,80.6,14.2,82.6,5.98,3591.2,Forest Loam
53.2,45.4,61.0,34.3,55.3,8.14,1523.5,Black Cotton
41.3,22.8,77.6,30.5,73.6,5.92,3275.2,Red Loam
79.0,36.2,85.2,31.2,76.3,5.72,2515.6,Red Loam
60.1,14.7,79.6,30.9,81.1,5.6,3991.8,Laterite
131.1,47.3,94.8,21.5,77.0,5.9,4253.3,Forest Loam
62.7,39.6,49.4,31.3,89.4,7.41,2175.6,Coastal Alluvial
45.0,7.9,54.5,32.4,78.6,5.04,3066.2,Laterite
75.2,59.3,76.2,27.8,83.8,7.01,2493.8,Riverine Alluvial
67.2,8.3,81.7,31.8,79.0,4.94,3425.9,Laterite
54.5,36.8,69.5,37.7,68.6,7.8,1366.5,Black Cotton
82.2,33.1,63.2,29.6,88.8,4.78,2705.2,Brown Hydromorphic
128.4,41.5,83.8,20.2,87.4,5.63,4547.4,Forest Loam
82.4,23.0,87.4,28.3,78.3,6.3,2227.0,Red Loam
84.1,55.2,133.0,18.8,93.4,5.49,4560.1,Forest Loam
72.9,48.3,110.9,27.9,83.1,6.93,2414.6,Riverine Alluvial
67.8,42.6,81.3,24.0,74.0,6.74,1868.4,Loamy
104.5,47.9,95.0,30.4,84.3,7.58,2766.1,Riverine Alluvial
120.1,50.2,89.9,22.3,88.4,6.44,3564.0,Forest Loam
46.3,38.1,43.8,28.5,84.8,7.58,2021.6,Coastal Alluvial
157.2,37.0,49.2,31.4,97.8,4.43,2783.6,Peaty
77.6,53.9,90.6,29.7,84.2,6.9,2253.1,Riverine Alluvial
52.4,18.3,61.8,26.0,88.2,4.73,3066.5,Laterite
66.6,30.0,60.9,30.7,84.2,6.16,3685.8,Red Loam
52.1,24.3,39.0,32.9,68.2,7.02,1864.8,Sandy
63.4,14.8,77.0,30.9,74.8,5.05,3614.3,Laterite
152.3,19.8,47.1,31.5,92.1,4.25,3387.6,Peaty
36.0,19.9,79.2,28.6,88.6,6.1,2402.0,Red Loam
85.3,19.3,77.4,28.0,88.0,4.46,2634.8,Laterite
61.8,44.0,76.8,27.3,82.8,6.22,2651.7,Red Loam
81.3,27.4,58.0,31.0,91.1,4.84,2960.4,Brown Hydromorphic
136.8,27.0,48.0,30.2,85.4,4.3,3378.0,Peaty
54.6,19.4,58.9,25.7,86.8,5.67,3233.0,Laterite
79.2,23.0,67.5,28.6,72.0,5.91,2085.9,Red Loam
59.1,12.9,81.8,32.9,79.1,4.47,2748.0,Laterite
34.4,33.0,50.4,30.4,81.0,8.29,1933.9,Coastal Alluvial
43.8,10.2,96.4,30.1,80.0,5.08,3124.7,Laterite
109.9,50.6,71.1,29.8,90.0,6.99,2758.6,Riverine Alluvial
124.0,52.6,85.3,20.7,95.0,5.68,3300.6,Forest Loam
160.5,34.7,40.3,32.5,94.1,4.2,2921.3,Peaty
100.9,42.9,103.8,28.0,83.4,6.64,2600.6,Riverine Alluvial
46.2,14.6,60.0,29.4,90.1,5.0,4061.8,Laterite
34.9,44.7,62.7,28.9,78.4,7.82,2250.1,Coastal Alluvial
65.1,29.2,87.6,27.9,81.9,5.93,2478.1,Red Loam
54.7,32.8,56.0,29.8,80.8,7.96,2081.3,Coastal Alluvial
47.6,33.8,50.5,34.1,86.8,7.52,2546.1,Coastal Alluvial
49.2,37.3,52.9,33.0,93.6,7.54,2323.5,Coastal Alluvial
46.5,31.4,71.9,30.4,91.7,7.89,1865.2,Coastal Alluvial
70.3,29.6,68.8,25.5,68.9,5.98,2797.6,Red Loam
75.5,34.9,64.8,23.8,80.1,5.39,3947.6,Forest Loam
56.8,40.1,68.7,28.3,58.6,6.56,1699.5,Loamy
49.9,18.8,91.5,28.7,72.2,6.2,2733.3,Red Loam
101.9,33.2,65.7,29.8,91.0,3.8,3619.6,Brown Hydromorphic
105.5,40.9,81.9,29.0,70.4,6.68,2825.2,Riverine Alluvial
91.2,60.4,86.1,26.3,80.2,6.65,2721.6,Clayey
78.7,10.9,44.6,25.2,82.0,5.33,3098.6,Laterite
77.2,42.4,58.6,31.3,87.9,4.62,3649.4,Brown Hydromorphic
51.6,36.4,60.2,34.3,60.9,7.86,1657.0,Black Cotton
77.2,51.4,87.9,30.9,68.9,7.19,2948.3,Riverine Alluvial
91.9,51.5,79.6,16.7,90.8,5.59,3937.6,Forest Loam
42.3,30.2,42.9,26.1,84.5,7.94,1929.3,Coastal Alluvial
37.6,18.0,44.8,29.6,79.3,8.26,2388.5,Coastal Alluvial
54.1,43.8,47.1,34.4,87.0,8.26,2056.4,Coastal Alluvial
92.0,46.8,79.1,34.6,83.9,7.27,3106.5,Riverine Alluvial
40.7,33.0,30.4,28.4,93.3,7.63,2025.6,Coastal Alluvial
74.9,23.6,72.3,25.5,76.6,5.84,1876.7,Red Loam
85.5,45.6,89.6,34.3,82.2,6.57,2898.9,Riverine Alluvial
111.5,26.5,44.8,33.4,91.7,4.66,3420.2,Peaty
66.8,33.1,41.2,29.3,84.0,4.78,3816.6,Brown Hydromorphic
34.7,27.7,45.7,30.8,80.4,7.61,1678.2,Coastal Alluvial
45.3,32.4,59.1,30.8,77.3,8.1,2502.0,Coastal Alluvial
27.0,13.9,79.2,27.8,80.3,4.87,3505.2,Laterite
144.8,31.3,53.4,26.8,97.4,4.22,3408.5,Peaty
66.5,19.9,63.9,29.6,82.1,5.28,2867.0,Laterite
70.2,38.1,37.2,31.7,87.9,4.9,2613.4,Brown Hydromorphic
158.3,33.6,38.3,29.1,89.3,3.9,2993.8,Peaty
62.9,9.5,74.6,30.4,70.9,5.57,3438.9,Laterite
126.6,50.9,107.8,19.5,88.9,6.13,4347.4,Forest Loam
67.4,16.3,64.5,24.9,83.7,4.72,3747.6,Laterite
128.5,27.0,78.1,20.7,87.1,5.63,4253.6,Forest Loam
93.1,45.5,90.9,22.8,74.5,7.06,2979.8,Riverine Alluvial
61.0,13.7,87.5,26.8,82.6,5.36,3614.7,Laterite
64.9,45.2,45.2,32.0,62.3,7.51,1654.8,Black Cotton
72.0,26.6,62.5,26.5,76.2,5.2,3281.6,Laterite
85.7,56.6,88.3,29.9,77.6,6.96,3021.5,Riverine Alluvial
112.2,51.7,102.3,27.2,78.1,7.08,2328.9,Riverine Alluvial
50.9,44.6,77.9,25.5,57.4,7.98,1406.9,Black Cotton
42.6,5.8,81.7,29.9,76.3,5.27,3059.5,Laterite
111.3,42.2,81.7,32.0,76.0,6.74,3297.9,Riverine Alluvial
56.1,5.6,73.7,26.5,75.6,5.53,3191.0,Laterite
61.6,43.5,48.2,29.9,62.1,7.86,1261.6,Black Cotton
106.0,32.7,101.5,23.4,88.1,5.73,3558.7,Forest Loam
112.1,37.2,29.2,29.6,95.3,4.46,2719.1,Peaty
79.1,42.7,48.9,32.5,88.7,4.82,2901.3,Brown Hydromorphic
131.7,38.4,117.4,18.2,81.5,5.21,3764.7,Forest Loam
131.2,19.1,40.9,29.8,92.9,4.04,3067.8,Peaty
63.2,26.2,97.0,27.7,71.8,6.16,2668.9,Red Loam
62.1,18.4,84.4,26.0,74.1,6.05,2021.0,Red Loam
117.0,44.5,98.0,21.9,88.9,6.33,3798.1,Forest Loam
92.8,53.1,93.6,25.5,85.6,6.62,3116.3,Riverine Alluvial
37.1,28.8,40.3,28.9,87.3,8.38,1632.5,Coastal Alluvial
62.8,20.4,56.7,30.2,95.5,4.72,3536.5,Brown Hydromorphic
49.5,21.6,58.8,34.3,80.2,7.55,2044.1,Coastal Alluvial
66.1,54.5,89.5,27.9,80.1,6.94,2992.3,Riverine Alluvial
98.9,48.9,96.3,28.8,78.7,7.1,1866.9,Clayey
109.6,44.6,73.3,21.5,96.2,5.63,3287.4,Forest Loam
82.3,47.2,95.9,26.2,69.0,7.12,1893.4,Clayey
65.8,38.6,58.9,29.2,78.5,6.36,3389.0,Red Loam
81.1,35.6,50.6,33.6,60.8,7.67,1113.7,Black Cotton
61.4,14.9,65.1,31.4,85.5,5.05,3007.0,Laterite
65.3,26.2,82.0,29.3,72.7,6.59,2280.0,Red Loam
41.0,39.5,48.0,28.7,85.1,7.42,1966.3,Coastal Alluvial
58.5,37.0,70.6,30.1,64.7,7.77,1392.5,Black Cotton
78.3,40.8,130.2,16.4,84.0,5.86,3645.8,Forest Loam
38.5,27.7,78.3,27.9,77.5,6.16,2166.3,Red Loam
93.9,52.8,85.3,30.8,79.9,6.52,3054.6,Riverine Alluvial
107.7,50.5,105.7,22.9,71.9,6.12,3776.2,Forest Loam
159.5,35.5,45.7,31.0,94.7,3.7,3537.3,Peaty
42.2,22.9,46.5,28.2,39.4,6.25,1476.6,Sandy
58.4,13.6,78.9,28.1,82.1,5.26,2975.4,Laterite
124.3,53.0,78.9,21.9,83.8,6.38,3153.3,Forest Loam
68.9,38.2,57.4,26.3,88.1,4.93,2824.7,Brown Hydromorphic
59.0,17.5,75.8,31.8,82.7,5.14,3789.7,Laterite
77.3,38.4,53.7,32.1,79.6,5.0,2835.0,Brown Hydromorphic
64.3,22.2,64.2,26.3,85.1,5.14,3466.9,Laterite
71.4,35.0,76.8,32.2,67.1,7.97,1371.9,Black Cotton
45.2,14.5,94.6,30.6,82.4,5.46,3104.5,Laterite
42.7,44.8,60.4,30.7,81.5,7.8,1624.3,Coastal Alluvial
64.2,44.0,94.2,25.6,78.6,6.61,2589.2,Riverine Alluvial
105.9,40.5,122.0,27.0,90.9,6.22,4407.4,Forest Loam
90.0,43.6,82.7,31.2,75.5,6.7,2587.9,Riverine Alluvial
135.7,49.8,105.0,22.0,84.3,5.8,3518.9,Forest Loam
83.5,34.3,52.6,34.3,87.2,4.78,2666.0,Brown Hydromorphic
89.8,47.0,113.2,29.9,82.2,6.95,3330.6,Riverine Alluvial
69.7,39.8,42.0,33.2,93.0,4.45,3199.5,Brown Hydromorphic
63.3,23.2,79.3,29.9,77.1,5.84,3533.8,Laterite
93.7,27.9,88.5,27.3,81.9,6.17,2288.2,Red Loam
43.6,24.6,40.0,33.9,47.5,6.71,1011.9,Sandy
111.0,39.0,69.5,26.5,73.1,6.77,2747.8,Riverine Alluvial
134.1,20.9,46.9,27.4,90.8,4.1,3207.8,Peaty
138.2,31.2,36.3,31.3,85.1,4.37,3209.0,Peaty
73.4,39.4,49.4,29.4,91.2,4.86,3481.5,Brown Hydromorphic
49.6,10.9,63.9,28.1,67.7,5.31,2794.9,Laterite
61.0,46.8,61.3,32.8,82.9,8.03,2297.2,Coastal Alluvial
48.0,42.0,55.6,27.8,61.5,7.67,1368.9,Black Cotton
134.1,32.9,53.4,33.6,93.1,4.87,2610.6,Peaty
100.1,37.1,110.7,29.5,70.5,6.66,2849.9,Riverine Alluvial
140.7,25.8,42.8,27.5,92.3,4.43,2835.3,Peaty
89.2,17.0,90.1,27.8,77.2,6.55,2807.3,Red Loam
93.2,54.3,93.1,34.6,86.5,6.43,3325.8,Riverine Alluvial
103.9,37.9,86.6,24.8,85.6,6.4,2988.5,Riverine Alluvial
66.6,44.6,74.8,32.6,65.5,7.53,1217.0,Black Cotton
32.4,21.2,42.1,27.8,48.2,6.07,1021.4,Sandy
153.7,30.8,48.9,29.8,95.1,4.68,2846.6,Peaty
72.9,52.1,56.1,30.3,76.0,4.85,3279.1,Brown Hydromorphic
83.4,60.5,89.6,29.7,81.0,6.63,2455.4,Riverine Alluvial
50.0,28.1,93.7,31.6,76.0,6.11,2526.8,Red Loam
59.4,14.8,61.5,30.2,75.2,4.48,3732.6,Laterite
115.6,62.7,85.6,25.8,85.1,5.74,4351.6,Forest Loam
38.0,19.7,20.1,31.6,62.9,6.66,963.8,Sandy
78.2,24.7,44.0,28.1,83.4,4.82,2695.4,Brown Hydromorphic
58.7,47.7,94.5,29.9,79.6,6.72,2811.1,Riverine Alluvial
130.5,67.6,131.4,17.0,82.3,5.95,3727.3,Forest Loam
65.9,57.0,74.8,30.9,55.5,7.87,1341.5,Black Cotton
57.2,20.8,64.6,30.3,69.7,5.27,3557.0,Laterite
58.5,56.1,85.4,29.1,79.0,7.09,1620.6,Clayey
86.2,36.0,64.4,29.8,81.7,3.96,3262.3,Brown Hydromorphic
89.8,28.3,90.1,25.8,71.7,5.46,1949.1,Red Loam
74.8,25.6,74.5,28.4,75.3,5.66,2426.0,Red Loam
46.3,23.4,40.2,23.8,71.4,6.61,677.0,Sandy
89.1,74.4,82.7,28.5,84.8,6.57,3436.0,Riverine Alluvial
46.9,19.1,79.8,27.7,89.8,6.48,2861.4,Red Loam
66.9,21.7,75.6,30.5,89.5,5.61,3477.9,Laterite
45.6,19.3,64.5,31.2,80.3,5.23,3592.8,Laterite
102.1,48.8,93.5,18.9,84.9,5.56,2802.5,Forest Loam
66.4,33.9,73.2,36.0,54.3,8.35,1474.5,Black Cotton
66.1,30.8,47.2,27.0,79.8,6.47,3072.3,Red Loam
104.6,51.4,87.0,21.4,77.9,5.75,4440.5,Forest Loam
124.2,54.5,109.4,15.2,96.0,5.87,3965.9,Forest Loam
53.2,63.9,81.8,24.1,74.7,7.08,1799.9,Clayey
76.3,43.9,77.1,34.1,64.7,7.31,1823.8,Black Cotton
66.3,36.2,65.4,27.7,83.5,5.19,3507.5,Brown Hydromorphic
44.0,26.8,47.9,29.5,89.0,7.23,1843.1,Coastal Alluvial
43.8,11.1,81.2,26.0,82.1,4.84,3607.5,Laterite
166.4,26.0,39.5,33.0,88.3,4.54,3110.6,Peaty
85.9,48.4,46.8,28.8,82.0,4.21,2864.9,Brown Hydromorphic
47.5,18.9,63.0,32.2,78.1,5.56,4144.7,Laterite
61.2,5.5,55.5,28.6,82.8,5.14,3577.3,Laterite
42.3,21.7,24.9,30.0,57.8,6.37,620.2,Sandy
83.4,36.0,37.3,29.6,84.9,5.16,3392.2,Brown Hydromorphic
80.6,47.5,95.2,31.0,74.2,6.95,3149.9,Riverine Alluvial
70.7,45.7,45.1,31.4,56.9,7.43,1151.7,Black Cotton
123.4,24.5,47.1,31.4,88.9,4.35,3696.9,Peaty
24.1,34.4,44.5,29.1,90.3,7.72,2096.0,Coastal Alluvial
155.2,26.6,39.8,29.2,88.0,4.09,2509.7,Peaty
86.8,58.3,74.9,20.9,85.6,6.02,3769.2,Forest Loam
136.5,36.2,90.6,23.6,85.6,5.63,3824.4,Forest Loam
97.9,43.4,81.9,26.8,79.6,6.85,2565.0,Riverine Alluvial
89.9,43.8,77.4,25.1,79.0,7.81,2752.7,Riverine Alluvial
50.2,14.1,81.8,29.2,88.7,4.99,3603.9,Laterite
90.6,49.4,84.0,31.8,81.8,7.26,3271.5,Riverine Alluvial
37.1,20.0,51.2,28.1,83.4,4.84,3937.0,Laterite
47.4,11.8,58.6,26.7,82.4,5.96,3272.9,Laterite
83.2,31.6,106.4,22.5,77.0,5.85,4631.9,Forest Loam
198.0,29.6,40.4,29.4,95.0,4.54,3257.0,Peaty
105.8,73.7,88.7,29.7,79.0,6.59,2949.5,Riverine Alluvial
91.6,56.0,93.8,27.6,75.3,7.37,3241.8,Riverine Alluvial
108.2,49.4,85.6,30.1,85.0,7.35,2189.9,Riverine Alluvial
26.4,23.1,38.0,28.5,69.0,6.66,1110.3,Sandy
77.0,38.6,38.9,30.0,84.9,4.68,3151.5,Brown Hydromorphic
105.0,41.3,71.3,32.3,73.2,6.85,3012.2,Riverine Alluvial
47.9,19.0,87.9,29.9,77.5,5.84,2880.5,Laterite
85.0,27.4,54.4,30.9,97.7,5.0,3112.5,Brown Hydromorphic
81.2,47.4,49.8,28.0,90.6,5.17,3157.9,Brown Hydromorphic
154.5,26.7,45.7,29.7,97.1,3.49,2855.5,Peaty
69.6,30.8,68.6,28.8,92.8,4.47,2740.9,Brown Hydromorphic
44.5,12.3,68.6,28.2,84.3,5.21,3517.6,Laterite
137.7,26.0,42.4,31.0,93.2,4.23,3093.6,Peaty
49.9,35.0,56.1,34.7,84.9,7.53,2564.7,Coastal Alluvial
104.0,30.4,53.3,28.3,80.9,4.68,3460.3,Brown Hydromorphic
105.5,55.9,90.7,20.1,85.6,6.43,4441.4,Forest Loam
56.1,6.7,93.3,29.2,75.9,5.48,3641.8,Laterite
62.7,32.4,44.2,25.0,86.4,4.34,2764.5,Brown Hydromorphic
63.6,27.8,77.6,22.8,78.7,6.46,3055.2,Red Loam
106.1,52.9,92.0,21.4,77.1,5.57,3570.2,Forest Loam
41.4,30.8,51.7,34.7,80.4,7.61,1791.8,Coastal Alluvial
39.9,19.5,75.3,31.3,85.2,4.95,2995.6,Laterite
68.1,36.1,101.7,29.2,74.2,6.13,2096.3,Red Loam
90.7,43.2,92.2,31.0,88.4,6.98,3116.4,Riverine Alluvial
70.5,9.7,56.9,30.3,80.6,5.15,3263.6,Laterite
61.1,38.5,50.9,36.4,70.3,7.39,1185.4,Black Cotton
66.9,27.1,66.5,28.5,73.7,6.31,2227.6,Red Loam
22.5,30.0,59.3,33.9,90.4,8.05,2039.5,Coastal Alluvial
105.4,57.2,96.3,27.2,82.7,6.83,2390.4,Riverine Alluvial
66.9,41.9,85.9,25.9,81.7,6.79,3011.5,Riverine Alluvial
61.5,34.0,53.3,31.5,61.5,8.08,1195.0,Black Cotton
63.6,35.7,104.0,30.9,69.3,7.85,2758.8,Clayey
76.7,34.1,67.8,27.7,69.9,6.24,2934.0,Red Loam
123.8,37.7,126.3,18.5,76.7,5.7,3968.4,Forest Loam
68.4,28.4,73.0,27.6,78.0,5.94,1815.0,Red Loam
38.7,35.5,79.9,32.7,77.4,5.72,2424.1,Red Loam
69.4,42.6,91.5,22.9,75.0,6.79,2699.4,Clayey
107.8,52.3,80.6,20.0,77.0,5.63,3894.9,Forest Loam
67.1,26.4,78.3,27.4,69.9,5.94,2910.3,Red Loam
118.7,34.1,49.0,30.3,96.6,4.25,2924.5,Peaty
121.6,61.2,78.4,26.6,82.4,7.37,3088.9,Riverine Alluvial
93.1,48.0,96.3,21.0,86.6,5.45,4388.2,Forest Loam
88.7,49.3,73.5,28.0,74.4,6.8,2938.4,Riverine Alluvial
54.8,34.7,69.3,29.4,78.8,5.65,2123.6,Red Loam
41.7,38.2,49.4,32.3,93.3,8.01,2627.7,Coastal Alluvial
76.4,56.2,127.1,29.3,70.4,6.87,2422.6,Riverine Alluvial
62.3,44.0,44.1,31.3,91.6,4.86,2582.3,Brown Hydromorphic
51.4,16.2,65.3,27.3,75.6,5.42,3226.7,Laterite
78.5,11.8,65.1,27.4,75.9,4.83,2794.0,Laterite
81.9,31.7,49.9,31.4,80.7,5.41,2664.1,Brown Hydromorphic
67.1,44.7,78.1,25.0,89.6,6.69,3039.4,Riverine Alluvial
47.0,19.4,77.6,30.4,82.2,5.39,3279.0,Laterite
81.5,41.4,69.7,27.2,56.5,7.54,1737.6,Black Cotton
44.1,25.4,42.3,28.9,90.8,7.94,1356.3,Coastal Alluvial
55.4,17.5,75.9,27.8,84.8,4.85,2907.3,Laterite
163.7,29.2,57.9,28.1,89.8,4.58,3109.2,Peaty
75.1,13.9,69.7,31.9,82.1,5.42,3623.0,Laterite
72.1,19.1,76.6,27.8,78.2,4.47,3180.4,Laterite
59.2,38.0,91.7,31.0,69.2,7.35,1843.5,Clayey
84.6,54.9,100.4,24.3,79.6,5.29,2953.2,Forest Loam
32.9,25.9,50.9,31.9,67.6,6.64,908.1,Sandy
37.0,35.0,36.0,29.5,44.4,6.91,1187.2,Sandy
114.0,44.6,79.1,22.0,89.0,5.96,3857.1,Forest Loam
71.6,17.6,76.7,23.7,75.7,5.24,3212.6,Laterite
77.0,31.7,45.3,29.1,88.1,5.02,2769.1,Brown Hydromorphic
105.7,34.5,62.0,30.9,93.1,4.76,4068.4,Brown Hydromorphic
85.4,28.5,46.5,30.8,96.4,4.77,3072.3,Brown Hydromorphic
90.1,41.1,85.1,22.0,77.7,6.33,3601.8,Forest Loam
54.4,46.9,69.2,29.6,78.5,7.69,1614.4,Coastal Alluvial
81.3,23.9,93.8,31.7,78.2,5.94,2474.5,Red Loam
68.1,26.5,74.3,27.5,73.1,5.38,2320.7,Red Loam
34.3,10.9,44.8,34.4,81.0,5.78,3403.7,Laterite
60.1,14.9,67.8,27.6,76.4,5.63,3795.8,Laterite
70.8,15.7,58.9,30.7,71.9,6.18,2937.4,Red Loam
71.2,10.0,55.5,31.0,81.4,5.55,3452.0,Laterite
42.7,34.5,49.4,27.2,86.7,7.41,2016.6,Coastal Alluvial
44.9,42.4,41.7,34.6,83.6,7.41,1973.1,Coastal Alluvial
72.7,16.9,85.1,31.1,77.9,6.29,2899.1,Red Loam
41.8,36.1,65.9,32.3,79.7,7.57,2626.4,Coastal Alluvial
100.8,50.9,89.9,17.5,86.5,5.59,3910.6,Forest Loam
134.5,29.7,49.0,29.5,95.3,4.33,3184.9,Peaty
133.5,37.7,38.0,27.6,93.9,4.34,3238.0,Peaty
76.6,35.2,84.3,30.1,77.2,6.29,2191.3,Red Loam
53.1,44.5,53.5,30.0,58.5,7.24,1222.6,Black Cotton
32.8,24.3,35.0,30.1,62.8,6.08,1191.7,Sandy
99.2,47.4,72.5,22.3,81.3,5.2,4335.7,Forest Loam
85.5,46.2,104.7,29.6,79.3,7.03,2292.2,Clayey
64.1,25.0,83.2,28.3,66.7,6.04,2697.7,Red Loam
113.4,54.8,74.8,18.1,88.9,5.58,3588.6,Forest Loam
59.2,13.1,58.2,29.3,78.4,5.62,3438.9,Laterite
34.7,16.7,76.1,29.1,76.5,5.11,2888.6,Laterite
48.6,18.6,72.0,32.2,78.0,5.09,2857.3,Laterite
67.7,43.2,52.5,25.6,71.4,7.4,1759.7,Black Cotton
51.8,41.8,45.0,36.1,80.6,7.28,1940.6,Coastal Alluvial
59.0,68.6,79.2,26.6,85.3,6.62,3338.9,Riverine Alluvial
102.8,44.5,110.3,20.3,80.1,6.19,4390.6,Forest Loam
45.3,39.6,40.5,36.0,80.3,8.47,2301.2,Coastal Alluvial
85.0,37.2,71.2,30.2,84.0,5.09,3447.1,Brown Hydromorphic
67.4,31.2,97.1,28.5,81.7,6.17,1833.6,Red Loam
103.1,47.7,70.8,29.3,88.1,6.8,2989.7,Riverine Alluvial
25.8,49.3,73.1,30.3,80.1,8.46,1923.2,Coastal Alluvial
60.6,20.8,86.5,31.9,67.3,6.21,2570.1,Red Loam
54.2,9.0,56.5,30.4,75.4,4.38,3543.1,Laterite
88.2,36.0,91.0,23.9,90.1,5.58,4017.1,Forest Loam
83.2,29.1,45.0,28.9,89.6,4.83,3060.9,Brown Hydromorphic
47.1,43.5,54.2,33.1,80.2,7.95,1999.3,Coastal Alluvial
38.9,17.4,63.7,27.7,86.5,5.51,2742.6,Laterite
82.4,40.3,58.4,27.0,62.3,7.42,1040.1,Black Cotton
65.7,10.3,79.1,30.8,86.4,5.41,2566.3,Laterite
47.7,6.2,75.8,27.7,81.6,5.48,3020.9,Laterite
42.7,18.1,78.4,26.0,83.9,5.27,3063.1,Laterite
84.6,27.9,81.1,31.0,62.8,6.22,2191.9,Red Loam
64.4,53.3,66.6,23.8,70.0,6.19,1520.8,Loamy
38.9,29.1,89.8,27.1,82.8,6.0,3278.9,Red Loam
86.7,39.8,63.2,33.0,62.8,7.82,1364.0,Black Cotton
55.6,27.4,75.5,34.9,81.7,6.52,2507.4,Red Loam
41.6,39.5,42.0,30.8,81.1,7.77,2424.4,Coastal Alluvial
47.0,51.9,79.8,25.9,77.8,6.73,1825.5,Loamy
37.0,30.3,55.0,25.4,83.0,8.07,2243.0,Coastal Alluvial
50.2,48.6,67.7,35.7,80.1,7.92,1965.4,Clayey
65.0,40.0,53.2,31.2,93.7,5.08,3340.5,Brown Hydromorphic
46.2,28.7,64.2,30.4,80.9,8.0,1877.7,Coastal Alluvial
113.3,51.5,70.5,18.5,81.7,5.77,4442.2,Forest Loam
72.9,38.4,48.6,35.7,75.1,8.02,1707.4,Black Cotton
125.2,37.4,50.4,25.8,84.8,4.06,3198.8,Peaty
47.7,38.5,80.5,30.8,76.0,5.78,2691.3,Red Loam
92.9,52.3,132.0,28.3,85.1,7.05,2613.8,Riverine Alluvial
88.9,48.6,97.5,28.4,75.7,6.55,3075.8,Riverine Alluvial
108.2,44.0,100.1,28.7,78.2,6.81,2706.7,Riverine Alluvial
44.8,31.8,76.5,30.1,89.4,7.86,2393.6,Coastal Alluvial
125.4,35.9,104.6,20.7,92.5,5.54,3539.7,Forest Loam
79.4,17.6,63.0,27.4,77.2,6.35,2340.1,Red Loam
88.9,29.6,54.4,30.2,88.4,4.75,3040.5,Brown Hydromorphic
69.0,39.1,63.1,34.0,86.3,5.02,3983.6,Brown Hydromorphic
70.1,34.9,84.9,33.1,73.5,6.29,1770.7,Loamy
104.5,52.5,59.6,21.2,84.3,5.42,3898.9,Forest Loam
40.9,17.1,68.3,32.6,86.7,5.52,4158.0,Laterite
60.5,34.0,27.0,30.8,87.7,5.27,3771.7,Brown Hydromorphic
58.0,49.8,96.2,31.8,69.7,6.74,1541.9,Loamy
90.8,50.5,100.2,28.5,82.3,7.07,2914.9,Riverine Alluvial
34.8,25.4,34.8,31.8,41.2,6.57,1422.5,Sandy
125.9,13.5,37.9,24.7,97.9,4.14,2933.4,Peaty
38.9,40.2,48.9,29.3,87.3,7.86,2427.1,Coastal Alluvial
104.0,51.9,61.7,28.7,80.7,6.64,2525.1,Riverine Alluvial
56.4,12.3,81.4,29.0,89.6,5.12,2344.6,Laterite
109.5,47.1,66.9,29.9,81.9,6.8,2589.5,Riverine Alluvial
83.9,35.0,47.6,35.6,53.1,8.68,1656.8,Black Cotton
36.0,32.6,73.7,27.8,84.3,6.45,3024.1,Red Loam
43.9,18.6,95.5,31.7,84.7,5.49,3726.1,Laterite
49.4,20.2,77.3,32.2,82.3,5.58,3219.6,Laterite
103.3,23.6,47.9,28.9,95.2,3.89,2291.9,Peaty
57.2,35.6,39.4,30.7,78.6,4.36,3496.5,Brown Hydromorphic
84.6,30.5,44.8,32.6,66.6,7.46,1287.2,Black Cotton
113.7,35.6,76.3,21.3,80.2,4.75,4123.6,Forest Loam
70.6,54.7,77.1,26.4,81.6,6.66,2932.7,Riverine Alluvial
112.0,46.5,57.4,28.1,79.4,6.54,3510.6,Riverine Alluvial
83.6,57.1,63.4,26.1,87.4,6.62,3122.4,Riverine Alluvial
78.1,35.8,60.0,26.1,78.2,5.79,2474.8,Red Loam
38.4,27.6,36.9,27.6,53.0,6.69,1401.5,Sandy
64.5,29.7,71.2,24.3,76.9,6.5,2346.6,Red Loam
48.4,9.4,73.1,30.2,82.0,4.58,3309.3,Laterite
120.6,52.0,93.5,22.1,80.0,5.67,4192.6,Forest Loam
56.9,20.4,63.8,28.3,77.8,5.04,3627.8,Laterite
49.1,17.7,78.5,32.3,68.9,5.64,4029.2,Laterite
59.4,37.3,94.4,27.3,75.6,6.05,2019.4,Red Loam
80.6,50.5,109.4,26.4,75.5,6.4,2954.5,Riverine Alluvial
53.4,7.9,75.9,28.7,81.7,4.48,4548.6,Laterite
38.2,47.4,71.8,29.9,88.0,8.04,2115.5,Coastal Alluvial
37.1,19.3,43.2,24.7,63.7,6.75,1612.4,Sandy
75.5,27.8,66.8,22.8,69.9,6.44,2447.7,Red Loam
105.8,61.7,107.1,28.3,78.4,6.9,2811.2,Riverine Alluvial
37.2,31.9,47.2,34.6,85.5,7.81,1786.9,Coastal Alluvial
71.6,9.0,47.0,31.4,87.9,5.57,3409.9,Laterite
127.4,41.8,103.8,18.4,88.9,6.03,4229.7,Forest Loam
85.9,20.5,74.7,31.3,82.7,5.42,2454.0,Red Loam
36.0,30.5,94.1,26.0,74.9,6.18,2506.4,Red Loam
63.6,39.0,79.6,32.6,64.4,6.21,2550.4,Red Loam
61.7,20.2,61.5,29.2,77.4,5.2,4095.3,Laterite
51.9,22.7,94.0,26.1,87.4,5.91,3240.0,Laterite
107.5,50.3,95.1,28.3,73.7,7.06,2353.1,Clayey
61.2,17.7,71.3,28.1,76.7,6.1,1699.1,Red Loam
69.6,17.7,63.5,28.1,93.8,4.94,2983.7,Laterite
67.3,43.4,50.7,27.6,95.0,5.14,3189.5,Brown Hydromorphic
45.6,27.9,46.5,27.9,82.3,6.95,2630.0,Red Loam
63.0,27.5,74.7,30.5,57.8,7.49,1725.8,Black Cotton
29.4,32.0,35.4,29.2,84.2,7.16,2245.0,Coastal Alluvial
61.9,11.9,80.4,26.4,71.9,4.81,3185.5,Laterite
45.2,27.5,69.5,33.1,87.0,7.59,1872.8,Coastal Alluvial
63.2,44.6,94.6,27.9,79.1,7.41,1762.9,Clayey
59.3,14.4,80.8,34.1,83.5,5.43,2737.3,Laterite
112.5,50.9,102.4,23.2,84.7,5.52,3807.3,Forest Loam
79.2,42.4,48.6,28.7,56.1,7.74,1065.6,Black Cotton
90.3,55.1,103.1,30.9,87.0,6.5,3034.9,Riverine Alluvial
65.5,20.8,75.7,30.6,76.1,5.72,3179.8,Red Loam
99.9,27.6,59.9,30.9,82.6,4.68,3028.2,Brown Hydromorphic
36.0,42.3,42.0,31.8,78.2,7.97,2057.4,Coastal Alluvial
57.9,47.4,48.0,30.4,99.3,4.85,2906.0,Brown Hydromorphic
118.8,53.7,92.2,22.5,82.1,5.85,3591.2,Forest Loam
73.6,42.6,49.5,30.1,92.2,5.35,2359.3,Brown Hydromorphic
95.9,61.6,87.1,27.6,83.0,7.51,2621.5,Riverine Alluvial
76.1,45.0,74.0,30.9,67.1,8.2,1235.5,Black Cotton
52.0,31.9,65.3,25.6,66.3,6.64,2215.5,Loamy
67.8,25.8,67.2,29.8,73.7,5.99,2258.5,Red Loam
64.8,11.3,79.4,28.2,84.8,4.69,4176.6,Laterite
51.4,13.1,75.5,27.5,76.7,5.03,2924.4,Laterite
50.2,33.8,83.6,30.3,73.6,7.61,2410.9,Coastal Alluvial
41.3,34.6,36.7,29.9,51.6,7.22,788.2,Sandy
80.2,43.8,94.9,24.9,74.8,7.93,2361.9,Clayey
43.8,18.5,38.0,29.7,38.0,6.95,1032.1,Sandy
47.1,30.9,54.9,30.4,80.0,7.53,2442.2,Coastal Alluvial
68.6,21.9,77.4,29.7,82.2,6.53,1963.7,Red Loam
60.3,16.9,57.2,31.2,75.0,4.27,3923.2,Laterite
80.6,36.2,62.5,34.1,89.8,6.16,1895.6,Red Loam
78.9,54.1,75.5,23.2,74.8,6.22,1752.7,Loamy
73.4,39.4,107.1,24.1,84.3,8.4,2879.3,Clayey
87.7,53.2,64.5,25.3,70.0,6.45,2311.4,Loamy
85.1,30.7,51.4,28.8,85.4,4.04,2453.7,Brown Hydromorphic
73.8,58.7,99.0,25.0,78.5,7.44,1703.2,Clayey
44.3,47.9,54.1,31.4,59.2,7.54,1731.0,Black Cotton
57.8,17.9,98.2,26.2,67.4,6.98,3188.6,Red Loam
62.9,56.2,116.3,26.8,78.6,6.12,2695.4,Riverine Alluvial
71.9,67.3,92.4,28.6,82.3,6.7,2931.6,Riverine Alluvial
68.8,37.0,59.0,29.4,89.2,4.71,3408.5,Brown Hydromorphic
73.4,36.5,77.3,29.3,94.9,4.87,3390.4,Brown Hydromorphic
127.6,52.5,81.1,29.1,81.1,6.72,3459.0,Riverine Alluvial
57.3,27.9,58.8,28.7,72.9,5.22,2630.9,Red Loam
73.9,27.0,87.2,30.9,77.9,6.08,2283.2,Red Loam
139.5,38.1,78.8,19.1,89.9,5.56,3976.7,Forest Loam
53.4,24.3,83.2,31.4,77.6,5.85,2749.6,Red Loam
71.9,38.3,74.1,30.1,86.7,5.05,2671.5,Brown Hydromorphic
105.7,59.3,81.7,27.1,82.4,6.61,3368.2,Riverine Alluvial
66.6,16.8,62.4,27.4,77.9,6.15,3008.7,Laterite
41.8,42.5,27.0,30.9,92.9,7.94,2399.1,Coastal Alluvial
105.0,51.3,91.9,28.6,75.0,6.19,3056.9,Riverine Alluvial
51.7,15.5,71.3,27.5,90.6,4.61,2178.6,Laterite
86.3,66.4,92.1,28.2,82.4,6.66,3091.3,Riverine Alluvial
61.5,31.2,42.5,30.7,87.9,8.15,2252.5,Coastal Alluvial
58.5,64.4,80.9,27.9,81.4,6.6,2885.7,Riverine Alluvial
42.0,10.6,77.2,29.9,91.1,5.56,3005.7,Laterite
64.4,65.0,111.4,30.6,67.5,7.53,1414.0,Clayey
43.2,21.8,49.3,29.7,84.0,5.82,2943.6,Laterite
99.0,38.0,81.0,30.0,75.2,5.99,2267.5,Red Loam
61.6,46.9,91.1,34.2,83.5,7.42,1983.1,Clayey
88.0,50.8,97.7,24.9,87.1,7.0,2979.8,Riverine Alluvial
57.5,16.8,57.6,31.3,81.9,5.01,3135.0,Laterite
61.4,42.8,85.2,26.0,66.4,6.62,1947.3,Loamy
99.0,13.5,68.8,24.2,69.5,6.1,3061.2,Red Loam
51.4,22.2,33.1,29.1,88.6,7.13,1620.4,Coastal Alluvial
58.4,15.2,49.8,28.8,81.4,5.17,3566.3,Laterite
80.0,52.7,41.5,28.5,79.9,5.18,2685.0,Brown Hydromorphic
65.3,13.8,62.7,25.3,83.2,5.97,2294.3,Laterite
78.2,24.5,66.8,31.4,85.9,6.05,2467.7,Red Loam
31.3,18.6,50.3,29.5,77.1,5.28,3441.4,Laterite
94.6,52.4,56.0,22.6,95.2,5.73,4303.8,Forest Loam
45.2,36.3,55.5,31.2,94.2,8.04,1709.4,Coastal Alluvial
92.6,49.2,30.0,32.6,87.4,4.82,3228.2,Brown Hydromorphic
41.2,49.4,61.8,29.3,88.3,7.55,1788.4,Coastal Alluvial
86.1,41.4,54.9,27.8,64.5,6.21,2089.4,Red Loam
49.7,35.4,58.1,35.3,96.4,7.43,2116.3,Coastal Alluvial
62.3,16.8,86.2,28.7,77.4,6.16,2007.3,Red Loam
37.8,36.6,105.9,29.4,78.6,6.22,1969.2,Red Loam
35.2,35.6,48.8,28.1,89.3,7.51,1623.2,Coastal Alluvial
74.4,38.3,81.2,30.0,75.4,5.65,2083.1,Red Loam
22.5,36.9,47.5,29.9,92.6,7.89,1596.8,Coastal Alluvial
43.6,32.0,69.6,32.0,62.9,7.54,1211.9,Black Cotton
55.3,39.8,112.7,31.6,86.7,7.36,2590.5,Clayey
81.2,33.6,83.4,28.3,79.3,6.22,2397.6,Red Loam
62.5,49.2,118.2,26.1,86.1,7.68,2242.4,Clayey
105.5,59.3,106.5,25.2,79.0,5.84,3886.5,Forest Loam
51.2,37.6,71.6,29.9,79.5,6.76,2927.2,Red Loam
36.7,25.2,45.9,26.4,81.7,7.66,1948.4,Coastal Alluvial
73.4,29.6,91.8,27.7,85.0,7.59,2907.2,Clayey
87.1,33.0,60.3,25.7,84.8,4.86,3117.6,Brown Hydromorphic
46.3,15.8,73.4,31.6,83.1,5.29,3266.5,Laterite
68.8,52.3,72.7,32.0,83.9,7.6,2439.2,Clayey
42.0,8.2,57.1,29.9,84.2,4.54,3256.0,Laterite
58.5,19.7,73.1,26.4,76.1,5.3,3968.8,Laterite
38.9,14.7,78.4,33.1,75.3,5.54,3038.9,Laterite
68.8,39.9,44.7,32.1,82.9,5.01,3499.7,Brown Hydromorphic
106.4,39.8,119.4,21.2,85.2,5.76,3810.8,Forest Loam
30.0,16.3,29.4,24.4,38.0,6.69,1622.7,Sandy
22.5,21.7,55.6,29.5,82.8,7.67,1897.4,Coastal Alluvial
80.5,33.0,53.2,31.0,85.1,5.52,3118.2,Brown Hydromorphic
44.0,21.1,76.0,30.7,89.7,6.34,3297.1,Red Loam
77.7,40.3,66.3,25.0,74.9,6.82,1418.5,Loamy
79.1,59.5,100.5,24.3,85.9,6.87,2432.0,Riverine Alluvial
97.4,46.2,99.3,31.2,71.5,7.27,2334.4,Clayey
69.5,47.3,38.4,30.6,60.7,8.17,973.4,Black Cotton
58.1,51.9,44.4,27.7,69.0,7.74,1147.2,Black Cotton
74.0,47.8,55.6,27.4,88.6,5.34,2628.4,Brown Hydromorphic
116.0,41.0,112.2,20.0,94.9,5.56,3587.4,Forest Loam
56.3,15.7,96.8,30.5,88.1,4.76,3714.9,Laterite
63.0,15.7,74.9,30.3,79.4,5.34,3416.7,Laterite
97.2,42.0,27.0,27.5,94.0,4.77,3325.1,Brown Hydromorphic
77.7,18.0,70.3,35.6,98.2,4.6,3649.9,Brown Hydromorphic
37.7,24.0,89.2,26.4,74.1,5.8,2659.3,Red Loam
83.4,43.5,102.5,26.1,89.5,7.61,2649.5,Clayey
58.4,19.2,46.6,27.7,85.7,5.14,2632.7,Laterite
60.2,39.3,86.2,30.8,58.0,7.48,1399.5,Black Cotton
130.9,69.5,90.5,22.7,95.3,5.54,4055.6,Forest Loam
47.5,22.7,70.6,28.2,84.4,5.67,2817.1,Laterite
147.9,46.0,89.7,20.0,85.1,5.72,5358.9,Forest Loam
61.7,45.3,93.6,23.6,71.6,7.1,2305.4,Clayey
56.3,45.2,67.7,34.5,64.2,7.64,1184.8,Black Cotton
35.6,26.3,44.3,34.3,56.3,6.9,1625.9,Sandy
86.2,36.4,100.3,28.7,78.2,6.96,1901.2,Clayey
53.7,44.2,87.6,27.2,76.3,6.66,2126.0,Clayey
67.1,47.3,64.1,30.5,84.5,7.57,2322.8,Coastal Alluvial
41.7,42.1,63.9,31.5,90.0,8.58,1970.1,Coastal Alluvial
66.4,17.1,55.8,28.7,81.0,5.53,3608.9,Laterite
80.0,66.7,96.2,27.0,73.2,6.81,2400.6,Riverine Alluvial
153.1,32.9,47.4,30.4,94.6,4.38,3343.2,Peaty
64.6,36.8,56.6,36.5,64.2,7.26,1340.8,Black Cotton
69.9,21.8,62.4,27.0,68.9,4.27,2698.9,Laterite
93.5,53.4,114.3,16.5,92.6,6.28,4484.4,Forest Loam
39.7,20.0,38.0,32.6,83.4,7.94,1516.5,Coastal Alluvial
45.3,18.7,81.9,31.4,72.2,5.41,3608.8,Laterite
63.6,28.7,77.0,32.0,85.1,6.28,2791.3,Red Loam
64.6,32.4,70.5,26.4,89.8,6.61,2690.5,Red Loam
50.0,21.3,75.7,30.0,77.6,6.58,2314.3,Red Loam
105.4,34.0,39.9,31.9,92.1,4.62,3372.2,Peaty
58.2,45.7,43.5,26.9,91.1,5.13,2907.6,Brown Hydromorphic
60.2,16.3,81.6,27.6,76.6,4.65,3654.6,Laterite
131.1,23.9,24.2,31.8,97.2,4.51,2674.0,Peaty
31.1,22.5,37.1,31.0,54.7,6.04,1039.4,Sandy
37.5,18.0,58.5,32.9,94.2,6.91,1901.6,Coastal Alluvial
53.5,9.0,53.9,27.1,91.6,5.01,4105.2,Laterite
61.0,22.5,90.8,30.5,77.9,6.09,1979.0,Red Loam
46.8,13.4,87.0,32.3,88.1,4.46,3814.4,Laterite
85.2,18.0,56.9,33.4,84.7,4.88,3298.9,Brown Hydromorphic
104.7,60.4,85.9,30.6,81.9,7.21,3539.7,Riverine Alluvial
89.0,58.9,96.3,22.9,93.3,6.25,4915.2,Forest Loam
73.1,24.6,62.1,34.8,77.4,6.37,2751.5,Red Loam
37.1,27.0,62.8,25.8,76.4,4.64,3236.4,Laterite
22.5,38.6,51.4,32.5,88.3,7.47,2121.6,Coastal Alluvial
39.4,18.3,44.3,26.9,79.7,5.46,3103.4,Laterite
34.6,29.7,29.4,28.5,88.0,7.62,2367.8,Coastal Alluvial
48.4,7.2,82.5,28.4,87.0,4.64,3061.6,Laterite
64.5,24.1,64.5,31.9,85.2,7.73,2472.4,Coastal Alluvial
47.9,37.7,53.1,29.5,83.8,7.73,2098.3,Coastal Alluvial
69.4,60.5,57.4,33.5,53.1,7.01,1281.6,Black Cotton
93.8,43.4,101.6,26.3,82.5,6.42,2917.9,Riverine Alluvial
65.0,27.0,50.8,35.3,90.1,4.52,3332.1,Brown Hydromorphic
89.0,53.1,107.5,26.3,84.2,6.64,3282.3,Riverine Alluvial
89.4,34.2,58.9,25.0,78.3,4.64,3498.0,Brown Hydromorphic
75.7,15.7,62.7,32.1,75.6,5.64,3728.6,Laterite
39.5,22.1,70.2,25.3,79.5,4.78,3557.4,Laterite
35.1,31.3,33.0,27.7,86.4,7.43,2570.5,Coastal Alluvial
39.1,24.9,63.7,28.1,77.3,4.72,3375.7,Laterite
40.5,43.2,42.9,27.7,76.7,7.38,2191.1,Coastal Alluvial
108.6,54.7,53.8,29.9,89.5,6.68,2684.4,Riverine Alluvial
121.2,49.8,116.1,20.6,74.5,5.35,4164.8,Forest Loam
42.4,47.2,54.2,28.8,82.6,7.56,2145.1,Coastal Alluvial
53.4,34.7,44.8,29.4,85.2,7.33,2054.7,Coastal Alluvial
63.7,27.5,57.0,31.8,88.9,7.4,2288.7,Coastal Alluvial
72.0,39.8,49.2,31.2,91.1,5.32,3200.5,Brown Hydromorphic
55.2,22.0,64.1,32.7,69.6,5.72,2379.0,Red Loam
90.4,55.8,83.8,27.2,81.7,6.89,2975.5,Riverine Alluvial
54.0,14.1,74.2,28.0,77.2,6.31,2544.9,Red Loam
50.4,29.2,73.0,30.6,86.6,7.67,1998.0,Coastal Alluvial
59.0,72.5,73.5,27.3,85.9,7.06,2796.0,Riverine Alluvial
29.7,19.3,41.2,27.7,71.4,7.3,953.1,Sandy
109.9,49.7,85.1,28.7,81.3,7.32,2131.5,Riverine Alluvial
63.6,6.9,60.9,29.5,84.5,5.88,3583.4,Laterite
70.8,40.3,57.1,35.6,56.6,8.14,1021.5,Black Cotton
31.9,37.0,36.6,32.7,88.4,7.76,2095.9,Coastal Alluvial
36.2,15.9,73.7,26.7,88.1,6.46,2879.9,Red Loam
178.3,18.8,53.3,28.9,90.0,4.63,2554.5,Peaty
77.8,17.8,56.9,30.1,86.5,5.5,3056.5,Laterite
82.5,44.4,64.1,29.4,79.9,6.54,2077.4,Loamy
136.9,18.6,24.8,29.6,96.8,4.72,2928.2,Peaty
81.3,41.1,64.8,35.8,66.0,8.32,1329.3,Black Cotton
88.8,51.5,82.0,27.6,80.0,6.78,2658.8,Riverine Alluvial
65.4,45.9,48.7,29.4,91.2,5.56,3256.9,Brown Hydromorphic
55.9,8.3,93.5,30.9,86.8,4.85,3055.7,Laterite
49.4,34.0,63.2,26.2,88.0,7.2,1881.2,Coastal Alluvial
54.6,40.7,68.7,32.5,91.8,7.19,1938.1,Coastal Alluvial
67.2,38.9,83.4,26.8,70.3,7.61,1392.3,Black Cotton
56.9,46.1,87.0,26.6,81.8,6.78,3317.2,Riverine Alluvial
53.8,36.8,62.8,30.6,89.5,8.27,1524.9,Coastal Alluvial
86.8,59.3,92.0,25.8,79.1,6.41,2458.3,Riverine Alluvial
73.1,44.5,45.9,29.3,84.7,4.63,3528.5,Brown Hydromorphic
32.6,51.7,56.1,32.4,86.0,7.65,1990.4,Coastal Alluvial
57.3,28.4,121.0,25.2,71.0,6.11,3120.8,Red Loam
50.4,12.4,63.3,32.7,84.4,5.84,3008.8,Laterite
68.9,75.7,81.4,29.0,91.4,6.11,2531.5,Riverine Alluvial
100.6,54.5,57.3,28.5,81.3,6.56,3251.6,Riverine Alluvial
53.9,21.4,91.2,28.0,78.7,5.01,3329.3,Laterite
62.7,19.1,76.6,28.3,75.5,4.95,3790.9,Laterite
43.9,23.6,49.2,31.2,53.0,6.73,1394.1,Sandy
29.9,30.8,74.8,30.2,94.1,8.48,2080.1,Coastal Alluvial
25.1,23.4,35.4,35.6,61.8,6.5,1251.7,Sandy
80.1,52.2,118.4,29.8,84.1,6.71,3114.3,Riverine Alluvial
71.4,51.5,62.0,31.0,74.4,7.21,1394.6,Clayey
59.5,31.8,45.5,32.6,96.9,5.22,2840.4,Brown Hydromorphic
74.4,31.1,96.1,29.3,80.8,5.6,2494.8,Red Loam
147.2,19.6,43.9,27.5,90.2,3.79,3331.0,Peaty
59.5,13.0,39.0,30.1,82.8,5.35,3493.5,Laterite
69.8,40.7,85.9,26.6,71.2,7.1,2294.3,Clayey
38.7,21.0,45.6,27.3,53.1,5.98,884.2,Sandy
62.9,38.7,89.5,30.6,82.9,6.92,3165.6,Riverine Alluvial
87.4,55.9,67.8,17.8,86.7,6.17,3760.9,Forest Loam
50.9,20.0,48.8,31.6,77.7,4.89,3483.6,Laterite
40.9,39.2,39.7,31.7,79.9,7.67,2068.9,Coastal Alluvial
50.1,11.6,82.5,27.5,87.5,5.58,3422.1,Laterite
73.6,36.9,53.8,26.6,91.0,5.27,3795.4,Brown Hydromorphic
63.2,43.8,65.6,29.4,89.1,4.6,2627.2,Brown Hydromorphic
45.6,30.2,44.2,27.5,90.2,7.55,2214.5,Coastal Alluvial
58.9,45.6,59.4,27.3,98.0,4.48,3113.3,Brown Hydromorphic
78.8,52.1,84.7,24.1,72.0,6.76,2105.6,Loamy
61.8,37.3,62.3,32.7,74.1,7.26,1527.8,Black Cotton
76.6,17.0,88.8,31.4,77.2,5.05,2849.6,Laterite
54.0,54.9,57.3,33.8,96.9,7.98,2325.7,Coastal Alluvial
58.9,16.4,45.5,28.8,85.3,5.42,2859.3,Laterite
130.6,26.3,44.6,28.8,91.7,4.21,2922.0,Peaty
63.0,35.8,78.0,30.1,80.8,6.22,2206.8,Red Loam
69.4,33.8,41.2,28.6,87.3,4.83,3587.9,Brown Hydromorphic
118.2,37.0,118.0,16.4,89.1,5.67,2961.3,Forest Loam
122.0,31.3,92.2,22.0,87.4,5.74,3914.3,Forest Loam
95.6,49.6,114.7,19.0,72.6,5.96,3296.6,Forest Loam
98.6,45.4,107.1,21.8,83.2,5.86,4225.2,Forest Loam
74.8,39.2,80.3,30.8,68.4,6.82,2842.2,Red Loam
68.8,22.2,73.2,29.3,79.3,5.98,2546.5,Red Loam
51.4,38.0,74.8,32.0,62.9,7.33,1499.3,Black Cotton
62.9,34.8,51.4,31.9,59.0,7.58,1228.8,Black Cotton
84.5,33.2,59.5,31.5,88.7,5.09,3162.8,Brown Hydromorphic
132.7,24.2,47.4,29.3,96.6,4.02,2846.3,Peaty
81.5,49.8,53.7,24.9,86.5,5.12,3588.6,Brown Hydromorphic
130.5,26.8,38.8,31.7,95.2,4.13,2457.9,Peaty
90.2,46.6,89.1,26.2,79.5,7.25,2267.4,Riverine Alluvial
64.7,51.4,76.7,26.9,60.1,7.89,1539.1,Black Cotton
60.1,10.6,84.3,33.7,78.3,5.08,3573.7,Laterite
92.3,31.8,55.1,29.6,93.2,5.21,2713.7,Brown Hydromorphic
51.9,19.3,27.9,31.7,41.4,6.43,835.9,Sandy
117.2,68.2,66.6,30.1,77.0,7.02,2479.1,Riverine Alluvial
108.8,54.7,95.4,18.7,84.9,5.84,4044.1,Forest Loam
94.5,30.4,53.0,32.4,96.6,4.31,2830.3,Peaty
71.7,54.9,59.2,34.5,69.0,8.14,1258.4,Black Cotton
59.8,34.7,75.8,23.6,73.4,5.76,2394.7,Red Loam
81.2,33.4,63.1,25.9,85.4,5.14,3382.7,Brown Hydromorphic
58.0,38.8,37.1,29.4,90.4,7.87,1822.2,Coastal Alluvial
57.0,32.8,52.5,31.3,80.4,5.34,3325.2,Brown Hydromorphic
49.5,21.8,86.4,33.8,78.7,6.03,3265.9,Red Loam
92.0,30.4,80.0,32.1,73.9,6.02,2231.6,Red Loam
37.7,16.5,85.2,29.4,84.2,5.56,3394.8,Laterite
107.9,23.7,47.1,32.1,87.4,4.82,3257.3,Brown Hydromorphic
36.6,9.9,69.2,29.0,86.6,5.81,3097.7,Laterite
52.4,36.9,45.1,36.1,73.3,7.65,1166.3,Black Cotton
83.7,26.2,71.2,27.9,82.7,6.03,2603.7,Red Loam
38.6,20.4,92.4,24.8,83.0,5.47,3404.4,Laterite
77.9,41.0,83.8,25.6,81.4,6.78,3544.3,Riverine Alluvial
54.9,10.1,89.3,25.8,75.7,4.69,2717.6,Laterite
102.1,42.0,88.0,19.9,81.9,5.47,3623.5,Forest Loam
116.6,41.8,98.5,22.7,85.5,5.2,3715.5,Forest Loam
68.2,52.4,67.3,25.9,94.6,4.84,3017.2,Brown Hydromorphic
80.8,44.9,85.8,23.8,73.9,6.58,2308.8,Loamy
138.7,42.2,71.6,20.6,86.3,6.06,4006.8,Forest Loam
46.5,19.8,87.9,28.7,80.8,5.27,3528.0,Laterite
117.3,26.2,51.1,30.1,88.6,4.61,2775.7,Peaty
79.1,31.9,96.3,29.3,68.0,6.38,2212.3,Red Loam
161.0,29.6,38.6,29.7,97.8,4.23,2982.4,Peaty
44.5,35.6,48.1,32.1,87.0,7.83,1451.3,Coastal Alluvial
90.9,55.5,100.6,29.5,91.8,7.22,1918.2,Clayey
58.1,44.7,93.7,27.4,71.1,6.55,1748.6,Loamy
89.3,54.4,62.8,31.6,77.7,7.02,3089.9,Riverine Alluvial
47.5,15.2,56.1,31.2,83.5,4.93,3062.1,Laterite
82.6,19.6,77.9,27.5,72.7,6.14,2828.6,Red Loam
82.0,18.5,57.7,28.2,77.5,5.33,2557.4,Laterite
42.1,22.3,78.3,28.2,75.0,5.86,2266.9,Red Loam
121.8,44.8,101.4,20.7,81.6,5.57,3552.4,Forest Loam
113.0,69.4,68.8,22.9,78.0,5.48,4242.2,Forest Loam
44.7,19.0,99.5,36.8,72.4,5.77,2669.6,Red Loam
96.5,48.3,100.9,22.2,92.9,5.53,3421.8,Forest Loam
56.7,28.2,49.6,27.1,88.4,5.11,3125.3,Brown Hydromorphic
52.7,31.8,70.8,30.4,77.2,6.01,2678.7,Red Loam
133.6,36.5,86.4,23.8,89.1,5.31,3642.3,Forest Loam
91.2,65.5,75.9,26.8,81.2,6.77,2641.0,Riverine Alluvial
75.7,30.5,62.6,29.0,87.6,5.52,3824.3,Brown Hydromorphic
42.7,29.7,40.1,31.2,87.6,7.8,1909.0,Coastal Alluvial
77.7,60.3,85.7,28.1,87.6,6.73,2087.5,Clayey
156.0,36.0,47.3,33.1,96.8,4.25,2691.6,Peaty
52.4,22.6,81.0,27.9,80.7,5.35,4059.2,Laterite
77.4,18.3,52.3,29.5,88.6,4.32,3002.1,Brown Hydromorphic
77.3,35.1,54.6,25.4,87.9,4.65,3522.4,Brown Hydromorphic
53.9,41.9,46.3,29.0,85.3,7.17,1686.4,Coastal Alluvial
51.2,37.1,72.0,30.7,82.1,7.57,2096.0,Coastal Alluvial
38.4,16.1,46.2,29.3,40.7,6.92,1171.4,Sandy
154.7,25.9,35.8,29.4,95.3,4.5,3160.9,Peaty
75.6,21.6,69.6,29.7,70.4,5.1,3842.0,Laterite
138.5,44.7,73.1,22.9,91.7,5.54,4188.0,Forest Loam
55.8,18.1,83.0,32.8,79.1,5.69,3919.2,Laterite
106.7,48.5,74.3,33.6,81.3,6.48,2914.2,Riverine Alluvial
29.9,17.0,43.3,30.9,55.1,6.24,1114.1,Sandy
64.2,33.0,64.3,29.5,85.0,4.97,3372.2,Brown Hydromorphic
75.4,30.4,72.6,29.7,77.4,5.95,2761.2,Red Loam
32.4,34.3,41.5,34.9,84.8,7.58,2151.6,Coastal Alluvial
29.0,27.1,82.0,30.1,90.6,7.78,2182.9,Coastal Alluvial
86.4,29.3,55.2,30.9,98.0,4.63,3963.6,Brown Hydromorphic
71.4,39.5,73.9,27.2,87.0,4.26,3010.5,Brown Hydromorphic
56.0,37.1,63.8,30.5,79.8,7.72,2426.5,Coastal Alluvial
114.5,45.3,65.0,28.2,81.6,6.8,2359.7,Riverine Alluvial
59.9,33.8,77.3,32.6,80.7,6.44,1600.6,Red Loam
85.5,30.4,56.3,27.4,70.8,6.16,2344.9,Red Loam
122.1,43.7,101.7,26.0,90.0,6.4,4632.9,Forest Loam
63.3,44.4,92.2,31.0,78.1,7.23,2700.5,Clayey
57.5,25.2,94.8,27.7,87.6,5.22,2984.0,Red Loam
67.7,19.1,72.5,30.5,81.2,5.55,2977.6,Red Loam
47.9,33.7,48.0,26.7,89.9,8.46,1669.7,Coastal Alluvial
72.3,42.2,76.8,29.8,61.6,6.76,1994.0,Loamy
76.2,15.9,60.1,27.1,90.0,5.34,3499.4,Laterite
66.8,29.8,68.2,27.0,87.0,5.96,2478.6,Red Loam
68.2,25.7,87.0,31.0,79.8,5.9,2204.9,Red Loam
87.5,37.9,37.2,30.2,86.0,4.12,2792.8,Brown Hydromorphic
89.0,42.2,91.7,30.5,80.2,6.53,2718.6,Riverine Alluvial
79.6,49.6,103.5,24.9,80.9,7.14,1922.0,Clayey
85.9,51.2,107.2,20.8,81.4,5.6,3581.4,Forest Loam
61.1,11.9,98.2,26.6,76.5,5.07,3636.2,Laterite
45.7,45.7,72.1,29.6,85.1,7.46,2351.4,Clayey
88.9,64.2,73.5,28.8,68.8,7.0,3080.1,Riverine Alluvial
86.5,42.6,77.3,28.2,78.0,7.41,2491.6,Riverine Alluvial
84.8,59.7,91.1,27.2,86.7,6.39,3082.7,Riverine Alluvial
82.8,53.0,122.0,29.2,85.9,7.09,2576.2,Riverine Alluvial
122.8,54.0,95.5,28.2,81.6,7.09,2868.5,Riverine Alluvial
85.1,36.4,89.5,26.5,87.4,5.17,3659.5,Forest Loam
77.6,36.5,46.2,28.2,86.7,4.95,3096.4,Brown Hydromorphic
43.6,14.3,69.6,29.0,88.1,4.61,2689.5,Laterite
55.3,22.3,91.9,31.9,72.2,5.94,2622.1,Red Loam
52.8,36.8,59.4,30.5,84.8,4.41,2880.3,Brown Hydromorphic
92.8,45.8,55.6,30.9,86.7,4.84,2920.3,Brown Hydromorphic
137.3,63.5,106.6,18.4,88.2,5.21,3326.5,Forest Loam
59.8,13.5,71.8,33.3,85.0,5.89,2609.7,Red Loam
111.0,56.4,116.0,23.9,80.7,6.91,3189.2,Riverine Alluvial
74.1,65.3,72.7,25.6,65.8,6.61,1563.0,Loamy
60.5,36.8,66.5,34.3,68.7,5.89,2704.4,Red Loam
37.0,29.0,70.4,27.4,86.0,6.54,2337.2,Red Loam
98.2,35.5,56.2,30.4,73.2,6.41,2787.4,Riverine Alluvial
81.8,37.7,73.6,24.4,69.0,5.9,2506.5,Red Loam
18.0,14.1,25.9,39.9,59.4,7.12,1054.4,Sandy
143.8,29.7,59.1,27.0,89.3,3.32,2650.6,Peaty
77.1,14.0,63.6,25.1,83.9,4.92,3001.1,Laterite
98.8,53.9,81.1,27.7,82.5,6.69,2849.3,Riverine Alluvial
35.0,23.1,42.1,35.9,38.0,6.78,1103.9,Sandy
146.4,36.0,52.5,31.2,88.9,4.53,3837.7,Peaty
75.5,51.2,85.9,28.4,78.1,6.3,3225.1,Riverine Alluvial
167.0,34.7,43.1,33.2,94.7,4.7,3064.2,Peaty
38.6,29.7,45.1,30.3,80.9,7.33,1476.6,Coastal Alluvial
83.0,18.8,79.9,32.0,75.8,6.27,2989.3,Red Loam
58.8,13.8,77.9,27.6,78.9,4.95,3646.8,Laterite
35.9,21.9,41.1,31.0,58.4,7.05,1028.9,Sandy
67.5,28.3,106.7,30.9,64.6,6.69,2605.3,Red Loam
96.1,35.0,46.0,30.8,59.6,7.83,1622.7,Black Cotton
72.2,16.7,57.9,32.9,82.1,5.44,3291.1,Laterite
80.2,53.2,61.0,26.8,69.7,6.64,1902.7,Loamy
78.8,51.8,91.1,29.8,78.2,7.25,2926.1,Riverine Alluvial
48.7,11.7,108.8,31.0,82.3,5.69,3323.6,Laterite
89.2,51.7,94.0,32.0,76.7,6.43,3107.1,Riverine Alluvial
35.3,17.2,72.6,30.1,79.9,5.57,2971.8,Laterite
65.9,36.4,58.3,32.6,72.2,5.41,2211.9,Red Loam
67.9,30.2,33.8,26.8,89.0,5.23,3400.0,Brown Hydromorphic
47.2,4.5,82.1,31.2,78.9,5.35,3600.4,Laterite
51.0,18.4,87.7,29.0,72.5,5.43,3751.2,Laterite
67.2,9.4,74.9,28.3,75.8,5.26,3092.8,Laterite
75.6,34.4,55.3,34.0,67.6,7.56,1052.9,Black Cotton
79.1,59.7,81.9,31.4,81.7,7.33,2717.2,Riverine Alluvial
101.0,30.2,52.7,32.3,59.9,7.84,1330.5,Black Cotton
77.9,41.9,57.5,33.9,57.2,7.29,1286.8,Black Cotton
147.8,44.2,111.6,21.9,80.3,5.89,3707.1,Forest Loam
46.4,45.6,51.5,35.0,85.1,4.85,3235.4,Brown Hydromorphic
145.9,25.2,37.9,33.2,88.7,3.99,3432.8,Peaty
45.0,28.6,49.7,37.8,52.0,7.15,1133.5,Sandy
74.0,51.2,74.8,36.7,67.4,7.85,1839.9,Black Cotton
91.8,55.3,71.5,28.3,82.9,6.58,3360.2,Riverine Alluvial
70.4,44.0,90.4,29.8,71.8,7.08,1652.3,Clayey
161.3,23.4,66.0,30.3,89.5,3.94,2539.3,Peaty
54.7,10.2,70.0,30.4,86.8,5.73,3273.3,Laterite
49.7,16.3,76.4,27.2,87.8,5.64,4099.6,Laterite
54.0,60.1,88.3,27.9,76.2,6.46,2347.1,Riverine Alluvial
75.7,46.2,55.7,38.1,67.5,7.21,1491.6,Black Cotton
71.2,40.4,98.6,25.6,81.4,7.44,1773.4,Clayey
81.6,66.7,81.0,28.6,79.9,6.01,2744.2,Riverine Alluvial
106.7,47.4,85.1,29.1,89.6,6.85,2826.8,Riverine Alluvial
102.1,48.3,119.0,25.8,74.6,6.67,2996.1,Riverine Alluvial
38.5,12.3,47.5,32.5,45.2,7.29,1423.9,Sandy
70.6,36.2,55.1,28.9,91.4,4.63,3327.8,Brown Hydromorphic
36.4,13.3,94.0,32.2,75.1,5.2,3811.9,Laterite
39.8,11.9,83.9,30.7,83.8,5.62,3463.7,Laterite
49.9,53.0,37.2,27.7,89.9,8.42,1667.9,Coastal Alluvial
32.8,38.3,38.8,29.7,91.6,8.11,1696.1,Coastal Alluvial
55.1,29.1,49.7,34.3,86.9,7.99,1625.9,Coastal Alluvial
83.1,63.1,69.3,28.5,78.0,7.04,3290.9,Riverine Alluvial
34.8,35.6,48.1,30.6,86.2,8.04,2308.0,Coastal Alluvial
61.7,46.7,69.6,30.7,52.8,8.7,1835.8,Black Cotton
97.1,39.4,35.1,32.6,89.3,4.72,3017.4,Brown Hydromorphic
99.0,21.5,80.7,28.1,72.8,6.32,1972.5,Red Loam
88.0,45.6,72.2,32.6,88.5,6.67,3067.0,Riverine Alluvial
60.8,44.1,79.7,28.6,94.8,4.92,3175.2,Brown Hydromorphic
78.3,30.8,75.9,28.1,74.6,6.03,2259.7,Red Loam
49.7,33.8,61.5,28.0,88.4,7.03,1490.8,Coastal Alluvial
134.8,51.5,106.6,22.9,79.8,6.23,3786.4,Forest Loam
120.9,39.2,54.0,17.0,83.3,6.08,3995.7,Forest Loam
89.4,48.0,96.5,31.8,79.1,7.32,2978.9,Riverine Alluvial
42.4,27.2,61.2,32.4,83.2,7.41,2032.7,Coastal Alluvial
81.8,60.9,82.5,25.9,74.1,7.57,2605.8,Clayey
90.6,57.3,111.4,26.2,78.0,7.01,2878.5,Riverine Alluvial
81.5,37.9,56.4,30.0,88.7,4.68,2957.0,Brown Hydromorphic
93.1,31.5,84.6,29.2,85.6,6.79,2759.1,Riverine Alluvial
67.6,18.0,48.3,27.2,85.8,4.98,3003.5,Brown Hydromorphic
68.6,32.5,47.9,33.4,80.6,6.35,2448.6,Red Loam
64.8,17.3,84.9,30.1,81.5,5.27,3784.7,Laterite
29.0,39.6,61.8,24.7,84.0,7.68,1633.8,Coastal Alluvial
50.0,15.7,51.5,31.8,75.7,4.88,3858.7,Laterite
78.5,33.9,84.3,29.0,77.8,6.33,2465.9,Red Loam
51.9,55.8,68.1,24.2,72.3,6.5,1907.3,Loamy
58.2,34.7,66.3,31.3,62.3,8.0,1073.9,Black Cotton
65.2,34.8,44.2,30.0,86.1,5.78,2773.3,Brown Hydromorphic
78.8,46.1,70.2,31.3,70.7,6.2,1555.2,Loamy
126.5,41.1,92.6,14.5,88.0,6.0,4251.5,Forest Loam
71.2,27.9,27.7,27.5,86.6,4.17,3571.6,Brown Hydromorphic
59.9,15.8,67.9,26.4,74.0,5.51,3789.2,Laterite
64.2,40.1,54.5,31.9,59.2,7.88,1712.1,Black Cotton
63.4,37.3,65.3,28.7,91.8,4.77,3565.9,Brown Hydromorphic
97.8,34.0,49.6,31.0,91.7,4.28,3691.6,Brown Hydromorphic
63.1,21.6,81.5,33.3,83.8,6.12,2830.3,Red Loam
28.5,30.9,79.6,29.8,81.5,8.0,2319.1,Coastal Alluvial
29.8,27.5,41.9,27.9,46.0,7.0,1546.8,Sandy
61.6,21.6,55.4,29.1,81.9,5.88,2455.8,Laterite
65.4,43.5,67.1,32.7,59.6,7.7,1317.7,Black Cotton
68.0,43.5,54.6,33.4,63.8,7.55,1360.8,Black Cotton
52.0,7.6,72.7,28.4,77.1,5.5,3293.6,Laterite
34.0,13.0,38.3,23.9,78.5,5.17,3159.7,Laterite
47.6,34.4,51.1,28.8,97.5,5.15,2927.0,Brown Hydromorphic
89.5,28.4,51.8,27.6,89.4,4.94,3323.2,Brown Hydromorphic
74.6,66.7,84.9,24.9,79.9,6.76,2969.8,Riverine Alluvial
98.4,44.2,79.8,27.4,81.6,6.66,2227.8,Riverine Alluvial
38.8,33.5,36.9,34.6,76.6,7.13,1767.6,Coastal Alluvial
45.6,24.2,39.3,38.8,61.5,6.61,1468.1,Sandy
58.9,18.3,66.8,28.0,79.5,5.94,3923.2,Laterite
62.3,31.2,60.8,26.9,90.1,4.99,3586.0,Brown Hydromorphic
70.2,41.6,68.0,29.0,59.4,7.49,1364.0,Black Cotton
101.5,51.3,85.8,27.1,73.5,6.65,2993.1,Riverine Alluvial
45.3,27.8,56.1,33.1,85.2,4.62,3294.3,Brown Hydromorphic
75.1,34.6,46.3,31.4,91.1,4.78,3697.1,Brown Hydromorphic
122.2,44.5,87.4,23.3,78.3,6.04,4739.4,Forest Loam
96.1,55.2,66.2,34.5,69.4,7.23,1269.5,Black Cotton
33.8,21.8,46.1,35.7,64.1,6.58,1561.6,Sandy
67.2,11.0,66.1,27.3,85.5,5.78,3562.2,Laterite
71.8,29.5,58.8,33.2,58.6,7.6,1854.0,Black Cotton
101.8,53.6,95.0,24.8,74.9,7.02,3377.0,Riverine Alluvial
33.2,17.1,75.2,32.2,81.4,5.1,3345.3,Laterite
47.8,12.9,90.9,26.1,78.3,5.06,3174.3,Laterite
74.3,29.7,99.8,35.3,88.4,6.39,2526.6,Red Loam
65.5,63.8,100.6,31.2,83.7,6.86,2998.1,Riverine Alluvial
43.6,27.2,34.6,35.5,91.9,7.6,1452.9,Coastal Alluvial
67.0,41.5,78.8,28.8,74.0,6.87,1633.2,Loamy
65.4,34.8,79.7,28.5,71.5,6.31,2564.4,Red Loam
46.8,46.3,69.1,29.2,60.6,7.38,1490.1,Black Cotton
65.2,39.2,84.1,23.8,68.1,6.62,2054.0,Loamy
69.7,27.3,101.5,31.5,73.3,6.21,2327.3,Red Loam
87.5,46.7,75.0,32.6,62.3,7.56,1445.8,Black Cotton
50.7,29.7,63.0,31.8,76.8,8.3,1877.8,Coastal Alluvial
42.7,39.4,53.3,33.9,84.5,7.32,2265.3,Coastal Alluvial
49.6,13.5,61.3,29.8,78.6,5.1,3533.0,Laterite
71.5,44.7,99.3,30.1,74.3,6.49,3414.3,Riverine Alluvial
135.9,31.8,36.8,29.2,91.0,4.18,2789.3,Peaty
63.6,26.9,65.4,29.6,82.9,5.83,2596.5,Red Loam
67.9,40.3,54.7,30.9,73.4,7.33,1599.9,Black Cotton
88.0,39.9,79.5,22.9,85.4,7.06,1990.6,Clayey
62.4,48.5,71.5,27.4,61.1,7.24,1302.5,Black Cotton
62.5,15.3,80.3,28.6,79.9,5.55,3371.0,Laterite
36.0,26.1,38.2,35.4,63.1,6.08,704.4,Sandy
50.3,51.9,48.7,29.8,93.7,7.57,2261.3,Coastal Alluvial
66.2,27.5,80.2,26.4,76.4,6.14,2475.2,Red Loam
32.8,24.6,42.5,38.5,54.6,6.46,1131.1,Sandy
113.7,46.9,87.3,19.4,84.3,5.74,4430.3,Forest Loam
61.3,38.8,77.2,26.7,80.7,7.02,1828.8,Clayey
66.1,30.7,71.0,33.2,89.2,4.58,3965.7,Brown Hydromorphic
89.9,26.5,96.1,30.5,77.0,6.64,2551.9,Red Loam
87.9,37.7,65.4,20.9,69.2,6.06,2239.3,Loamy
81.7,60.3,82.0,27.7,90.0,6.62,3171.1,Riverine Alluvial
54.6,19.9,75.0,29.3,77.6,6.08,2948.7,Laterite
79.8,44.2,60.2,28.8,81.5,7.4,2905.5,Riverine Alluvial
105.3,36.3,80.3,28.1,84.1,6.99,2807.0,Riverine Alluvial
59.2,26.9,60.8,30.7,75.8,5.5,2542.9,Red Loam
89.0,17.4,51.6,30.7,68.6,6.05,3029.6,Red Loam
87.0,29.8,65.1,26.0,90.0,5.22,2583.7,Brown Hydromorphic
49.1,19.0,98.1,27.7,83.6,5.49,2902.5,Laterite
38.6,21.9,19.8,34.2,62.6,7.0,1567.0,Sandy
130.1,37.6,98.5,18.5,84.9,5.72,3720.1,Forest Loam
64.7,26.8,110.9,33.4,81.9,6.09,2717.1,Red Loam
39.7,20.9,87.2,29.4,78.2,4.88,3295.9,Laterite
50.1,26.5,85.7,33.7,67.5,5.79,2767.2,Red Loam
65.8,22.9,81.8,25.3,74.6,6.43,3349.5,Red Loam
136.3,26.3,41.7,30.1,90.2,4.13,2996.4,Peaty
123.9,36.3,98.8,21.5,86.0,6.01,3086.4,Forest Loam
81.4,23.8,57.5,25.6,75.1,5.4,3117.8,Laterite
60.2,64.4,91.5,26.1,77.2,7.02,2093.3,Clayey
85.9,43.2,90.6,30.3,87.6,7.15,1939.8,Clayey
126.1,50.0,89.0,16.2,90.6,5.83,4348.9,Forest Loam
80.9,71.8,74.4,29.7,77.0,7.0,2822.8,Riverine Alluvial
65.4,36.3,79.2,29.1,71.8,5.94,2661.3,Red Loam
50.6,29.3,50.6,27.3,89.5,4.28,3143.4,Brown Hydromorphic
90.9,37.8,78.7,28.4,88.5,7.12,2722.4,Riverine Alluvial
61.3,45.4,71.3,32.4,68.6,7.52,1494.9,Black Cotton
76.1,45.0,77.5,35.1,56.5,7.58,1459.1,Black Cotton
48.9,22.4,88.5,30.8,76.1,6.19,2083.6,Red Loam
83.9,53.3,50.5,30.7,91.7,4.76,3002.3,Brown Hydromorphic
67.7,14.9,59.1,30.9,81.3,5.48,2670.9,Laterite
45.5,33.2,46.3,31.3,83.6,7.57,1912.8,Coastal Alluvial
32.9,44.0,54.6,30.6,85.6,7.68,2349.5,Coastal Alluvial
56.6,16.2,81.5,28.1,76.5,5.5,2784.3,Laterite
80.6,41.2,92.3,27.3,68.6,6.65,1907.3,Loamy
74.8,17.7,70.3,35.6,83.3,4.31,3052.1,Laterite
59.9,27.2,65.7,30.5,71.5,6.11,2209.3,Red Loam
63.2,33.0,60.3,28.7,79.7,8.23,1476.3,Coastal Alluvial
75.4,62.4,80.2,30.3,77.2,6.38,2833.8,Riverine Alluvial
94.2,46.5,62.0,27.2,91.8,4.99,3387.2,Brown Hydromorphic
49.8,16.2,72.0,32.0,81.9,4.57,3073.6,Laterite
27.0,13.7,60.8,28.1,79.6,5.46,3164.6,Laterite
59.6,13.6,96.5,26.4,72.0,5.39,2564.4,Laterite
84.9,50.8,74.0,18.5,81.6,5.18,3558.2,Forest Loam
134.8,22.7,35.0,27.3,90.0,4.31,3371.3,Peaty
89.7,49.8,82.0,28.9,74.8,7.37,2580.8,Riverine Alluvial
164.4,25.4,32.3,26.4,89.6,4.34,2624.4,Peaty
95.1,45.7,93.4,24.4,95.1,5.88,4792.5,Forest Loam
74.7,16.5,85.9,22.8,75.8,6.36,2625.3,Red Loam
144.3,49.5,95.8,23.3,79.5,6.54,3252.2,Forest Loam
59.0,45.9,104.3,27.3,73.2,6.55,1970.0,Loamy
142.5,36.6,56.8,31.9,92.4,4.34,3364.7,Peaty
68.8,29.7,112.2,30.1,87.6,5.85,2713.8,Red Loam
55.0,18.0,60.7,27.8,79.4,5.11,4082.9,Laterite
53.0,19.5,85.1,31.8,78.6,4.91,3935.1,Laterite
66.6,30.4,89.4,31.7,63.6,6.09,2785.9,Red Loam
68.9,27.9,46.1,24.5,94.8,4.27,3430.7,Brown Hydromorphic
66.8,17.7,68.2,31.0,75.5,6.21,2305.5,Red Loam
66.4,24.3,66.6,24.9,79.9,6.22,2353.9,Red Loam
54.1,20.8,53.3,30.8,87.0,7.91,2328.1,Coastal Alluvial
68.3,21.0,89.5,28.7,84.3,6.56,2939.6,Red Loam
23.2,39.0,85.3,26.4,87.8,8.26,2228.9,Coastal Alluvial
73.9,24.0,59.5,32.8,74.2,6.19,3147.7,Red Loam
46.5,16.5,71.5,34.0,92.3,5.43,3185.3,Laterite
75.5,22.7,98.7,31.7,89.2,5.86,2673.9,Red Loam
61.1,44.5,60.2,31.2,56.3,7.4,1664.9,Black Cotton
46.5,26.5,59.1,30.7,86.8,7.86,2238.3,Coastal Alluvial
106.6,49.9,91.6,27.8,83.6,6.23,2930.2,Riverine Alluvial
56.9,39.3,79.0,32.1,51.6,7.16,1656.2,Black Cotton
69.8,46.5,70.4,34.9,76.5,7.96,1366.7,Black Cotton
93.0,58.7,133.6,22.5,92.5,6.11,4154.4,Forest Loam
61.2,15.1,88.6,29.8,87.3,6.37,2304.4,Red Loam
48.6,17.1,69.7,24.7,73.9,5.13,3690.8,Laterite
52.3,28.6,83.9,31.8,80.9,6.19,2628.7,Red Loam
46.9,41.9,60.7,33.7,89.7,7.91,2034.1,Coastal Alluvial
144.5,37.3,41.6,30.0,92.2,4.69,2931.7,Peaty
69.1,29.7,71.2,32.2,79.0,6.44,3345.9,Red Loam
65.0,42.5,45.2,30.2,81.4,7.93,1535.9,Coastal Alluvial
56.9,17.3,55.6,30.0,90.4,5.47,2892.8,Laterite
123.0,24.9,32.5,29.0,96.9,4.6,2941.9,Peaty
95.0,44.9,81.2,31.1,90.4,6.34,2660.4,Riverine Alluvial
97.3,52.3,83.7,25.5,79.1,6.28,2898.4,Riverine Alluvial
30.0,34.0,72.7,33.1,90.0,7.52,1946.2,Coastal Alluvial
155.3,16.7,38.5,29.7,93.6,4.36,2990.6,Peaty
34.3,51.0,74.9,32.2,85.4,7.41,2009.7,Coastal Alluvial
61.4,22.1,65.4,28.9,71.4,6.27,2818.5,Red Loam
153.5,22.9,38.3,30.1,84.9,4.35,3092.0,Peaty
52.1,36.1,82.8,31.2,89.4,7.02,2447.1,Red Loam
64.4,61.8,92.7,27.9,78.9,6.49,3352.0,Riverine Alluvial
118.0,49.9,115.1,27.0,75.3,7.11,3195.5,Riverine Alluvial
62.8,47.1,65.2,33.1,78.5,6.53,2925.5,Riverine Alluvial
120.1,51.5,98.5,19.7,94.9,5.81,3746.0,Forest Loam
52.3,12.5,84.6,31.7,78.4,4.75,3668.9,Laterite
52.2,24.2,65.9,26.0,74.0,5.52,2939.2,Laterite
82.1,19.3,66.9,32.6,73.9,6.2,2469.5,Red Loam
92.7,49.9,98.3,27.7,81.4,6.18,2802.5,Riverine Alluvial
63.6,54.8,62.5,29.4,55.1,7.87,1457.0,Black Cotton
115.0,55.2,86.9,18.4,84.4,5.51,3668.6,Forest Loam
82.0,30.6,65.9,30.2,81.8,6.1,2132.0,Red Loam
110.6,52.3,107.4,22.0,84.8,5.86,4052.7,Forest Loam
124.8,24.3,35.0,26.0,90.3,4.34,2190.7,Peaty
35.0,13.3,62.5,27.4,78.5,5.13,3873.2,Laterite
63.6,20.6,68.0,26.4,80.7,5.47,3053.2,Red Loam
56.7,29.2,69.7,31.8,88.3,8.19,1561.6,Coastal Alluvial
45.6,36.9,67.4,31.5,55.0,7.91,1732.6,Black Cotton
86.7,49.5,84.0,30.8,77.8,6.38,2881.0,Riverine Alluvial
51.5,34.9,53.2,28.4,50.8,7.8,1287.4,Black Cotton
59.1,21.0,60.4,32.0,79.9,6.15,3295.5,Laterite
80.6,43.9,69.1,32.0,66.3,7.98,1303.4,Black Cotton
53.1,29.2,45.0,24.9,83.5,6.42,2920.5,Red Loam
101.2,49.9,108.9,20.1,83.8,5.92,4519.9,Forest Loam
34.9,42.2,61.4,30.2,78.4,7.8,2441.4,Coastal Alluvial
43.3,23.7,70.6,30.3,75.7,7.77,2148.1,Coastal Alluvial
68.4,44.6,61.7,33.4,82.1,7.81,1721.4,Coastal Alluvial
55.2,19.8,68.4,29.0,74.0,5.02,3268.3,Laterite
130.1,20.3,38.2,26.8,87.2,4.61,3258.0,Peaty
117.4,54.4,115.0,20.5,83.1,6.17,3549.9,Forest Loam
58.8,16.4,69.4,25.0,81.7,5.29,3188.4,Laterite
61.2,23.5,77.9,30.6,84.2,6.67,2772.4,Red Loam
72.0,25.4,84.1,27.2,74.9,6.08,2107.3,Red Loam
56.2,11.6,79.3,30.6,91.9,5.6,3733.7,Laterite
57.9,40.7,71.8,33.7,62.9,7.86,1444.5,Black Cotton
41.2,36.8,53.2,31.9,77.7,7.35,1677.0,Coastal Alluvial
55.5,33.3,36.5,29.4,89.8,4.32,2708.0,Brown Hydromorphic
98.2,49.6,91.4,20.8,83.9,5.76,3771.5,Forest Loam
58.3,40.6,43.6,32.1,83.1,7.64,2268.9,Coastal Alluvial
80.4,31.7,118.0,28.1,74.7,7.67,2334.6,Clayey
107.3,57.9,79.7,21.2,89.1,5.92,4068.6,Forest Loam
40.0,18.9,87.6,28.5,66.5,5.47,3974.3,Laterite
55.0,33.4,67.4,26.2,74.3,7.45,2414.2,Coastal Alluvial
140.1,19.8,32.3,31.8,96.3,4.52,3078.5,Peaty
70.7,33.6,47.6,27.8,97.4,4.53,3920.5,Brown Hydromorphic
58.1,21.6,86.3,32.3,72.5,5.72,2759.6,Red Loam
43.6,46.4,57.4,32.8,81.7,7.88,2195.9,Coastal Alluvial
80.1,45.4,45.9,26.0,64.7,8.35,1340.3,Black Cotton
139.0,41.1,79.0,20.0,93.5,5.76,4171.0,Forest Loam
112.2,38.6,78.2,28.3,73.3,6.66,2605.7,Riverine Alluvial
78.2,46.1,60.5,29.3,72.0,6.77,1935.5,Loamy
99.7,50.8,71.4,23.5,83.6,7.48,3058.2,Riverine Alluvial
123.1,54.1,97.9,22.6,74.8,6.82,4498.5,Forest Loam
108.3,16.7,43.5,31.9,92.8,4.36,2518.6,Peaty
33.7,15.9,28.4,35.6,55.1,6.46,1233.7,Sandy
64.8,63.2,76.2,26.7,79.6,6.54,2832.9,Riverine Alluvial
53.0,13.1,57.9,27.3,81.3,5.18,3980.8,Laterite
66.2,51.7,94.1,31.6,76.0,6.28,3259.6,Riverine Alluvial
38.5,9.5,78.7,29.8,80.6,5.01,3697.1,Laterite
45.6,16.2,78.6,24.5,90.2,5.3,3448.4,Laterite
118.0,42.6,97.8,28.4,79.9,7.16,2659.9,Riverine Alluvial
55.6,54.2,65.3,30.2,53.3,7.44,1242.6,Black Cotton
85.3,33.1,49.6,28.2,89.2,5.25,3269.5,Brown Hydromorphic
141.1,25.5,46.0,31.8,89.7,4.65,2854.2,Peaty
57.3,21.5,58.4,29.0,77.1,6.61,2167.2,Red Loam
63.9,23.3,95.6,27.7,74.9,5.64,3034.7,Red Loam
63.2,46.2,82.3,25.0,82.5,6.37,2974.9,Riverine Alluvial
54.3,55.7,64.6,24.3,71.1,7.51,2361.2,Clayey
120.4,36.9,39.7,31.3,95.6,4.51,3167.4,Peaty
47.3,23.4,106.9,27.3,86.1,6.05,2498.5,Red Loam
46.8,47.4,64.7,28.6,78.6,7.19,2305.1,Coastal Alluvial
44.5,28.4,60.7,36.1,82.6,7.93,2412.9,Coastal Alluvial
94.9,58.4,60.4,27.3,75.9,6.73,2455.3,Riverine Alluvial
38.3,32.7,27.6,31.1,92.7,7.89,1883.0,Coastal Alluvial
64.5,37.1,65.8,29.1,75.8,6.42,2597.1,Red Loam
123.7,50.1,59.4,19.8,88.2,6.26,4026.0,Forest Loam
52.2,18.3,79.8,29.6,83.0,5.02,3933.2,Laterite
81.9,26.0,38.1,27.0,86.8,4.44,3902.1,Brown Hydromorphic
75.7,28.2,122.4,26.4,78.0,5.26,3222.2,Forest Loam
155.6,28.1,42.3,31.0,94.4,3.68,3123.0,Peaty
55.7,19.3,57.5,24.7,79.7,4.97,3878.4,Laterite
100.8,49.7,66.7,32.1,83.0,6.62,3205.3,Riverine Alluvial
69.0,27.1,71.0,29.2,83.1,4.39,3123.5,Brown Hydromorphic
66.4,36.1,61.1,31.6,64.9,7.66,1429.0,Black Cotton
71.9,23.6,92.4,32.4,75.8,6.14,2499.4,Red Loam
62.2,37.2,66.8,32.3,85.7,6.35,1844.3,Red Loam
74.9,30.3,63.3,30.0,82.7,5.7,2245.3,Red Loam
88.3,46.2,57.7,25.3,69.5,6.82,1431.9,Loamy
81.1,27.5,56.6,25.4,81.1,5.83,1723.1,Red Loam
143.0,48.5,85.0,14.8,85.7,5.59,4099.7,Forest Loam
54.0,38.6,51.6,33.1,91.9,6.89,1917.7,Coastal Alluvial
89.9,24.1,97.2,26.1,74.2,5.43,2103.4,Red Loam
76.3,27.6,87.0,29.3,61.7,7.57,1012.7,Black Cotton
37.3,35.3,67.1,31.0,81.4,7.92,2004.8,Coastal Alluvial
36.2,10.3,108.4,30.8,82.2,4.42,3085.4,Laterite
51.5,47.4,33.4,29.3,84.7,7.57,1751.8,Coastal Alluvial
64.1,34.2,60.2,31.8,67.0,8.66,1101.4,Black Cotton
48.9,36.9,62.0,32.0,93.3,8.65,1454.6,Coastal Alluvial
140.2,27.7,48.1,30.0,90.5,4.46,2758.2,Peaty
38.5,9.3,50.7,27.9,68.0,6.48,924.2,Sandy
80.7,60.3,114.0,30.4,79.9,7.49,2429.6,Riverine Alluvial
98.3,38.3,88.8,29.6,72.2,7.02,1957.0,Clayey
135.4,30.7,43.8,35.4,86.1,4.42,2877.3,Peaty
59.2,4.5,87.5,26.0,88.0,5.43,3500.3,Laterite
98.1,43.8,102.7,22.3,88.0,5.78,3777.5,Forest Loam
60.3,43.5,64.7,31.9,89.5,7.61,1734.4,Coastal Alluvial
76.8,27.3,95.3,30.9,72.9,6.41,2344.9,Red Loam
101.3,54.5,109.3,29.3,74.1,6.67,3177.8,Riverine Alluvial
46.5,19.1,87.6,29.8,84.6,5.22,2834.5,Laterite
66.7,44.3,39.7,28.0,61.4,7.6,1817.4,Black Cotton
48.6,32.4,82.2,29.2,79.0,5.52,3034.2,Red Loam
73.4,52.9,82.4,29.3,80.8,6.74,2435.9,Clayey
56.9,24.3,87.7,34.4,79.2,6.06,2532.3,Red Loam
61.8,39.8,55.9,34.5,66.3,7.42,1448.1,Black Cotton
53.0,16.6,97.5,33.0,74.1,6.1,2290.7,Red Loam
54.9,33.1,54.8,29.7,83.6,4.43,3251.2,Brown Hydromorphic
120.9,50.4,86.1,21.1,86.3,6.15,3971.1,Forest Loam
90.5,49.1,90.5,28.7,80.9,6.36,3239.8,Riverine Alluvial
94.2,37.3,51.2,28.0,86.9,4.56,2665.6,Brown Hydromorphic
107.1,51.4,99.2,22.8,80.8,5.75,3404.2,Forest Loam
60.0,35.4,90.9,26.9,65.0,6.31,2399.4,Red Loam
46.2,41.5,61.8,31.8,87.5,8.02,2480.4,Coastal Alluvial
44.2,6.8,67.1,26.3,79.6,5.48,3440.8,Laterite
66.5,43.9,55.4,27.3,69.0,6.68,1805.7,Loamy
64.6,29.5,45.5,32.3,90.0,4.75,2823.3,Brown Hydromorphic
35.1,12.6,48.1,28.7,90.3,5.34,3525.4,Laterite
82.3,50.8,109.2,27.6,88.7,7.25,2445.3,Riverine Alluvial
56.2,9.1,74.1,27.7,79.9,5.27,3027.1,Laterite
76.2,33.4,76.6,32.8,72.7,5.69,2254.4,Red Loam
76.2,30.3,88.2,31.8,67.4,7.57,1077.1,Black Cotton
40.2,21.3,67.6,30.5,80.6,5.84,3051.4,Laterite
102.6,56.1,130.9,19.1,81.6,5.75,3921.0,Forest Loam
83.6,27.6,55.6,27.0,82.2,4.27,3490.8,Brown Hydromorphic
95.7,70.4,92.8,28.6,76.7,6.58,3196.6,Riverine Alluvial
43.0,27.1,76.0,31.6,80.0,6.59,2473.5,Red Loam
79.4,46.4,44.5,25.9,89.8,4.51,2995.9,Brown Hydromorphic
84.1,30.6,64.8,34.0,70.8,8.17,1552.6,Black Cotton
53.0,37.0,57.8,27.2,88.3,4.61,3480.1,Brown Hydromorphic
168.8,23.9,35.8,35.7,92.7,4.5,2907.6,Peaty
67.6,22.8,92.5,28.4,74.9,6.37,2573.7,Red Loam
100.0,50.9,74.4,28.6,82.3,7.06,2793.7,Riverine Alluvial
95.8,42.8,43.2,31.4,88.2,4.24,3640.6,Brown Hydromorphic
111.1,43.0,94.8,28.6,69.6,6.91,2654.6,Riverine Alluvial
97.2,36.9,93.5,30.6,80.8,7.28,2778.2,Riverine Alluvial
133.4,20.6,56.0,31.2,91.4,3.96,3351.9,Peaty
77.9,14.1,48.2,23.9,82.7,5.65,3030.2,Laterite
57.6,17.2,60.9,32.5,81.6,5.14,3185.0,Laterite
152.7,31.1,51.4,31.0,91.0,4.64,3281.2,Peaty
97.3,28.9,38.4,28.5,87.5,4.65,3662.9,Brown Hydromorphic
58.1,24.6,52.7,23.0,74.1,6.23,2729.8,Red Loam
62.7,4.5,63.6,32.3,84.8,5.27,3281.9,Laterite
75.0,21.4,58.8,35.8,77.4,6.26,2757.9,Red Loam
73.6,43.5,89.8,28.8,76.7,7.01,3091.2,Riverine Alluvial
50.7,15.2,81.0,28.5,78.8,5.31,3587.3,Laterite
60.0,37.9,91.2,30.0,79.6,5.31,3120.6,Red Loam
57.9,15.8,65.4,28.9,76.0,5.28,2830.9,Laterite
86.7,22.8,79.0,29.7,71.6,6.32,2785.1,Red Loam
99.8,50.0,77.6,26.3,75.0,6.44,1367.7,Loamy
55.5,24.9,82.1,26.0,73.8,6.6,2698.6,Red Loam
59.0,43.2,93.8,37.6,62.4,7.9,1325.7,Black Cotton
54.3,20.3,65.6,30.5,78.6,5.23,3646.7,Laterite
48.1,8.9,62.5,32.2,73.0,4.96,3057.4,Laterite
80.8,41.6,69.3,25.5,85.6,6.15,2996.3,Riverine Alluvial
61.4,13.7,78.5,33.4,76.3,5.41,3778.9,Laterite
32.5,37.7,69.7,30.0,80.9,7.62,2199.4,Coastal Alluvial
94.4,30.0,81.0,31.1,73.0,6.18,2286.0,Red Loam
47.8,14.4,56.1,30.8,66.5,5.68,2596.5,Laterite
50.0,37.2,48.6,24.9,85.3,4.8,2756.2,Brown Hydromorphic
89.0,48.7,93.2,28.5,79.0,6.8,2174.2,Riverine Alluvial
57.7,15.4,82.7,31.9,86.0,4.9,3050.6,Laterite
39.6,37.0,54.5,30.5,87.4,8.58,1753.2,Coastal Alluvial
80.8,9.7,101.3,30.6,84.9,5.04,3673.1,Laterite
73.0,32.2,94.3,25.9,82.2,6.09,3312.0,Red Loam
74.6,18.8,98.0,25.8,70.3,6.72,3193.0,Red Loam
89.3,29.1,57.9,28.7,87.4,4.72,2846.2,Brown Hydromorphic
32.7,34.1,59.7,28.7,87.3,7.27,1589.4,Coastal Alluvial
73.2,50.3,67.7,25.0,71.2,6.91,2524.6,Loamy
136.0,48.3,116.6,16.7,90.2,6.1,4043.2,Forest Loam
99.1,36.7,82.8,29.2,82.6,6.68,2607.4,Riverine Alluvial
81.0,63.0,76.2,27.7,77.0,6.49,2254.6,Riverine Alluvial
42.2,40.9,67.6,28.4,95.9,7.39,1996.2,Coastal Alluvial
78.2,31.8,84.7,30.7,89.8,5.83,2264.9,Red Loam
32.0,40.8,47.7,33.4,75.8,7.87,2026.8,Coastal Alluvial
48.6,21.3,96.5,23.9,79.9,4.92,3508.9,Laterite
52.7,41.7,54.8,28.3,95.1,5.4,3794.9,Brown Hydromorphic
131.5,39.2,113.9,17.4,86.0,5.83,4121.8,Forest Loam
70.1,39.3,57.0,30.9,72.6,6.65,1397.5,Loamy
59.0,28.7,96.2,33.5,73.1,6.16,2217.8,Red Loam
65.1,39.0,40.0,30.0,87.7,4.98,2685.2,Brown Hydromorphic
37.6,24.1,37.4,28.4,51.5,6.5,728.0,Sandy
50.2,44.3,73.3,30.8,67.4,8.03,1178.0,Black Cotton
49.5,38.2,69.9,33.9,80.5,7.68,2090.7,Coastal Alluvial
74.7,55.0,68.0,32.1,85.0,4.94,2542.8,Brown Hydromorphic
47.8,22.8,65.8,28.8,83.6,4.44,3205.7,Brown Hydromorphic
87.7,47.7,90.7,29.2,70.6,6.95,1548.9,Clayey
74.9,39.9,69.2,25.2,68.4,6.44,1829.2,Loamy
55.0,34.1,70.4,35.5,55.7,7.89,1308.4,Black Cotton
81.1,61.3,105.6,27.0,85.2,6.43,2968.2,Riverine Alluvial
50.2,37.5,72.1,28.9,70.6,6.53,1957.9,Red Loam
75.3,35.7,63.4,28.1,69.8,8.11,1224.8,Black Cotton
115.3,49.1,131.8,25.2,80.6,6.14,3090.4,Forest Loam
25.6,13.4,43.5,27.4,46.9,7.18,1334.7,Sandy
52.2,41.9,48.4,33.1,82.0,7.05,1802.3,Coastal Alluvial
43.6,44.0,76.9,34.2,87.5,7.91,2438.2,Coastal Alluvial
60.0,20.0,68.3,31.3,75.2,5.05,2828.0,Laterite
46.5,21.2,50.3,29.8,81.0,5.47,3489.3,Laterite
126.0,22.8,40.3,30.3,88.1,4.36,2652.2,Peaty
63.5,12.8,77.2,34.2,79.2,6.18,3403.7,Laterite
83.6,28.3,71.8,29.4,75.5,6.6,2020.6,Red Loam
43.7,45.1,75.0,27.3,86.8,8.32,1997.0,Coastal Alluvial
79.4,31.2,65.2,31.7,85.8,3.88,2340.7,Brown Hydromorphic
52.9,5.9,79.9,28.5,80.8,5.62,3657.5,Laterite
75.2,17.1,83.5,30.2,86.7,6.16,2414.9,Red Loam
169.5,27.5,39.3,28.7,94.9,3.93,3241.3,Peaty
34.4,13.1,73.8,30.3,70.0,5.2,3966.6,Laterite
50.6,8.2,49.9,26.7,87.0,4.81,3310.2,Laterite
92.3,50.7,98.7,24.6,82.4,7.46,2600.6,Riverine Alluvial
67.2,27.4,94.3,30.4,78.6,6.0,2580.5,Red Loam
82.9,41.0,41.2,29.1,83.4,4.32,2994.9,Brown Hydromorphic
86.9,42.4,44.5,29.3,91.1,4.23,3426.8,Brown Hydromorphic
121.1,50.6,130.8,17.8,81.1,5.72,3810.8,Forest Loam
73.4,54.8,40.6,26.8,92.8,5.43,2923.1,Brown Hydromorphic
87.3,35.4,83.6,27.3,69.2,6.27,3031.5,Red Loam
40.7,22.3,27.0,35.6,56.4,6.02,1151.5,Sandy
78.3,42.9,52.0,29.3,73.3,7.91,1094.8,Black Cotton
98.5,55.3,111.3,27.5,85.3,7.57,2440.0,Riverine Alluvial
37.5,26.2,73.8,29.6,81.6,6.33,2545.3,Red Loam
42.8,13.6,61.2,26.5,86.9,5.01,3681.8,Laterite
40.5,34.9,41.6,30.1,79.2,7.83,1882.5,Coastal Alluvial
41.3,29.2,56.6,29.9,70.6,6.45,3169.8,Red Loam
61.3,35.0,112.3,35.1,76.5,6.41,2277.9,Red Loam
76.7,40.3,71.0,33.6,73.6,6.51,1316.5,Loamy
117.9,54.6,84.1,26.7,79.6,6.96,3566.6,Riverine Alluvial
35.5,23.2,40.1,32.2,58.6,6.85,929.2,Sandy
69.4,23.4,64.3,26.1,70.5,6.89,2339.8,Red Loam
77.1,35.5,96.8,25.0,83.2,7.14,2765.8,Riverine Alluvial
64.3,18.0,54.3,29.8,79.2,5.11,3288.2,Laterite
85.1,58.6,103.3,29.5,81.6,6.55,2711.0,Riverine Alluvial
100.5,51.4,90.6,26.8,86.9,6.85,2613.0,Riverine Alluvial
94.1,32.2,35.9,28.2,93.5,4.79,3455.4,Brown Hydromorphic
25.6,25.5,33.6,33.7,59.8,7.18,1240.4,Sandy
144.3,29.1,44.0,33.7,83.9,4.65,3060.8,Peaty
117.3,44.6,67.6,32.6,77.4,6.82,2812.3,Riverine Alluvial
79.3,19.9,57.3,30.8,67.9,5.96,2438.0,Red Loam
62.3,37.6,70.5,32.8,76.8,6.27,1812.4,Red Loam
88.4,54.7,84.3,29.4,81.5,6.18,2918.3,Riverine Alluvial
44.2,13.2,50.6,28.9,74.1,6.3,3225.2,Laterite
66.7,23.1,71.1,29.4,71.7,5.03,3864.8,Laterite
86.8,40.7,106.9,28.6,77.1,6.88,2837.2,Riverine Alluvial
94.9,33.3,60.3,37.2,56.9,8.21,1309.2,Black Cotton
73.1,5.0,59.2,27.4,78.6,5.6,3414.8,Laterite
135.0,35.8,59.7,30.3,96.0,4.26,3352.1,Peaty
65.2,21.6,63.3,35.0,75.2,4.93,3169.6,Laterite
55.6,49.7,46.0,34.4,64.1,7.07,1706.3,Black Cotton
82.6,29.0,80.4,24.6,71.2,5.78,3328.5,Red Loam
97.5,50.5,94.1,22.8,82.0,7.26,3184.9,Riverine Alluvial
127.6,48.8,78.8,21.5,86.6,5.8,3966.0,Forest Loam
84.1,38.2,101.7,29.0,80.1,6.71,2840.8,Riverine Alluvial
30.9,35.8,62.1,26.7,78.6,8.26,2279.6,Coastal Alluvial
47.5,10.7,73.3,29.0,73.4,4.76,2968.8,Laterite
83.2,28.3,99.9,34.7,79.4,6.19,2359.4,Red Loam
41.4,37.0,53.1,32.2,87.2,8.0,1889.9,Coastal Alluvial
73.6,33.1,47.8,29.6,81.8,4.33,4243.5,Brown Hydromorphic
82.1,58.2,93.8,29.7,83.1,6.65,1405.9,Clayey
60.8,21.1,64.8,32.4,73.7,6.91,2311.9,Red Loam
72.0,15.4,74.8,33.2,88.9,5.37,3506.9,Laterite
31.1,29.6,64.5,32.5,84.4,8.09,2099.0,Coastal Alluvial
95.8,58.2,75.0,29.2,86.4,7.33,2966.9,Riverine Alluvial
65.2,34.9,33.7,26.3,85.0,5.16,2554.2,Brown Hydromorphic
99.6,36.2,80.7,24.6,83.1,5.66,3705.0,Forest Loam
145.5,56.2,98.4,17.3,84.2,5.98,3491.3,Forest Loam
59.8,9.6,69.0,30.4,93.8,5.69,3006.6,Laterite
60.9,37.6,60.7,30.3,81.2,8.29,2703.1,Coastal Alluvial
63.0,36.1,58.2,28.2,73.6,6.32,2619.3,Red Loam
68.4,37.9,88.2,25.5,78.1,7.3,2417.6,Clayey
81.1,46.0,70.4,22.4,96.9,5.76,4431.0,Forest Loam
27.0,17.5,36.1,26.9,87.5,5.75,3364.6,Laterite
77.7,34.3,55.0,36.8,73.4,6.17,2787.8,Red Loam
73.4,36.8,33.8,26.7,90.7,4.06,3552.3,Brown Hydromorphic
82.2,60.4,107.9,29.9,81.4,6.92,2887.9,Riverine Alluvial
145.2,40.1,72.1,24.8,90.1,5.51,3938.4,Forest Loam
105.7,36.2,134.9,19.1,87.8,6.35,3320.5,Forest Loam
40.9,31.6,73.0,29.8,72.7,7.75,1830.9,Coastal Alluvial
36.3,27.6,57.1,33.0,84.1,8.48,2261.3,Coastal Alluvial
71.2,29.9,100.5,28.2,82.3,6.17,2233.7,Red Loam
74.1,49.3,49.5,27.5,65.4,7.95,1081.1,Black Cotton
90.1,40.7,89.2,28.2,88.4,6.91,3214.8,Riverine Alluvial
96.5,45.2,99.4,28.0,80.9,7.13,3412.4,Riverine Alluvial
66.8,43.8,121.4,29.5,79.3,6.77,2659.1,Riverine Alluvial
80.9,39.0,34.4,31.0,88.9,4.79,3149.1,Brown Hydromorphic
108.9,54.9,109.1,24.6,86.9,4.99,3880.3,Forest Loam
65.3,55.1,87.4,28.8,79.2,6.64,1975.6,Clayey
56.6,38.8,68.1,30.7,74.5,6.34,2663.3,Red Loam
116.2,46.3,130.5,21.9,82.6,4.99,5349.5,Forest Loam
50.6,47.0,72.9,31.1,61.2,7.32,1615.9,Black Cotton
62.6,36.0,54.2,34.8,56.6,8.41,968.6,Black Cotton
83.0,53.2,71.7,30.6,80.6,6.97,2421.3,Riverine Alluvial
134.5,28.3,47.9,28.0,95.8,4.31,3222.6,Peaty
93.1,61.3,59.8,28.2,81.9,6.41,2467.5,Riverine Alluvial
55.0,24.0,83.3,30.0,87.0,5.81,2809.7,Red Loam
77.6,41.5,65.2,31.4,93.5,5.28,3880.8,Brown Hydromorphic
70.1,48.4,68.4,25.8,81.3,6.29,1737.4,Loamy
71.6,18.4,74.7,30.2,81.4,6.18,3215.2,Red Loam
94.3,62.9,86.3,27.1,82.5,6.7,2647.2,Riverine Alluvial
70.2,27.0,58.1,33.4,81.7,4.31,2844.2,Brown Hydromorphic
69.8,15.2,98.4,27.5,78.7,5.01,3083.0,Laterite
80.2,30.4,70.3,35.5,48.4,7.92,1474.9,Black Cotton
116.1,52.9,113.2,21.5,79.1,5.87,4306.7,Forest Loam
85.5,42.2,74.0,29.3,67.9,7.55,1084.7,Black Cotton
74.3,41.6,57.6,36.5,64.6,7.4,1863.6,Black Cotton
145.5,30.2,34.4,30.0,94.1,4.39,2813.7,Peaty
52.7,13.8,84.6,28.1,76.1,5.09,3798.1,Laterite
62.5,22.2,90.5,28.6,80.5,6.24,3166.3,Red Loam
79.0,31.5,99.2,27.9,76.7,6.77,2826.8,Riverine Alluvial
109.6,48.3,88.1,22.6,83.1,5.64,3070.6,Forest Loam
72.7,9.6,79.6,24.9,82.8,5.55,2845.9,Laterite
51.3,17.2,85.9,28.1,86.1,5.04,3473.7,Laterite
62.4,13.9,81.2,25.0,64.8,6.78,3032.9,Red Loam
88.9,34.8,56.6,31.9,90.1,5.37,3499.3,Brown Hydromorphic
124.7,61.9,97.1,19.9,83.1,6.28,3980.9,Forest Loam
108.3,45.2,117.2,14.2,81.6,6.3,3918.2,Forest Loam
58.2,31.5,65.8,32.1,76.3,6.4,2259.8,Red Loam
35.0,18.4,36.6,30.5,38.0,6.49,1785.5,Sandy
60.7,27.9,95.7,29.2,61.8,6.35,2902.5,Red Loam
47.2,25.1,84.0,27.1,79.5,6.06,3314.4,Red Loam
55.0,32.4,82.3,28.0,65.8,6.31,2751.2,Red Loam
41.5,13.0,67.8,27.5,81.3,5.08,2744.0,Laterite
35.0,13.5,47.4,39.9,64.1,6.48,841.4,Sandy
77.9,46.6,104.7,27.6,84.8,6.95,1991.6,Riverine Alluvial
97.7,64.6,117.0,25.1,77.4,7.11,1329.4,Clayey
144.6,20.2,50.8,32.1,92.3,4.06,3009.4,Peaty
99.7,73.1,110.1,27.6,81.6,6.7,2379.9,Riverine Alluvial
64.8,17.0,77.9,32.4,76.6,5.39,3704.7,Laterite
162.2,30.5,56.9,32.4,97.0,3.66,3103.4,Peaty
56.6,13.5,90.6,32.6,85.8,5.42,3410.4,Laterite
134.8,71.5,81.4,14.2,79.9,5.29,4618.3,Forest Loam
150.0,15.7,33.8,32.7,93.3,4.0,3470.6,Peaty
67.8,15.7,53.6,29.3,85.2,5.39,2762.5,Laterite
42.0,35.8,42.6,34.5,84.0,7.98,1969.0,Coastal Alluvial
63.1,33.0,93.2,27.5,67.9,6.05,2526.5,Red Loam
39.2,14.2,33.5,30.1,54.5,5.95,1328.5,Sandy
35.5,17.4,57.0,28.0,80.5,4.85,3396.0,Laterite
71.4,21.8,89.7,31.4,85.9,4.97,3081.4,Laterite
61.4,46.2,81.4,29.0,72.8,7.31,2671.3,Clayey
167.0,44.0,41.2,28.6,90.3,4.42,2918.3,Peaty
72.8,30.5,55.2,28.5,86.1,4.86,2572.6,Brown Hydromorphic
101.8,55.5,105.8,22.0,77.2,5.52,3970.1,Forest Loam
64.0,17.8,79.8,29.2,79.5,5.24,2849.0,Laterite
63.9,41.5,51.6,25.7,74.7,6.73,1916.8,Loamy
55.5,31.8,55.2,23.8,74.3,6.8,1797.4,Loamy
73.5,29.8,102.4,28.4,83.1,6.49,3450.3,Red Loam
54.8,8.6,62.6,29.4,71.5,5.62,3294.5,Laterite
91.1,37.6,65.5,36.0,61.0,8.31,1502.9,Black Cotton
46.0,46.3,55.0,29.4,89.0,7.63,1224.0,Coastal Alluvial
72.6,36.0,89.2,28.4,69.7,5.34,2877.9,Red Loam
70.9,46.4,54.0,28.8,86.7,5.19,2984.7,Brown Hydromorphic
61.0,7.3,98.8,27.6,70.1,4.94,2725.1,Laterite
56.9,23.4,63.7,29.1,93.9,4.92,2822.6,Brown Hydromorphic
65.0,59.5,92.7,28.9,69.9,7.79,2994.7,Clayey
93.8,46.3,91.9,29.3,81.0,5.89,2758.1,Riverine Alluvial
45.3,16.9,65.8,28.8,76.6,5.37,3122.2,Laterite
47.7,18.7,91.1,28.3,86.4,5.78,3574.4,Laterite
132.0,22.4,57.3,29.0,87.3,3.72,2663.7,Peaty
85.5,29.0,95.5,24.8,85.5,5.86,3572.5,Forest Loam
55.8,14.3,68.7,26.4,79.5,5.51,3888.9,Laterite
104.6,44.9,54.3,25.5,83.0,6.78,2510.5,Riverine Alluvial
57.4,28.2,47.7,29.6,91.1,7.14,1853.9,Coastal Alluvial
68.5,44.8,46.6,28.8,76.8,4.63,3458.7,Brown Hydromorphic
36.0,31.6,70.9,29.8,87.1,7.59,2106.7,Coastal Alluvial
40.8,13.2,75.9,32.1,75.4,5.87,2968.4,Laterite
55.1,37.8,49.0,32.6,85.0,8.19,2102.4,Coastal Alluvial
114.6,29.1,39.6,30.2,88.5,4.8,2775.1,Peaty
45.2,23.9,28.5,29.3,55.7,7.2,1359.5,Sandy
88.8,54.9,68.9,29.0,86.7,7.2,3491.6,Riverine Alluvial
86.7,57.7,65.5,27.8,71.2,7.02,2384.6,Riverine Alluvial
63.5,19.9,45.3,27.2,91.4,5.45,3801.0,Laterite
67.3,45.4,64.5,28.7,88.1,4.37,3090.4,Brown Hydromorphic
72.8,52.7,54.5,28.3,92.7,4.66,3175.4,Brown Hydromorphic
56.9,12.5,79.8,33.1,86.4,5.9,3842.8,Laterite
87.0,43.8,129.0,20.9,88.7,5.52,4464.9,Forest Loam
88.0,37.6,51.1,27.8,88.4,4.0,3274.1,Brown Hydromorphic
27.0,48.6,68.0,31.8,83.9,7.97,2057.4,Coastal Alluvial
51.2,8.3,71.9,33.6,78.1,5.46,3197.4,Laterite
79.6,18.4,84.4,36.8,78.6,6.45,3319.3,Red Loam
46.8,13.0,66.1,27.7,80.9,5.34,2953.0,Laterite
55.1,17.5,74.2,30.1,74.2,5.55,3223.4,Laterite
43.5,33.8,74.4,36.2,83.1,5.71,2336.3,Red Loam
65.2,25.1,76.7,30.7,79.5,6.13,2731.1,Red Loam
36.0,21.0,88.1,32.8,79.0,6.31,2776.5,Red Loam
136.3,23.3,66.0,34.2,95.7,4.46,2943.1,Peaty
63.7,4.8,76.1,27.1,84.8,4.95,2550.2,Laterite
42.7,32.3,50.6,29.1,85.6,7.85,2072.0,Coastal Alluvial
59.0,33.0,52.2,31.1,85.3,7.72,1812.9,Coastal Alluvial
56.7,21.7,50.5,25.6,74.6,5.59,3103.2,Laterite
61.9,26.9,58.1,33.2,70.2,7.77,1653.7,Black Cotton
63.5,27.8,27.4,31.3,95.5,4.79,3528.4,Brown Hydromorphic
86.7,43.4,60.8,33.4,75.7,7.04,1033.3,Black Cotton
46.2,27.7,30.9,31.2,60.4,6.01,1509.3,Sandy
37.8,23.5,34.5,31.9,58.5,6.69,1482.5,Sandy
105.7,57.6,114.8,16.5,89.8,5.8,4796.1,Forest Loam
67.8,33.5,71.0,28.0,61.8,7.99,1053.3,Black Cotton
69.6,43.9,62.0,31.4,93.1,4.94,2866.3,Brown Hydromorphic
63.8,21.2,45.0,32.4,76.8,5.52,2711.9,Red Loam
53.3,21.8,66.5,25.7,87.0,5.65,2937.5,Laterite
22.5,27.5,65.4,26.6,83.2,7.68,2181.1,Coastal Alluvial
46.4,19.2,43.0,26.4,77.2,4.76,3479.9,Laterite
148.6,22.1,39.2,30.0,98.2,4.56,3327.8,Peaty
69.1,53.4,90.2,29.1,78.0,6.67,2881.5,Riverine Alluvial
52.6,22.2,61.3,27.9,83.2,5.5,2930.6,Laterite
106.4,53.6,91.7,19.4,82.3,5.17,3500.5,Forest Loam
65.7,29.1,77.2,28.0,85.9,6.21,2821.5,Red Loam
40.3,24.1,55.7,30.4,48.0,6.89,1301.6,Sandy
92.0,50.7,90.7,31.3,82.2,6.85,2285.0,Riverine Alluvial
51.4,18.5,84.6,31.0,77.2,4.52,3500.8,Laterite
129.8,35.6,41.6,27.4,92.1,4.34,2693.7,Peaty
126.5,44.7,88.3,22.2,86.0,5.43,3919.0,Forest Loam
109.4,49.2,80.4,29.8,80.5,7.03,2982.9,Riverine Alluvial
62.4,42.8,67.7,32.6,65.4,7.3,1090.1,Black Cotton
40.9,25.3,57.3,30.8,93.8,4.87,3436.0,Laterite
62.1,16.4,73.3,29.9,74.6,6.33,2356.4,Red Loam
67.4,64.8,100.3,28.1,77.3,7.45,3098.4,Riverine Alluvial
50.6,36.9,56.3,31.2,76.8,7.36,1896.5,Coastal Alluvial
81.1,57.9,110.0,28.1,83.2,6.53,2784.0,Riverine Alluvial
69.1,39.3,57.3,28.8,68.3,7.42,1461.4,Black Cotton
58.3,16.6,65.4,28.0,76.0,4.98,2924.5,Laterite
51.9,31.5,27.0,33.7,72.5,7.96,2462.5,Coastal Alluvial
55.6,27.9,49.4,32.5,85.5,7.95,1818.9,Coastal Alluvial
94.3,49.9,86.7,31.1,81.6,6.24,1717.9,Loamy
163.0,19.4,62.4,33.6,90.0,4.57,2987.7,Peaty
54.4,37.3,61.6,32.7,84.6,8.06,2039.4,Coastal Alluvial
69.1,38.2,44.6,34.0,66.2,8.4,1315.3,Black Cotton
60.3,30.2,77.8,27.2,71.1,5.78,2558.6,Red Loam
58.1,13.2,55.3,30.5,85.4,5.77,2944.9,Laterite
114.0,36.5,119.6,20.4,76.5,5.83,3941.3,Forest Loam
71.3,44.3,45.5,31.5,60.3,7.65,1629.5,Black Cotton
59.0,34.6,41.7,28.6,84.4,7.83,2045.5,Coastal Alluvial
57.9,20.3,80.0,31.8,78.4,4.72,2426.2,Laterite
79.9,34.3,50.1,27.3,63.3,6.57,1390.7,Loamy
62.4,22.2,65.7,31.6,80.1,6.09,2879.6,Red Loam
61.9,26.2,101.4,29.6,83.1,6.24,2410.8,Red Loam
22.5,31.5,59.0,31.8,92.3,7.16,2433.2,Coastal Alluvial
36.2,27.3,28.7,28.4,56.2,6.9,1169.7,Sandy
25.0,34.1,74.8,32.9,77.3,7.08,1824.1,Coastal Alluvial
99.3,39.7,90.9,21.9,90.8,5.52,3888.4,Forest Loam
69.4,52.7,56.8,32.0,95.0,4.57,3225.1,Brown Hydromorphic
96.5,59.3,63.0,19.7,73.6,6.0,2894.2,Forest Loam
131.9,14.9,45.9,30.0,90.7,4.87,2955.3,Peaty
113.0,37.5,85.4,28.5,76.6,6.64,2657.3,Riverine Alluvial
137.4,36.9,41.1,31.3,93.2,4.1,3010.1,Peaty
77.1,51.2,97.4,29.9,75.6,7.69,2029.6,Clayey
70.6,32.6,51.7,35.7,67.3,7.62,1339.1,Black Cotton
70.1,42.2,69.6,28.1,77.6,7.11,2818.2,Riverine Alluvial
61.5,32.2,86.5,35.2,73.9,6.12,2560.7,Red Loam
86.6,29.0,68.2,32.0,91.4,4.47,2353.6,Brown Hydromorphic
68.8,19.7,60.6,26.4,81.0,5.15,3119.4,Laterite
87.2,45.7,100.1,27.5,84.3,6.93,2727.8,Riverine Alluvial
60.4,17.0,55.9,30.2,81.2,5.27,3488.5,Laterite
54.4,34.7,39.4,29.5,89.2,7.72,1956.2,Coastal Alluvial
66.6,19.4,87.2,28.1,67.2,6.42,2065.2,Red Loam
58.5,30.2,48.8,30.7,82.7,7.92,2082.3,Coastal Alluvial
18.0,37.7,28.2,29.9,42.1,7.41,1485.4,Sandy
77.6,12.7,66.8,30.3,76.5,5.49,3367.2,Laterite
64.6,30.9,47.8,30.3,98.2,4.48,2874.7,Brown Hydromorphic
79.1,42.8,40.5,29.9,88.6,5.41,3602.3,Brown Hydromorphic
56.1,34.6,47.3,29.3,87.9,8.35,2272.7,Coastal Alluvial
148.2,35.1,46.2,30.3,94.0,4.58,3173.4,Peaty
80.7,17.3,67.9,27.6,82.6,5.04,3273.5,Laterite
169.4,21.5,44.5,29.4,91.3,4.01,2888.2,Peaty
40.9,12.6,55.9,29.6,78.8,5.64,2771.1,Laterite
59.9,24.7,45.1,30.5,86.3,7.27,1589.8,Coastal Alluvial
53.5,34.1,46.8,30.8,85.9,7.95,2389.3,Coastal Alluvial
146.0,26.3,56.8,30.3,90.2,3.91,2807.1,Peaty
58.1,39.8,57.6,31.6,86.3,7.99,2365.9,Coastal Alluvial
157.4,19.1,38.1,31.3,89.1,4.15,3414.0,Peaty
62.4,40.4,62.6,34.2,86.7,7.86,2210.8,Coastal Alluvial
68.5,29.6,86.7,24.6,78.4,5.91,2110.1,Red Loam
108.1,33.0,86.5,18.1,87.9,5.87,4392.2,Forest Loam
62.3,38.6,77.1,27.2,86.7,6.09,2713.1,Red Loam
90.0,37.8,43.2,28.5,93.7,4.31,3572.3,Peaty
73.0,21.7,52.1,23.8,71.5,6.37,2675.1,Red Loam
39.3,14.4,32.4,29.8,43.3,6.93,1136.2,Sandy
71.3,21.8,59.7,29.9,87.8,5.49,2754.9,Brown Hydromorphic
83.9,56.6,95.8,28.1,83.3,6.74,3053.1,Riverine Alluvial
56.3,41.3,61.0,34.1,81.1,7.55,2002.6,Coastal Alluvial
81.4,55.0,62.9,31.6,82.6,4.81,3149.1,Brown Hydromorphic
111.2,42.7,88.3,28.6,86.0,6.61,3033.4,Riverine Alluvial
65.8,18.6,53.4,30.3,90.3,5.27,3190.1,Laterite
69.4,26.4,89.0,27.3,66.3,6.18,2963.2,Red Loam
83.4,27.7,60.4,27.8,95.4,4.57,3305.6,Brown Hydromorphic
73.9,15.3,72.5,29.7,80.9,5.34,3351.1,Laterite
118.4,18.7,38.6,33.2,94.5,3.86,2970.3,Peaty
51.1,14.5,45.2,27.6,77.5,5.67,3319.0,Laterite
100.7,63.6,96.6,32.3,86.5,7.23,3307.2,Riverine Alluvial
75.8,30.4,59.6,28.3,85.7,4.38,3562.7,Brown Hydromorphic
88.1,28.3,103.7,28.8,77.9,7.03,2254.0,Clayey
87.9,40.5,72.6,31.5,72.6,6.43,2517.6,Riverine Alluvial
109.7,57.0,103.0,15.3,80.6,5.5,3564.6,Forest Loam
171.1,35.6,36.1,27.1,91.9,4.39,3012.9,Peaty
42.9,36.0,48.8,31.2,77.2,7.15,2712.0,Coastal Alluvial
73.7,50.2,91.4,28.2,61.8,7.25,1547.3,Clayey
65.6,25.6,55.6,30.9,87.6,4.52,3034.8,Brown Hydromorphic
86.8,43.9,61.9,25.4,82.9,6.67,2293.6,Riverine Alluvial
45.5,29.2,79.6,24.9,74.6,6.12,2911.6,Red Loam
72.5,28.0,89.5,29.0,82.6,6.12,2290.5,Red Loam
54.8,15.7,79.5,27.0,78.3,4.86,4379.9,Laterite
80.1,13.9,110.0,29.7,88.6,4.91,3852.9,Laterite
50.3,13.3,63.2,28.5,76.9,4.76,3153.8,Laterite
64.3,4.5,89.9,29.3,74.3,5.67,3461.5,Laterite
71.2,37.8,66.8,34.0,58.5,7.81,1409.7,Black Cotton
52.9,16.3,75.4,31.3,75.8,5.21,3286.9,Laterite
97.0,51.3,104.7,21.9,87.9,5.83,3742.2,Forest Loam
43.4,22.0,83.3,32.8,77.2,5.37,3294.2,Laterite
37.9,36.8,63.2,30.8,88.9,7.81,2771.6,Coastal Alluvial
54.3,17.2,72.5,28.2,81.4,5.71,3216.1,Laterite
84.0,25.5,49.7,28.2,87.7,4.76,3925.1,Brown Hydromorphic
56.5,12.6,80.5,26.3,77.5,5.41,3275.6,Laterite
62.6,36.4,103.3,27.3,73.4,5.63,1786.8,Red Loam
61.5,52.4,55.5,26.7,63.0,6.67,1435.0,Loamy
66.7,18.9,55.0,30.2,82.2,5.94,3168.8,Laterite
50.6,24.8,70.0,28.9,75.1,5.92,2210.8,Red Loam
44.4,42.9,58.2,28.2,85.4,7.74,1790.2,Coastal Alluvial
22.5,35.2,58.0,32.1,83.1,7.72,1853.0,Coastal Alluvial
37.5,37.6,46.9,24.6,80.1,5.81,3128.9,Red Loam
55.5,11.3,62.8,28.3,84.9,5.08,2943.3,Laterite
122.3,46.9,69.4,19.5,89.4,5.81,4678.7,Forest Loam
66.8,46.3,43.1,28.5,90.7,4.55,3466.6,Brown Hydromorphic
51.3,16.6,78.4,29.3,74.0,5.67,3968.3,Laterite
71.9,38.7,67.9,36.5,57.2,7.55,853.0,Black Cotton
57.1,17.6,78.7,26.3,82.7,5.95,3164.8,Laterite
33.6,11.2,90.5,26.9,72.5,5.54,3948.1,Laterite
67.8,14.5,77.5,29.9,85.8,5.38,2951.0,Laterite
44.4,40.0,46.6,33.8,87.8,7.76,2049.1,Coastal Alluvial
79.0,31.4,54.4,30.6,90.5,4.78,2972.9,Brown Hydromorphic
41.3,18.9,68.6,32.9,88.0,5.47,2822.0,Laterite
64.2,38.5,75.5,25.0,74.9,7.07,2120.4,Loamy
58.6,10.5,75.1,28.1,79.5,5.06,2381.3,Laterite
54.8,16.3,71.3,26.0,76.6,5.38,3134.3,Laterite
84.6,36.4,50.3,32.1,85.3,4.96,3914.0,Brown Hydromorphic
41.6,37.5,49.9,31.8,81.5,7.84,1823.8,Coastal Alluvial
67.4,26.7,65.5,25.0,80.8,5.91,3657.5,Red Loam
38.9,9.6,57.6,25.5,85.8,5.54,2132.2,Laterite
50.9,20.5,74.7,28.2,80.5,5.08,3049.1,Laterite
65.7,51.0,69.4,33.6,86.4,8.0,2521.7,Coastal Alluvial
58.3,29.3,78.2,30.7,64.1,6.03,2293.1,Red Loam
34.0,38.6,27.0,30.6,86.8,7.59,1931.6,Coastal Alluvial
33.1,49.6,51.6,31.0,80.9,7.77,2014.7,Coastal Alluvial
87.2,57.6,69.3,28.2,81.4,6.41,3551.1,Riverine Alluvial
111.2,40.5,105.8,16.5,84.1,6.31,4397.5,Forest Loam
72.7,34.9,113.9,31.5,85.0,5.88,2459.4,Red Loam
39.5,24.5,30.3,30.6,62.0,6.31,568.4,Sandy
71.9,31.7,48.8,30.8,84.2,4.74,3354.2,Brown Hydromorphic
69.1,40.5,67.2,31.0,85.7,4.73,3304.5,Brown Hydromorphic
72.2,29.5,55.4,31.2,88.9,4.32,2936.0,Brown Hydromorphic
72.8,32.3,84.4,34.6,55.1,8.14,1071.3,Black Cotton
73.5,34.9,83.6,29.2,89.8,6.57,2442.2,Red Loam
94.9,60.4,79.4,28.0,77.5,6.65,2687.7,Riverine Alluvial
52.9,15.2,79.3,28.9,81.0,5.0,3694.8,Laterite
60.6,14.4,105.7,22.8,81.2,5.35,2870.3,Laterite
85.0,38.0,82.5,31.9,92.6,4.66,3355.3,Brown Hydromorphic
83.1,55.0,48.5,26.7,80.6,4.16,2776.8,Brown Hydromorphic
126.9,23.4,44.1,31.0,91.3,4.19,3189.7,Peaty
68.1,53.6,63.9,31.5,57.6,7.2,1633.4,Loamy
74.0,54.4,75.5,33.7,83.9,6.78,2637.2,Riverine Alluvial
115.7,43.0,104.5,16.1,83.0,5.44,3820.5,Forest Loam
84.9,43.2,74.4,29.9,69.5,7.56,2702.2,Clayey
59.0,29.6,117.2,36.5,77.9,5.89,2127.0,Red Loam
45.4,52.5,50.3,31.5,84.0,7.25,2238.1,Coastal Alluvial
51.5,26.4,46.9,31.5,88.9,7.6,1541.8,Coastal Alluvial
55.1,32.8,57.4,24.9,88.1,4.2,2967.9,Brown Hydromorphic
98.8,31.1,81.3,22.2,85.0,7.9,1548.6,Clayey
59.7,57.3,79.6,25.5,66.4,8.05,1520.6,Black Cotton
58.3,24.8,68.3,29.5,86.4,5.52,3579.9,Laterite
73.0,55.6,87.6,25.8,79.0,7.76,1974.2,Clayey
81.5,50.4,36.0,38.0,61.9,7.87,1357.6,Black Cotton
81.3,26.8,53.6,28.5,88.4,5.16,3013.9,Brown Hydromorphic
144.9,37.4,55.1,28.5,98.4,4.28,2266.1,Peaty
36.0,30.5,69.6,30.8,74.1,6.84,3067.8,Red Loam
76.6,61.5,78.7,25.5,79.5,7.11,2432.6,Riverine Alluvial
118.7,56.7,100.4,19.1,84.4,5.63,4154.1,Forest Loam
89.8,36.4,66.8,26.7,81.7,4.23,3469.4,Brown Hydromorphic
97.4,51.0,98.9,29.5,75.7,6.45,3235.1,Riverine Alluvial
62.3,54.9,62.7,25.3,70.3,7.75,2540.3,Clayey
38.7,31.3,49.0,35.5,78.9,8.04,2326.2,Coastal Alluvial
40.6,6.6,80.8,32.1,69.1,5.36,2919.1,Laterite
79.6,44.1,71.1,27.6,83.6,6.82,2466.0,Riverine Alluvial
145.2,32.3,45.3,29.5,93.7,4.03,3057.4,Peaty
81.8,51.9,71.8,24.0,62.9,6.66,2166.6,Loamy
80.1,60.8,108.5,26.6,80.0,7.21,3406.6,Riverine Alluvial
78.3,42.3,93.4,30.9,84.1,6.91,2952.7,Red Loam
147.1,28.9,38.8,27.9,89.5,3.7,3089.3,Peaty
121.2,58.3,95.4,18.9,80.7,6.14,4576.8,Forest Loam
148.4,21.8,48.0,30.9,88.9,4.11,2592.9,Peaty
73.5,26.1,77.6,26.3,84.2,6.21,2592.9,Red Loam
89.9,64.8,49.5,24.7,79.5,6.76,2506.9,Riverine Alluvial
83.8,42.7,86.4,26.1,73.5,7.12,2179.5,Clayey
59.5,16.2,63.0,29.9,78.6,4.97,3729.2,Laterite
56.9,20.3,92.9,25.2,85.2,6.26,3121.3,Red Loam
126.2,53.1,94.3,17.9,86.9,6.05,2880.3,Forest Loam
51.0,37.1,105.1,29.3,81.4,6.36,3369.4,Red Loam
86.7,15.7,59.4,29.0,82.7,5.91,4056.9,Laterite
151.0,32.5,27.4,32.3,90.8,3.89,2888.2,Peaty
49.7,37.5,39.4,31.2,85.7,8.0,1606.2,Coastal Alluvial
109.7,44.7,102.8,21.3,76.7,5.51,3945.0,Forest Loam
70.6,25.7,61.7,30.9,55.0,7.45,1459.7,Black Cotton
45.0,25.1,29.1,28.1,59.8,6.28,1485.4,Sandy
55.3,9.4,59.6,32.5,74.0,5.67,3578.9,Laterite
69.3,32.2,56.2,31.9,83.0,4.96,2556.4,Brown Hydromorphic
43.7,16.0,50.2,26.8,88.2,5.3,3315.8,Laterite
47.4,47.8,27.0,33.8,85.4,7.27,1848.3,Coastal Alluvial
29.1,39.2,44.2,32.1,82.6,8.08,2006.0,Coastal Alluvial
31.9,36.3,42.0,26.6,88.3,7.9,2188.1,Coastal Alluvial
95.0,27.6,57.2,28.2,92.8,5.12,3075.7,Brown Hydromorphic
71.4,25.6,68.0,29.2,80.4,5.93,2621.7,Red Loam
123.0,27.9,54.7,33.7,86.1,4.13,3160.1,Peaty
56.6,31.4,57.3,27.1,77.4,6.77,2934.0,Red Loam
34.5,21.7,48.2,30.3,89.6,7.94,2598.0,Coastal Alluvial
98.6,38.9,79.4,19.3,78.5,5.84,3712.3,Forest Loam
70.8,60.1,99.9,27.1,81.8,6.72,1491.8,Clayey
76.8,35.0,82.9,35.6,55.5,7.86,1565.2,Black Cotton
86.7,23.0,66.6,36.8,61.9,8.69,1750.0,Black Cotton
58.7,13.3,36.0,26.3,83.8,4.27,2878.0,Laterite
70.2,17.9,91.9,33.3,70.4,5.83,3414.9,Red Loam
81.4,34.7,73.9,27.2,56.1,7.72,1233.4,Black Cotton
40.4,49.3,57.3,32.1,78.7,7.53,2290.3,Coastal Alluvial
48.6,22.1,86.5,25.2,87.5,4.92,3579.2,Laterite
60.6,17.5,53.1,30.3,82.6,5.41,2616.2,Laterite
81.5,38.1,69.8,32.5,76.8,6.06,2837.7,Red Loam
125.0,41.9,107.9,18.3,84.6,5.78,3580.2,Forest Loam
53.9,26.0,57.4,30.1,76.2,5.47,3651.2,Laterite
124.3,32.7,33.5,28.3,96.6,4.18,2840.4,Peaty
128.1,38.3,77.7,20.3,89.0,5.89,3858.3,Forest Loam
50.0,14.5,89.2,27.0,85.1,4.88,3492.9,Laterite
38.2,16.2,53.4,28.8,78.2,4.87,2957.5,Laterite
68.8,37.7,54.6,31.6,47.5,7.55,1263.0,Black Cotton
57.8,27.6,82.6,28.7,74.4,5.98,2309.5,Red Loam
47.0,31.1,40.0,27.7,47.8,6.93,1107.5,Sandy
89.6,44.6,74.1,16.6,80.7,5.77,4374.6,Forest Loam
34.2,17.2,61.2,26.9,75.3,5.24,3022.7,Laterite
83.0,18.0,54.9,34.7,87.8,4.31,3300.7,Brown Hydromorphic
61.8,28.5,91.6,29.8,71.2,6.23,3117.6,Red Loam
85.9,25.6,60.8,33.9,86.7,4.78,3903.3,Brown Hydromorphic
54.0,31.4,81.4,33.3,76.9,5.31,2857.2,Red Loam
86.3,57.3,117.0,20.4,85.0,5.38,3747.8,Forest Loam
69.1,38.0,72.6,20.9,75.0,7.21,1488.6,Clayey
45.0,17.4,72.7,27.8,79.2,4.9,2785.7,Laterite
80.7,51.5,96.8,21.4,79.3,7.15,1846.8,Clayey
154.2,25.6,40.9,30.2,90.3,4.04,2990.2,Peaty
46.9,25.6,80.4,28.6,76.2,6.3,2231.6,Red Loam
86.5,40.6,52.2,29.5,85.4,4.82,2911.9,Brown Hydromorphic
92.9,35.4,77.4,28.4,76.1,4.44,3878.7,Brown Hydromorphic
87.4,44.0,96.1,22.4,84.8,5.68,4418.3,Forest Loam
35.0,30.7,71.5,30.0,90.9,8.1,2249.1,Coastal Alluvial
55.5,25.5,78.7,33.9,89.9,7.5,1978.4,Coastal Alluvial
85.2,55.0,33.4,27.8,85.0,4.34,2332.6,Brown Hydromorphic
122.3,32.6,49.7,30.7,93.2,4.12,3062.2,Peaty
89.0,67.4,60.0,27.8,76.4,6.68,3000.6,Riverine Alluvial
92.4,58.9,132.0,26.1,81.4,6.86,2060.0,Riverine Alluvial
55.4,42.9,69.9,25.0,82.3,5.79,3012.6,Red Loam
145.5,27.5,51.6,32.0,95.1,4.72,2654.4,Peaty
92.0,33.7,100.5,22.3,81.7,5.35,3744.1,Forest Loam
45.0,41.6,70.3,29.3,96.6,5.18,2966.4,Brown Hydromorphic
93.6,50.7,60.6,31.4,83.9,6.22,3223.7,Riverine Alluvial
65.4,20.3,84.9,22.8,69.4,5.83,2458.1,Red Loam
81.5,26.6,70.3,29.5,78.3,5.91,2502.3,Red Loam
70.4,36.6,41.8,26.7,94.6,4.77,3202.2,Brown Hydromorphic
84.7,46.6,69.9,26.5,74.2,6.75,1404.6,Loamy
140.0,24.0,34.6,30.7,91.1,4.37,2573.3,Peaty
153.6,53.1,82.8,27.3,79.6,5.21,4236.4,Forest Loam
59.9,28.8,50.2,29.2,95.0,4.46,3360.6,Brown Hydromorphic
87.6,46.0,89.0,30.0,76.4,7.29,2924.1,Riverine Alluvial
65.3,21.9,70.1,27.6,77.3,5.76,2484.5,Red Loam
71.1,28.5,86.5,27.8,73.2,5.77,2244.0,Red Loam
84.6,37.8,103.9,33.2,79.6,7.21,3156.1,Riverine Alluvial
83.2,42.4,95.0,24.5,74.2,7.08,2092.6,Clayey
61.9,29.4,68.1,29.5,73.2,6.28,2043.0,Red Loam
73.7,30.9,69.2,29.1,86.8,6.26,2884.7,Red Loam
64.9,27.7,81.1,27.9,70.6,6.15,2872.7,Red Loam
115.2,47.4,57.6,23.8,81.6,5.32,4435.0,Forest Loam
54.2,11.1,83.9,24.5,81.4,5.43,3171.9,Laterite
47.6,14.5,66.2,29.5,83.1,5.18,3079.1,Laterite
30.8,15.2,52.2,34.2,89.1,5.44,2920.3,Laterite
82.1,57.9,72.9,24.6,76.4,6.22,1749.8,Loamy
163.4,28.2,38.3,26.6,100.0,4.44,2718.2,Peaty
67.2,41.6,97.3,26.9,72.8,5.99,1940.5,Loamy
57.2,33.9,75.0,32.5,65.6,6.3,1951.2,Red Loam
72.8,34.6,61.6,30.8,88.5,4.71,3536.4,Brown Hydromorphic
104.7,40.5,97.0,18.4,83.0,5.96,4100.6,Forest Loam
28.8,46.4,47.1,29.3,90.8,8.24,1834.9,Coastal Alluvial
54.3,11.5,84.5,30.5,77.1,5.48,2951.5,Laterite
73.8,36.7,55.5,28.2,63.7,7.63,1380.5,Black Cotton
29.1,29.2,74.2,30.1,89.2,8.15,2300.6,Coastal Alluvial
76.4,53.2,62.7,28.6,79.5,7.89,1482.3,Clayey
36.8,38.0,68.9,33.2,85.9,8.02,1829.4,Coastal Alluvial
34.8,17.4,85.2,30.5,88.5,4.87,3079.6,Laterite
52.6,25.9,51.1,27.6,87.1,7.51,2014.4,Coastal Alluvial
82.3,29.7,72.5,29.3,80.5,6.17,2788.6,Red Loam
40.4,44.9,49.8,27.6,77.2,8.04,1322.0,Coastal Alluvial
64.4,18.9,57.6,33.1,72.8,6.31,2328.7,Red Loam
109.0,45.0,92.9,22.7,90.7,5.7,3592.9,Forest Loam
47.9,11.1,72.2,29.3,91.6,5.07,2915.0,Laterite
63.5,25.2,75.5,31.9,81.9,6.29,2468.6,Red Loam
82.6,41.7,119.2,18.6,90.8,5.5,5088.7,Forest Loam
64.9,77.0,100.0,29.3,80.2,7.44,3027.6,Riverine Alluvial
53.8,37.6,51.7,30.5,82.0,8.15,1312.8,Coastal Alluvial
59.8,22.6,91.0,28.7,75.2,5.24,3445.6,Laterite
72.1,43.1,42.5,27.5,59.8,7.9,1310.9,Black Cotton
39.6,38.1,63.5,29.9,81.5,7.66,2346.2,Coastal Alluvial
110.0,30.5,54.6,27.7,89.0,5.0,3124.5,Brown Hydromorphic
48.6,34.5,66.4,28.1,62.7,7.09,974.4,Black Cotton
77.2,29.3,73.5,28.3,65.0,6.41,2929.0,Red Loam
122.1,37.6,60.8,17.3,88.6,5.63,3011.5,Forest Loam
145.0,29.2,46.3,31.3,91.6,4.11,3000.7,Peaty
38.5,37.7,69.6,29.5,88.0,7.2,2221.9,Coastal Alluvial
41.5,24.4,60.4,29.8,87.7,7.72,2286.5,Coastal Alluvial
106.2,61.2,72.5,25.2,81.2,6.51,3121.6,Riverine Alluvial
27.0,13.5,77.0,27.8,83.2,4.66,3739.8,Laterite
29.5,28.8,31.9,31.7,77.0,7.16,2496.3,Coastal Alluvial
53.4,16.6,36.0,26.5,73.6,5.52,3702.5,Laterite
83.3,22.6,58.3,29.0,66.3,7.51,1464.7,Black Cotton
64.5,13.2,78.0,30.8,82.3,5.62,3155.6,Laterite
77.1,44.4,45.5,29.7,84.0,5.3,2861.3,Brown Hydromorphic
41.3,31.4,27.0,36.5,82.1,8.08,2555.8,Coastal Alluvial
92.4,63.5,89.4,26.6,78.6,6.17,2927.7,Riverine Alluvial
47.2,41.1,72.7,31.5,73.2,7.34,1542.3,Black Cotton
172.9,26.0,38.6,32.0,91.0,4.78,2996.3,Peaty
33.2,24.0,20.8,28.3,60.2,6.77,1038.7,Sandy
63.8,22.4,86.7,25.0,81.7,6.02,2079.3,Red Loam
44.2,30.8,58.3,35.4,87.9,7.95,2123.4,Coastal Alluvial
63.2,13.9,89.7,29.5,83.7,5.74,3519.8,Laterite
28.0,38.5,32.8,27.4,48.7,6.81,571.3,Sandy
27.0,19.1,74.8,31.3,93.8,4.66,3358.2,Laterite
43.8,41.9,45.7,33.9,96.9,7.62,2289.1,Coastal Alluvial
57.9,16.7,68.9,25.6,73.9,5.7,3012.2,Laterite
66.7,38.1,61.2,30.0,98.9,4.93,3583.6,Brown Hydromorphic
63.8,33.3,44.4,29.5,53.9,8.36,1668.0,Black Cotton
94.4,43.5,45.4,25.7,91.7,5.2,2852.6,Brown Hydromorphic
97.5,52.9,111.5,30.4,84.7,7.17,3084.0,Riverine Alluvial
151.7,41.3,97.2,20.4,88.3,5.6,4501.4,Forest Loam
130.5,24.1,34.7,30.8,93.3,3.81,3219.0,Peaty
107.4,44.5,92.5,26.5,69.9,7.23,2543.4,Riverine Alluvial
51.7,29.6,88.9,23.1,71.0,6.06,2753.8,Red Loam
78.5,30.7,92.0,28.3,71.0,6.05,2514.4,Red Loam
82.6,42.2,60.7,26.5,85.6,4.25,3322.1,Brown Hydromorphic
73.9,50.4,84.0,28.7,82.2,7.06,2173.1,Clayey
55.2,29.7,49.6,33.4,64.3,6.05,1565.4,Red Loam
65.8,16.6,71.1,26.8,83.6,5.23,2865.3,Laterite
81.1,42.8,73.0,24.4,74.8,6.54,1960.2,Loamy
77.9,23.8,76.9,29.7,65.3,6.36,2234.8,Red Loam
47.8,28.2,61.2,30.3,87.0,8.09,1572.9,Coastal Alluvial
112.7,49.6,104.9,23.8,88.4,5.93,4148.3,Forest Loam
56.5,14.7,54.0,28.9,73.5,4.55,3035.0,Laterite
62.6,45.4,65.8,26.3,76.0,6.91,1829.0,Loamy
145.3,30.7,36.8,31.3,94.8,4.51,2802.4,Peaty
94.0,50.8,96.4,30.8,62.8,7.67,1108.1,Black Cotton
119.5,31.0,54.4,27.1,96.3,4.14,2762.8,Peaty
61.9,20.5,78.0,33.2,84.4,5.98,2666.5,Red Loam
83.6,40.2,119.2,17.7,86.4,5.54,3547.7,Forest Loam
31.7,40.2,53.9,35.5,90.2,8.05,2257.4,Coastal Alluvial
63.7,22.5,74.0,30.2,52.6,8.17,1327.1,Black Cotton
76.7,54.9,72.6,27.2,75.3,6.58,2021.0,Loamy
102.2,39.5,124.1,19.1,90.6,5.38,4400.7,Forest Loam
52.2,40.3,88.4,38.9,61.0,8.01,1286.2,Black Cotton
66.9,9.7,86.6,28.3,77.6,5.68,3033.8,Laterite
51.4,9.1,60.7,27.3,87.1,5.64,3199.6,Laterite
30.1,35.8,44.7,32.6,79.6,7.97,2148.4,Coastal Alluvial
70.2,42.7,72.4,32.1,59.8,8.48,1355.9,Black Cotton
89.9,39.3,63.7,23.9,84.0,6.55,2872.2,Riverine Alluvial
37.5,35.9,52.7,31.7,83.5,7.89,2462.0,Coastal Alluvial
182.4,28.2,36.4,30.3,97.3,3.84,3252.7,Peaty
103.5,49.8,86.1,29.7,82.4,7.24,2763.7,Riverine Alluvial
65.7,49.6,81.1,26.0,63.7,5.95,1912.6,Loamy
122.1,48.2,110.8,18.8,92.8,5.95,4289.5,Forest Loam
44.9,42.1,39.8,27.0,86.2,8.06,1734.1,Coastal Alluvial
60.1,31.5,78.6,31.4,84.1,7.77,2394.5,Coastal Alluvial
93.3,69.0,76.7,27.0,79.0,7.19,2636.7,Riverine Alluvial
133.8,21.2,43.5,28.2,94.0,4.35,3353.2,Peaty
58.6,22.5,73.6,28.7,64.2,7.32,1091.7,Black Cotton
39.0,9.1,60.4,29.1,74.1,4.39,2254.4,Laterite
53.3,31.9,60.5,27.0,86.0,5.62,2939.8,Red Loam
53.3,37.6,87.0,31.9,78.0,7.88,2142.9,Clayey
97.5,41.2,68.3,30.1,82.4,4.19,3489.9,Brown Hydromorphic
58.0,31.2,83.2,26.9,66.6,6.89,2305.1,Loamy
48.7,11.7,43.3,26.4,91.7,4.91,3059.7,Laterite
75.7,37.5,44.6,36.1,75.4,7.71,1377.3,Black Cotton
56.7,28.2,84.5,27.5,81.0,6.01,2573.2,Red Loam
110.2,32.9,93.8,25.7,83.3,7.14,3350.9,Riverine Alluvial
73.6,40.0,68.0,25.1,71.3,5.71,1810.2,Loamy
76.1,63.2,78.0,22.2,73.0,6.53,1801.7,Loamy
47.8,16.9,56.8,26.7,83.2,5.78,3237.0,Laterite
44.9,23.7,50.0,32.3,75.9,7.76,2782.8,Coastal Alluvial
81.4,16.4,73.6,25.6,80.3,5.08,3233.1,Laterite
63.8,45.7,67.7,27.1,81.5,7.36,2634.8,Clayey
61.6,33.7,48.6,29.1,75.4,7.29,1540.5,Coastal Alluvial
64.9,6.4,66.5,33.3,68.1,5.34,3056.5,Laterite
103.0,52.5,96.9,27.8,91.8,6.53,3559.7,Riverine Alluvial
87.6,35.9,49.0,29.5,83.0,6.0,2488.1,Red Loam
63.7,18.7,75.5,28.1,80.0,5.93,2033.0,Red Loam
84.4,17.9,53.3,29.6,84.6,5.65,2842.9,Laterite
50.8,23.9,96.2,28.4,77.8,5.11,3448.8,Laterite
129.2,55.3,81.2,27.6,74.2,6.93,2757.8,Riverine Alluvial
64.1,30.4,60.5,31.0,71.1,7.93,1439.7,Black Cotton
73.8,40.0,99.6,26.6,91.8,7.29,1963.6,Clayey
74.0,27.2,100.2,29.5,74.1,6.37,1921.6,Red Loam
132.8,39.3,90.9,18.4,88.0,6.16,3651.4,Forest Loam
38.5,30.5,30.2,31.4,50.7,6.2,1243.0,Sandy
60.9,34.5,79.8,30.5,76.0,5.48,3466.8,Red Loam
27.8,17.1,44.5,32.5,61.9,6.03,1100.1,Sandy
33.5,20.0,73.6,26.4,80.4,5.58,3312.2,Laterite
117.9,35.6,47.8,28.5,91.4,3.95,3136.3,Peaty
69.0,33.6,82.2,26.2,76.0,5.62,2683.5,Red Loam
83.2,44.2,63.0,28.7,84.3,7.01,2641.9,Riverine Alluvial
91.6,33.7,133.2,25.9,77.8,5.72,4581.9,Forest Loam
117.2,47.1,99.6,17.8,96.9,5.54,3308.1,Forest Loam
49.7,37.5,41.6,34.7,86.1,6.83,1941.8,Coastal Alluvial
95.9,43.2,106.5,23.5,89.0,5.33,3030.1,Forest Loam
70.4,48.5,28.3,30.8,91.5,4.72,2138.5,Brown Hydromorphic
99.6,22.5,65.4,33.8,89.3,4.88,2343.1,Brown Hydromorphic
88.5,22.2,64.9,31.3,80.8,6.01,2587.2,Red Loam
83.3,46.0,71.8,38.6,67.2,7.4,1070.5,Black Cotton
49.7,17.1,38.0,30.2,87.9,5.12,3188.2,Laterite
61.1,36.7,53.1,31.0,93.8,8.1,2186.4,Coastal Alluvial
73.4,49.0,71.2,30.7,66.0,5.89,2077.6,Loamy
37.7,30.3,67.0,30.1,86.8,7.53,2043.9,Coastal Alluvial
59.4,21.3,70.5,24.9,80.5,5.16,3121.4,Laterite
88.5,54.9,113.0,19.6,82.7,5.94,4566.2,Forest Loam
82.4,51.4,72.5,32.6,77.3,6.8,3051.4,Riverine Alluvial
100.6,43.4,46.8,26.9,86.6,5.05,3317.4,Brown Hydromorphic
53.6,40.2,127.0,21.9,85.3,6.94,1640.8,Clayey
54.3,41.0,50.0,37.4,61.1,7.8,1246.2,Black Cotton
100.1,46.6,83.3,29.6,74.0,7.39,3497.0,Riverine Alluvial
177.4,22.9,45.3,27.3,92.5,4.66,2807.5,Peaty
80.7,19.2,87.2,24.9,82.8,6.21,2215.1,Red Loam
183.5,29.5,42.8,30.2,88.8,4.57,2311.2,Peaty
45.8,13.9,91.7,28.3,74.0,5.6,2903.8,Laterite
78.4,55.0,67.6,27.4,93.7,4.84,4288.7,Brown Hydromorphic
63.7,25.9,89.1,28.9,74.6,6.08,1899.6,Red Loam
82.0,44.7,51.7,32.1,63.4,7.76,1220.6,Black Cotton
58.8,51.3,68.7,30.1,91.4,5.33,3112.9,Brown Hydromorphic
84.3,48.7,112.5,26.0,79.4,6.75,2024.8,Riverine Alluvial
44.9,20.6,42.6,34.1,48.0,7.06,1330.7,Sandy
98.9,55.0,79.8,27.4,74.4,6.19,2972.1,Riverine Alluvial
66.5,16.9,56.6,30.3,75.6,5.71,3687.8,Laterite
81.1,45.4,74.5,33.1,94.3,4.72,2742.8,Brown Hydromorphic
95.3,73.1,58.5,26.7,81.3,7.12,3003.6,Riverine Alluvial
81.8,29.3,92.6,26.6,85.3,6.18,2320.0,Red Loam
43.7,47.6,87.1,33.9,86.8,7.9,2131.3,Coastal Alluvial
64.6,31.1,71.2,32.7,63.9,7.45,1262.3,Black Cotton
67.8,18.3,56.1,28.0,74.7,6.29,3203.9,Laterite
79.4,42.9,92.3,30.4,49.6,8.38,982.5,Black Cotton
51.3,25.4,80.3,30.4,82.0,5.87,2475.3,Red Loam
71.5,6.6,86.0,28.7,81.6,5.16,2547.3,Laterite
40.7,50.8,53.3,33.0,90.1,8.08,1696.2,Coastal Alluvial
66.8,11.0,86.2,27.7,72.3,4.96,3166.0,Laterite
88.0,9.6,85.6,29.9,79.4,4.65,4018.2,Laterite
67.6,33.6,95.8,23.1,74.6,6.06,2083.8,Red Loam
43.3,34.3,28.5,30.9,77.6,7.28,2534.4,Coastal Alluvial
43.2,22.4,33.7,33.5,48.2,6.67,2023.0,Sandy
64.2,34.2,95.4,30.7,75.3,6.08,2039.1,Red Loam
53.4,43.6,62.9,33.1,82.1,7.51,2482.0,Coastal Alluvial
128.2,33.1,94.7,23.6,87.5,6.33,4051.7,Forest Loam
129.3,45.1,120.0,23.1,83.5,5.32,4089.7,Forest Loam
65.9,24.0,39.8,31.8,84.0,4.16,3101.5,Brown Hydromorphic
57.5,42.9,75.9,24.6,66.2,6.57,2175.9,Loamy
66.3,36.2,87.4,27.2,74.1,6.86,1378.7,Loamy
127.5,61.2,89.4,21.1,81.0,5.78,4412.1,Forest Loam
83.6,60.7,87.6,25.4,75.2,6.81,2598.0,Riverine Alluvial
68.0,22.8,101.8,31.6,80.6,4.87,3009.4,Laterite
57.3,35.7,58.6,29.8,96.9,4.95,2822.0,Brown Hydromorphic
62.8,25.4,59.5,30.8,97.4,4.8,3095.1,Brown Hydromorphic
136.6,42.0,90.6,20.5,81.2,6.23,3996.0,Forest Loam
35.8,37.9,47.1,32.2,81.2,7.96,1573.9,Coastal Alluvial
83.0,44.4,70.6,29.2,95.9,4.64,3454.6,Brown Hydromorphic
141.0,29.3,35.3,28.6,87.4,4.65,2784.6,Peaty
86.4,41.1,73.6,26.3,72.5,6.78,1629.0,Loamy
54.9,32.1,55.5,28.7,89.0,7.68,1997.7,Coastal Alluvial
60.2,31.0,88.9,27.0,76.4,6.33,2613.4,Red Loam
59.1,43.6,58.5,29.3,94.8,4.98,2802.2,Brown Hydromorphic
83.5,20.6,86.1,28.7,68.0,6.74,2255.4,Red Loam
100.6,32.5,40.2,30.4,100.0,4.54,3499.9,Peaty
141.3,19.6,34.8,30.0,91.1,4.88,3450.7,Peaty
76.4,54.3,86.3,31.5,84.2,6.78,2546.0,Riverine Alluvial
62.5,35.0,80.8,24.0,71.1,6.62,2296.8,Loamy
46.8,24.1,56.2,33.7,65.7,5.94,2319.9,Red Loam
50.2,15.2,49.0,23.3,81.1,5.17,3000.9,Laterite
49.8,23.0,44.5,30.2,79.7,7.64,2332.9,Coastal Alluvial
92.0,40.1,75.1,23.8,83.2,5.61,3869.1,Forest Loam
49.6,12.7,36.0,29.5,80.1,5.85,2876.1,Laterite
123.7,25.0,57.7,30.9,100.0,4.18,2588.0,Peaty
70.1,58.7,103.4,25.2,80.2,6.41,3377.9,Riverine Alluvial
155.1,25.8,38.9,30.1,97.5,4.39,2943.2,Peaty
69.4,17.1,89.8,28.0,68.6,6.56,2252.1,Red Loam
42.7,16.7,40.1,27.8,53.5,6.83,986.9,Sandy
45.2,28.6,74.0,27.9,67.7,6.22,1639.5,Red Loam
116.9,27.3,51.1,28.0,94.3,4.16,2892.3,Peaty
135.1,34.1,125.9,16.3,89.8,5.62,3372.0,Forest Loam
95.5,45.8,71.5,27.2,69.8,6.8,1500.9,Loamy
131.9,53.7,101.9,19.1,83.7,5.99,3454.9,Forest Loam
53.0,19.1,88.1,28.7,87.2,4.85,3572.1,Laterite
53.7,15.7,78.3,32.0,78.7,5.65,3305.9,Laterite
40.9,24.8,26.7,27.0,65.1,6.35,1293.8,Sandy
133.9,37.6,87.6,23.8,78.3,5.45,4326.1,Forest Loam
65.9,42.4,72.7,28.5,71.9,7.6,3328.6,Riverine Alluvial
71.7,14.2,77.6,25.8,77.2,5.48,3309.2,Laterite
58.7,17.5,78.8,32.4,82.6,5.83,2846.4,Laterite
87.5,30.4,60.2,31.3,84.5,4.79,2888.9,Brown Hydromorphic
60.4,10.5,69.3,26.3,84.2,5.37,3315.3,Laterite
51.8,39.5,82.5,27.9,94.3,4.57,2652.9,Brown Hydromorphic
75.8,54.4,66.7,26.0,79.4,6.9,3154.2,Riverine Alluvial
54.4,37.4,47.1,30.7,89.8,5.36,2593.7,Brown Hydromorphic
77.7,33.8,46.5,28.1,95.2,4.62,3734.7,Brown Hydromorphic
146.2,29.2,45.4,31.2,95.9,4.29,3551.8,Peaty
82.6,22.3,97.3,24.5,84.3,6.25,2768.4,Red Loam
89.8,49.4,86.7,20.8,87.9,6.11,4108.0,Forest Loam
97.7,34.0,88.0,31.2,70.5,6.56,3064.4,Riverine Alluvial
141.8,36.1,128.8,16.0,89.5,5.35,3969.1,Forest Loam
66.1,51.8,113.8,28.6,73.8,7.13,1273.3,Clayey
75.6,62.8,101.9,30.0,79.1,6.89,2349.7,Riverine Alluvial
98.4,40.3,100.9,30.6,68.7,7.03,2942.4,Riverine Alluvial
44.8,19.3,68.6,28.3,80.5,5.35,2191.8,Laterite
118.7,41.7,89.0,19.4,82.3,5.77,3778.9,Forest Loam
41.9,38.9,55.9,29.0,87.9,7.83,2234.9,Coastal Alluvial
31.0,18.5,79.2,31.9,87.1,5.67,3492.1,Laterite
34.8,31.0,84.7,33.3,85.9,7.99,2147.2,Coastal Alluvial
50.9,39.5,68.6,26.1,91.0,5.47,3288.5,Brown Hydromorphic
72.3,41.7,73.7,28.0,80.4,6.76,3517.7,Riverine Alluvial
49.3,21.6,90.9,33.3,79.7,5.41,3898.2,Laterite
92.0,63.5,102.6,29.0,82.5,6.65,3294.8,Riverine Alluvial
159.5,54.5,88.4,20.4,93.8,5.84,4298.5,Forest Loam
67.7,23.1,68.1,26.6,77.6,5.87,2917.9,Red Loam
95.9,35.7,91.7,31.6,70.1,6.57,1818.0,Clayey
65.2,39.9,56.7,36.7,69.1,8.34,1308.6,Black Cotton
35.6,27.4,34.6,35.9,48.9,6.12,1043.0,Sandy
87.5,24.4,66.3,32.7,73.5,6.16,2421.6,Red Loam
47.3,11.5,89.3,26.4,77.5,5.25,2928.3,Laterite
150.5,51.6,115.2,18.3,90.7,5.3,3647.3,Forest Loam
73.5,39.6,56.2,34.2,61.7,8.22,1511.2,Black Cotton
74.7,25.7,45.3,29.2,80.1,6.25,2272.3,Red Loam
71.0,24.5,91.8,30.4,77.5,6.67,1779.7,Red Loam
71.7,15.7,55.1,26.9,83.3,5.84,2987.7,Laterite
68.6,39.1,76.7,30.9,69.4,8.19,1603.9,Black Cotton
38.3,11.6,45.1,32.2,84.9,5.1,2854.5,Laterite
86.6,48.1,68.5,39.8,69.6,7.53,1429.8,Black Cotton
64.2,25.5,95.7,25.4,76.6,6.42,2390.6,Red Loam
135.5,30.4,40.9,27.9,88.2,4.64,2780.5,Peaty
42.8,30.9,53.8,29.2,93.2,7.73,2506.1,Coastal Alluvial
79.8,28.6,91.3,32.7,70.4,7.8,1756.7,Black Cotton
103.6,43.8,49.5,28.5,80.5,7.05,3214.9,Riverine Alluvial
65.5,27.4,108.9,34.2,73.6,6.39,2592.3,Red Loam
71.5,29.2,77.7,34.1,84.6,6.26,2870.6,Red Loam
84.8,28.3,89.4,26.4,68.4,6.6,1728.3,Red Loam
67.5,34.8,71.1,27.7,70.6,6.02,2731.5,Red Loam
140.7,45.8,111.4,23.0,78.7,6.24,3762.4,Forest Loam
145.4,64.3,112.4,16.6,86.3,5.92,4913.1,Forest Loam
153.1,29.6,38.8,30.3,96.3,4.71,3076.7,Peaty
51.6,36.7,64.5,30.8,79.0,7.85,1467.8,Coastal Alluvial
56.1,13.1,86.9,29.4,85.0,5.4,3513.4,Laterite
100.3,51.4,56.4,17.8,76.3,6.48,4126.4,Forest Loam
56.1,43.6,62.7,25.6,68.6,6.63,1622.0,Loamy
101.8,58.5,78.6,28.8,84.4,6.74,3266.5,Riverine Alluvial
35.9,32.7,19.5,32.0,52.9,6.76,1015.5,Sandy
77.3,28.2,84.9,32.4,78.5,5.87,2243.6,Red Loam
75.0,32.3,45.9,33.2,88.1,4.88,3426.5,Brown Hydromorphic
47.4,36.2,39.6,28.3,85.8,7.97,1782.7,Coastal Alluvial
65.5,31.8,76.8,30.4,73.9,5.72,3061.2,Red Loam
99.0,19.3,47.0,29.6,73.9,6.0,2729.9,Red Loam
102.7,38.5,86.7,30.9,74.3,6.41,3195.8,Riverine Alluvial
94.2,37.6,38.8,31.8,76.1,4.45,3392.3,Brown Hydromorphic
133.7,41.8,100.7,22.1,86.4,6.11,3237.3,Forest Loam
89.8,51.1,87.5,25.3,73.9,6.38,1430.3,Loamy
43.5,35.7,52.3,31.4,84.1,7.27,1923.5,Coastal Alluvial
21.7,15.2,44.4,31.0,46.9,6.56,1309.1,Sandy
68.5,42.0,84.1,22.6,67.6,6.92,1509.4,Loamy
53.5,24.1,64.4,34.0,87.5,8.16,2234.8,Coastal Alluvial
68.0,23.4,94.5,26.8,76.1,5.61,2927.3,Red Loam
82.4,38.5,77.1,32.1,84.3,7.13,2669.6,Riverine Alluvial
18.0,22.0,43.9,34.8,59.9,6.36,1468.7,Sandy
29.8,28.7,43.2,33.8,59.5,6.45,1251.5,Sandy
134.6,16.4,38.1,32.6,87.7,4.38,3092.2,Peaty
66.7,12.4,67.6,33.0,83.5,5.36,3246.4,Laterite
63.4,25.6,85.8,33.7,73.0,6.17,2592.4,Red Loam
33.0,28.3,53.6,29.1,92.6,7.89,1575.6,Coastal Alluvial
104.8,53.8,89.7,30.8,78.6,6.85,2638.4,Riverine Alluvial
58.8,44.5,72.8,35.3,64.8,7.94,816.0,Black Cotton
66.4,14.4,81.8,26.1,84.1,4.87,3873.1,Laterite
80.7,24.4,46.3,27.2,92.4,4.33,3185.6,Brown Hydromorphic
128.4,34.0,28.7,28.0,88.7,3.59,2838.8,Peaty
62.1,31.5,59.9,30.7,85.7,8.23,1881.0,Coastal Alluvial
71.3,38.6,62.8,33.4,64.7,6.98,1650.0,Black Cotton
42.9,34.2,56.0,29.9,86.8,7.89,1985.3,Coastal Alluvial
47.8,10.5,63.8,30.8,68.4,4.84,3835.3,Laterite
69.2,13.8,73.3,29.4,77.9,5.32,3730.4,Laterite
75.4,39.3,61.2,33.0,87.9,4.88,3092.2,Brown Hydromorphic
40.7,27.4,71.0,33.5,68.9,5.63,2612.6,Red Loam
57.0,19.9,94.9,29.6,71.6,5.47,2591.1,Red Loam
38.4,29.9,45.9,32.8,93.2,7.77,2070.4,Coastal Alluvial
20.4,21.0,52.6,29.3,45.4,6.84,1634.5,Sandy
127.1,20.5,35.9,29.1,89.3,4.64,3018.8,Peaty
51.4,14.0,62.8,27.1,78.9,5.52,2677.6,Laterite
38.9,33.5,37.3,29.1,86.4,7.88,1943.7,Coastal Alluvial
58.7,23.8,57.7,23.7,73.0,5.91,2422.5,Red Loam
63.9,12.5,56.9,26.0,87.2,5.3,2594.7,Laterite
49.7,36.8,80.5,26.6,89.8,6.35,2005.6,Red Loam
104.9,36.6,60.0,21.4,86.3,6.56,4580.2,Forest Loam
120.2,44.4,105.1,23.4,77.0,5.37,4126.2,Forest Loam
122.4,53.8,64.3,24.1,69.6,6.71,3237.5,Riverine Alluvial
68.6,39.1,83.0,27.8,78.6,6.21,1961.0,Loamy
37.0,17.9,70.9,30.1,86.4,5.05,3626.2,Laterite
58.3,21.7,96.2,31.5,79.5,6.94,2515.0,Red Loam
70.0,17.8,65.1,27.1,91.2,4.91,3468.8,Laterite
59.0,12.4,65.8,27.7,90.1,5.2,3566.5,Laterite
54.9,37.1,64.0,31.7,89.0,7.88,1520.4,Coastal Alluvial
111.3,54.1,107.1,18.3,86.8,6.17,4352.5,Forest Loam
33.6,20.6,29.2,28.5,61.8,6.82,831.5,Sandy
51.6,25.3,74.1,27.2,75.8,5.94,2469.1,Red Loam
71.1,36.3,91.9,24.7,73.4,6.14,3067.9,Red Loam
74.0,43.8,73.0,27.6,72.5,6.65,1628.1,Loamy
84.3,49.2,52.9,28.0,88.2,5.06,3712.8,Brown Hydromorphic
72.6,23.7,70.0,29.8,81.9,5.82,2204.7,Red Loam
91.4,25.7,38.4,29.4,89.1,4.2,3373.3,Brown Hydromorphic
55.5,37.8,69.9,29.1,89.8,8.03,1502.5,Coastal Alluvial
55.6,24.9,66.5,30.9,76.2,5.26,3109.5,Laterite
80.3,22.7,100.8,30.6,77.0,5.98,1748.2,Red Loam
63.4,49.2,54.7,29.5,90.0,5.05,2878.2,Brown Hydromorphic
83.0,37.7,44.0,29.5,85.7,4.8,2791.9,Brown Hydromorphic
44.3,19.9,69.5,31.2,67.7,6.28,2732.0,Red Loam
137.1,53.6,96.5,23.6,82.7,5.42,3763.4,Forest Loam
84.3,41.6,78.8,27.8,76.1,6.76,3166.9,Riverine Alluvial
58.0,22.9,79.9,27.8,77.5,5.07,3636.0,Laterite
105.2,48.3,90.0,17.6,74.1,4.99,3851.1,Forest Loam
92.7,48.0,82.1,26.3,74.4,6.91,3032.4,Riverine Alluvial
53.8,36.2,39.9,28.8,91.9,7.91,2676.3,Coastal Alluvial
90.7,45.1,120.5,22.0,72.2,5.34,4080.3,Forest Loam
56.3,44.2,36.4,31.6,85.6,4.86,3605.1,Brown Hydromorphic
63.2,39.3,59.0,32.6,89.9,4.91,2905.0,Brown Hydromorphic
84.0,20.7,67.2,27.9,72.0,5.83,2322.1,Red Loam
77.8,28.9,71.4,26.4,69.6,6.1,2370.0,Red Loam
65.9,43.8,46.4,31.2,88.0,4.99,3198.5,Brown Hydromorphic
75.3,34.8,83.1,24.7,65.8,6.63,1677.4,Loamy
44.0,19.5,78.3,31.5,85.8,5.71,3242.9,Red Loam
46.0,35.0,50.3,36.4,89.4,7.82,2199.1,Coastal Alluvial
50.1,38.4,77.3,34.1,60.5,7.99,1364.7,Black Cotton
44.3,30.1,53.8,33.9,49.5,6.65,1774.4,Sandy
52.2,38.3,70.0,28.6,80.4,7.6,2103.7,Coastal Alluvial
88.5,60.2,105.5,24.2,79.6,6.63,3222.3,Riverine Alluvial
55.8,22.4,80.4,30.9,77.4,6.1,2755.2,Red Loam
49.5,34.5,67.7,28.8,74.0,7.8,1644.8,Coastal Alluvial
85.1,62.9,75.8,29.1,71.6,6.65,3308.2,Riverine Alluvial
22.5,37.8,68.1,34.7,81.4,8.13,1959.4,Coastal Alluvial
83.2,29.7,66.0,31.3,91.8,5.28,2338.2,Brown Hydromorphic
80.2,44.0,67.6,33.1,91.3,4.93,3670.9,Brown Hydromorphic
51.7,8.6,64.0,28.8,85.5,5.53,3943.8,Laterite
75.8,56.4,71.4,28.3,82.3,6.81,2599.2,Riverine Alluvial
50.6,25.9,105.7,29.9,74.2,5.64,3020.6,Laterite
63.5,43.6,72.1,30.2,86.0,7.76,2147.1,Coastal Alluvial
86.3,53.1,102.6,29.8,74.0,7.05,2911.4,Riverine Alluvial
51.9,24.0,78.3,29.8,78.0,5.03,2752.7,Laterite
54.5,21.8,69.7,31.3,85.5,6.27,1933.6,Red Loam
79.9,41.7,77.7,30.6,56.9,7.16,1274.8,Black Cotton
61.8,34.7,54.5,30.3,81.7,5.28,2716.0,Brown Hydromorphic
68.6,5.5,73.5,28.5,72.4,4.6,4227.0,Laterite
66.5,15.9,73.5,27.6,82.9,5.09,3724.2,Laterite
76.1,44.3,68.6,28.7,91.7,4.46,2693.6,Brown Hydromorphic
151.1,27.7,45.7,31.5,87.6,4.33,3685.6,Peaty
60.0,30.3,45.4,28.6,86.9,7.36,1654.2,Coastal Alluvial
90.0,24.8,69.5,30.7,55.6,7.89,1119.5,Black Cotton
44.8,35.5,92.8,30.3,82.5,6.14,2436.7,Red Loam
56.8,23.0,59.5,31.6,87.4,5.2,3195.6,Laterite
32.9,24.8,30.1,28.9,43.7,6.73,993.4,Sandy
48.7,19.2,55.6,28.3,78.5,5.6,3856.1,Laterite
58.7,28.5,72.8,27.7,83.0,6.17,2543.5,Red Loam
66.4,17.0,91.5,27.4,71.9,5.52,2616.7,Red Loam
82.6,13.9,67.9,24.0,77.6,5.06,3641.7,Laterite
54.9,9.7,62.6,23.8,82.0,5.55,3010.7,Laterite
60.0,11.0,58.4,31.0,77.5,4.43,3415.6,Laterite
61.4,40.1,57.4,26.6,94.3,4.73,3557.8,Brown Hydromorphic
102.8,21.9,62.8,26.7,96.9,3.81,2822.2,Peaty
76.3,39.3,58.1,30.6,87.8,5.46,2183.2,Brown Hydromorphic
82.1,26.7,44.0,32.0,78.3,4.56,3299.7,Brown Hydromorphic
66.9,26.6,66.3,33.1,86.2,4.62,3802.4,Brown Hydromorphic
49.3,41.2,34.9,31.3,89.0,7.75,1974.7,Coastal Alluvial
67.2,60.8,100.1,27.1,79.3,6.3,2388.0,Riverine Alluvial
78.3,37.2,94.9,25.1,75.8,5.84,3146.6,Red Loam
57.1,45.7,60.7,28.8,75.9,6.75,1710.4,Clayey
43.3,51.1,60.3,32.2,84.4,7.13,2042.6,Coastal Alluvial
60.2,29.4,48.8,29.2,86.0,7.51,1882.5,Coastal Alluvial
73.7,34.0,80.0,29.0,78.5,6.19,1829.9,Red Loam
40.3,20.9,38.4,31.9,39.0,5.88,1023.1,Sandy
47.2,23.5,56.3,32.0,65.1,5.66,2691.1,Red Loam
166.0,33.5,34.1,27.5,92.1,4.55,2578.9,Peaty
66.9,22.1,62.3,25.9,74.7,6.03,2943.3,Red Loam
69.7,18.2,48.7,27.3,81.3,5.65,3438.1,Laterite
76.5,46.2,44.3,35.2,61.0,7.52,1446.5,Black Cotton
76.9,18.0,56.4,28.1,79.7,5.28,3556.3,Brown Hydromorphic
78.9,50.1,86.1,22.8,75.4,6.86,2516.3,Riverine Alluvial
81.4,53.7,82.5,23.8,89.0,6.94,2578.6,Riverine Alluvial
133.3,47.0,114.5,17.4,84.8,5.77,3463.3,Forest Loam
60.8,40.2,58.9,30.9,74.8,6.44,2149.6,Loamy
49.1,20.6,44.3,28.6,86.4,5.01,2887.3,Laterite
55.1,21.5,37.3,27.3,83.6,5.01,3281.0,Laterite
74.6,32.7,69.8,30.0,82.4,4.99,3423.4,Brown Hydromorphic
120.1,21.5,36.0,33.4,95.7,4.32,3709.3,Peaty
68.4,49.5,76.3,22.9,67.1,7.07,2118.8,Loamy
52.9,28.6,85.5,25.8,71.3,5.92,2802.2,Red Loam
83.5,48.9,48.7,28.6,91.2,5.08,3097.3,Brown Hydromorphic
111.6,45.9,64.9,21.6,80.3,5.58,4010.7,Forest Loam
94.0,57.0,81.4,26.6,88.6,7.14,3055.9,Riverine Alluvial
38.7,16.6,62.9,25.6,84.1,5.55,3765.0,Laterite
77.1,57.2,88.7,28.0,76.8,6.06,2261.0,Loamy
112.5,65.6,91.7,18.3,85.6,5.93,3913.8,Forest Loam
67.5,52.2,69.7,34.3,59.6,7.88,1331.5,Black Cotton
63.3,6.8,95.0,31.9,78.3,5.78,2741.8,Laterite
57.1,7.6,98.0,27.5,81.5,5.2,3139.5,Laterite
86.1,49.9,84.9,30.1,84.5,6.5,3059.7,Riverine Alluvial
101.6,50.1,98.9,29.8,78.8,5.89,2796.6,Riverine Alluvial
22.5,42.7,72.9,33.5,87.5,7.87,1979.3,Coastal Alluvial
63.0,33.7,72.9,26.9,79.2,6.09,2440.1,Red Loam
63.5,27.0,78.7,32.0,73.7,6.15,2499.6,Red Loam
54.4,9.7,84.7,25.1,82.1,4.88,3191.0,Laterite
49.7,54.0,59.6,31.1,65.8,7.65,1300.2,Black Cotton
35.3,26.0,26.0,34.9,45.1,7.28,1698.0,Sandy
45.9,26.7,60.6,29.8,79.6,5.67,2558.5,Red Loam
61.8,22.2,90.6,29.2,83.8,6.57,2418.9,Red Loam
78.5,23.8,82.2,29.2,78.4,6.82,2819.6,Red Loam
51.8,49.2,45.8,32.7,91.1,7.32,1762.2,Coastal Alluvial
75.5,35.6,54.5,32.7,90.0,4.76,3323.9,Brown Hydromorphic
40.4,32.7,54.3,27.8,84.8,8.39,2036.0,Coastal Alluvial
90.4,41.9,90.5,29.1,71.6,7.07,3377.6,Riverine Alluvial
53.9,15.6,101.6,29.4,80.3,6.04,3059.2,Laterite
38.5,28.6,30.2,29.1,47.9,7.03,1108.5,Sandy
43.0,37.6,49.3,27.8,87.2,7.15,2147.8,Coastal Alluvial
42.3,39.5,56.8,29.0,87.9,7.77,1954.7,Coastal Alluvial
47.7,27.6,53.5,29.6,84.1,7.15,2390.8,Coastal Alluvial
170.5,21.0,38.9,26.3,90.6,4.09,3353.1,Peaty
44.9,13.9,63.6,33.3,67.5,4.99,2831.7,Laterite
136.2,38.3,38.8,30.4,89.2,4.1,2918.2,Peaty
153.4,30.1,42.4,30.7,92.9,4.12,3115.4,Peaty
38.9,24.8,32.4,31.2,52.3,7.13,1646.8,Sandy
58.5,22.7,98.9,30.4,73.3,6.08,3001.4,Red Loam
70.1,36.6,41.4,28.0,59.1,8.07,1080.8,Black Cotton
41.9,28.9,51.8,29.4,87.3,7.87,2529.5,Coastal Alluvial
35.0,26.8,37.9,35.7,56.5,7.07,922.1,Sandy
121.3,29.2,48.6,30.5,91.9,4.47,2772.5,Peaty
58.8,18.6,86.7,31.7,84.4,5.22,3741.2,Laterite
69.6,11.6,66.1,29.0,82.8,4.64,2653.8,Laterite
65.8,14.2,69.9,26.8,79.5,5.19,3365.0,Laterite
67.1,53.3,49.5,26.5,75.6,6.86,2965.8,Riverine Alluvial
55.1,23.4,62.6,30.9,79.5,6.61,2576.5,Red Loam
35.8,14.8,24.1,37.1,63.1,7.07,776.3,Sandy
110.5,36.9,38.1,31.9,97.3,3.84,2850.4,Peaty
146.5,27.6,52.8,30.1,89.9,3.94,2511.4,Peaty
47.8,16.2,42.5,28.7,55.3,6.52,1319.2,Sandy
51.8,45.9,60.7,29.3,77.4,7.88,2219.9,Coastal Alluvial
107.8,48.3,99.3,24.2,82.9,6.36,4093.4,Forest Loam
90.9,43.2,53.4,28.2,91.8,4.52,2983.0,Brown Hydromorphic
60.0,5.7,60.8,26.4,88.4,5.04,3571.4,Laterite
86.3,31.7,62.0,27.7,67.2,6.78,1595.0,Loamy
26.2,38.6,57.6,34.7,87.7,7.05,1537.3,Coastal Alluvial
122.8,51.5,101.6,23.3,84.0,5.97,5142.7,Forest Loam
129.1,47.7,61.1,19.5,92.8,5.95,3609.3,Forest Loam
54.7,38.5,54.2,25.0,70.9,6.34,1957.7,Loamy
74.5,57.5,103.9,30.2,74.9,6.99,2782.0,Riverine Alluvial
62.3,15.4,60.4,30.5,71.8,5.27,2994.1,Laterite
61.3,25.9,62.2,31.7,91.5,4.69,2844.4,Brown Hydromorphic
126.6,35.1,45.7,31.7,90.0,3.87,3043.8,Peaty
58.5,47.7,42.3,32.9,83.9,8.18,1862.8,Coastal Alluvial
45.8,28.9,67.2,27.5,88.6,6.65,1808.1,Coastal Alluvial
87.2,31.8,86.7,32.8,85.1,6.17,2716.5,Red Loam
49.9,49.8,63.8,31.1,58.8,8.19,1232.4,Black Cotton
83.6,29.5,66.5,29.3,81.8,7.44,2174.5,Clayey
76.3,10.3,79.1,30.1,73.4,5.0,2581.5,Laterite
80.4,50.2,79.5,26.0,91.5,6.87,3156.5,Riverine Alluvial
45.5,28.7,36.3,34.1,59.5,6.64,1158.4,Sandy
76.7,44.2,45.0,26.0,70.9,6.56,1471.5,Loamy
92.4,44.0,74.8,28.7,81.0,7.12,2863.5,Riverine Alluvial
87.5,43.9,97.8,28.1,78.1,6.61,2697.6,Riverine Alluvial
62.7,8.6,66.0,28.6,77.6,4.97,2859.8,Laterite
64.3,25.9,91.0,30.5,77.1,6.52,2498.8,Red Loam
42.2,22.9,98.2,33.2,83.1,5.19,2616.1,Laterite
40.2,21.3,85.7,26.0,72.3,5.41,2656.1,Laterite
143.3,25.5,42.2,28.2,87.7,4.28,2446.9,Peaty
38.7,24.7,40.2,34.6,41.4,7.01,1629.5,Sandy
78.5,27.6,57.5,25.1,89.8,6.33,3492.4,Red Loam
112.1,48.1,111.5,22.4,85.9,5.37,3732.7,Forest Loam
66.3,32.6,49.6,29.7,87.7,4.99,3323.3,Brown Hydromorphic
69.1,22.3,92.6,29.0,72.4,6.3,3207.9,Red Loam
88.0,57.7,72.9,28.0,74.5,6.67,2741.4,Riverine Alluvial
92.0,42.9,53.1,26.9,66.2,7.57,1451.0,Black Cotton
58.5,29.0,58.1,30.2,81.3,6.23,2610.6,Red Loam
67.1,53.4,82.9,26.7,76.9,7.79,1306.5,Clayey
76.8,23.4,92.7,27.4,73.1,5.97,2956.3,Red Loam
31.1,12.1,52.2,29.2,88.0,5.15,2040.0,Laterite
75.8,17.9,72.1,25.4,75.0,6.08,2190.8,Red Loam
165.3,26.6,50.0,30.5,92.7,4.02,2841.9,Peaty
47.9,37.5,46.1,30.9,86.2,4.93,3216.9,Brown Hydromorphic
64.8,37.2,68.5,33.6,71.2,7.94,1383.9,Black Cotton
65.0,31.5,93.2,30.6,85.7,5.88,3427.5,Red Loam
81.6,54.7,54.3,29.1,84.3,4.43,3296.0,Brown Hydromorphic
41.0,13.6,81.3,29.3,85.5,4.87,3127.7,Laterite
51.5,18.8,67.8,30.5,80.4,5.35,3075.4,Laterite
90.3,60.7,86.1,30.5,75.8,7.02,2597.0,Riverine Alluvial
78.2,34.6,74.4,28.3,68.5,6.53,1983.9,Loamy
26.9,29.8,43.2,34.8,61.1,6.44,949.4,Sandy
46.2,37.7,59.2,32.3,60.4,7.08,1390.4,Black Cotton
106.7,41.2,89.1,29.7,73.0,6.93,2045.5,Loamy
122.0,46.9,110.0,27.1,85.0,5.68,3444.9,Forest Loam
58.5,28.7,53.8,23.4,76.5,6.15,2297.7,Red Loam
54.2,21.4,68.4,34.1,61.9,6.45,2258.8,Red Loam
49.3,12.7,81.7,32.3,74.6,5.12,3027.3,Laterite
83.3,23.0,59.6,23.6,80.5,5.9,2420.0,Red Loam
57.1,27.1,43.6,30.1,82.5,8.44,1949.7,Coastal Alluvial
50.3,32.1,75.6,29.1,77.9,6.05,1924.5,Red Loam
64.5,31.1,49.5,29.9,80.9,4.58,2620.0,Brown Hydromorphic
85.1,41.1,61.7,26.5,71.6,7.8,995.4,Black Cotton
44.3,23.3,77.8,32.5,69.6,6.74,3091.5,Red Loam
42.9,43.2,54.6,32.1,86.4,7.31,2217.8,Coastal Alluvial
105.0,44.8,88.9,30.0,78.7,6.24,3204.5,Riverine Alluvial
85.2,34.0,61.0,35.7,63.4,7.15,1665.9,Black Cotton
77.3,32.8,57.4,32.2,78.0,4.61,2929.2,Brown Hydromorphic
71.1,37.5,68.9,29.1,66.2,6.72,1911.8,Loamy
56.4,8.5,68.8,29.9,80.3,5.33,3189.8,Laterite
37.4,19.5,31.8,31.1,51.7,7.03,1754.6,Sandy
94.3,49.6,98.0,29.2,85.2,7.27,2641.6,Riverine Alluvial
128.0,32.0,53.4,27.9,98.6,4.71,3206.5,Peaty
54.1,28.5,49.4,28.4,77.5,7.87,2116.9,Coastal Alluvial
81.5,35.4,87.4,33.6,78.9,7.17,1689.1,Clayey
74.4,24.9,81.2,35.5,75.1,6.13,2650.5,Red Loam
70.3,32.9,78.3,25.2,70.0,6.08,2405.6,Red Loam
97.7,39.4,84.0,19.0,87.4,5.76,3736.5,Forest Loam
49.5,29.3,78.6,29.5,77.7,6.42,2499.1,Red Loam
79.2,68.6,109.2,21.3,71.9,7.47,2532.4,Clayey
48.7,25.6,80.3,28.0,80.1,5.73,2443.4,Red Loam
36.0,24.1,80.8,30.2,74.3,6.11,2766.2,Red Loam
110.4,38.7,80.2,29.5,74.5,6.85,2841.6,Riverine Alluvial
72.7,34.2,56.9,36.8,65.8,7.82,1896.8,Black Cotton
45.8,21.4,72.9,28.3,84.2,6.04,3398.4,Laterite
137.2,22.3,46.8,26.3,89.5,3.9,3071.4,Peaty
69.2,21.1,85.1,26.0,79.4,5.35,3383.3,Laterite
64.1,12.2,67.2,32.4,80.1,4.95,3952.3,Laterite
81.5,32.7,34.1,28.6,90.2,4.96,3268.9,Brown Hydromorphic
72.4,29.0,73.1,28.0,75.9,6.17,2540.9,Red Loam
55.6,32.9,63.3,30.5,96.8,5.22,2822.1,Brown Hydromorphic
66.3,9.7,67.2,28.3,81.5,4.33,3413.6,Laterite
89.2,67.5,64.8,27.6,78.5,7.16,2460.6,Riverine Alluvial
68.9,52.1,70.1,29.2,83.2,6.68,3284.5,Riverine Alluvial
103.5,65.9,126.6,19.0,89.6,6.04,4104.3,Forest Loam
61.2,9.2,78.2,29.8,82.8,4.92,2570.1,Laterite
69.6,34.6,75.0,28.4,73.0,5.88,2703.1,Red Loam
62.5,25.7,92.1,30.7,81.6,5.27,3328.6,Laterite
62.8,8.6,65.8,28.1,78.2,5.62,2967.5,Laterite
42.5,11.3,78.7,29.4,84.5,5.13,3194.2,Laterite
109.0,58.5,72.2,24.6,80.6,7.06,2564.3,Riverine Alluvial
89.3,49.8,73.4,28.7,84.0,6.65,3023.7,Riverine Alluvial
71.7,36.4,53.2,29.6,84.3,5.45,3398.7,Brown Hydromorphic
27.6,10.1,68.4,30.5,90.0,5.68,2936.4,Laterite
61.2,35.9,67.3,33.6,89.3,7.44,1827.8,Coastal Alluvial
81.4,62.2,107.2,31.8,83.8,6.93,2884.3,Riverine Alluvial
65.3,45.9,80.6,30.3,60.2,6.35,2091.1,Loamy
44.7,15.2,34.0,28.9,59.7,7.1,1385.5,Sandy
87.1,42.6,93.6,27.9,78.1,6.58,3121.9,Riverine Alluvial
49.7,38.4,70.6,30.6,84.9,8.29,2036.7,Coastal Alluvial
60.2,18.4,97.6,31.2,86.8,5.33,3636.3,Laterite
60.7,37.1,62.4,26.5,88.8,4.2,2933.5,Brown Hydromorphic
148.6,38.1,22.7,29.3,88.5,4.34,2648.2,Peaty
69.3,23.7,69.8,28.9,71.3,6.32,2275.9,Red Loam
74.3,65.4,75.0,26.5,77.4,7.05,2862.0,Riverine Alluvial
46.1,24.5,66.2,26.5,83.8,5.29,3532.4,Laterite
97.0,56.7,84.8,29.6,73.1,5.89,3300.1,Riverine Alluvial
43.9,32.7,46.2,27.5,59.2,7.14,1344.6,Sandy
53.3,36.6,56.4,29.6,89.6,7.48,2464.9,Coastal Alluvial
88.0,8.5,80.8,30.7,77.1,5.09,3631.0,Laterite
99.9,50.8,66.9,28.8,82.4,7.39,2897.8,Riverine Alluvial
123.6,43.1,111.7,27.0,93.1,5.28,3963.2,Forest Loam
89.8,55.1,105.1,28.2,76.4,7.15,2946.9,Riverine Alluvial
124.6,41.6,100.6,20.9,92.6,5.87,3918.2,Forest Loam
36.8,36.7,65.9,27.8,88.1,7.96,1984.4,Coastal Alluvial
54.9,28.2,55.1,32.2,77.0,5.56,2013.1,Red Loam
51.3,9.1,72.5,31.5,75.6,5.52,3694.4,Laterite
50.4,16.2,97.9,28.2,75.2,5.27,2550.2,Laterite
74.5,58.9,106.4,17.5,86.9,5.52,3806.6,Forest Loam
32.5,34.8,69.6,33.6,87.7,7.94,1975.5,Coastal Alluvial
75.2,65.3,74.6,24.5,75.8,7.87,2119.5,Clayey
55.8,25.8,70.4,26.1,82.4,5.22,3065.6,Laterite
54.0,45.7,94.4,27.5,79.7,6.82,2971.0,Riverine Alluvial
87.0,34.5,99.4,29.3,78.3,6.92,3215.1,Riverine Alluvial
73.7,38.6,62.8,30.2,80.6,4.44,2920.3,Brown Hydromorphic
61.6,27.3,93.6,30.5,78.8,5.88,1676.3,Red Loam
48.3,26.0,59.3,29.6,82.3,8.34,1495.5,Coastal Alluvial
78.8,31.3,30.3,31.3,85.0,4.99,2786.8,Brown Hydromorphic
59.2,30.3,49.5,34.7,58.3,7.53,1642.1,Black Cotton
58.4,25.5,66.3,31.5,72.0,5.03,2820.6,Laterite
114.3,23.8,46.9,30.0,97.2,4.43,3016.8,Peaty
68.4,58.5,65.2,28.5,78.8,6.97,2339.3,Clayey
64.9,51.4,60.5,33.3,55.9,7.08,1314.6,Black Cotton
30.2,22.1,33.5,32.4,50.4,6.51,1292.2,Sandy
85.2,36.7,60.0,27.6,84.4,4.19,2754.0,Brown Hydromorphic
74.9,65.6,104.7,27.6,81.0,7.21,2781.0,Riverine Alluvial
57.9,18.0,60.7,31.3,84.6,7.76,1871.5,Coastal Alluvial
46.7,11.9,76.2,34.0,86.8,5.4,3835.2,Laterite
59.5,39.2,28.6,30.3,88.1,4.79,2646.5,Brown Hydromorphic
59.0,34.9,46.7,30.7,80.4,7.6,2139.1,Coastal Alluvial
64.0,31.9,69.6,24.4,68.0,6.24,1562.4,Loamy
90.4,39.4,91.8,23.0,70.3,6.93,1693.2,Loamy
41.2,53.1,87.0,35.6,89.5,8.2,2024.7,Coastal Alluvial
62.7,38.5,75.8,28.5,68.4,6.59,1921.9,Loamy
191.8,26.0,39.9,31.7,96.9,4.26,3243.0,Peaty
119.8,51.2,86.5,21.7,84.4,5.82,4012.0,Forest Loam
30.3,21.2,18.0,32.0,59.3,6.33,1021.8,Sandy
133.3,30.5,35.7,27.9,93.4,3.88,2503.5,Peaty
82.7,25.8,57.4,28.7,87.6,4.41,3141.9,Brown Hydromorphic
37.4,46.7,50.3,30.5,77.0,7.36,1844.4,Coastal Alluvial
41.7,13.8,76.7,28.2,79.2,4.59,3159.8,Laterite
50.7,32.3,70.4,30.2,76.7,6.44,2535.4,Red Loam
107.6,53.7,103.1,26.7,76.9,6.98,2453.9,Riverine Alluvial
79.8,13.1,75.9,27.4,81.8,6.3,3427.2,Laterite
59.3,13.2,50.8,26.9,82.8,5.37,2781.2,Laterite
24.0,43.9,72.2,31.2,80.9,7.58,2123.2,Coastal Alluvial
54.1,48.2,37.5,32.3,87.3,7.75,2328.4,Coastal Alluvial
33.7,32.1,35.0,32.0,48.4,6.67,1274.0,Sandy
32.0,23.3,45.3,32.9,88.5,7.85,1905.5,Coastal Alluvial
73.5,52.8,67.8,25.7,68.7,6.92,1648.2,Loamy
56.1,11.7,71.0,30.1,80.5,4.84,3916.0,Laterite
127.0,54.5,115.8,24.8,84.5,5.74,4435.5,Forest Loam
107.9,38.3,106.8,22.7,81.2,5.68,4515.7,Forest Loam
63.2,19.1,66.1,26.6,81.1,5.55,3934.2,Laterite
174.9,35.1,51.9,29.3,88.4,4.62,2452.9,Peaty
86.0,36.3,51.6,29.9,87.8,5.08,2985.6,Brown Hydromorphic
69.4,30.0,64.1,29.2,56.6,7.61,1107.8,Black Cotton
68.3,23.0,52.1,28.4,87.8,4.98,3250.9,Brown Hydromorphic
113.5,52.2,115.5,21.9,80.3,6.55,4877.1,Forest Loam
73.5,12.7,82.8,30.7,93.8,4.62,3708.4,Laterite
72.9,40.4,57.9,27.4,83.5,4.76,3001.6,Brown Hydromorphic
72.5,14.2,82.6,29.0,80.2,5.31,3101.1,Laterite
41.4,18.2,67.8,27.2,75.6,5.4,3428.8,Laterite
68.3,37.0,49.7,27.0,95.1,4.78,3677.1,Brown Hydromorphic
27.5,15.9,31.1,29.9,49.4,6.86,1360.0,Sandy
42.5,19.3,52.5,28.5,84.1,5.22,2870.4,Laterite
51.3,12.3,60.2,29.4,79.9,4.48,3556.8,Laterite
81.1,55.0,51.1,33.1,90.6,3.93,3361.9,Brown Hydromorphic
69.2,40.6,46.5,30.1,79.8,4.79,2555.6,Brown Hydromorphic
39.7,36.7,53.0,29.5,81.0,7.19,2160.4,Coastal Alluvial
124.5,42.9,130.1,18.9,94.6,5.53,4196.7,Forest Loam
98.2,55.5,91.5,27.7,66.5,7.76,3186.2,Riverine Alluvial
54.2,45.9,55.7,28.7,90.8,7.74,2086.3,Coastal Alluvial
45.0,45.0,63.4,28.7,87.5,4.41,3131.7,Brown Hydromorphic
39.9,30.8,50.1,31.7,84.9,8.1,1799.4,Coastal Alluvial
124.5,27.6,36.0,35.6,88.9,4.16,2833.2,Peaty
41.6,25.3,89.8,33.5,80.2,5.93,2463.7,Red Loam
46.2,15.6,107.6,25.8,81.4,4.75,2908.9,Laterite
55.5,30.7,69.4,30.8,78.5,6.33,2465.5,Red Loam
53.5,41.9,58.8,29.0,85.2,4.45,2923.2,Brown Hydromorphic
66.5,34.5,97.6,28.4,79.5,6.01,2132.2,Red Loam
74.6,27.3,89.8,29.1,75.9,6.08,2285.2,Red Loam
31.0,27.5,54.2,26.4,85.0,7.4,2050.8,Coastal Alluvial
47.2,41.8,27.0,28.8,86.4,4.51,2626.2,Brown Hydromorphic
84.0,63.1,81.0,23.2,89.5,5.3,3581.3,Forest Loam
31.9,32.5,66.8,32.0,85.6,8.21,2066.8,Coastal Alluvial
124.0,49.3,106.4,24.6,88.1,6.13,4292.5,Forest Loam
63.3,53.9,89.0,32.4,83.1,6.77,1526.1,Clayey
62.7,45.6,50.1,28.5,87.7,4.3,2592.3,Brown Hydromorphic
81.0,50.0,48.1,31.9,84.3,3.88,3681.1,Brown Hydromorphic
51.6,30.1,55.2,30.7,85.4,8.03,2013.8,Coastal Alluvial
43.5,21.5,36.6,32.6,86.1,7.78,1811.4,Coastal Alluvial
83.9,23.6,76.0,28.4,85.3,6.14,2248.8,Red Loam
38.0,34.9,68.6,28.3,89.7,7.45,1704.7,Coastal Alluvial
132.9,49.6,120.3,23.2,80.8,5.98,4452.5,Forest Loam
58.4,16.3,62.3,25.6,85.3,5.23,3388.0,Laterite
40.8,14.0,67.3,32.5,89.5,5.11,3231.9,Laterite
70.8,36.5,43.6,30.0,83.1,4.41,3235.1,Brown Hydromorphic
63.1,27.0,71.6,31.0,68.1,6.0,2675.2,Red Loam
79.4,51.7,86.7,26.5,71.8,6.18,2713.2,Riverine Alluvial
157.0,32.5,26.7,29.3,91.7,4.12,2788.8,Peaty
110.0,53.2,95.9,27.9,75.1,6.84,2312.7,Clayey
46.0,13.8,72.5,32.6,79.9,4.91,2350.0,Laterite
85.1,13.5,67.1,29.2,69.7,5.92,2642.9,Red Loam
48.6,19.8,54.5,28.9,79.9,5.13,3207.7,Laterite
60.0,25.5,66.1,28.8,75.2,6.67,2344.0,Red Loam
64.6,25.2,56.3,29.3,77.0,5.15,3568.9,Laterite
110.3,47.8,97.0,17.7,81.9,5.81,3683.0,Forest Loam
147.9,35.0,39.2,31.2,92.5,4.25,3103.9,Peaty
85.0,24.1,81.6,29.4,74.9,6.69,3278.4,Red Loam
149.4,22.8,46.1,30.1,91.3,4.15,3166.5,Peaty
77.0,24.1,83.9,32.8,83.3,6.44,3418.6,Red Loam
61.5,10.3,94.6,29.4,80.1,5.1,3417.0,Laterite
67.9,50.5,77.7,31.2,79.6,6.34,2990.7,Riverine Alluvial
38.5,28.6,57.7,29.1,79.4,6.04,3004.9,Red Loam
124.9,46.7,70.0,16.0,86.9,6.06,4477.5,Forest Loam
55.4,44.2,27.0,29.8,88.3,7.64,2334.8,Coastal Alluvial
82.6,49.0,95.9,31.3,85.1,7.44,2639.7,Clayey
57.8,18.1,52.8,27.8,69.9,5.0,2983.3,Laterite
64.6,48.8,85.3,26.6,72.1,6.7,2082.2,Loamy
37.3,25.9,60.3,33.7,89.9,7.75,2560.1,Coastal Alluvial
92.2,45.0,84.7,28.6,82.0,7.21,2313.1,Riverine Alluvial
101.8,43.6,101.1,19.3,79.7,5.93,3479.7,Forest Loam
128.2,28.9,33.8,28.1,94.7,4.63,3113.8,Peaty
84.6,55.0,46.8,27.6,93.4,4.46,2907.2,Brown Hydromorphic
50.5,15.8,62.1,30.3,87.9,5.41,2944.1,Laterite
18.0,25.3,42.7,34.9,58.6,6.64,1082.2,Sandy
90.3,61.8,77.6,34.6,77.1,6.76,2887.8,Riverine Alluvial
55.3,40.9,45.0,31.2,78.0,7.38,1506.3,Coastal Alluvial
78.2,23.1,58.7,30.2,72.9,6.25,2854.4,Red Loam
60.1,14.4,86.9,29.8,86.6,4.77,3240.4,Laterite
63.6,28.3,94.3,26.5,85.2,6.57,3391.5,Red Loam
47.1,5.3,87.6,31.8,78.1,5.36,3340.6,Laterite
48.8,21.5,63.9,30.9,78.1,5.4,3439.9,Laterite
58.2,11.6,98.3,30.3,81.0,5.0,3990.9,Laterite
42.6,19.1,57.9,27.0,83.9,5.89,2880.7,Laterite
67.5,59.6,84.5,29.2,91.8,6.74,2949.6,Riverine Alluvial
36.9,10.5,51.2,24.5,89.4,5.13,3433.2,Laterite
113.3,53.1,97.8,25.9,75.8,6.58,2989.0,Riverine Alluvial
34.3,29.4,38.2,32.9,67.5,7.18,1458.2,Sandy
110.0,37.8,81.2,23.7,84.0,6.01,4291.9,Forest Loam
63.0,13.6,58.8,23.4,79.2,5.33,2300.5,Laterite
55.6,12.4,69.3,25.7,90.7,5.1,3598.6,Laterite
58.2,24.3,51.7,25.7,86.9,5.39,3703.1,Laterite
71.7,37.4,73.9,30.2,66.9,7.84,1144.8,Black Cotton
126.6,54.0,131.2,22.3,91.3,5.63,3718.6,Forest Loam
78.8,35.9,70.4,25.9,84.6,4.62,3081.6,Brown Hydromorphic
102.2,37.8,71.0,29.7,53.4,7.11,1460.9,Black Cotton
56.7,4.8,75.7,26.5,73.0,5.67,3264.0,Laterite
47.3,36.0,68.3,33.1,83.9,7.85,1753.6,Coastal Alluvial
28.3,22.5,40.2,34.1,59.1,7.08,1263.9,Sandy
44.3,18.4,73.7,33.0,86.3,4.73,2822.7,Laterite
119.3,59.8,114.1,18.9,82.3,5.12,4160.1,Forest Loam
80.8,45.3,38.4,30.1,81.8,4.16,3475.3,Brown Hydromorphic
64.9,37.6,106.8,29.8,77.4,6.63,3115.8,Riverine Alluvial
96.5,29.8,68.1,27.6,78.8,6.48,2922.7,Red Loam
57.0,6.1,81.3,33.1,80.1,5.55,3801.2,Laterite
59.9,45.7,67.1,34.2,61.0,7.65,1258.6,Black Cotton
41.4,9.9,62.1,27.6,82.0,5.05,3164.8,Laterite
60.7,14.4,38.3,32.4,84.4,5.23,3120.2,Laterite
81.4,49.4,86.2,14.2,84.1,5.9,3925.2,Forest Loam
50.2,24.8,84.3,23.2,81.8,6.36,2509.2,Red Loam
118.9,28.2,58.7,28.8,89.9,4.32,3033.6,Peaty
54.0,60.8,56.4,34.6,85.2,6.48,2654.1,Riverine Alluvial
72.0,35.8,109.8,21.0,80.4,6.22,5124.7,Forest Loam
92.0,55.0,114.9,25.9,85.4,6.66,3039.3,Riverine Alluvial
101.8,31.1,57.6,34.9,51.0,8.06,1301.3,Black Cotton
37.5,18.7,101.8,30.3,80.3,5.52,3606.5,Laterite
35.5,42.4,61.4,33.5,82.3,7.94,2320.9,Coastal Alluvial
148.8,30.9,38.8,29.9,84.4,4.44,3115.1,Peaty
49.0,28.1,50.8,33.7,73.2,7.37,1675.0,Coastal Alluvial
141.4,59.0,116.1,18.8,73.7,5.69,3289.4,Forest Loam
80.7,62.7,74.9,30.5,73.8,6.07,2658.5,Riverine Alluvial
38.9,30.9,59.6,31.1,76.9,7.6,1224.0,Coastal Alluvial
59.2,22.5,67.3,29.6,83.7,4.52,2936.5,Laterite
62.3,15.7,44.2,28.5,76.7,5.37,3225.7,Laterite
55.3,43.0,79.0,20.9,58.6,6.12,1559.8,Loamy
76.8,40.0,60.2,28.1,67.7,6.43,1488.0,Loamy
78.3,14.1,73.1,32.2,80.0,5.21,3183.0,Laterite
54.5,44.8,66.6,26.7,92.8,4.22,2758.7,Brown Hydromorphic
46.1,15.6,74.8,31.8,78.0,6.29,2209.7,Red Loam
53.3,20.9,74.5,30.5,77.4,6.72,2407.9,Red Loam
72.2,33.0,68.1,33.1,58.0,7.78,1438.2,Black Cotton
49.3,23.4,77.3,34.0,72.6,5.52,2390.3,Red Loam
124.2,32.0,53.1,31.1,93.0,4.29,2867.1,Peaty
69.3,45.4,57.1,30.8,63.2,7.61,1535.2,Black Cotton
63.7,10.6,73.6,27.9,80.7,5.66,3336.8,Laterite
44.9,24.0,28.0,30.4,85.8,8.08,1917.5,Coastal Alluvial
57.5,41.9,75.1,26.4,69.3,6.15,2061.4,Loamy
70.4,29.3,73.8,32.1,75.9,6.63,3555.1,Red Loam
30.1,30.6,40.0,35.5,66.1,7.19,968.2,Sandy
129.5,32.2,44.7,26.6,91.4,4.32,3507.7,Peaty
38.3,19.9,83.1,24.4,74.5,5.5,3432.3,Laterite
54.2,18.3,102.1,33.5,84.1,6.78,2632.6,Red Loam
67.9,18.6,102.9,27.5,81.2,6.32,3103.1,Red Loam
77.7,45.7,80.3,28.0,83.8,7.36,3487.6,Riverine Alluvial
61.6,24.0,42.9,30.4,84.1,4.8,3323.5,Brown Hydromorphic
58.2,39.9,45.1,26.5,70.3,6.72,1840.1,Loamy
51.4,8.1,52.0,35.3,84.5,5.12,3241.0,Laterite
74.0,55.1,93.6,28.4,69.3,7.56,2663.2,Riverine Alluvial
67.8,32.4,88.8,30.5,76.7,6.44,2519.4,Red Loam
35.1,20.2,42.1,34.0,57.6,6.28,960.1,Sandy
88.8,40.0,108.8,27.0,82.6,7.4,2655.9,Clayey
64.9,12.7,58.2,33.6,83.2,4.79,2810.3,Laterite
68.8,37.4,56.5,24.7,87.9,5.23,3263.7,Brown Hydromorphic
39.6,10.9,48.8,27.6,70.2,5.31,3249.2,Laterite
35.8,15.8,52.4,31.3,71.0,5.16,3154.9,Laterite
125.8,52.7,80.5,16.7,88.0,5.61,3174.6,Forest Loam
66.3,46.7,95.7,22.4,91.8,7.02,1931.8,Clayey
57.1,32.5,89.6,28.6,81.3,6.42,2173.1,Red Loam
110.8,37.3,89.5,18.2,86.5,5.53,3467.8,Forest Loam
48.7,39.1,50.8,30.7,92.4,7.25,2459.0,Coastal Alluvial
64.5,48.6,71.5,24.4,77.5,6.56,1454.9,Loamy
80.5,13.9,80.0,31.0,83.2,5.22,3230.7,Laterite
117.5,54.3,106.2,20.5,82.4,5.37,2954.4,Forest Loam
61.3,40.1,67.4,31.5,89.8,5.65,2932.1,Red Loam
72.4,10.2,58.0,29.1,79.5,5.22,3036.2,Laterite
123.5,35.4,96.9,17.3,85.2,5.13,4087.3,Forest Loam
46.9,34.2,50.4,33.7,75.0,8.25,1638.7,Coastal Alluvial
100.4,48.0,92.9,30.1,64.9,6.58,2182.0,Loamy
50.8,31.4,52.8,30.3,60.3,7.77,1332.9,Black Cotton
61.0,26.9,85.2,30.8,75.9,5.83,2709.5,Red Loam
166.9,16.9,35.4,29.8,89.2,4.28,3552.2,Peaty
70.5,30.2,71.3,31.0,62.7,7.45,1092.1,Black Cotton
140.7,13.5,27.7,32.7,85.8,4.42,3588.9,Peaty
123.5,51.4,95.3,19.3,87.0,5.85,3811.7,Forest Loam
53.8,42.5,59.4,32.0,84.2,7.61,1708.1,Coastal Alluvial
57.3,16.2,58.0,22.8,77.3,5.87,2312.7,Red Loam
92.3,53.1,78.3,27.0,62.7,6.56,1475.9,Loamy
56.6,37.4,71.7,29.4,85.4,6.29,2675.1,Red Loam
106.1,46.3,68.5,28.1,82.1,6.86,2918.6,Riverine Alluvial
43.6,36.4,49.6,32.5,86.0,7.85,1997.5,Coastal Alluvial
124.5,31.8,84.0,20.2,84.1,5.9,3836.1,Forest Loam
72.2,10.6,53.5,25.6,90.1,5.43,3139.4,Laterite
40.6,47.0,71.5,27.3,60.7,7.92,1425.2,Black Cotton
81.5,57.6,97.8,29.5,77.4,6.62,2699.6,Riverine Alluvial
43.7,38.4,49.7,30.2,79.6,7.42,1707.5,Coastal Alluvial
136.6,35.0,38.8,31.6,90.5,4.02,3036.1,Peaty
29.8,19.6,18.0,32.6,59.6,6.65,510.4,Sandy
66.1,27.0,97.0,24.9,68.0,6.65,1675.9,Clayey
71.8,42.9,60.6,33.2,72.0,7.71,1396.5,Black Cotton
44.4,13.5,72.7,28.5,84.5,6.76,2914.0,Red Loam
45.8,29.0,46.6,32.6,88.0,7.8,1978.9,Coastal Alluvial
40.1,28.6,39.4,23.8,44.0,6.46,1143.5,Sandy
69.9,28.3,56.2,30.2,87.0,4.91,3550.1,Brown Hydromorphic
69.6,47.4,96.7,30.2,81.1,7.59,2816.5,Clayey
73.9,53.2,106.2,33.3,80.2,6.97,2797.1,Riverine Alluvial
81.0,40.8,42.8,30.3,86.7,4.09,2143.6,Brown Hydromorphic
54.0,54.0,83.2,29.4,79.0,6.31,3064.7,Riverine Alluvial
41.8,33.3,34.1,28.7,60.4,7.09,1326.8,Sandy
88.7,45.2,98.5,18.2,83.1,5.7,2586.9,Forest Loam
77.6,41.4,64.1,30.8,74.2,6.98,1646.0,Loamy
114.4,47.7,114.8,20.7,78.0,6.29,3963.0,Forest Loam
67.0,14.0,42.8,25.6,82.4,5.12,2821.5,Laterite
135.6,47.2,92.8,22.2,89.3,5.47,4168.3,Forest Loam
182.1,18.8,51.8,29.5,90.5,4.76,3046.1,Peaty
60.7,14.6,75.7,29.6,81.0,5.47,3046.6,Laterite
67.8,28.9,56.4,22.8,71.4,6.16,2931.5,Red Loam
45.5,37.7,65.3,27.5,61.6,7.98,1118.7,Black Cotton
78.0,48.5,113.4,27.7,84.8,6.4,2540.7,Riverine Alluvial
87.6,38.1,51.6,28.0,87.9,4.3,3469.9,Brown Hydromorphic
38.6,11.7,68.9,31.1,66.8,5.51,3427.0,Laterite
74.7,45.4,82.1,33.9,57.9,8.32,1338.2,Black Cotton
52.9,51.6,90.4,28.5,81.8,7.2,2563.4,Clayey
75.4,37.3,86.4,30.4,77.3,6.64,1650.8,Loamy
128.3,27.3,46.6,27.3,91.0,4.02,2994.3,Peaty
63.8,17.9,69.4,28.0,76.3,5.82,3858.2,Laterite
127.8,23.5,31.5,29.7,92.3,4.2,3173.5,Peaty
72.5,36.0,42.6,28.1,94.2,4.88,3257.0,Brown Hydromorphic
40.1,19.1,22.7,26.9,59.1,6.45,973.0,Sandy
76.6,37.2,68.3,36.1,53.6,7.55,873.5,Black Cotton
54.4,20.2,81.4,30.1,78.9,5.54,3054.7,Laterite
72.4,23.1,95.1,29.2,80.9,6.49,2530.5,Red Loam
65.6,18.7,104.8,29.3,74.0,5.14,3385.4,Laterite
65.7,22.7,95.0,23.1,81.9,6.53,2572.3,Red Loam
71.7,29.7,73.6,27.9,81.0,6.29,2096.3,Red Loam
135.6,26.7,44.3,30.9,94.6,4.8,3080.4,Peaty
103.4,64.7,71.8,23.5,76.9,6.19,4474.3,Forest Loam
115.0,40.9,90.0,31.4,76.9,6.82,2499.8,Riverine Alluvial
92.7,57.0,84.1,28.9,87.0,7.18,1309.1,Clayey
52.5,54.5,61.6,34.6,82.9,7.55,1705.8,Coastal Alluvial
106.9,53.7,81.2,28.1,80.3,6.61,3318.7,Riverine Alluvial
43.5,32.5,110.2,28.8,82.2,6.24,2419.4,Red Loam
62.4,33.4,63.4,30.7,57.1,7.94,1732.7,Black Cotton
43.3,30.2,53.6,30.9,85.1,7.35,2452.1,Coastal Alluvial
85.5,55.2,94.2,33.2,83.0,7.08,3000.9,Riverine Alluvial
68.4,41.5,76.3,24.7,61.8,8.1,1544.3,Black Cotton
108.3,52.8,105.4,20.0,94.8,5.67,4722.3,Forest Loam
68.4,44.5,48.3,31.7,97.4,4.32,3084.4,Brown Hydromorphic
54.2,31.6,72.3,25.4,79.2,5.72,2645.4,Red Loam
122.5,53.7,81.6,20.1,88.2,4.85,4137.2,Forest Loam
57.3,31.6,37.1,32.0,89.0,7.29,1961.3,Coastal Alluvial
63.3,12.0,67.4,27.7,80.9,5.56,2577.5,Laterite
78.3,53.1,82.7,38.7,59.3,8.35,1261.8,Black Cotton
68.9,32.3,51.3,27.6,90.6,5.1,2597.6,Brown Hydromorphic
70.8,51.2,76.6,32.4,61.0,8.06,1918.1,Black Cotton
60.8,29.5,53.1,29.7,83.6,4.81,3070.5,Brown Hydromorphic
84.5,51.2,88.9,30.2,77.9,6.74,2312.7,Riverine Alluvial
48.2,32.3,73.6,30.7,94.9,7.73,1834.7,Coastal Alluvial
128.7,36.1,85.6,24.4,84.0,5.53,3578.7,Forest Loam
60.9,26.9,77.5,24.0,76.9,6.13,2952.2,Red Loam
95.0,36.4,107.2,25.2,76.9,7.63,2568.2,Clayey
63.4,60.7,98.1,32.3,79.0,7.28,3015.6,Clayey
60.5,6.1,53.9,29.1,76.7,5.05,3468.2,Laterite
115.9,25.6,40.8,29.6,91.9,4.13,2941.0,Peaty
107.3,50.2,66.2,29.6,82.7,7.58,3118.8,Riverine Alluvial
70.1,31.5,79.9,28.3,87.8,7.29,2973.8,Riverine Alluvial
38.5,17.7,50.1,29.1,86.1,5.01,3330.3,Laterite
47.5,23.5,67.8,31.9,84.0,5.73,3702.1,Laterite
97.1,59.5,62.6,32.7,80.1,6.77,2759.1,Riverine Alluvial
32.9,28.3,44.7,35.3,84.0,7.65,2338.1,Coastal Alluvial
80.9,37.4,52.8,31.2,85.2,4.32,2759.1,Brown Hydromorphic
79.6,47.6,64.3,24.0,90.7,4.37,3324.6,Brown Hydromorphic
112.8,35.5,65.8,21.5,86.3,5.96,4107.2,Forest Loam
47.9,13.6,65.8,31.5,75.6,5.33,3424.7,Laterite
148.5,26.2,32.1,27.3,96.2,4.36,3004.4,Peaty
75.4,29.7,102.5,25.7,76.8,5.97,3095.3,Red Loam
128.2,53.8,88.9,23.7,85.4,5.71,2972.5,Forest Loam
107.1,55.0,125.0,20.4,78.8,5.78,4214.9,Forest Loam
78.2,55.7,90.7,30.1,84.3,6.55,2407.0,Riverine Alluvial
100.3,50.3,93.3,21.1,86.2,6.15,3888.2,Forest Loam
94.2,50.7,75.8,30.1,81.8,7.14,2699.8,Riverine Alluvial
75.9,31.7,62.9,31.4,94.9,4.67,3350.4,Brown Hydromorphic
58.5,20.4,80.4,30.3,73.0,6.82,2705.9,Red Loam
48.4,37.2,70.9,34.1,90.2,7.72,1815.9,Coastal Alluvial
64.2,33.7,66.7,29.4,91.5,8.29,2352.2,Coastal Alluvial
65.2,34.8,67.1,34.7,83.8,7.86,1968.0,Coastal Alluvial
36.0,23.9,76.1,27.5,80.0,6.44,2201.4,Red Loam
66.4,28.3,61.1,28.1,85.4,5.09,2650.5,Brown Hydromorphic
70.1,32.7,72.9,27.8,81.2,5.68,2550.1,Red Loam
118.2,47.4,114.0,16.7,88.1,5.36,5300.6,Forest Loam
82.9,29.5,68.9,33.3,90.3,5.57,3188.9,Brown Hydromorphic
64.2,39.2,74.5,35.8,58.6,7.97,1434.9,Black Cotton
63.5,32.8,103.8,29.8,66.5,5.57,2284.6,Red Loam
67.4,13.9,96.9,26.5,82.5,6.02,2697.5,Red Loam
53.0,9.8,36.0,28.8,76.8,5.13,3037.5,Laterite
113.4,41.4,77.6,20.2,79.3,5.46,3632.5,Forest Loam
79.9,48.8,58.8,38.0,67.6,8.03,1624.5,Black Cotton
90.8,35.7,88.1,18.6,79.7,6.19,3492.8,Forest Loam
160.8,27.9,47.9,31.8,92.3,3.96,2640.0,Peaty
55.9,19.6,72.1,27.8,80.5,5.54,3500.4,Laterite
56.0,15.9,47.6,28.0,91.0,5.33,3037.4,Laterite
50.3,16.6,90.0,28.7,78.8,4.72,3344.3,Laterite
135.5,31.6,47.0,32.5,93.2,4.17,2802.8,Peaty
61.0,22.5,97.3,31.8,82.9,5.76,2867.4,Red Loam
80.6,44.6,48.6,34.2,60.5,8.26,1583.4,Black Cotton
71.0,60.2,85.2,29.0,74.1,7.11,2706.1,Riverine Alluvial
46.0,13.1,57.1,25.9,85.2,5.71,3481.3,Laterite
66.1,47.1,87.3,28.6,72.7,6.65,1695.6,Loamy
149.3,28.7,36.2,29.4,88.2,4.61,2568.0,Peaty
49.1,24.7,50.7,32.5,86.2,7.61,2270.4,Coastal Alluvial
53.1,27.5,49.8,32.0,85.2,6.94,2055.8,Coastal Alluvial
63.0,17.9,89.4,25.3,89.9,4.71,3620.5,Laterite
139.8,26.5,39.0,27.2,95.2,4.13,2780.0,Peaty
93.5,60.7,95.0,31.6,88.5,6.66,3165.1,Riverine Alluvial
68.2,42.0,68.9,26.4,90.9,5.46,3078.9,Brown Hydromorphic
60.2,33.6,34.8,32.2,88.0,4.4,2880.4,Brown Hydromorphic
44.1,21.7,62.1,29.5,86.9,5.3,2587.4,Laterite
101.9,54.0,81.5,30.2,79.6,6.33,2009.5,Riverine Alluvial
55.7,34.5,69.0,29.2,64.3,7.59,1781.2,Black Cotton
162.7,30.0,33.2,32.1,92.7,4.1,2738.1,Peaty
90.8,51.8,66.6,33.1,86.5,7.16,3053.5,Riverine Alluvial
82.3,43.9,89.4,29.5,70.5,7.84,1369.1,Black Cotton
83.7,25.1,45.2,29.1,95.6,4.46,3259.5,Brown Hydromorphic
52.9,32.2,66.9,32.0,84.3,6.21,2328.0,Red Loam
80.0,56.9,93.5,27.1,77.6,6.78,2242.0,Riverine Alluvial
76.1,59.5,121.0,29.2,72.4,7.34,2547.6,Riverine Alluvial
71.6,28.4,96.7,28.6,74.0,6.06,2732.9,Red Loam
72.1,47.9,91.8,28.0,82.9,7.49,1650.3,Clayey
48.4,16.8,67.3,33.1,88.1,4.55,3169.5,Laterite
52.9,24.8,26.3,30.8,68.1,5.78,510.0,Sandy
73.8,28.6,33.0,29.4,87.5,5.02,2954.9,Brown Hydromorphic
63.0,30.4,88.8,33.0,69.8,5.78,3116.9,Red Loam
77.4,52.7,88.1,29.3,73.7,7.34,2796.0,Riverine Alluvial
48.6,17.4,98.3,24.9,87.2,5.72,3141.9,Laterite
42.4,28.7,65.3,27.3,80.7,8.0,1662.2,Coastal Alluvial
85.1,44.8,64.8,30.5,82.8,7.04,2691.5,Riverine Alluvial
48.7,38.1,76.1,30.0,78.5,5.87,1996.6,Red Loam
44.7,24.9,81.7,28.7,73.5,5.96,2548.1,Red Loam
76.5,31.5,99.0,31.0,59.4,7.86,1679.3,Black Cotton
90.8,23.7,54.6,30.0,93.1,4.61,2901.6,Brown Hydromorphic
46.8,17.2,64.7,29.5,70.0,5.64,4378.8,Laterite
41.8,11.0,94.5,27.6,73.3,5.64,2858.3,Laterite
54.0,9.1,57.6,30.0,78.4,5.16,4007.8,Laterite
95.8,29.1,75.9,31.3,67.5,6.28,3166.0,Red Loam
70.1,47.1,53.1,28.1,63.5,7.43,1568.1,Black Cotton
71.6,30.5,48.4,33.6,65.5,7.46,1582.1,Black Cotton
66.0,38.3,77.8,25.3,73.5,6.25,2544.3,Red Loam
96.7,42.1,43.4,30.4,80.7,4.53,2929.0,Brown Hydromorphic
101.8,37.6,68.9,31.1,65.3,6.91,1794.6,Loamy
110.6,53.5,88.4,22.9,88.9,6.54,2881.5,Riverine Alluvial
84.7,52.2,108.1,32.1,76.4,6.49,3005.0,Riverine Alluvial
44.2,17.0,35.9,38.1,61.4,6.57,1065.1,Sandy
119.4,50.3,57.9,20.8,89.1,6.0,3946.5,Forest Loam
33.4,9.2,70.9,32.0,76.8,5.24,3162.5,Laterite
52.0,42.2,53.7,29.9,83.5,7.72,1977.3,Coastal Alluvial
47.9,28.8,72.6,32.2,78.2,7.73,1871.8,Coastal Alluvial
72.0,38.4,100.2,16.9,88.9,5.9,3483.5,Forest Loam
81.3,34.2,80.4,29.3,70.0,6.39,2758.5,Red Loam
87.6,57.2,78.7,30.4,78.1,7.29,2849.8,Riverine Alluvial
65.0,8.6,71.8,31.0,85.4,5.2,3513.6,Laterite
37.5,44.7,42.6,34.5,89.4,8.22,1540.5,Coastal Alluvial
45.5,41.6,50.1,33.8,87.1,8.07,1952.6,Coastal Alluvial
58.7,28.0,64.1,33.0,78.2,5.7,3259.2,Red Loam
94.2,45.1,113.9,18.7,76.4,5.42,4569.3,Forest Loam
71.8,41.7,63.6,24.9,91.4,5.0,2836.9,Brown Hydromorphic
87.7,48.9,81.1,29.1,85.4,7.51,2817.3,Riverine Alluvial
47.1,39.8,67.1,30.8,82.1,7.2,1774.3,Coastal Alluvial
79.2,35.6,71.1,28.0,85.1,5.06,2646.7,Brown Hydromorphic
74.8,43.3,78.6,29.4,82.3,7.01,3017.1,Riverine Alluvial
99.6,31.9,119.9,16.4,81.2,5.29,3518.5,Forest Loam
45.8,37.8,57.4,26.0,75.2,6.38,1549.2,Loamy
70.4,44.6,67.4,34.2,63.8,7.71,1317.2,Black Cotton
27.1,31.0,69.1,30.2,94.5,7.25,1562.6,Coastal Alluvial
151.5,20.5,43.9,29.0,89.0,4.19,2722.7,Peaty
57.1,29.0,84.2,28.1,77.4,6.42,2271.9,Red Loam
48.8,32.1,49.8,29.4,80.4,4.74,3298.6,Brown Hydromorphic
87.6,21.1,88.4,26.1,76.7,6.47,1916.6,Red Loam
57.4,29.0,61.9,25.0,79.9,4.72,3451.3,Brown Hydromorphic
76.5,31.5,89.6,29.9,81.1,6.8,2365.7,Red Loam
84.1,25.9,53.1,28.0,88.0,4.86,3282.2,Brown Hydromorphic
42.9,20.7,27.0,29.1,44.7,6.78,930.1,Sandy
46.6,22.6,63.9,28.9,76.9,5.21,3163.8,Laterite
62.3,29.3,71.0,34.0,77.4,5.81,2057.4,Red Loam
63.4,40.2,70.7,29.6,82.0,8.26,1872.9,Coastal Alluvial
84.0,52.1,102.3,27.0,71.3,7.02,2395.6,Riverine Alluvial
53.3,19.5,92.7,26.3,82.6,4.91,2040.0,Laterite
112.0,62.0,106.9,19.4,76.8,5.24,3410.7,Forest Loam
79.8,8.7,47.0,28.5,88.0,4.9,3238.1,Laterite
58.5,29.2,76.2,33.1,70.6,6.67,2851.1,Red Loam
92.5,62.5,81.6,30.5,84.3,6.63,2742.1,Riverine Alluvial
55.9,58.0,122.8,25.6,84.4,6.73,2210.1,Riverine Alluvial
46.6,23.9,67.4,28.5,77.5,8.25,2415.6,Coastal Alluvial
63.5,25.4,79.3,31.2,71.4,6.27,2488.2,Red Loam
90.0,46.5,74.3,31.8,55.1,7.77,1103.7,Black Cotton
75.4,17.0,77.0,29.6,85.0,5.39,3465.1,Laterite
100.8,32.3,51.8,28.7,89.8,3.89,3150.5,Peaty
55.1,13.5,72.9,23.4,86.7,4.87,2832.0,Laterite
36.4,35.5,35.4,34.1,83.3,7.66,1742.3,Coastal Alluvial
42.1,41.6,74.1,31.7,82.3,8.06,2296.2,Coastal Alluvial
127.6,46.8,88.9,20.2,86.2,5.33,4233.7,Forest Loam
50.2,35.0,52.3,28.1,84.5,7.42,2141.5,Coastal Alluvial
101.6,65.7,94.6,30.2,81.0,6.47,3715.3,Riverine Alluvial
123.7,54.7,83.9,27.3,88.4,5.68,3522.0,Forest Loam
37.0,41.1,64.7,30.3,86.0,7.84,2576.1,Coastal Alluvial
62.3,36.8,62.3,28.9,59.0,7.75,1758.8,Black Cotton
55.2,27.9,68.8,30.6,80.5,6.26,2229.5,Red Loam
37.9,31.1,45.6,33.0,90.6,7.07,1944.5,Coastal Alluvial
48.5,28.2,70.9,32.4,84.4,8.36,1982.7,Coastal Alluvial
49.3,46.1,36.7,28.3,87.0,7.08,2394.8,Coastal Alluvial
75.1,35.0,84.2,30.0,66.0,7.47,1473.8,Black Cotton
48.2,16.2,72.9,26.1,74.2,5.03,3462.3,Laterite
71.2,30.6,47.4,30.7,89.7,4.49,2701.0,Brown Hydromorphic
77.4,28.6,43.6,29.2,91.2,5.0,3376.9,Brown Hydromorphic
132.8,29.2,22.5,29.8,91.9,4.01,3207.7,Peaty
106.0,56.5,83.3,22.4,83.3,5.51,4514.8,Forest Loam
107.2,59.7,91.5,23.7,88.2,5.81,3754.3,Forest Loam
72.6,52.7,53.0,32.4,72.6,7.62,1054.4,Black Cotton
42.6,13.4,55.9,31.4,88.5,5.68,4208.2,Laterite
125.9,67.0,78.7,16.9,84.2,5.9,3742.6,Forest Loam
34.6,27.7,29.4,24.7,50.9,6.38,578.9,Sandy
69.1,34.6,52.1,29.4,65.0,7.52,1707.5,Black Cotton
122.6,54.5,84.3,19.8,80.7,6.28,4816.5,Forest Loam
62.8,24.4,83.5,31.3,89.8,6.01,3113.9,Red Loam
98.0,45.3,70.2,23.0,85.8,7.25,1280.9,Clayey
71.1,33.1,100.6,28.7,77.5,6.29,2438.1,Red Loam
76.5,35.7,61.6,36.4,56.9,7.59,1663.6,Black Cotton
44.9,21.6,75.0,26.4,89.8,5.62,2996.5,Laterite
91.7,43.0,114.2,27.2,75.7,6.76,3290.8,Riverine Alluvial
77.6,51.3,85.6,24.2,69.1,7.21,1594.4,Loamy
27.0,11.6,73.3,32.2,85.6,5.21,3028.3,Laterite
71.4,28.5,62.5,26.7,79.5,6.18,2246.9,Red Loam
145.0,35.6,39.6,30.5,91.9,4.61,3151.5,Peaty
51.2,21.3,100.0,23.9,74.3,5.43,3319.9,Laterite
40.2,45.4,42.1,32.5,83.2,7.33,2427.8,Coastal Alluvial
59.9,24.1,61.0,28.4,87.0,7.41,2058.0,Coastal Alluvial
111.4,41.1,85.2,28.9,80.7,7.01,2702.4,Riverine Alluvial
80.8,54.9,71.8,28.3,81.0,6.95,2298.6,Riverine Alluvial
63.4,35.3,69.4,25.5,65.4,7.93,1297.7,Black Cotton
132.6,57.2,135.7,20.1,87.0,5.83,3904.3,Forest Loam
87.2,43.3,93.7,27.9,79.7,6.68,2799.6,Riverine Alluvial
77.3,63.4,102.6,26.9,68.2,6.88,3394.2,Riverine Alluvial
113.1,58.7,118.9,21.5,92.4,6.05,3363.4,Forest Loam
75.3,40.2,96.1,28.9,82.8,6.86,2600.6,Riverine Alluvial
43.7,36.9,71.4,32.8,72.3,8.48,1535.9,Coastal Alluvial
67.1,40.3,107.5,25.0,78.9,6.88,1886.2,Loamy
98.1,55.0,62.9,28.8,79.6,6.28,2914.3,Riverine Alluvial
120.5,61.8,80.4,28.4,71.8,6.51,2629.8,Riverine Alluvial
53.4,6.1,57.8,26.7,85.9,5.42,3727.6,Laterite
53.1,23.5,73.3,29.6,83.8,5.43,3487.3,Laterite
80.9,54.6,102.0,29.7,80.9,6.22,3419.8,Riverine Alluvial
69.9,38.1,69.2,34.4,87.0,4.69,3146.3,Brown Hydromorphic
96.0,49.7,72.5,20.7,88.2,5.04,4528.4,Forest Loam
109.3,49.7,99.9,18.2,84.8,5.6,4252.2,Forest Loam
120.5,45.9,62.0,28.3,81.9,6.7,2579.7,Riverine Alluvial
119.5,52.6,96.4,31.4,71.3,7.05,2751.5,Riverine Alluvial
45.0,18.6,68.9,30.8,82.5,5.74,3323.5,Laterite
58.7,12.8,55.4,31.4,81.8,4.68,2509.0,Laterite
124.4,37.1,99.4,18.5,84.2,5.3,3871.7,Forest Loam
69.1,23.8,87.6,28.9,74.6,6.03,2296.4,Red Loam
77.6,37.4,40.8,29.6,84.4,4.72,3171.7,Brown Hydromorphic
27.0,18.3,72.9,25.2,79.2,5.07,3985.1,Laterite
52.3,4.5,60.5,25.7,77.5,5.3,3733.1,Laterite
68.3,25.6,121.0,27.2,81.1,6.27,2867.4,Red Loam
46.3,27.2,40.8,24.9,85.5,8.39,1507.7,Coastal Alluvial
67.2,37.0,58.5,28.9,92.8,5.05,3085.3,Brown Hydromorphic
73.8,64.8,74.8,29.0,75.6,6.98,2727.4,Riverine Alluvial
36.9,34.9,46.7,29.4,85.9,7.8,2270.2,Coastal Alluvial
46.3,11.9,80.0,29.2,90.1,5.64,3896.8,Laterite
49.0,52.6,47.3,33.0,77.3,7.77,1960.8,Coastal Alluvial
98.5,37.9,66.9,34.4,56.5,8.31,1198.9,Black Cotton
120.2,62.4,88.2,24.1,83.8,5.65,4478.7,Forest Loam
123.6,46.9,97.9,19.2,85.6,6.2,4252.9,Forest Loam
80.3,39.1,54.7,28.6,58.5,7.33,1564.8,Black Cotton
129.3,53.9,95.8,26.0,95.8,5.88,4162.1,Forest Loam
66.6,15.7,93.4,27.9,70.6,4.8,2725.3,Laterite
60.8,60.9,79.7,32.4,69.8,7.13,2608.4,Riverine Alluvial
53.0,13.3,88.0,28.3,71.4,5.54,2821.9,Laterite
105.2,40.2,85.4,17.0,86.3,5.46,3710.0,Forest Loam
112.5,57.1,91.3,22.2,81.7,6.16,3701.8,Forest Loam
70.6,55.2,108.1,28.1,76.9,6.89,2822.6,Riverine Alluvial
52.4,44.1,58.8,34.3,76.5,7.67,1068.9,Black Cotton
90.6,53.0,101.7,27.9,83.5,6.65,2877.5,Riverine Alluvial
107.8,55.4,119.1,14.2,87.5,5.7,4430.5,Forest Loam
59.9,12.8,53.3,28.7,77.6,5.65,3177.7,Laterite
82.6,55.3,89.8,25.6,82.2,6.82,2254.8,Riverine Alluvial
121.7,28.0,22.6,28.3,89.5,4.91,3371.4,Peaty
136.3,66.4,120.0,20.7,87.6,5.63,4489.7,Forest Loam
44.0,13.5,65.9,31.1,89.0,5.26,2818.3,Laterite
116.9,56.6,101.0,21.7,85.4,6.14,4159.6,Forest Loam
85.1,57.8,108.3,31.4,84.6,7.52,2832.7,Riverine Alluvial
53.9,28.3,102.1,26.6,76.1,5.93,2886.5,Red Loam
71.5,30.5,48.9,29.0,84.3,4.5,3591.4,Brown Hydromorphic
72.3,17.6,45.9,30.4,79.3,6.48,2133.0,Red Loam
96.5,47.5,110.9,19.5,81.5,6.5,3507.7,Forest Loam
65.0,27.6,92.4,36.3,68.6,6.01,2067.2,Red Loam
87.0,42.8,67.0,29.7,64.3,7.37,1033.3,Black Cotton
72.6,18.5,80.5,27.4,89.8,5.2,3358.4,Laterite
68.5,58.3,94.3,27.3,81.9,6.26,2853.0,Riverine Alluvial
63.0,47.4,100.8,28.5,78.9,7.62,3023.8,Clayey
100.8,51.7,81.4,28.6,75.6,7.06,2921.4,Riverine Alluvial
32.6,35.5,54.2,29.0,88.1,7.46,2028.8,Coastal Alluvial
66.2,25.0,103.4,29.9,82.3,5.4,2040.0,Laterite
55.9,58.4,78.3,25.6,73.8,6.52,1686.7,Loamy
68.1,59.9,105.8,27.2,77.2,6.87,3162.9,Clayey
26.3,23.5,31.5,31.2,52.1,6.92,1178.5,Sandy
57.1,8.0,73.8,27.8,83.2,5.66,3490.9,Laterite
82.4,54.7,110.5,33.8,72.2,7.05,3041.3,Clayey
71.5,38.8,48.4,28.9,83.9,5.4,3405.6,Brown Hydromorphic
50.2,31.1,66.7,31.6,72.8,6.07,2054.8,Red Loam
52.2,38.8,93.2,32.9,71.3,6.26,2395.2,Red Loam
134.8,24.9,37.5,29.6,93.9,4.28,2700.8,Peaty
36.0,30.1,70.8,32.9,87.1,7.55,2264.6,Coastal Alluvial
56.3,29.6,99.1,31.4,70.5,6.05,2445.9,Red Loam
90.5,34.9,60.3,28.7,90.2,4.92,2782.2,Brown Hydromorphic
76.0,37.1,37.1,33.8,87.5,3.87,2378.7,Brown Hydromorphic
47.4,18.6,37.9,35.8,52.5,7.43,937.4,Sandy
70.5,13.6,53.0,28.8,73.2,4.6,3193.7,Laterite
46.4,31.7,62.2,27.9,78.9,8.1,1794.3,Coastal Alluvial
36.6,26.7,26.2,27.1,48.0,7.02,1350.0,Sandy
90.5,38.5,47.5,32.3,93.7,4.63,3382.9,Brown Hydromorphic
43.1,17.8,38.6,26.7,48.8,6.13,956.0,Sandy
69.7,13.2,75.0,30.8,79.0,4.95,3218.4,Laterite
43.8,8.1,50.3,28.0,83.3,4.73,3657.6,Laterite
76.5,48.1,101.0,28.1,77.4,6.98,2669.0,Clayey
54.3,10.2,48.2,30.4,77.1,4.87,2835.5,Laterite
68.7,41.9,58.7,29.7,57.3,7.61,1458.7,Black Cotton
146.1,52.6,140.4,21.4,82.5,6.31,4324.8,Forest Loam
57.9,19.2,55.9,30.3,98.5,4.76,3344.0,Brown Hydromorphic
55.0,54.6,92.4,28.9,85.6,7.24,2920.7,Riverine Alluvial
125.0,47.7,56.5,23.2,83.9,6.2,3501.2,Forest Loam
57.7,34.2,52.2,36.7,53.3,7.35,1433.3,Black Cotton
95.0,62.8,90.6,26.0,81.7,5.76,3606.5,Forest Loam
86.1,23.3,63.1,28.1,89.1,4.23,3590.1,Brown Hydromorphic
37.0,17.0,46.1,30.1,60.1,7.1,1186.9,Sandy
96.3,36.9,71.9,24.9,74.7,7.44,1318.4,Loamy
46.5,24.2,73.9,32.1,74.9,5.68,2497.2,Red Loam
81.0,35.9,63.4,29.2,65.2,8.22,1267.6,Black Cotton
35.0,33.7,66.1,32.4,88.8,7.91,2077.9,Coastal Alluvial
63.2,33.3,80.5,35.0,77.1,6.29,2591.7,Red Loam
38.5,32.6,67.4,33.1,82.4,7.69,1847.5,Coastal Alluvial
94.3,24.5,38.5,30.1,87.4,4.11,3152.1,Peaty
88.5,36.3,106.8,29.4,85.0,6.53,1989.2,Red Loam
92.9,47.1,78.9,20.9,86.8,7.1,2002.3,Clayey
33.7,16.8,69.5,29.8,89.8,4.55,3320.3,Laterite
55.3,21.7,69.3,29.0,80.9,6.54,2732.5,Red Loam
66.9,49.1,59.5,25.2,67.9,6.35,1958.7,Loamy
90.3,57.8,86.5,29.2,87.6,6.67,2742.8,Riverine Alluvial
62.0,49.9,83.7,27.7,71.6,6.71,1592.0,Loamy
71.0,51.7,70.0,37.2,57.7,7.89,966.0,Black Cotton
35.8,18.5,75.0,31.6,83.2,5.29,3403.6,Laterite
62.9,50.9,107.2,31.4,81.2,6.95,3010.2,Riverine Alluvial
87.2,49.3,85.9,28.7,74.9,7.24,1831.6,Clayey
35.5,20.5,35.9,30.3,62.9,7.09,1352.6,Sandy
85.8,65.4,89.1,26.7,83.4,6.57,2874.4,Riverine Alluvial
65.3,31.9,47.0,35.4,63.4,7.96,1168.5,Black Cotton
38.7,26.0,88.0,29.6,90.3,7.78,1803.8,Coastal Alluvial
155.9,29.0,44.1,29.0,86.0,3.91,2911.2,Peaty
61.5,17.8,71.7,26.1,63.8,6.1,2965.1,Red Loam
43.4,26.9,62.7,24.8,74.1,5.85,2181.5,Red Loam
99.1,48.0,91.8,27.2,87.5,7.03,2637.5,Riverine Alluvial
130.8,50.8,102.4,18.9,86.5,6.12,3950.4,Forest Loam
91.4,46.5,84.7,24.5,95.5,5.54,4203.4,Forest Loam
65.3,27.7,47.4,27.9,88.0,4.59,3204.2,Brown Hydromorphic
104.6,36.4,92.9,20.8,84.0,5.96,4042.5,Forest Loam
77.3,38.7,59.8,35.3,66.5,7.65,847.4,Black Cotton
35.4,33.4,78.2,31.0,87.2,7.74,2811.4,Coastal Alluvial
46.1,24.0,32.0,28.2,57.7,6.29,691.2,Sandy
27.1,26.0,36.6,33.6,62.6,7.11,710.3,Sandy
57.9,42.4,53.7,35.1,61.1,7.66,1359.8,Black Cotton
70.4,44.2,70.3,36.1,69.3,7.7,1317.1,Black Cotton
62.0,33.8,92.0,32.8,75.8,7.07,3070.5,Riverine Alluvial
56.8,23.5,48.7,32.3,73.5,5.82,2825.2,Red Loam
32.4,13.7,74.5,27.1,78.7,5.93,4391.4,Laterite
129.4,39.7,105.1,22.6,88.5,6.23,3871.3,Forest Loam
136.5,36.7,36.2,31.0,97.2,4.51,3184.0,Peaty
42.8,51.2,44.4,31.7,86.4,7.6,1760.8,Coastal Alluvial
95.6,30.5,57.8,35.1,86.9,4.45,2635.2,Brown Hydromorphic
62.9,27.9,89.3,30.6,80.6,6.19,2601.7,Red Loam
71.6,22.5,58.4,30.4,83.6,4.73,2992.1,Brown Hydromorphic
61.3,13.5,78.1,25.1,73.4,5.22,3084.4,Laterite
54.3,26.1,74.2,30.5,82.1,5.92,1893.5,Red Loam
44.3,42.1,80.7,32.3,91.9,7.93,2229.2,Coastal Alluvial
119.0,25.1,39.5,30.1,90.3,4.49,2788.0,Peaty
82.4,29.5,37.4,29.0,85.7,5.02,2804.1,Brown Hydromorphic
95.6,33.6,66.4,30.5,91.8,4.86,3229.0,Brown Hydromorphic
118.6,23.8,33.7,29.6,90.1,4.5,2669.4,Peaty
49.7,17.1,94.4,27.6,77.2,5.31,2459.3,Laterite
75.4,66.8,70.8,29.4,86.5,6.87,3335.5,Riverine Alluvial
112.3,39.2,110.2,26.8,75.1,6.74,2530.9,Riverine Alluvial
123.7,45.9,102.9,19.5,92.4,5.16,4061.3,Forest Loam
138.0,30.0,38.0,29.1,87.9,4.04,3124.7,Peaty
92.0,27.0,49.5,29.6,70.7,6.06,1817.6,Loamy
86.8,32.7,66.6,23.9,64.2,6.26,1738.8,Loamy
93.2,56.8,119.7,28.5,67.3,6.43,2603.4,Riverine Alluvial
51.0,32.9,52.0,31.3,85.7,4.37,3052.1,Brown Hydromorphic
72.5,43.3,62.1,30.1,82.4,6.71,2697.0,Riverine Alluvial
81.3,29.3,49.7,30.9,85.7,4.78,2975.8,Brown Hydromorphic
79.6,42.3,57.2,27.7,98.0,5.18,3341.3,Brown Hydromorphic
45.5,35.5,68.7,33.7,88.8,7.85,2327.2,Coastal Alluvial
62.8,11.4,57.3,27.9,80.3,4.89,3565.7,Laterite
73.3,38.7,46.7,27.1,81.5,4.86,3618.5,Brown Hydromorphic
101.1,52.1,87.7,29.4,82.2,7.13,2685.5,Riverine Alluvial
61.6,36.9,42.7,28.0,91.5,4.18,3340.7,Brown Hydromorphic
84.2,45.2,85.8,25.8,68.9,7.07,1734.7,Loamy
54.7,25.4,95.6,30.6,81.9,5.14,3983.3,Laterite
72.8,38.1,66.9,27.7,67.1,7.33,1432.5,Black Cotton
76.2,41.8,96.5,30.8,85.0,7.13,1833.9,Clayey
63.2,21.3,56.2,23.8,86.5,5.6,3342.4,Laterite
52.7,10.2,93.3,30.1,79.9,4.27,3830.2,Laterite
79.0,36.3,86.0,23.6,79.2,7.41,1757.1,Clayey
47.8,16.2,53.4,28.6,74.0,5.67,3523.2,Laterite
78.8,43.3,61.3,35.2,64.4,7.78,1305.5,Black Cotton
55.1,8.3,72.9,28.0,82.8,5.84,3672.1,Laterite
69.2,29.9,56.7,30.2,87.6,4.32,3097.0,Brown Hydromorphic
56.4,23.3,85.3,29.3,68.0,6.89,2387.3,Red Loam
51.0,31.0,59.1,33.7,89.4,7.73,2143.8,Coastal Alluvial
71.1,7.2,66.3,31.3,80.5,5.2,3251.5,Laterite
108.0,50.6,86.7,23.5,87.9,5.81,4168.0,Forest Loam
84.1,27.0,73.3,27.9,65.6,6.73,2407.8,Loamy
78.2,59.3,74.7,22.3,79.2,7.48,2122.9,Clayey
57.2,22.3,70.8,25.1,78.8,4.93,2679.7,Laterite
73.7,53.4,88.5,25.4,76.7,6.84,2641.3,Riverine Alluvial
89.7,48.1,39.1,35.7,63.9,7.63,1496.3,Black Cotton
61.3,14.5,66.4,29.4,82.9,6.03,3187.7,Laterite
113.7,55.4,97.0,28.8,84.0,7.24,2470.5,Riverine Alluvial
43.4,31.4,49.4,24.8,89.9,8.83,2065.2,Coastal Alluvial
86.7,44.3,42.2,28.2,91.4,4.83,2842.6,Brown Hydromorphic
69.3,37.1,83.9,34.2,77.2,6.8,2280.2,Red Loam
120.7,41.7,143.0,19.3,89.5,5.49,3032.1,Forest Loam
60.9,7.4,38.7,32.1,91.9,5.3,2820.5,Laterite
71.5,42.2,76.1,26.9,69.9,6.26,1691.5,Loamy
70.5,35.4,58.9,29.7,84.1,6.25,2486.9,Red Loam
52.8,17.8,73.9,27.3,81.3,4.91,3321.3,Laterite
54.1,30.0,85.0,30.7,70.1,6.32,2336.2,Red Loam
54.5,21.3,68.4,28.9,79.6,5.38,3297.1,Laterite
171.0,22.4,39.5,27.8,92.2,4.73,3176.1,Peaty
83.6,56.0,75.6,28.5,83.2,7.63,2217.8,Clayey
85.3,44.4,58.6,26.4,84.8,5.18,3230.7,Brown Hydromorphic
58.1,33.9,51.8,27.2,81.4,6.68,2301.1,Red Loam
90.8,65.7,105.7,21.3,88.3,5.28,3614.2,Forest Loam
65.4,53.2,58.9,23.4,86.6,7.22,2909.4,Riverine Alluvial
79.7,41.4,44.4,28.4,67.8,7.8,1055.7,Black Cotton
79.2,38.7,81.4,36.2,57.5,7.44,1276.9,Black Cotton
78.2,33.2,60.3,29.4,93.8,4.85,2610.2,Brown Hydromorphic
76.5,37.1,57.8,27.3,85.8,4.32,3334.3,Brown Hydromorphic
34.6,27.3,68.5,34.4,90.6,7.87,1791.1,Coastal Alluvial
96.0,49.0,54.9,25.5,76.5,7.0,1829.7,Loamy
25.2,36.9,45.9,30.4,84.7,7.94,1519.0,Coastal Alluvial
71.2,30.0,49.2,26.3,83.5,4.74,2831.1,Brown Hydromorphic
44.7,17.0,85.0,27.4,80.3,5.37,2804.0,Laterite
103.7,57.2,103.2,28.7,89.6,6.55,3565.5,Riverine Alluvial
161.6,30.8,43.1,32.2,90.0,4.33,2786.7,Peaty
152.1,27.9,34.1,31.8,95.9,4.24,2235.8,Peaty
38.1,20.0,69.5,25.2,89.6,5.02,3407.0,Laterite
54.2,23.6,75.3,29.4,79.8,5.22,4347.7,Laterite
53.5,24.9,44.5,32.1,86.7,7.57,2031.9,Coastal Alluvial
18.0,12.3,33.8,31.5,46.9,7.3,1072.5,Sandy
88.5,34.4,45.0,27.4,88.2,4.78,3139.6,Brown Hydromorphic
37.6,21.9,24.6,28.3,48.8,6.52,1023.0,Sandy
63.6,15.9,74.3,25.8,78.4,5.74,3314.4,Laterite
52.3,31.1,79.1,29.7,75.6,5.99,3074.3,Red Loam
140.3,49.0,109.8,17.1,85.7,5.56,3814.2,Forest Loam
66.0,27.9,78.8,32.0,84.7,6.53,2596.2,Red Loam
40.2,30.1,41.1,35.2,91.3,7.81,2339.6,Coastal Alluvial
71.0,31.3,74.3,27.6,79.3,6.52,2203.6,Loamy
84.0,36.7,82.9,26.3,55.8,8.25,1540.3,Black Cotton
59.8,27.2,94.9,28.7,70.5,6.38,2471.8,Red Loam
95.8,41.4,84.0,34.5,80.2,7.14,2793.8,Riverine Alluvial
90.1,35.3,59.3,29.6,88.0,4.72,2968.8,Brown Hydromorphic
98.5,60.2,86.4,26.5,83.4,7.17,3568.4,Riverine Alluvial
84.8,57.1,79.4,26.1,75.0,6.63,2764.2,Riverine Alluvial
73.1,42.3,86.4,31.0,78.3,5.8,2147.1,Red Loam
139.9,34.9,106.8,17.6,80.6,5.97,3876.4,Forest Loam
56.1,14.0,81.4,28.4,75.1,5.07,4313.7,Laterite
45.6,25.6,60.9,33.6,88.8,7.9,2011.3,Coastal Alluvial
59.6,15.8,75.4,30.4,87.6,5.38,3104.3,Laterite
61.3,25.3,30.9,30.5,84.0,7.93,1988.1,Coastal Alluvial
46.8,15.7,56.9,29.1,78.7,5.16,2821.4,Laterite
67.6,14.0,51.7,27.6,79.9,5.15,3901.8,Laterite
126.3,36.5,101.3,21.1,81.3,6.16,3178.4,Forest Loam
136.3,27.3,40.8,30.1,89.8,4.75,3131.2,Peaty
57.7,43.9,64.7,30.9,65.3,7.87,1635.1,Black Cotton
64.6,29.0,87.9,23.2,75.5,6.06,2899.0,Red Loam
37.8,32.0,52.0,32.2,82.7,7.59,2305.3,Coastal Alluvial
98.3,59.4,103.4,16.7,80.9,6.1,4726.3,Forest Loam
41.5,31.0,59.9,29.6,81.7,7.9,2285.2,Coastal Alluvial
61.4,9.1,77.6,27.2,84.0,5.3,3227.5,Laterite
94.8,37.9,86.4,31.0,77.3,7.39,3008.5,Riverine Alluvial
81.1,10.9,71.4,27.2,82.5,4.9,3134.6,Laterite
82.0,55.3,107.0,24.0,74.7,6.6,3281.9,Riverine Alluvial
86.5,54.6,62.1,23.6,73.0,6.56,2204.1,Clayey
154.1,36.9,74.4,14.9,82.1,5.93,4404.6,Forest Loam
61.7,23.0,77.9,29.4,74.6,5.9,3278.0,Red Loam
60.4,27.4,33.2,32.4,95.6,5.13,3334.7,Brown Hydromorphic
77.0,23.2,77.6,31.6,79.0,6.24,3380.4,Red Loam
56.1,52.1,60.5,24.6,81.7,7.5,1429.5,Clayey
97.3,52.4,95.2,16.8,84.9,5.85,4735.1,Forest Loam
119.1,61.0,114.6,19.5,83.8,5.62,4184.4,Forest Loam
61.3,36.9,90.2,26.5,69.8,6.27,2421.3,Red Loam
75.5,25.1,71.7,29.2,83.3,6.26,2446.2,Red Loam
77.2,43.0,84.4,32.3,68.9,8.24,1478.5,Black Cotton
68.9,31.9,84.1,31.2,69.7,7.36,3117.7,Clayey
127.8,37.5,73.3,19.6,79.9,6.04,4487.2,Forest Loam
31.1,19.0,54.4,29.8,84.5,5.85,3170.7,Laterite
62.3,6.7,62.3,27.3,81.1,5.1,2887.5,Laterite
38.6,10.3,61.2,30.6,82.2,4.9,3880.8,Laterite
97.4,40.5,102.3,20.6,76.0,5.88,4463.5,Forest Loam
152.6,19.8,50.0,32.4,91.1,4.48,3746.8,Peaty
60.3,26.0,46.4,33.9,80.1,5.2,3279.7,Brown Hydromorphic
57.5,19.5,90.7,29.5,70.2,5.16,3335.6,Laterite
56.1,49.2,84.1,28.2,68.9,6.39,1732.0,Loamy
123.6,49.1,49.5,29.8,84.4,7.07,2368.8,Riverine Alluvial
97.7,57.2,96.9,30.8,78.7,6.68,2590.3,Riverine Alluvial
64.5,37.8,74.3,29.9,58.5,7.68,988.3,Black Cotton
57.3,44.0,101.1,25.1,81.6,6.16,2415.0,Red Loam
103.5,53.7,77.4,26.0,73.3,5.93,4398.3,Forest Loam
136.1,38.4,112.9,23.0,86.3,5.46,4100.0,Forest Loam
50.4,20.9,71.3,26.9,83.0,5.8,3254.9,Laterite
45.3,16.8,78.9,28.1,86.1,5.22,3759.4,Laterite
85.7,64.1,75.0,27.6,73.3,6.41,3026.5,Riverine Alluvial
63.9,16.2,77.5,26.7,77.4,5.35,2704.1,Laterite
109.1,55.7,111.3,21.3,80.4,6.62,3006.7,Forest Loam
55.0,21.2,71.0,31.5,81.7,5.1,3307.5,Laterite
83.3,19.6,89.4,31.4,73.5,6.45,2570.5,Red Loam
119.1,69.2,73.4,24.7,78.8,7.08,2826.9,Riverine Alluvial
91.5,56.9,86.9,20.2,90.7,5.84,4039.3,Forest Loam
64.1,17.2,74.9,31.0,83.4,6.13,1647.0,Red Loam
44.9,33.0,92.9,29.6,79.2,6.18,2816.0,Red Loam
113.7,46.7,126.3,30.6,77.5,6.96,3011.1,Riverine Alluvial
105.1,47.3,85.5,26.4,74.6,6.86,2542.1,Riverine Alluvial
35.0,10.9,87.4,32.5,86.8,5.74,2200.9,Laterite
60.1,4.5,76.4,28.8,87.4,5.69,2777.4,Laterite
56.3,9.7,51.4,30.8,82.6,5.45,3167.3,Laterite
21.6,33.4,37.6,31.2,59.0,7.02,987.4,Sandy
87.0,58.3,96.0,32.3,82.7,7.17,2401.9,Riverine Alluvial
82.5,32.0,60.4,31.4,53.9,7.88,1531.8,Black Cotton
99.5,25.0,51.6,30.8,86.3,4.34,2924.4,Brown Hydromorphic
41.8,29.3,58.2,30.3,88.0,7.35,1815.0,Coastal Alluvial
67.5,16.2,76.6,25.8,89.3,5.51,3539.7,Laterite
61.2,37.9,90.4,31.0,78.0,6.53,2246.8,Red Loam
42.5,39.4,55.5,31.2,86.7,8.52,1517.9,Coastal Alluvial
75.4,26.9,48.1,31.8,66.6,7.64,1461.0,Black Cotton
128.3,31.5,50.0,32.1,84.8,3.93,2900.9,Peaty
29.2,19.7,84.5,33.1,80.2,5.53,3669.3,Laterite
51.1,39.9,83.6,30.3,82.0,7.83,1986.9,Coastal Alluvial
93.3,35.6,58.1,26.0,89.7,4.46,3276.7,Brown Hydromorphic
111.3,41.8,105.0,18.7,87.8,5.25,4042.5,Forest Loam
116.3,37.9,119.5,29.1,82.4,6.44,2654.1,Riverine Alluvial
71.4,24.6,63.9,30.0,83.9,6.45,2549.0,Red Loam
126.5,29.6,82.2,20.9,76.6,5.4,3758.5,Forest Loam
95.4,64.8,60.0,27.8,77.1,6.8,3176.7,Riverine Alluvial
53.6,25.3,64.2,32.5,88.7,7.7,2059.6,Coastal Alluvial
54.1,17.0,59.0,29.2,72.7,6.38,2711.8,Red Loam
73.3,35.2,87.4,29.2,74.9,6.33,2492.7,Red Loam
127.8,50.5,94.8,23.3,80.5,5.75,3504.8,Forest Loam
77.1,38.7,70.4,31.1,93.1,4.93,3099.6,Brown Hydromorphic
87.5,42.6,83.4,31.8,78.6,7.22,3320.5,Riverine Alluvial
115.5,48.3,103.5,18.8,85.1,5.44,3779.6,Forest Loam
52.0,42.3,85.3,25.5,76.2,6.15,2742.2,Red Loam
81.8,52.5,43.9,29.1,88.4,4.57,4046.5,Brown Hydromorphic
70.3,21.1,60.0,25.6,85.6,4.46,3163.7,Brown Hydromorphic
42.4,16.2,64.8,26.8,78.8,5.57,2616.2,Laterite
82.4,40.2,64.6,31.3,63.2,7.9,1236.8,Black Cotton
69.3,44.2,62.6,30.7,88.8,5.36,3337.7,Brown Hydromorphic
45.4,37.5,64.8,27.3,84.8,5.04,3027.1,Brown Hydromorphic
57.8,17.9,56.3,30.1,80.0,5.71,3575.6,Laterite
58.6,47.4,36.0,33.3,53.8,7.76,1101.2,Black Cotton
54.3,39.3,51.2,30.2,87.3,4.92,3164.2,Brown Hydromorphic
62.0,10.8,51.4,34.7,86.0,5.35,3246.1,Laterite
138.7,66.0,90.4,15.5,84.9,5.97,3437.8,Forest Loam
108.2,39.4,96.8,21.6,85.1,5.46,3627.4,Forest Loam
85.8,56.5,114.1,22.4,79.8,6.9,2086.3,Clayey
99.5,70.6,86.6,30.2,76.8,6.42,2627.6,Riverine Alluvial
61.2,7.9,84.8,28.2,71.7,4.86,3030.4,Laterite
91.4,55.0,53.4,29.6,85.0,5.07,3492.0,Brown Hydromorphic
84.3,38.9,75.8,23.3,72.6,6.76,1047.3,Loamy
77.4,31.8,57.6,30.1,91.3,4.75,3042.1,Brown Hydromorphic
72.5,39.8,49.5,27.1,74.5,7.28,3233.4,Riverine Alluvial
46.0,33.2,62.5,28.6,85.3,4.83,3318.0,Brown Hydromorphic
26.3,37.2,57.3,35.2,86.1,7.73,1878.6,Coastal Alluvial
66.5,24.3,69.1,29.8,69.2,8.25,1569.2,Black Cotton
86.7,57.6,102.4,20.4,80.3,5.19,4309.2,Forest Loam
25.4,25.1,31.6,32.3,52.3,6.99,873.3,Sandy
83.0,45.9,100.7,28.2,84.8,6.41,3077.0,Riverine Alluvial
64.1,34.9,59.0,30.1,95.2,5.47,3850.2,Brown Hydromorphic
63.3,25.0,64.4,31.1,91.4,4.04,3168.0,Brown Hydromorphic
57.7,7.3,79.1,29.5,75.0,5.5,4061.1,Laterite
40.5,36.3,80.9,25.9,62.7,7.1,1720.4,Black Cotton
43.6,22.0,63.5,28.7,81.8,5.1,3124.3,Laterite
65.8,55.3,54.9,28.6,75.8,6.72,3179.4,Riverine Alluvial
58.1,46.4,89.0,28.1,80.8,6.49,3295.8,Riverine Alluvial
100.4,42.1,106.9,26.1,76.4,6.4,2979.7,Riverine Alluvial
133.1,37.2,30.7,34.0,91.2,4.23,3131.7,Peaty
74.6,69.9,81.7,27.1,83.6,7.08,2852.5,Riverine Alluvial
50.1,25.3,100.3,28.5,73.7,6.11,2613.0,Red Loam
66.6,37.2,41.6,29.5,87.6,4.91,3409.2,Brown Hydromorphic
53.3,40.9,49.9,29.5,82.4,5.27,3243.3,Brown Hydromorphic
63.3,32.7,87.8,26.1,75.7,5.65,1914.9,Red Loam
65.2,30.9,52.9,32.4,65.3,7.91,1445.7,Black Cotton
51.4,12.5,67.3,25.7,86.7,4.99,2667.5,Laterite
132.9,22.1,50.5,31.3,89.0,3.91,2902.2,Peaty
36.0,40.3,102.8,29.9,75.9,6.21,2265.5,Red Loam
89.2,34.7,56.0,32.3,90.5,4.25,3678.9,Brown Hydromorphic
59.7,33.7,74.7,24.0,71.7,5.94,2516.2,Red Loam
29.2,31.3,41.2,32.9,60.8,6.42,1085.9,Sandy
79.3,28.2,51.1,30.4,73.3,6.12,2436.1,Red Loam
50.0,21.0,108.8,25.9,78.7,6.1,3063.4,Red Loam
49.5,20.0,71.2,27.8,76.1,5.11,3027.6,Laterite
63.9,33.3,64.0,26.4,74.3,6.79,2401.1,Red Loam
135.3,40.3,32.2,28.8,89.7,4.5,2668.7,Peaty
90.4,14.3,63.5,28.6,79.5,6.1,2327.6,Red Loam
77.7,13.5,90.6,29.4,75.0,5.75,3186.3,Red Loam
73.8,21.4,89.6,33.0,85.5,6.52,2954.8,Red Loam
96.1,44.1,53.4,30.2,92.8,4.77,3070.1,Brown Hydromorphic
57.1,17.5,87.9,33.6,79.8,5.8,4022.0,Laterite
58.1,35.4,64.5,32.5,91.6,4.52,2895.4,Brown Hydromorphic
62.7,33.9,88.1,27.7,81.9,6.09,2511.7,Red Loam
73.5,36.7,59.6,30.5,56.1,7.59,1051.5,Black Cotton
36.2,22.9,38.3,29.1,48.1,6.13,1250.3,Sandy
85.0,52.3,115.9,26.7,89.4,6.84,3321.5,Riverine Alluvial
61.5,17.2,81.4,31.8,78.4,5.09,3676.6,Laterite
58.3,34.4,63.8,34.3,85.7,7.65,2707.4,Coastal Alluvial
69.8,11.7,74.8,29.0,74.6,5.85,3616.2,Laterite
27.9,21.5,64.7,27.8,83.8,7.26,1802.8,Coastal Alluvial
72.1,27.8,68.8,31.4,88.1,5.75,2928.4,Red Loam
70.7,42.7,59.6,30.9,82.3,6.94,2224.5,Riverine Alluvial
96.3,57.6,114.4,24.9,86.5,6.24,3319.9,Forest Loam
56.7,32.9,102.4,30.4,83.1,7.59,2313.3,Clayey
51.6,20.7,57.2,28.9,92.8,5.95,3165.0,Laterite
76.2,39.7,53.9,35.3,61.9,7.66,1143.9,Black Cotton
90.5,35.2,65.1,30.2,85.7,4.83,3427.0,Brown Hydromorphic
84.9,29.9,85.5,28.0,81.1,5.96,2574.5,Red Loam
62.9,28.4,45.0,29.7,72.0,6.1,2120.9,Red Loam
146.7,26.4,52.4,31.2,93.7,4.44,3128.4,Peaty
87.7,55.9,62.5,29.9,79.8,6.77,2596.2,Riverine Alluvial
49.7,26.2,75.9,28.6,73.4,5.69,2747.9,Red Loam
78.4,50.3,89.8,26.1,75.3,7.64,2132.1,Clayey
49.3,55.0,64.0,29.7,82.0,7.67,2169.9,Coastal Alluvial
67.2,29.3,69.3,28.0,69.2,7.86,1912.3,Black Cotton
42.3,39.4,63.6,32.5,60.8,8.75,1658.6,Black Cotton
72.7,67.6,99.0,27.4,77.7,7.51,2960.3,Riverine Alluvial
49.2,14.4,89.8,30.7,82.1,5.96,3331.1,Laterite
46.6,8.1,73.2,29.4,80.0,4.96,4146.8,Laterite
82.1,40.0,65.0,28.4,91.4,4.9,3098.7,Brown Hydromorphic
49.0,18.0,40.8,31.6,80.4,7.51,1850.4,Coastal Alluvial
71.0,42.8,68.3,28.5,68.4,6.69,2364.7,Loamy
50.7,18.8,100.2,25.3,80.5,5.79,2251.3,Red Loam
74.3,40.8,54.8,27.4,87.0,5.36,2776.5,Brown Hydromorphic
165.5,31.2,36.2,32.1,100.0,4.22,3085.9,Peaty
69.0,28.8,73.0,31.1,80.0,6.19,2216.4,Red Loam
92.8,57.9,123.2,24.4,88.1,6.89,1852.9,Riverine Alluvial
31.2,47.6,69.1,29.9,88.5,7.56,1850.7,Coastal Alluvial
65.1,40.7,84.3,33.0,77.3,5.83,2687.9,Red Loam
74.3,57.7,65.8,35.7,72.8,8.22,1812.3,Black Cotton
45.8,33.6,34.0,31.8,88.8,7.49,2399.4,Coastal Alluvial
78.6,31.4,99.2,32.7,80.0,5.92,2517.4,Red Loam
71.8,9.2,59.5,28.5,79.4,5.35,3581.1,Laterite
147.5,19.1,49.4,29.0,95.9,4.87,2539.8,Peaty
51.2,21.3,80.1,29.2,72.0,5.68,3257.1,Laterite
46.0,27.6,88.0,30.2,62.6,6.33,2974.1,Red Loam
134.5,26.3,49.2,27.8,93.9,4.44,2975.9,Peaty
59.3,22.3,54.9,23.9,79.7,5.34,2886.4,Laterite
47.7,19.1,39.3,29.1,43.8,6.44,1032.7,Sandy
75.7,44.9,86.5,17.6,87.8,6.0,4184.2,Forest Loam
88.5,49.8,64.2,28.3,73.4,6.28,1051.8,Loamy
83.4,33.5,58.3,28.5,89.2,4.38,3317.4,Brown Hydromorphic
161.9,42.4,81.1,25.9,82.8,5.89,3056.6,Forest Loam
48.4,22.1,82.2,30.9,73.2,6.34,2871.6,Red Loam
47.4,16.7,71.3,28.5,75.8,5.24,3823.2,Laterite
63.4,15.6,95.2,31.3,86.3,5.08,2870.3,Laterite
128.3,44.4,81.6,15.3,76.1,5.72,4505.0,Forest Loam
68.3,44.8,84.2,23.6,69.2,6.99,2071.9,Clayey
110.1,43.9,110.9,18.3,86.9,5.98,4171.6,Forest Loam
138.4,37.2,62.0,28.3,86.0,3.95,3124.4,Peaty
46.0,36.4,57.8,34.2,92.2,7.81,1736.4,Coastal Alluvial
45.0,31.9,58.9,29.2,90.6,4.6,2528.5,Brown Hydromorphic
65.4,35.9,77.8,26.3,81.3,6.18,3180.5,Red Loam
60.3,47.4,60.6,28.1,80.9,4.86,3141.9,Brown Hydromorphic
39.0,39.8,70.2,37.8,81.7,7.59,1578.2,Coastal Alluvial
52.6,42.8,68.3,31.3,67.7,7.3,1422.6,Black Cotton
80.4,66.8,100.8,30.1,79.7,7.37,2951.6,Riverine Alluvial
57.9,18.3,45.9,29.8,78.9,5.09,4105.3,Laterite
72.2,6.5,54.0,31.1,85.8,5.4,3408.7,Laterite
120.0,57.5,95.8,22.6,94.6,5.64,4460.9,Forest Loam
34.5,33.4,40.3,33.3,80.6,7.71,2078.7,Coastal Alluvial
73.7,51.6,120.5,18.6,83.1,5.56,4020.0,Forest Loam
80.0,32.1,117.4,32.0,74.2,6.25,3002.7,Red Loam
40.8,10.8,50.4,28.0,85.3,5.1,3350.2,Laterite
53.7,17.8,68.7,34.1,89.2,5.1,4214.1,Laterite
43.3,35.8,68.1,35.8,86.8,7.3,1972.0,Coastal Alluvial
59.5,27.4,56.6,26.2,80.1,7.78,2167.8,Coastal Alluvial
140.6,40.6,123.2,17.9,83.6,5.85,4112.2,Forest Loam
110.5,42.3,92.3,20.2,90.4,5.58,4116.3,Forest Loam
92.3,39.7,80.4,27.5,80.6,7.03,3061.0,Riverine Alluvial
146.5,51.6,98.4,14.5,83.7,5.5,3638.7,Forest Loam
85.0,27.8,55.9,30.4,85.4,4.81,3280.3,Brown Hydromorphic
73.2,17.6,82.5,27.0,71.5,4.79,3401.6,Laterite
83.4,54.7,81.1,28.9,77.4,6.34,2893.4,Riverine Alluvial
62.1,16.7,47.0,26.2,82.8,4.94,3221.7,Laterite
29.4,25.7,42.7,31.8,48.3,6.71,1191.5,Sandy
112.2,57.4,95.8,27.6,73.5,6.3,3715.0,Riverine Alluvial
69.8,25.1,56.0,28.7,86.0,5.03,3418.4,Laterite
52.8,24.6,54.1,30.5,79.5,6.01,3467.3,Laterite
70.6,39.1,47.4,30.8,90.1,4.66,2768.1,Brown Hydromorphic
38.6,14.5,80.7,26.9,77.3,5.32,3420.7,Laterite
127.3,71.5,83.1,18.8,84.6,5.76,4367.0,Forest Loam
28.4,33.1,73.1,36.0,81.5,7.7,1904.8,Coastal Alluvial
74.6,53.6,83.4,28.5,73.0,7.21,1953.1,Clayey
93.5,38.0,47.7,28.5,96.4,4.31,2879.3,Brown Hydromorphic
101.3,59.3,103.9,17.5,84.2,6.39,3469.4,Forest Loam
67.8,17.6,92.3,25.1,76.0,5.78,3029.9,Red Loam
80.8,50.6,58.4,26.3,67.4,8.19,1129.7,Black Cotton
135.1,22.8,52.9,28.6,93.8,4.73,2437.3,Peaty
47.6,11.0,67.3,31.1,74.3,5.0,3335.6,Laterite
123.2,29.8,112.0,20.6,74.4,6.14,3486.9,Forest Loam
56.2,34.3,80.8,25.8,83.4,5.81,2526.5,Red Loam
59.7,56.6,67.6,27.2,67.8,6.53,1668.3,Loamy
45.6,27.3,26.8,27.1,53.7,7.13,1383.2,Sandy
45.6,7.3,86.8,23.0,90.8,5.39,2990.7,Laterite
61.7,20.7,72.2,26.3,63.5,5.89,2600.3,Red Loam
39.8,37.3,27.7,30.4,85.8,7.65,2086.4,Coastal Alluvial
123.4,48.7,83.9,18.0,87.0,5.96,4022.4,Forest Loam
61.7,18.0,51.3,30.2,92.7,3.98,3196.3,Brown Hydromorphic
65.0,21.5,41.7,30.4,85.3,5.97,4198.3,Laterite
57.0,33.7,66.9,37.6,51.0,6.9,1711.2,Black Cotton
88.4,43.7,97.3,27.5,74.1,6.95,2882.7,Riverine Alluvial
70.5,17.7,74.6,31.1,82.6,6.31,2439.5,Red Loam
53.2,30.1,59.0,33.6,84.6,7.43,2168.3,Coastal Alluvial
59.0,16.6,54.9,22.8,81.8,5.62,3147.4,Laterite
139.4,37.1,42.6,30.5,98.6,5.1,2679.8,Peaty
30.5,9.6,98.5,28.9,76.7,5.26,3434.5,Laterite
87.6,47.5,117.8,30.3,86.7,7.39,2919.6,Riverine Alluvial
110.2,48.4,76.1,25.6,78.2,6.89,2539.7,Riverine Alluvial
89.2,45.8,108.3,29.8,71.4,7.23,2562.5,Riverine Alluvial
105.0,54.5,121.3,23.5,86.8,5.76,3558.2,Forest Loam
49.9,14.6,39.0,34.2,60.2,6.41,1296.7,Sandy
87.3,29.2,60.2,26.0,83.9,6.91,1959.5,Clayey
142.8,25.7,26.4,32.6,94.1,4.89,2619.2,Peaty
85.4,31.2,78.8,32.6,62.9,8.68,1619.3,Black Cotton
68.3,41.5,55.4,27.2,81.6,5.22,3100.1,Brown Hydromorphic
48.5,22.4,62.9,32.6,78.7,6.1,2743.3,Red Loam
48.1,12.0,82.1,28.8,86.3,5.19,2657.8,Laterite
136.7,33.6,47.9,29.8,94.6,4.12,2889.5,Peaty
72.3,38.2,37.4,26.5,96.9,4.96,2871.4,Brown Hydromorphic
109.7,34.0,96.9,22.4,83.2,6.1,3514.2,Forest Loam
50.7,20.1,54.4,29.9,85.6,4.58,3201.1,Laterite
122.0,23.6,57.3,31.2,91.5,3.68,3219.1,Peaty
91.2,44.8,88.8,27.8,76.2,7.27,2758.9,Clayey
42.8,11.4,33.2,35.3,59.8,7.43,1348.9,Sandy
87.1,34.3,60.1,25.1,65.8,8.12,1326.7,Black Cotton
52.9,49.2,64.0,37.6,68.7,7.53,1249.1,Black Cotton
113.1,56.1,100.7,23.2,81.2,6.11,3964.8,Forest Loam
63.1,43.8,29.1,28.6,86.3,5.16,2944.6,Brown Hydromorphic
88.0,39.3,49.6,27.7,85.9,4.46,3013.8,Brown Hydromorphic
77.0,51.1,52.9,27.1,89.4,4.96,3106.7,Brown Hydromorphic
92.1,74.6,77.1,24.3,85.9,7.0,2753.8,Riverine Alluvial
86.8,51.6,100.5,25.5,85.0,6.55,2554.9,Riverine Alluvial
58.5,38.8,77.5,33.3,72.3,6.3,3248.8,Red Loam
50.2,25.6,45.8,33.0,84.9,8.11,1951.4,Coastal Alluvial
73.4,19.2,78.9,31.7,83.9,5.88,2686.4,Red Loam
68.9,27.7,92.8,28.1,77.5,6.31,2458.8,Red Loam
64.6,24.2,77.5,25.1,78.0,6.22,2092.7,Red Loam
83.9,32.8,54.5,33.3,81.5,4.77,2767.4,Brown Hydromorphic
73.4,50.3,93.0,30.7,65.7,6.51,1665.7,Loamy
90.6,40.3,65.4,28.9,82.7,4.73,3314.8,Brown Hydromorphic
70.8,26.5,92.0,28.9,72.0,6.39,3015.6,Red Loam
127.0,38.2,91.0,22.7,87.6,5.85,3489.0,Forest Loam
34.4,31.9,34.1,30.6,50.1,6.33,1381.4,Sandy
80.9,30.6,62.6,33.8,70.3,7.96,1573.9,Black Cotton
83.8,71.8,99.0,26.9,75.4,7.32,3574.9,Riverine Alluvial
80.8,28.0,47.1,30.4,93.3,4.16,3036.2,Brown Hydromorphic
96.7,30.4,69.3,32.1,89.5,4.4,2338.6,Brown Hydromorphic
48.9,47.1,62.1,24.7,63.5,7.79,1234.8,Black Cotton
102.8,43.8,112.8,15.6,86.0,6.24,4130.8,Forest Loam
66.4,26.7,82.1,26.9,71.6,6.1,2318.4,Red Loam
55.3,23.9,41.6,32.3,87.7,4.95,2683.1,Laterite
76.4,38.9,103.6,28.2,85.2,7.79,2625.7,Clayey
51.6,13.8,69.8,29.7,81.9,5.41,3520.3,Laterite
90.7,64.4,59.6,27.0,83.5,7.06,2978.7,Riverine Alluvial
92.8,46.2,75.7,26.5,78.8,6.19,1746.8,Loamy
117.4,42.7,78.6,22.2,84.1,5.91,4225.8,Forest Loam
57.3,23.4,73.9,34.3,66.5,5.17,3876.3,Laterite
59.5,21.0,55.2,29.0,84.3,4.97,3778.0,Laterite
148.1,22.5,43.3,32.4,94.1,4.44,3189.4,Peaty
54.0,56.8,93.5,31.9,87.2,6.91,3182.3,Riverine Alluvial
156.8,17.0,41.8,28.4,91.7,3.78,2725.6,Peaty
69.0,28.7,49.6,29.5,85.9,5.11,3421.3,Brown Hydromorphic
114.8,31.7,40.2,32.5,91.7,4.32,2720.8,Peaty
63.1,18.5,56.7,28.9,78.4,5.3,3062.6,Laterite
87.9,69.7,70.3,32.7,73.4,6.89,2555.3,Riverine Alluvial
29.5,38.8,50.4,28.8,81.2,7.62,2705.9,Coastal Alluvial
77.7,49.6,105.0,33.5,69.4,7.18,2373.7,Clayey
41.5,23.3,58.4,30.2,85.6,4.97,2262.0,Laterite
37.5,16.7,60.9,30.4,77.8,5.21,2965.2,Laterite
73.2,37.7,46.3,27.1,98.0,4.8,3179.0,Brown Hydromorphic
50.7,25.8,60.8,27.8,81.9,8.44,2205.9,Coastal Alluvial
106.7,27.5,48.8,30.9,93.6,4.05,3209.9,Peaty
36.0,30.2,53.0,33.5,67.1,6.21,3096.0,Red Loam
73.0,36.5,60.0,25.5,74.9,6.38,2363.3,Red Loam
60.8,10.4,84.2,29.8,88.2,5.17,3836.4,Laterite
39.7,15.3,94.9,30.6,78.8,5.76,3712.4,Laterite
94.0,50.9,69.1,27.0,77.1,7.2,3230.5,Riverine Alluvial
76.6,32.2,44.1,29.7,92.4,3.99,3491.2,Brown Hydromorphic
53.2,16.3,74.1,28.5,80.0,4.95,3248.2,Laterite
62.4,42.1,83.2,29.9,72.0,7.05,2475.6,Clayey
120.0,75.2,92.5,28.3,75.8,6.83,2829.7,Riverine Alluvial
73.2,28.6,47.5,28.3,74.2,5.91,2635.4,Red Loam
50.5,21.2,41.5,31.7,47.8,7.1,1192.5,Sandy
40.8,22.3,80.9,25.7,84.0,5.07,3124.1,Laterite
69.6,21.9,86.4,30.7,71.3,6.19,2411.5,Red Loam
74.5,27.0,75.1,26.2,63.4,6.05,2282.5,Red Loam
34.6,11.9,63.4,33.8,83.9,5.07,3078.6,Laterite
35.4,40.7,50.5,28.9,86.8,7.51,2032.9,Coastal Alluvial
30.8,37.7,49.0,26.5,81.2,7.72,1818.0,Coastal Alluvial
49.9,35.8,36.0,35.8,56.8,7.43,1497.6,Black Cotton
66.8,60.2,65.6,29.2,72.4,6.5,2871.1,Riverine Alluvial
96.2,47.9,58.2,27.3,81.7,6.43,2821.2,Riverine Alluvial
90.9,44.6,49.5,29.1,77.4,6.78,2754.5,Riverine Alluvial
81.6,41.0,91.9,26.7,67.8,6.63,1807.2,Loamy
48.2,14.7,97.4,32.8,71.7,5.15,3027.6,Laterite
128.4,56.0,93.8,21.5,87.1,5.67,4554.9,Forest Loam
65.5,25.6,59.6,29.3,93.3,4.76,3638.7,Brown Hydromorphic
53.5,34.0,89.3,32.0,66.0,6.3,2421.9,Red Loam
68.1,55.8,69.0,29.8,59.1,7.67,1686.8,Black Cotton
75.3,46.1,77.7,28.8,77.7,7.25,2818.2,Clayey
28.7,20.8,73.0,27.6,78.6,5.45,3797.5,Laterite
29.2,5.2,68.8,30.4,82.4,5.65,3320.1,Laterite
129.9,13.5,61.8,30.1,98.1,4.16,2935.8,Peaty
66.4,46.4,77.5,23.0,79.6,6.72,1316.9,Clayey
51.2,18.6,66.8,30.3,86.7,4.91,2975.5,Laterite
76.5,36.7,73.0,25.5,86.9,4.84,3251.3,Brown Hydromorphic
70.6,16.2,78.8,31.4,73.1,5.64,2227.1,Red Loam
78.2,38.3,63.4,31.2,80.6,4.44,3050.5,Brown Hydromorphic
73.2,67.4,95.9,28.9,84.2,6.94,2697.1,Riverine Alluvial
74.5,35.0,72.3,31.3,52.2,7.79,1102.5,Black Cotton
143.4,41.3,48.5,29.0,91.6,4.12,3224.4,Peaty
71.6,46.1,68.9,36.2,61.7,7.49,1334.6,Black Cotton
59.1,26.3,101.5,28.6,71.3,5.94,2231.1,Red Loam
47.5,21.1,98.0,26.4,75.3,6.05,2848.2,Red Loam
108.6,45.5,94.9,18.9,81.3,6.02,4082.6,Forest Loam
54.5,28.4,86.1,28.7,79.6,5.77,2624.7,Red Loam
99.1,58.6,78.1,25.5,73.5,7.2,3192.5,Riverine Alluvial
39.5,41.6,44.3,26.4,86.1,7.79,1864.1,Coastal Alluvial
82.8,17.0,77.5,28.0,76.5,5.24,3042.7,Laterite
50.0,27.4,71.1,29.5,80.1,6.08,2680.5,Red Loam
74.5,36.8,50.6,30.3,87.3,4.76,2842.3,Brown Hydromorphic
27.9,34.6,44.4,30.2,87.7,7.44,2173.3,Coastal Alluvial
112.8,47.2,78.0,27.7,78.6,7.03,3406.2,Riverine Alluvial
59.7,25.5,67.1,30.3,79.2,5.48,3854.6,Laterite
45.2,19.9,55.0,25.9,82.3,4.97,3333.5,Laterite
58.8,28.6,87.7,25.1,75.2,6.99,1830.4,Loamy
38.5,39.4,81.6,32.0,84.6,7.27,2327.4,Coastal Alluvial
62.4,35.2,97.0,29.2,75.7,7.51,1610.5,Clayey
70.8,51.6,65.8,35.6,57.2,7.62,1317.9,Black Cotton
136.9,51.2,104.6,20.5,93.1,5.41,4101.0,Forest Loam
37.8,24.4,32.1,34.7,70.7,6.63,1025.9,Sandy
140.9,35.5,123.1,18.5,82.5,5.56,3907.4,Forest Loam
121.4,45.8,99.1,19.2,90.9,5.63,4623.9,Forest Loam
78.6,25.7,46.2,26.3,92.0,4.89,3443.7,Brown Hydromorphic
78.7,45.8,95.1,20.9,69.8,7.29,1820.0,Clayey
80.2,63.1,88.8,31.1,81.1,6.89,3040.2,Riverine Alluvial
148.5,34.5,43.0,31.3,91.8,4.4,3125.8,Peaty
66.7,33.5,72.3,26.8,67.7,6.38,1559.9,Loamy
51.3,16.1,67.2,26.3,75.3,5.63,2822.5,Laterite
60.2,34.3,31.6,33.3,94.1,4.79,3736.5,Brown Hydromorphic
127.4,50.4,120.4,22.3,83.8,5.91,4503.0,Forest Loam
54.0,50.4,52.7,29.7,82.5,6.82,3487.4,Riverine Alluvial
62.9,52.2,78.2,32.3,64.0,7.73,1701.0,Black Cotton
57.5,21.4,89.0,30.1,78.0,4.93,3801.4,Laterite
22.5,32.8,36.9,31.5,79.3,7.56,1947.9,Coastal Alluvial
109.9,69.5,99.4,25.8,83.3,6.69,3372.0,Riverine Alluvial
68.0,24.9,59.2,28.5,55.1,7.15,1228.3,Black Cotton
52.5,25.1,63.0,30.5,81.9,5.52,3157.9,Laterite
54.5,32.3,63.3,37.8,80.1,7.09,2430.1,Coastal Alluvial
28.2,14.1,96.0,25.5,87.6,4.91,2992.7,Laterite
67.3,27.2,59.9,26.2,87.3,5.65,2456.3,Red Loam
87.0,57.0,66.6,29.8,82.2,6.89,2910.3,Riverine Alluvial
50.9,26.0,101.3,31.1,83.6,6.48,2987.6,Red Loam
121.5,39.0,101.1,19.8,86.6,5.43,3416.2,Forest Loam
71.7,40.8,110.0,27.5,75.5,6.44,2015.4,Loamy
80.6,24.5,43.7,30.1,92.5,4.93,3026.7,Brown Hydromorphic
53.2,10.6,82.4,30.7,74.7,5.41,4004.8,Laterite
29.1,19.2,31.5,25.5,60.2,7.07,1106.6,Sandy
49.2,8.4,81.5,22.9,78.7,5.22,3441.7,Laterite
78.4,18.0,61.1,27.2,72.3,5.8,3434.4,Laterite
188.9,30.0,47.1,30.1,98.3,4.6,2537.1,Peaty
146.9,27.8,54.9,31.5,92.0,4.5,2379.3,Peaty
41.2,29.0,38.0,30.5,53.7,6.36,1261.8,Sandy
76.8,32.2,103.6,28.8,91.4,7.11,1648.6,Clayey
127.1,42.8,110.9,22.7,80.8,5.13,4820.1,Forest Loam
29.8,21.3,51.8,31.1,69.3,6.16,3597.7,Laterite
68.6,45.1,55.8,28.4,82.1,5.05,3689.7,Brown Hydromorphic
67.8,42.4,59.7,31.7,81.2,5.19,3240.0,Brown Hydromorphic
50.7,32.3,50.0,31.0,79.9,3.87,3350.4,Brown Hydromorphic
85.0,34.7,55.4,31.6,92.7,4.6,3100.4,Brown Hydromorphic
86.4,30.8,58.8,27.5,51.3,8.44,1504.7,Black Cotton
96.6,59.3,83.4,28.5,84.9,6.94,2592.0,Riverine Alluvial
39.1,21.2,66.2,28.6,82.7,5.09,3046.4,Laterite
77.7,14.5,52.6,29.4,87.3,5.19,3590.7,Laterite
155.7,25.0,30.1,28.9,88.6,4.19,2818.7,Peaty
79.2,44.0,83.1,17.9,84.4,5.71,3929.4,Forest Loam
54.3,20.7,50.5,25.7,88.6,4.9,3349.4,Laterite
61.7,6.3,64.9,26.6,82.5,5.62,4121.9,Laterite
115.4,43.3,54.0,18.5,82.4,5.64,4405.8,Forest Loam
131.4,28.7,39.0,32.4,97.4,4.69,3488.1,Peaty
62.7,33.4,82.7,32.1,70.9,5.75,2610.2,Red Loam
49.6,16.2,72.8,26.5,72.1,5.7,3943.7,Laterite
66.1,32.5,47.3,27.9,89.6,4.54,3562.9,Brown Hydromorphic
148.7,59.3,89.4,19.7,81.7,6.05,4000.7,Forest Loam
74.2,40.3,85.6,26.4,72.9,6.47,2005.7,Clayey
80.6,25.1,33.3,29.4,85.7,3.8,3543.2,Brown Hydromorphic
134.3,26.3,63.2,31.8,92.4,4.28,2926.7,Peaty
39.0,38.0,69.4,33.9,84.2,8.71,1727.6,Coastal Alluvial
66.2,52.3,59.1,27.5,97.2,4.42,3135.6,Brown Hydromorphic
81.1,59.9,108.1,30.5,85.1,6.01,3161.0,Riverine Alluvial
58.0,31.2,102.5,28.1,71.2,5.77,2172.7,Red Loam
45.3,23.3,56.3,28.2,89.6,5.66,3169.2,Laterite
84.5,53.2,91.6,32.4,74.3,7.09,1764.3,Clayey
84.8,31.5,63.8,30.0,76.2,7.01,2502.4,Riverine Alluvial
54.0,12.5,89.4,28.0,73.7,5.13,3243.9,Laterite
83.4,26.5,74.0,33.5,83.7,6.23,3013.5,Red Loam
87.8,50.7,93.2,19.1,84.4,5.74,3750.1,Forest Loam
54.1,9.5,54.3,28.3,85.0,5.14,3317.6,Laterite
74.2,37.6,68.6,30.8,76.8,6.97,1941.3,Clayey
36.3,25.1,42.2,31.4,86.9,7.11,1765.2,Coastal Alluvial
72.3,16.5,47.9,29.2,75.4,5.92,1803.5,Red Loam
97.0,53.0,117.4,26.3,82.6,6.82,2781.5,Riverine Alluvial
88.3,41.3,56.8,25.4,61.3,6.82,1841.6,Loamy
68.0,31.8,40.8,29.1,86.6,4.92,3259.3,Brown Hydromorphic
51.7,13.8,73.5,26.1,78.3,6.12,2892.8,Laterite
77.3,9.0,76.9,26.3,79.4,5.5,2827.2,Laterite
66.2,36.1,88.8,29.1,63.4,5.99,1931.1,Red Loam
67.5,37.6,50.9,27.9,86.9,4.23,3014.3,Brown Hydromorphic
143.3,53.8,87.9,24.4,91.6,5.88,3380.1,Forest Loam
43.8,33.4,59.8,31.5,92.1,7.59,1990.3,Coastal Alluvial
69.6,46.9,99.1,28.3,80.9,6.46,2777.6,Riverine Alluvial
123.8,48.3,90.5,19.4,79.8,5.79,4102.9,Forest Loam
39.5,18.7,68.6,27.6,77.6,5.0,3503.7,Laterite
46.8,9.3,77.2,26.4,85.0,5.24,3167.2,Laterite
71.5,34.7,68.9,29.1,73.7,6.03,2510.9,Red Loam
79.6,39.2,46.4,30.0,96.5,5.03,2913.5,Brown Hydromorphic
36.5,16.3,66.0,27.4,80.5,5.46,3456.3,Laterite
46.4,11.2,76.6,26.6,77.1,5.0,3298.6,Laterite
52.4,22.6,76.6,29.5,80.0,6.05,2445.4,Red Loam
67.2,11.8,103.9,31.3,74.8,4.93,3361.0,Laterite
40.6,29.0,55.1,32.3,83.5,8.17,2402.6,Coastal Alluvial
103.9,32.3,78.0,28.2,71.7,7.24,1544.2,Loamy
24.8,26.1,26.6,28.9,38.0,6.6,930.7,Sandy
51.0,30.4,46.4,30.8,89.4,7.34,2318.9,Coastal Alluvial
58.1,16.8,77.5,30.0,79.3,5.28,2982.9,Laterite
151.2,26.6,47.1,34.7,86.5,5.03,3564.9,Peaty
64.4,28.9,44.5,29.0,86.7,4.67,3035.3,Brown Hydromorphic
96.8,34.6,79.6,32.6,60.9,7.32,1354.4,Black Cotton
24.9,24.6,41.7,30.3,50.2,6.85,1373.9,Sandy
54.1,48.5,77.6,28.2,66.6,6.44,2114.9,Loamy
68.0,50.8,54.3,27.1,86.0,4.69,3455.3,Brown Hydromorphic
108.3,61.5,114.9,23.6,93.5,6.11,4979.7,Forest Loam
57.0,15.5,89.9,29.2,73.5,5.58,4292.6,Laterite
82.1,59.0,85.5,27.2,81.8,6.83,2885.3,Riverine Alluvial
61.8,38.9,30.3,30.9,77.7,7.03,2090.0,Coastal Alluvial
92.2,49.0,36.6,28.4,77.5,4.77,3090.8,Brown Hydromorphic
74.2,40.4,48.5,28.5,62.4,7.12,1423.9,Black Cotton
108.3,43.8,109.9,28.4,84.4,6.75,2998.1,Riverine Alluvial
84.2,42.9,91.8,31.9,68.9,7.93,1140.8,Black Cotton
131.3,19.2,35.6,29.6,91.5,4.21,3094.7,Peaty
60.0,23.3,95.1,28.7,81.9,6.69,1640.7,Red Loam
39.3,15.5,71.3,28.7,86.6,5.74,3245.0,Laterite
36.8,26.6,27.6,33.1,69.2,6.95,1601.9,Sandy
126.4,26.6,30.0,29.0,90.9,3.94,3060.0,Peaty
50.0,19.6,113.4,28.2,89.5,6.55,2166.3,Red Loam
45.9,36.7,112.7,29.7,66.4,8.23,1969.0,Clayey
143.1,35.4,49.3,28.6,85.9,3.93,3005.1,Peaty
65.9,19.3,102.8,28.0,86.3,5.01,3205.4,Laterite
68.9,4.5,58.8,26.2,82.0,5.23,4091.4,Laterite
43.1,15.5,64.3,28.0,85.1,5.47,3810.3,Laterite
108.4,52.1,98.2,20.6,87.4,5.31,4473.4,Forest Loam
79.7,43.9,98.6,27.5,90.8,6.36,2600.8,Riverine Alluvial
70.8,56.7,82.0,28.5,77.1,6.79,2683.0,Riverine Alluvial
123.0,43.2,110.8,23.1,79.8,6.05,4364.6,Forest Loam
49.3,28.0,37.2,32.0,79.8,8.63,1623.2,Coastal Alluvial
45.2,22.2,38.6,27.6,47.7,6.5,1228.2,Sandy
50.3,57.7,68.0,27.1,47.5,7.57,1290.0,Black Cotton
76.9,56.7,107.7,27.2,86.7,6.38,3399.0,Riverine Alluvial
109.4,60.8,75.3,31.4,80.5,7.17,2742.1,Riverine Alluvial
63.1,10.8,92.1,24.4,73.6,6.28,2721.4,Laterite
51.8,19.7,41.6,30.8,55.1,6.1,1394.3,Sandy
25.6,35.1,42.7,31.1,71.2,7.56,2349.2,Coastal Alluvial
93.1,37.8,55.6,31.3,55.0,8.14,1117.4,Black Cotton
100.3,54.8,104.9,20.7,79.8,5.82,3854.9,Forest Loam
78.6,36.2,71.3,24.8,87.0,6.26,2609.8,Red Loam
70.3,33.7,82.5,32.0,72.5,6.39,2071.7,Red Loam
55.4,8.7,82.6,33.2,80.6,5.46,3328.1,Laterite
43.7,38.7,64.2,30.3,87.0,7.7,2246.6,Coastal Alluvial
64.9,34.6,95.5,30.7,83.6,5.73,2760.9,Red Loam
54.1,34.0,63.9,31.5,90.2,5.28,3029.2,Brown Hydromorphic
70.0,40.4,63.4,28.8,47.8,7.96,1326.7,Black Cotton
74.3,44.1,115.6,27.6,80.1,6.88,2706.3,Riverine Alluvial
54.7,16.4,93.7,32.4,82.5,5.75,3020.4,Laterite
75.0,37.7,61.2,27.0,71.4,6.65,1553.5,Loamy
73.4,29.4,86.3,27.7,80.1,6.09,2726.3,Red Loam
78.7,39.1,56.0,35.3,47.6,7.97,1242.6,Black Cotton
101.4,37.7,68.3,26.5,79.0,7.68,2020.3,Clayey
71.3,41.9,86.9,25.0,67.6,6.58,2163.4,Loamy
25.3,27.4,30.7,32.0,66.0,6.85,1281.6,Sandy
98.0,57.1,88.5,34.6,84.1,6.8,2803.3,Riverine Alluvial
64.8,34.3,54.5,27.4,60.3,7.71,1339.5,Black Cotton
76.8,48.0,86.1,30.6,82.6,6.95,2721.5,Riverine Alluvial
57.2,10.9,79.5,29.6,81.5,5.94,3191.7,Laterite
95.8,29.2,58.4,28.1,91.6,5.07,3221.4,Brown Hydromorphic
91.4,41.8,86.8,19.9,87.9,5.43,4199.6,Forest Loam
64.1,17.5,66.8,27.2,84.2,5.37,3097.1,Laterite
73.7,21.3,72.2,27.6,78.0,6.22,2021.8,Red Loam
107.0,49.5,105.9,14.9,84.5,5.78,3989.4,Forest Loam
80.5,34.8,74.6,30.4,90.7,5.09,3931.8,Brown Hydromorphic
48.1,31.7,37.5,34.4,84.9,7.52,2510.9,Coastal Alluvial
42.3,19.4,69.9,22.8,82.9,6.01,3411.0,Laterite
58.0,39.8,46.6,30.4,84.4,7.91,2102.7,Coastal Alluvial
52.4,48.7,50.9,28.4,82.6,8.1,1969.6,Coastal Alluvial
52.0,20.3,52.9,28.7,74.4,4.51,3482.0,Laterite
30.2,30.3,58.3,33.6,79.4,7.89,2150.1,Coastal Alluvial
46.5,31.6,51.0,29.4,82.4,8.19,1941.2,Coastal Alluvial
108.2,57.2,74.0,19.3,85.2,6.1,3034.5,Forest Loam
71.9,28.7,82.0,27.4,79.1,6.03,3167.6,Red Loam
57.1,23.4,51.8,36.3,84.9,7.29,1772.4,Coastal Alluvial
63.2,46.8,93.5,26.0,76.8,6.68,2618.9,Riverine Alluvial
121.3,60.8,87.9,21.3,82.7,5.32,4371.6,Forest Loam
144.3,25.2,28.8,29.4,98.9,4.41,2761.5,Peaty
36.0,28.8,81.3,29.4,78.0,5.99,3101.9,Red Loam
55.1,11.4,50.9,28.3,75.9,4.77,3358.1,Laterite
85.0,53.3,49.5,25.3,91.8,6.66,2619.5,Riverine Alluvial
48.1,12.7,68.2,30.7,73.9,5.35,3224.0,Laterite
68.8,26.0,55.2,30.6,93.1,4.82,2901.1,Brown Hydromorphic
87.7,66.2,101.8,31.8,84.1,6.68,2908.8,Riverine Alluvial
70.2,28.3,46.0,26.9,89.3,4.75,3212.1,Brown Hydromorphic
28.3,30.9,58.9,30.4,82.5,8.03,1831.5,Coastal Alluvial
107.0,56.5,79.7,29.6,79.2,6.67,3763.7,Riverine Alluvial
65.5,22.2,63.4,26.4,74.6,6.17,2300.4,Red Loam
81.9,39.2,77.6,36.7,53.2,7.95,1723.5,Black Cotton
48.5,23.5,81.1,34.9,82.3,5.52,3318.8,Laterite
34.9,23.4,36.9,31.4,56.2,6.69,1101.8,Sandy
125.2,56.7,72.3,22.5,80.8,5.67,4707.1,Forest Loam
42.9,5.5,85.7,28.2,85.0,4.63,3173.0,Laterite
58.0,12.1,98.6,35.4,89.5,5.24,3180.6,Laterite
82.1,30.4,79.3,30.7,75.1,5.58,2711.1,Red Loam
52.2,18.6,51.5,32.9,78.4,5.31,2743.5,Laterite
139.7,26.8,44.2,31.4,85.7,4.35,2975.6,Peaty
64.8,53.7,78.2,30.9,69.7,7.7,851.6,Black Cotton
124.9,20.7,38.1,30.1,89.1,3.44,3124.7,Peaty
25.0,28.9,67.6,30.9,88.9,7.57,2071.7,Coastal Alluvial
28.5,30.0,72.8,31.9,85.0,7.48,2013.9,Coastal Alluvial
124.1,38.6,54.0,32.0,92.6,4.24,2800.4,Peaty
67.3,19.7,75.7,31.7,68.0,6.61,2312.0,Red Loam
65.9,16.5,64.8,29.2,74.8,5.72,3246.6,Laterite
77.1,45.5,74.3,27.7,81.0,6.36,2904.4,Riverine Alluvial
54.9,4.5,87.3,27.4,77.4,5.27,2279.1,Laterite
80.2,31.0,67.0,35.0,60.5,7.84,1674.3,Black Cotton
92.4,41.9,61.1,27.8,73.3,6.88,1549.9,Loamy
78.7,40.2,52.7,28.7,87.9,4.82,2712.8,Brown Hydromorphic
76.3,42.2,72.3,33.1,64.9,6.95,1252.0,Black Cotton
90.2,58.9,103.0,26.6,80.6,6.99,2846.8,Riverine Alluvial
53.0,27.0,41.8,34.5,76.9,7.85,2074.9,Coastal Alluvial
51.4,18.4,59.6,34.3,81.0,5.25,3146.6,Laterite
42.2,14.1,56.2,33.9,79.8,4.55,2838.1,Laterite
66.5,36.2,92.3,30.7,70.7,6.16,2492.9,Red Loam
76.3,53.1,123.1,28.6,80.3,7.56,2522.9,Clayey
142.6,29.7,30.0,29.2,88.0,4.32,2936.8,Peaty
85.7,49.6,82.3,26.1,70.6,6.94,1432.9,Loamy
84.1,22.3,49.4,35.7,88.0,6.21,3117.0,Red Loam
80.1,26.5,68.0,30.4,79.4,6.66,2687.1,Red Loam
158.6,44.9,118.9,16.0,92.7,5.61,4172.6,Forest Loam
46.3,21.4,58.3,27.3,93.8,5.97,3290.0,Laterite
99.2,42.0,69.2,17.8,75.8,5.46,4692.4,Forest Loam
144.5,21.0,43.7,30.1,97.9,3.73,3386.9,Peaty
69.8,26.7,108.5,30.5,75.6,6.36,1650.8,Red Loam
77.1,50.7,82.5,20.9,68.8,6.61,1324.1,Loamy
62.2,27.5,59.0,24.3,79.3,5.2,2988.3,Laterite
63.2,42.9,74.5,30.8,87.3,6.35,3290.3,Red Loam
59.0,11.7,82.0,25.0,81.0,4.89,3835.4,Laterite
56.4,39.3,63.2,31.6,79.4,8.55,2171.9,Coastal Alluvial
125.4,22.1,41.9,29.3,93.4,5.16,3368.4,Peaty
53.1,27.4,73.0,29.1,83.5,6.25,2629.3,Red Loam
64.1,45.0,50.5,35.4,62.1,8.03,1535.8,Black Cotton
123.1,47.5,109.1,20.7,90.2,5.74,4065.9,Forest Loam
88.6,40.9,87.9,25.5,91.8,6.4,1865.6,Clayey
62.2,15.4,65.8,35.3,86.3,5.79,3738.6,Laterite
73.4,43.3,110.8,28.6,89.7,7.17,2422.7,Riverine Alluvial
93.0,27.8,36.2,31.6,95.0,5.23,3322.8,Brown Hydromorphic
61.6,49.9,78.4,25.1,73.5,6.26,2183.0,Loamy
135.7,27.0,98.6,19.5,81.7,5.76,3680.1,Forest Loam
67.8,30.6,52.7,32.2,86.6,4.83,3644.7,Brown Hydromorphic
68.1,47.5,68.0,26.4,68.6,6.58,1456.2,Loamy
99.3,27.6,111.9,19.1,84.6,5.89,3580.8,Forest Loam
75.9,54.5,91.7,24.5,72.7,7.13,1813.8,Loamy
48.4,59.9,112.1,27.6,72.0,7.14,2281.6,Clayey
65.7,38.6,75.0,23.8,79.0,6.28,2411.6,Red Loam
35.3,45.1,78.0,30.7,80.0,7.54,2404.0,Coastal Alluvial
59.4,51.9,92.5,26.0,78.8,6.92,2733.0,Clayey
35.8,24.2,48.6,26.8,61.1,7.27,1092.2,Sandy
62.9,39.9,72.5,26.9,70.7,6.81,1758.6,Loamy
83.0,42.4,74.0,26.6,79.9,6.83,3230.6,Riverine Alluvial
54.4,51.6,71.7,24.2,73.4,6.45,1619.5,Loamy
91.2,33.8,51.5,27.9,84.1,4.76,3472.9,Brown Hydromorphic
39.4,32.1,27.0,34.4,82.8,6.76,1239.6,Coastal Alluvial
65.1,28.5,52.1,32.0,85.7,4.46,3657.0,Brown Hydromorphic
62.1,46.3,66.6,28.1,79.9,6.68,2059.1,Loamy
111.8,48.6,94.1,21.1,76.5,5.43,3479.7,Forest Loam
112.9,46.0,140.0,19.2,92.1,5.87,4432.3,Forest Loam
57.2,30.5,93.3,30.8,83.6,6.44,2601.7,Red Loam
156.7,26.3,40.4,29.2,94.3,4.22,2985.4,Peaty
57.5,9.5,110.0,31.3,81.6,4.99,3553.2,Laterite
73.1,45.8,100.5,28.7,85.3,7.16,2042.8,Clayey
28.0,18.9,57.7,31.5,82.9,4.77,3068.7,Laterite
47.4,32.7,43.3,32.1,78.3,8.12,2128.2,Coastal Alluvial
56.0,12.9,60.5,33.4,87.8,5.34,3689.2,Laterite
79.8,30.1,59.1,29.0,83.9,4.96,3032.1,Brown Hydromorphic
49.0,14.6,73.9,29.7,86.2,4.99,2293.2,Laterite
67.6,70.0,107.5,30.6,65.6,7.21,2715.4,Clayey
70.4,13.1,70.9,28.9,81.4,5.12,3912.4,Laterite
35.9,10.2,67.6,27.3,76.9,5.58,2257.5,Laterite
39.8,46.4,66.5,35.5,90.4,8.61,2205.7,Coastal Alluvial
135.6,32.3,37.3,29.4,95.6,3.32,2732.0,Peaty
67.8,51.0,56.2,33.3,61.4,7.9,1584.1,Black Cotton
98.5,69.8,63.5,28.4,84.1,6.5,1836.0,Riverine Alluvial
54.9,19.2,72.1,26.1,74.7,5.19,3100.8,Laterite
100.5,51.7,72.8,27.4,81.2,6.79,2572.0,Riverine Alluvial
88.1,53.9,80.8,24.5,82.2,6.59,2895.5,Riverine Alluvial
92.0,39.0,46.7,31.7,86.6,5.26,4142.3,Brown Hydromorphic
93.0,40.3,113.4,28.9,90.8,6.38,2688.0,Riverine Alluvial
128.9,55.9,84.3,17.8,80.4,5.97,4281.0,Forest Loam
50.5,15.9,77.6,29.3,73.6,5.24,3748.9,Laterite
80.7,47.6,78.7,26.8,82.6,7.45,2188.4,Clayey
50.6,33.5,54.5,27.2,74.9,6.02,2340.9,Red Loam
81.1,44.8,63.8,30.8,90.1,4.97,2851.1,Brown Hydromorphic
68.4,28.8,52.9,29.5,76.5,7.79,1507.8,Black Cotton
76.7,47.6,90.7,20.4,84.8,5.9,3765.5,Forest Loam
56.7,55.0,46.4,28.6,80.3,8.25,2114.2,Coastal Alluvial
71.3,23.7,76.1,32.1,73.0,5.65,3503.8,Laterite
77.7,10.2,71.0,24.9,79.7,5.48,3166.2,Laterite
80.5,30.1,82.4,31.1,81.0,4.67,3293.9,Brown Hydromorphic
55.3,29.8,95.4,35.2,75.3,6.47,2794.6,Red Loam
69.3,30.5,50.8,31.4,89.2,5.0,3434.3,Brown Hydromorphic
118.1,41.3,105.9,27.1,85.3,5.96,4149.2,Forest Loam
62.1,44.0,89.7,29.3,88.0,6.81,2219.8,Red Loam
60.4,44.3,124.7,25.0,74.8,7.26,1884.8,Clayey
87.1,27.3,63.8,31.1,68.5,7.12,1384.0,Black Cotton
80.2,35.2,62.0,25.5,83.7,4.64,3172.0,Brown Hydromorphic
52.3,17.0,69.1,27.5,91.7,4.66,3642.1,Laterite
113.5,21.6,54.8,30.1,90.4,3.99,3298.5,Peaty
52.3,15.9,62.4,28.7,70.1,5.93,2247.7,Red Loam
63.7,21.4,64.7,29.5,81.1,4.93,3311.1,Brown Hydromorphic
82.2,72.5,84.1,27.6,81.5,6.76,2803.6,Riverine Alluvial
56.1,13.0,67.0,29.6,71.9,4.65,2392.4,Laterite
37.1,38.1,61.4,28.7,79.6,7.51,2064.0,Coastal Alluvial
64.5,26.4,76.2,27.4,77.9,5.24,3548.5,Laterite
77.6,56.8,91.7,18.1,87.3,5.54,3562.7,Forest Loam
61.2,39.1,43.8,32.5,87.4,7.9,2127.4,Coastal Alluvial
102.6,49.7,102.8,21.3,90.3,6.22,3743.1,Forest Loam
57.7,7.1,77.4,29.6,80.1,5.34,3099.4,Laterite
86.9,29.0,59.2,28.6,85.7,4.27,2448.2,Brown Hydromorphic
58.3,15.8,92.8,28.8,74.2,5.45,3810.9,Laterite
147.4,24.7,41.3,33.1,92.4,4.13,3083.5,Peaty
90.6,37.3,67.0,28.3,56.3,7.56,1362.3,Black Cotton
66.5,16.4,96.8,24.5,68.3,5.31,3468.0,Laterite
89.2,49.3,125.9,17.2,83.5,5.41,3401.7,Forest Loam
66.1,49.1,61.5,27.5,62.7,7.6,1408.0,Black Cotton
90.0,50.6,60.7,26.7,79.6,7.08,3126.3,Riverine Alluvial
59.5,38.5,92.4,31.7,47.5,7.38,1048.9,Black Cotton
76.9,37.1,64.6,31.3,66.1,7.98,1096.1,Black Cotton
78.4,18.9,99.2,29.4,88.6,6.32,2026.0,Red Loam
46.1,37.0,57.1,31.3,88.9,7.43,1446.3,Coastal Alluvial
62.6,7.2,76.6,28.4,84.1,5.23,3859.1,Laterite
56.8,39.2,82.3,36.4,54.3,7.97,1283.1,Black Cotton
89.8,66.9,100.8,29.5,78.1,6.77,3171.6,Riverine Alluvial
64.9,58.4,80.6,25.2,81.0,7.06,2824.6,Riverine Alluvial
148.8,18.1,41.1,31.1,92.6,4.74,2806.3,Peaty
82.2,33.0,45.0,30.8,78.6,6.09,3492.8,Red Loam
31.3,29.8,81.2,29.2,82.5,8.03,2037.7,Coastal Alluvial
114.7,37.2,107.3,29.7,82.8,6.89,2782.4,Riverine Alluvial
156.2,28.2,36.6,34.2,88.8,4.33,2470.3,Peaty
40.5,46.7,60.7,29.4,49.9,7.93,1348.7,Black Cotton
53.7,21.2,31.1,32.0,54.1,6.74,1080.0,Sandy
50.2,30.4,63.1,28.9,79.4,8.45,2596.1,Coastal Alluvial
62.4,32.1,61.5,33.2,57.4,7.16,1247.1,Black Cotton
58.3,29.6,69.1,32.4,82.5,6.2,2978.2,Red Loam
70.2,50.0,67.0,27.0,83.3,7.11,2382.0,Riverine Alluvial
110.6,52.2,65.0,21.4,83.1,6.17,3325.2,Forest Loam
99.0,25.9,86.2,30.6,81.6,5.93,3271.5,Red Loam
47.9,9.6,57.5,27.9,93.5,4.46,3490.6,Laterite
70.3,45.6,66.9,29.7,68.9,7.04,1762.7,Loamy
61.9,13.5,76.0,29.3,79.8,5.14,4415.2,Laterite
59.8,30.6,63.5,33.1,79.8,7.62,1563.4,Coastal Alluvial
56.5,33.3,102.0,26.7,76.8,6.33,3145.0,Red Loam
25.8,38.5,49.5,31.4,87.1,7.29,2367.1,Coastal Alluvial
82.5,18.6,51.9,31.4,77.6,6.71,2347.9,Red Loam
57.8,30.2,81.0,29.1,75.8,5.61,3161.6,Red Loam
71.1,34.2,66.6,27.1,64.1,7.19,1256.8,Black Cotton
68.8,19.4,61.9,31.8,83.9,5.25,3588.6,Laterite
50.8,20.6,76.3,29.9,76.0,5.32,3771.0,Laterite
79.5,52.0,59.7,27.9,63.6,7.93,1236.1,Black Cotton
79.9,36.6,54.6,29.7,81.3,7.3,2371.5,Riverine Alluvial
85.3,39.7,62.2,28.5,85.4,4.88,2843.9,Brown Hydromorphic
104.6,32.9,100.9,18.7,81.6,5.63,2802.6,Forest Loam
69.6,41.1,79.4,26.5,69.7,6.51,2088.6,Loamy
56.8,29.6,69.7,33.1,90.2,7.54,1548.0,Coastal Alluvial
75.8,31.9,75.2,33.5,71.9,6.05,2965.5,Red Loam
104.5,43.0,56.2,27.2,90.3,5.15,3169.6,Brown Hydromorphic
61.4,15.4,64.4,32.0,76.0,4.77,3289.6,Laterite
47.7,23.9,62.9,31.3,75.2,4.77,3222.0,Laterite
62.6,31.1,92.4,31.7,79.0,6.75,3008.6,Red Loam
94.4,55.8,76.7,29.6,84.2,7.04,2653.5,Riverine Alluvial
61.5,36.5,78.3,32.4,55.3,7.8,1618.9,Black Cotton
36.8,31.0,36.6,33.5,55.0,6.73,1123.2,Sandy
130.4,33.8,77.6,21.4,83.7,6.47,3759.3,Forest Loam
81.3,46.2,64.7,30.5,54.1,7.83,1462.2,Black Cotton
91.2,26.7,71.9,32.1,84.8,6.36,2971.4,Red Loam
78.3,39.2,54.3,27.2,62.8,7.62,1293.6,Black Cotton
43.9,8.4,64.0,30.6,76.3,5.2,3606.8,Laterite
74.2,33.3,68.6,28.9,85.2,3.91,2608.0,Brown Hydromorphic
150.1,25.2,43.8,32.2,89.4,3.42,2909.0,Peaty
65.8,43.4,72.8,27.2,65.4,7.68,1659.1,Black Cotton
60.1,16.7,67.8,25.6,82.5,5.56,2923.1,Laterite
123.1,41.7,54.0,20.9,74.8,6.19,4153.6,Forest Loam
134.1,30.2,38.1,30.9,93.4,4.43,3400.9,Peaty
176.9,15.3,47.4,31.2,98.0,4.29,2886.5,Peaty
59.5,42.0,55.3,25.7,70.8,6.8,1671.6,Loamy
49.2,36.6,48.0,26.6,89.1,7.18,2262.5,Coastal Alluvial
69.7,59.4,90.4,27.5,67.8,6.07,3342.9,Riverine Alluvial
65.6,41.5,62.2,32.4,55.5,8.27,977.6,Black Cotton
57.9,14.5,57.1,30.0,84.2,4.49,3679.8,Laterite
86.5,39.0,46.9,32.5,86.9,4.71,2733.2,Brown Hydromorphic
154.5,34.3,33.7,30.5,93.4,4.03,3084.0,Peaty
87.0,43.7,117.9,30.4,83.7,6.11,3461.9,Riverine Alluvial
36.0,17.0,73.9,29.8,83.3,5.41,3494.7,Laterite
76.8,46.8,41.7,28.6,90.2,4.57,3148.1,Brown Hydromorphic
53.6,8.5,61.1,27.1,83.9,4.83,2942.6,Laterite
51.8,25.9,82.1,32.3,79.6,7.47,1979.8,Coastal Alluvial
83.7,20.0,70.3,30.7,83.3,5.08,2500.1,Laterite
78.9,46.8,79.2,30.2,79.7,7.13,1899.7,Clayey
75.9,37.4,64.8,28.6,64.0,7.04,1204.0,Black Cotton
64.0,19.9,46.9,30.2,72.0,6.05,2120.8,Red Loam
66.3,4.5,87.6,33.6,83.4,5.29,4018.2,Laterite
76.4,9.6,71.8,35.7,74.0,5.34,2898.6,Laterite
82.8,30.4,99.1,34.7,71.8,7.1,2389.7,Red Loam
66.6,33.0,90.5,28.4,80.6,5.62,2496.1,Red Loam
40.0,13.3,38.4,28.3,83.4,5.14,4131.4,Laterite
54.6,19.6,86.2,26.0,80.5,5.88,3643.1,Laterite
127.8,43.6,90.9,15.8,79.0,6.08,2956.9,Forest Loam
48.0,27.3,52.3,29.6,83.7,7.7,1719.0,Coastal Alluvial
131.1,39.6,71.3,16.5,76.6,5.96,3727.1,Forest Loam
40.2,18.7,30.9,30.4,58.2,6.69,1344.8,Sandy
67.2,27.6,72.7,29.4,73.8,7.81,1568.9,Black Cotton
39.4,45.9,61.3,34.3,89.0,7.47,2215.7,Coastal Alluvial
36.8,28.0,70.3,27.4,85.5,7.79,2649.7,Coastal Alluvial
44.1,30.5,66.6,28.8,86.9,7.71,1764.8,Coastal Alluvial
66.2,48.9,46.4,25.7,87.4,4.67,3081.2,Brown Hydromorphic
56.0,38.8,37.0,27.7,87.1,4.69,3400.2,Brown Hydromorphic
124.4,58.9,98.8,18.8,78.9,5.37,4142.5,Forest Loam
100.3,48.5,86.3,26.9,84.9,7.17,3054.6,Riverine Alluvial
78.2,58.3,67.6,29.6,81.5,7.13,3050.2,Riverine Alluvial
96.5,54.3,100.7,26.5,79.7,7.18,2737.2,Riverine Alluvial
53.2,23.6,66.3,27.1,80.2,5.14,3438.2,Laterite
61.8,26.3,72.8,30.2,74.1,5.93,2555.5,Red Loam
62.8,13.4,75.5,28.7,84.1,5.37,3329.0,Laterite
100.7,65.3,97.9,27.3,81.0,6.87,2641.4,Riverine Alluvial
27.0,6.5,82.0,28.6,75.2,5.2,3768.3,Laterite
60.2,15.5,105.8,27.3,85.7,5.6,2713.8,Laterite
64.3,25.7,93.0,29.3,86.6,5.88,2334.6,Red Loam
72.4,37.8,64.8,27.5,75.0,6.59,2986.2,Riverine Alluvial
82.7,23.6,36.0,25.4,58.4,8.06,1502.2,Black Cotton
72.8,37.7,85.2,29.6,64.9,5.82,2554.7,Red Loam
49.0,35.6,65.6,30.4,86.4,5.15,2831.7,Brown Hydromorphic
39.4,20.4,75.2,29.3,77.3,5.43,3484.7,Laterite
132.0,42.4,75.5,30.0,83.7,5.99,2032.0,Riverine Alluvial
82.3,42.2,39.1,32.2,86.4,4.81,3295.4,Brown Hydromorphic
41.6,30.4,49.1,29.6,73.2,8.0,1815.6,Coastal Alluvial
40.4,38.3,102.7,26.5,77.9,6.42,2431.3,Red Loam
54.1,14.5,67.8,29.1,87.0,5.18,2833.2,Laterite
103.7,45.8,132.0,33.3,78.6,6.77,2761.0,Riverine Alluvial
125.7,47.8,54.0,17.5,84.1,5.29,4439.6,Forest Loam
114.0,24.8,23.5,32.2,94.3,4.85,2962.0,Peaty
48.8,32.9,67.1,29.6,94.6,7.34,2370.4,Coastal Alluvial
56.3,10.1,97.8,30.5,88.8,5.08,3689.3,Laterite
149.8,45.6,104.3,24.1,83.6,5.47,4927.6,Forest Loam
109.6,51.5,111.5,20.7,83.5,6.07,4243.1,Forest Loam
69.3,28.8,89.2,29.8,77.2,5.9,3255.6,Red Loam
94.7,44.4,62.5,29.5,86.1,4.64,3183.7,Brown Hydromorphic
70.8,34.8,45.9,33.2,90.1,4.44,2718.0,Brown Hydromorphic
73.5,41.5,57.3,29.5,93.6,5.27,3325.2,Brown Hydromorphic
125.2,25.6,27.8,35.3,91.0,4.32,3408.5,Peaty
51.2,18.9,53.8,28.1,81.1,5.78,3769.4,Laterite
44.0,4.5,49.5,29.2,80.5,4.87,3066.5,Laterite
67.0,7.9,65.1,30.7,81.8,5.04,3397.7,Laterite
45.8,20.6,70.8,32.9,78.1,5.38,3158.9,Laterite
52.8,33.9,38.8,31.3,100.0,5.23,2968.6,Brown Hydromorphic
83.7,40.9,93.0,23.3,83.3,5.61,4117.2,Forest Loam
44.9,15.6,84.2,27.0,82.0,5.16,3581.0,Laterite
27.5,40.0,74.1,31.2,79.5,6.72,2017.2,Coastal Alluvial
90.2,22.8,88.6,30.9,78.3,6.11,2911.9,Red Loam
115.0,52.2,84.7,19.5,82.4,5.62,3779.9,Forest Loam
59.0,19.4,60.3,30.4,75.5,5.38,3442.1,Laterite
91.6,27.6,45.3,34.1,91.0,5.07,3224.7,Brown Hydromorphic
102.5,50.2,57.4,33.5,81.6,6.63,2743.5,Riverine Alluvial
34.5,25.1,55.6,26.7,80.2,7.19,2151.1,Coastal Alluvial
44.3,23.6,57.2,29.2,76.2,5.56,3224.4,Red Loam
147.2,46.9,70.4,18.5,89.3,5.37,3734.0,Forest Loam
34.7,16.9,68.2,23.2,81.4,4.65,3995.8,Laterite
41.7,7.6,85.2,29.1,81.9,5.28,3779.7,Laterite
78.4,44.5,45.6,29.6,86.0,5.22,3279.1,Brown Hydromorphic
89.5,47.8,90.4,26.3,78.2,7.04,2837.5,Riverine Alluvial
41.6,39.1,62.3,32.3,88.3,8.11,1828.0,Coastal Alluvial
80.5,38.9,67.0,32.1,89.2,4.46,3475.4,Brown Hydromorphic
100.6,49.3,101.7,27.7,85.5,6.83,2997.5,Riverine Alluvial
67.5,13.3,50.2,31.0,80.2,5.41,3505.9,Laterite
89.4,26.0,48.6,24.0,84.6,5.02,2499.3,Brown Hydromorphic
64.1,42.0,67.3,31.1,64.7,8.26,1641.7,Black Cotton
43.4,36.2,53.6,26.7,79.9,7.47,2263.7,Coastal Alluvial
55.9,32.5,60.9,32.2,79.2,7.62,2196.3,Coastal Alluvial
46.9,19.0,62.1,29.9,82.3,5.85,3468.9,Laterite
128.9,44.8,92.5,19.6,88.8,5.5,3847.3,Forest Loam
115.8,51.2,94.9,20.8,86.0,5.3,3663.4,Forest Loam
116.9,37.2,54.0,16.4,91.8,6.21,3583.7,Forest Loam
41.3,18.7,68.4,29.6,85.3,5.38,3159.3,Laterite
69.4,25.2,65.5,29.3,79.9,5.34,2884.1,Laterite
72.3,30.8,55.6,33.5,58.0,6.7,1362.9,Black Cotton
72.3,39.3,27.6,31.2,83.3,4.71,3290.8,Brown Hydromorphic
58.5,18.6,94.0,27.5,79.2,5.03,3199.2,Laterite
40.4,39.2,47.6,29.7,79.1,7.46,1627.3,Coastal Alluvial
63.9,39.8,67.1,28.1,83.0,6.53,2403.3,Riverine Alluvial
71.3,31.9,58.9,27.7,88.0,4.22,2782.8,Brown Hydromorphic
94.5,57.6,83.5,32.7,78.6,7.13,3061.4,Riverine Alluvial
68.9,23.8,110.0,31.2,91.4,5.86,3709.8,Laterite
79.3,36.7,40.5,33.3,89.7,5.0,3110.5,Brown Hydromorphic
49.9,29.4,49.0,29.5,88.6,6.98,1527.5,Coastal Alluvial
78.0,28.2,37.6,32.5,88.5,4.8,2400.4,Brown Hydromorphic
96.7,38.8,68.4,27.6,71.6,6.75,2069.9,Loamy
40.6,17.7,79.3,22.8,77.3,4.77,3236.3,Laterite
68.8,19.2,55.5,32.6,73.6,5.4,3449.2,Laterite
87.9,46.3,95.7,28.8,84.3,6.68,2638.9,Riverine Alluvial
130.5,36.8,33.3,30.0,91.0,4.67,3504.1,Peaty
88.6,34.8,98.7,30.5,89.8,5.91,2625.8,Red Loam
66.6,31.3,91.5,29.8,79.9,6.42,2843.3,Red Loam
77.4,41.2,61.3,28.8,62.7,7.48,1333.9,Black Cotton
77.6,28.9,32.7,29.8,89.0,4.78,2923.1,Brown Hydromorphic
75.2,53.1,89.7,19.6,87.2,5.82,3732.8,Forest Loam
112.8,52.0,82.3,26.9,79.4,7.13,2626.3,Riverine Alluvial
129.2,36.4,63.8,30.5,87.7,3.79,3383.0,Peaty
89.4,52.9,76.0,30.5,82.1,6.33,2647.0,Riverine Alluvial
95.2,30.1,113.5,28.9,73.6,6.71,2122.7,Red Loam
78.5,36.5,67.1,32.6,60.3,7.45,1389.0,Black Cotton
103.6,54.4,98.2,25.9,90.3,7.1,3092.8,Riverine Alluvial
66.3,33.9,74.6,32.8,78.6,6.17,2432.4,Red Loam
133.0,51.2,104.7,23.9,87.5,5.84,3392.3,Forest Loam
80.0,43.6,71.8,27.1,67.5,6.76,1875.7,Loamy
47.9,37.5,50.8,30.9,81.8,7.34,1725.1,Coastal Alluvial
116.2,31.0,116.8,21.2,88.8,5.59,3604.4,Forest Loam
59.2,36.2,77.9,28.3,77.6,5.6,3168.0,Red Loam
94.5,33.7,114.6,19.6,81.0,5.86,3079.0,Forest Loam
64.3,15.1,86.5,29.0,81.9,5.11,3321.1,Laterite
33.6,38.2,58.1,31.3,88.3,7.38,1906.6,Coastal Alluvial
68.7,32.6,76.7,30.8,62.8,7.49,1483.1,Black Cotton
111.2,35.2,129.7,16.4,78.8,6.3,4272.7,Forest Loam
67.2,42.6,80.9,25.1,85.1,6.36,2450.2,Red Loam
78.0,28.0,94.0,30.3,75.6,6.17,2137.9,Red Loam
35.3,24.7,32.8,26.4,41.7,6.93,783.1,Sandy
140.5,16.7,34.6,28.8,87.9,4.37,2371.4,Peaty
62.1,23.3,57.7,26.9,79.2,6.9,2593.5,Red Loam
32.5,45.5,58.1,29.6,88.0,8.11,2005.5,Coastal Alluvial
57.1,16.0,78.9,30.1,79.3,5.73,3560.1,Laterite
39.8,32.5,72.1,30.3,92.1,7.22,2185.5,Coastal Alluvial
87.3,48.7,99.5,30.4,79.7,6.43,2487.4,Riverine Alluvial
67.7,21.4,95.6,29.7,84.6,5.44,3552.1,Laterite
73.7,61.2,84.4,31.6,82.2,6.45,3228.0,Riverine Alluvial
91.8,27.0,74.5,29.5,76.5,8.03,1356.3,Black Cotton
78.3,32.0,88.8,23.3,62.7,6.93,2029.6,Loamy
73.7,19.5,51.4,27.7,75.5,6.11,2449.8,Red Loam
97.4,49.3,58.4,28.5,84.4,7.3,2942.3,Riverine Alluvial
112.2,26.4,44.8,34.0,88.3,4.19,3131.0,Peaty
69.1,33.0,95.5,26.1,75.9,6.4,1715.2,Red Loam
29.5,27.5,65.8,27.4,91.7,5.55,3565.5,Laterite
65.7,16.0,55.9,28.6,73.3,6.0,2744.6,Red Loam
46.8,13.2,65.2,27.7,90.6,5.17,3485.8,Laterite
77.6,50.7,65.8,23.9,69.8,6.95,1793.8,Loamy
133.6,34.8,40.9,26.0,94.3,3.85,3249.3,Peaty
69.2,49.9,85.5,29.3,68.8,7.07,2769.5,Clayey
94.8,45.3,70.1,30.8,62.8,7.8,1291.9,Black Cotton
80.8,24.4,49.8,28.1,85.9,4.47,2885.7,Brown Hydromorphic
45.6,28.2,80.0,32.3,75.1,6.38,3151.4,Red Loam
45.5,28.6,40.3,32.2,69.2,7.03,594.4,Sandy
88.1,37.8,49.3,30.6,94.8,4.55,3562.1,Brown Hydromorphic
69.7,54.3,57.9,31.1,78.8,6.88,3091.8,Riverine Alluvial
103.1,54.0,90.9,29.5,82.2,6.63,3464.9,Riverine Alluvial
72.2,58.8,86.8,30.0,74.5,6.35,2951.6,Riverine Alluvial
75.3,41.3,86.7,24.4,67.4,6.57,1445.5,Loamy
61.8,14.0,76.0,27.2,84.3,5.7,3818.6,Laterite
146.3,36.6,45.5,27.3,91.8,4.1,2657.6,Peaty
90.9,50.2,107.1,32.9,82.7,6.67,2905.5,Riverine Alluvial
75.0,20.8,92.6,32.6,78.6,6.35,1922.4,Red Loam
69.7,33.4,50.9,33.3,85.4,4.04,3069.6,Brown Hydromorphic
66.2,44.5,55.6,28.6,85.9,5.15,3578.4,Brown Hydromorphic
20.7,28.0,36.8,30.1,52.3,6.03,1328.3,Sandy
68.5,37.8,52.4,30.3,87.4,4.55,3638.0,Brown Hydromorphic
45.5,7.4,59.3,25.5,83.0,4.7,3252.6,Laterite
81.5,59.3,72.9,28.7,78.1,6.41,2734.7,Riverine Alluvial
54.8,35.4,64.5,30.1,80.3,7.55,1874.3,Coastal Alluvial
56.2,28.0,67.5,31.4,79.9,7.81,2122.7,Coastal Alluvial
37.9,26.1,46.9,27.5,78.3,7.94,2156.3,Coastal Alluvial
67.5,25.0,104.3,30.0,72.5,6.51,2531.5,Red Loam
35.6,12.2,52.4,29.4,68.8,5.58,3089.4,Laterite
56.1,23.0,79.4,30.1,66.5,5.46,3553.9,Laterite
69.8,29.6,58.0,28.2,87.7,4.88,2630.5,Brown Hydromorphic
54.4,13.8,108.8,30.2,77.4,4.93,2692.9,Laterite
72.2,50.6,79.5,31.3,73.2,6.75,3058.9,Riverine Alluvial
79.9,25.0,99.4,23.7,79.9,6.05,2331.8,Red Loam
63.9,16.0,56.1,31.1,86.3,5.27,2937.1,Laterite
60.4,19.0,68.8,30.1,73.7,5.46,2928.6,Laterite
44.8,12.6,61.1,26.8,82.6,5.05,2986.1,Laterite
49.6,34.9,65.1,35.0,75.2,7.5,2323.8,Coastal Alluvial
87.4,51.3,88.3,27.9,77.4,6.81,2795.5,Riverine Alluvial
63.2,12.4,89.3,27.3,88.6,5.3,2885.3,Laterite
37.4,42.1,55.2,28.1,81.9,7.2,2487.0,Coastal Alluvial
114.1,26.1,34.6,29.1,85.4,4.04,3029.3,Peaty
131.0,48.8,92.6,24.1,80.8,5.92,3726.2,Forest Loam
96.0,57.2,86.3,29.9,85.5,6.99,2181.6,Riverine Alluvial
115.6,50.3,141.6,18.0,84.7,6.43,4621.7,Forest Loam
85.4,35.1,34.0,24.5,81.6,4.99,3677.9,Brown Hydromorphic
74.0,55.8,59.5,32.6,74.8,7.48,3042.5,Riverine Alluvial
61.4,26.0,63.5,27.6,81.5,5.14,3133.6,Laterite
99.7,51.7,77.6,19.7,85.5,5.78,3138.1,Forest Loam
71.8,14.0,95.3,29.6,80.9,5.9,2707.5,Red Loam
83.7,25.7,63.2,31.3,93.1,4.19,2893.1,Brown Hydromorphic
25.9,22.3,35.1,31.9,65.5,6.92,814.3,Sandy
62.1,23.4,95.9,32.2,77.5,6.0,2694.8,Red Loam
59.9,45.1,62.6,33.0,66.6,7.77,1424.1,Black Cotton
78.5,47.2,87.0,28.2,84.4,7.18,2626.6,Riverine Alluvial
30.2,26.3,30.9,33.0,52.1,6.92,1440.9,Sandy
56.7,20.1,74.4,30.0,66.0,6.46,2378.2,Red Loam
93.7,59.6,127.1,26.9,75.2,6.11,2786.0,Riverine Alluvial
62.8,37.8,84.9,27.3,76.4,7.45,2179.5,Clayey
134.9,29.2,108.5,16.7,78.1,5.25,4131.5,Forest Loam
60.7,13.0,48.9,27.1,81.1,5.46,3441.6,Laterite
70.0,33.0,68.9,30.5,96.8,5.35,3214.8,Brown Hydromorphic
88.2,51.3,51.1,27.9,75.4,7.04,3219.0,Riverine Alluvial
106.0,47.0,101.9,23.0,88.1,5.5,4334.4,Forest Loam
51.2,25.5,66.4,30.0,80.9,7.23,1956.9,Coastal Alluvial
130.1,44.0,100.7,20.2,78.2,5.26,3469.9,Forest Loam
42.5,28.6,32.8,33.0,64.8,5.83,1452.6,Sandy
58.8,27.3,56.2,28.7,86.7,6.98,2224.0,Coastal Alluvial
47.8,47.7,87.7,31.8,79.7,7.7,1800.8,Coastal Alluvial
137.3,29.5,31.4,30.1,93.0,4.8,2784.4,Peaty
43.1,14.3,83.0,31.5,81.4,5.18,2051.7,Laterite
55.3,45.4,68.1,39.1,58.1,8.15,1351.9,Black Cotton
137.3,50.5,82.1,20.3,90.3,5.6,3740.1,Forest Loam
113.3,41.6,102.8,20.6,74.7,5.53,3602.2,Forest Loam
68.5,24.7,65.4,28.3,83.9,6.3,2429.0,Red Loam
76.3,30.3,55.7,28.3,96.2,4.88,3289.8,Brown Hydromorphic
62.6,42.6,44.7,27.0,57.0,7.44,1275.2,Black Cotton
67.2,54.6,94.9,28.9,86.2,7.26,2114.0,Clayey
93.1,38.2,93.0,16.1,86.3,5.72,3705.6,Forest Loam
52.7,10.7,50.1,28.7,89.3,5.59,3340.9,Laterite
131.4,34.5,41.4,30.2,90.8,3.72,3008.1,Peaty
60.4,13.0,36.0,29.3,83.4,5.32,3145.3,Laterite
140.2,19.8,37.2,29.9,89.0,4.12,3648.0,Peaty
109.7,45.4,68.8,25.2,77.0,6.8,3133.9,Riverine Alluvial
177.0,26.5,52.2,30.4,95.0,4.05,2790.2,Peaty
53.8,40.0,57.1,29.6,68.2,6.58,2167.5,Red Loam
83.3,23.6,46.8,29.2,93.6,4.13,3241.0,Brown Hydromorphic
98.4,50.6,87.7,28.7,84.8,7.17,3586.9,Riverine Alluvial
93.5,42.7,76.4,23.2,79.8,7.13,2687.7,Riverine Alluvial
113.2,41.0,88.7,22.1,90.2,4.76,3527.9,Forest Loam
61.1,55.5,69.1,31.6,77.5,6.12,1584.1,Loamy
88.2,35.9,100.2,26.0,76.3,6.42,2936.8,Riverine Alluvial
84.2,41.7,107.3,26.0,79.3,7.1,1909.4,Clayey
68.4,50.8,53.2,29.5,94.4,5.04,3108.4,Brown Hydromorphic
71.3,36.7,77.3,29.3,74.8,5.83,2821.2,Red Loam
34.1,23.0,33.1,30.8,57.7,6.26,1145.9,Sandy
139.8,37.3,111.1,27.3,75.8,5.07,3417.2,Forest Loam
30.2,24.3,66.1,28.3,83.2,7.95,2332.2,Coastal Alluvial
31.4,23.3,35.0,34.1,50.8,6.08,1121.3,Sandy
95.5,45.6,51.4,24.1,94.0,4.48,3511.7,Brown Hydromorphic
50.9,43.1,45.4,30.0,89.8,7.57,2100.3,Coastal Alluvial
74.6,30.4,73.0,30.2,67.7,6.35,2951.8,Red Loam
53.2,13.7,79.7,31.2,78.7,5.14,3564.0,Laterite
51.9,23.0,77.7,29.4,73.4,6.13,2978.3,Red Loam
70.6,15.1,62.4,24.5,81.2,5.92,2661.4,Red Loam
53.2,38.9,47.3,31.0,91.8,7.21,1800.3,Coastal Alluvial
40.7,35.3,86.0,29.2,78.9,6.38,1978.1,Red Loam
54.9,10.7,81.2,29.1,69.4,5.55,3824.5,Laterite
40.6,22.2,31.7,30.3,51.1,7.4,1534.2,Sandy
54.5,48.2,83.2,23.1,62.8,7.27,1892.9,Loamy
33.2,32.8,52.4,32.7,93.5,7.55,2080.6,Coastal Alluvial
105.9,39.8,117.7,19.6,83.8,6.19,4286.0,Forest Loam
27.5,23.5,24.6,32.9,45.1,7.55,1002.3,Sandy
176.9,37.4,42.6,29.5,92.1,4.33,2495.8,Peaty
83.0,41.4,66.5,26.4,72.3,7.12,2038.2,Loamy
67.6,17.6,90.5,29.8,73.6,6.47,2545.5,Red Loam
30.5,13.1,62.9,28.9,79.2,5.61,3122.5,Laterite
58.5,33.9,78.7,35.2,81.6,6.62,2940.1,Red Loam
37.8,21.2,56.4,30.0,92.2,5.69,3461.0,Laterite
113.3,35.4,55.3,32.3,80.6,6.54,3330.2,Riverine Alluvial
41.9,15.4,83.0,27.2,91.1,5.39,2946.5,Laterite
69.1,13.3,73.8,24.8,82.1,5.74,2990.3,Laterite
58.5,28.9,76.5,25.7,75.9,6.4,2457.0,Red Loam
61.3,30.5,62.6,28.2,72.8,7.25,2036.1,Clayey
62.9,13.2,38.2,30.4,72.9,4.72,3089.7,Laterite
54.0,58.5,81.6,30.4,72.6,6.48,3148.0,Riverine Alluvial
74.5,58.3,78.7,29.3,76.2,6.6,2715.6,Riverine Alluvial
55.0,46.4,65.0,34.7,65.0,7.67,1526.7,Black Cotton
70.0,23.7,52.9,29.4,76.9,5.99,3205.0,Red Loam
32.9,26.9,66.3,27.8,85.7,7.6,1765.8,Coastal Alluvial
60.7,23.9,98.9,35.7,84.5,5.62,2343.6,Red Loam
72.5,42.7,83.0,22.2,75.3,6.75,2745.6,Clayey
57.3,38.3,52.3,33.4,84.1,6.97,1902.1,Coastal Alluvial
59.1,59.1,101.2,27.4,89.5,6.77,3655.0,Riverine Alluvial
88.2,47.3,74.1,25.5,83.1,5.35,4587.9,Forest Loam
52.4,26.6,91.9,25.5,77.6,6.17,2746.1,Red Loam
37.0,21.7,41.3,30.4,87.9,7.56,2337.1,Coastal Alluvial
57.7,17.8,75.0,24.8,71.0,5.83,3256.7,Laterite
78.7,46.7,84.1,26.5,71.1,6.86,1648.3,Loamy
60.6,16.9,66.4,31.9,86.8,5.08,2860.2,Laterite
44.9,16.0,60.9,32.4,83.9,5.46,4108.5,Laterite
57.5,16.3,94.6,26.6,80.8,5.05,3780.9,Laterite
135.3,23.0,32.6,29.6,95.2,3.9,3301.6,Peaty
83.7,46.1,43.6,31.5,87.5,3.8,2782.9,Brown Hydromorphic
64.8,11.2,74.5,33.2,84.3,4.98,3387.3,Laterite
43.5,29.4,46.7,30.7,84.8,7.84,2212.9,Coastal Alluvial
68.0,18.0,67.5,26.9,89.3,4.37,2942.2,Brown Hydromorphic
56.0,48.1,60.4,26.6,85.1,7.38,1707.6,Coastal Alluvial
84.5,22.5,59.6,33.6,57.5,7.44,1335.2,Black Cotton
51.0,34.1,59.5,29.9,74.5,6.3,2107.5,Red Loam
40.8,16.2,51.5,28.4,69.7,5.07,3214.1,Laterite
61.1,10.3,71.1,29.4,78.3,5.09,2885.4,Laterite
45.7,38.4,72.5,28.0,66.8,7.47,1358.9,Black Cotton
51.2,7.3,57.9,28.2,73.8,4.99,3320.0,Laterite
68.6,70.6,87.1,28.4,79.4,6.81,2948.5,Riverine Alluvial
68.6,54.4,67.7,28.9,78.9,6.93,3072.2,Riverine Alluvial
53.3,28.2,62.3,30.0,82.3,5.95,2877.5,Red Loam
120.7,70.8,87.2,28.8,71.0,7.37,2728.1,Riverine Alluvial
60.3,25.9,51.4,31.7,85.6,5.24,3174.7,Brown Hydromorphic
28.8,34.4,44.5,30.4,56.8,7.51,1593.7,Sandy
83.7,43.3,86.0,26.4,82.7,6.72,2774.6,Riverine Alluvial
47.5,12.2,79.0,27.3,83.2,5.46,3150.1,Laterite
37.3,18.5,45.5,30.0,50.6,6.78,608.7,Sandy
80.4,26.6,83.3,31.5,79.7,6.82,3333.1,Red Loam
52.6,17.4,95.6,29.9,84.2,5.36,2670.1,Laterite
81.3,49.6,55.9,30.0,89.8,4.56,2331.1,Brown Hydromorphic
76.3,16.2,77.0,31.8,74.6,5.79,2985.3,Laterite
46.7,12.2,89.9,30.2,79.9,5.59,3719.4,Laterite
58.4,12.7,38.0,27.5,85.2,4.99,3811.4,Laterite
57.6,39.5,72.2,25.8,88.9,6.64,2261.5,Clayey
28.3,38.9,68.0,35.2,96.9,6.96,1718.9,Coastal Alluvial
60.1,10.6,81.3,26.7,80.8,5.52,3567.7,Laterite
169.4,16.9,39.2,32.1,89.5,4.03,3047.0,Peaty
49.1,25.3,85.9,31.5,75.5,6.17,2385.3,Red Loam
71.6,70.0,72.4,31.1,87.9,7.2,3519.1,Riverine Alluvial
94.3,53.9,99.5,31.0,90.7,7.1,3232.5,Riverine Alluvial
35.5,27.1,29.5,38.7,54.2,6.98,1488.0,Sandy
81.8,35.5,71.1,29.5,83.5,6.38,2712.0,Red Loam
81.3,33.9,63.6,28.2,90.7,4.62,2680.4,Brown Hydromorphic
65.1,20.5,55.2,32.1,86.3,5.05,3816.4,Laterite
46.4,12.6,81.3,27.8,80.7,4.79,3348.9,Laterite
74.6,57.7,67.3,24.5,70.4,6.32,1822.8,Loamy
146.1,23.4,54.4,27.8,90.8,3.68,3454.8,Peaty
41.0,30.7,35.1,27.7,94.4,7.44,2075.8,Coastal Alluvial
36.1,34.9,40.8,26.4,84.1,8.12,2329.9,Coastal Alluvial
62.0,16.6,72.6,24.1,79.7,6.07,3337.3,Laterite
89.5,53.5,93.2,26.8,77.8,7.2,2584.2,Riverine Alluvial
70.5,41.0,63.0,33.1,71.5,8.09,1708.3,Black Cotton
41.1,8.5,37.6,28.9,85.5,4.58,3070.2,Laterite
60.7,23.4,53.0,28.4,86.2,4.82,2040.0,Laterite
137.0,52.9,93.4,17.9,94.1,5.64,4178.3,Forest Loam
62.7,36.2,40.9,29.1,87.5,4.72,2910.2,Brown Hydromorphic
138.9,27.8,44.9,32.0,96.0,4.28,2855.4,Peaty
64.9,43.5,93.6,29.0,66.0,6.59,1585.4,Loamy
88.3,43.6,82.7,23.4,81.9,5.92,3902.5,Forest Loam
151.3,25.9,42.1,29.7,88.4,4.13,3044.7,Peaty
46.5,11.7,74.0,28.0,87.0,6.0,3107.1,Laterite
77.7,46.5,56.7,33.3,93.7,4.73,3130.7,Brown Hydromorphic
63.8,40.1,45.0,28.9,69.4,6.75,1465.5,Loamy
76.6,68.2,84.1,30.7,79.8,6.79,2434.2,Riverine Alluvial
100.5,37.0,78.1,32.6,94.2,5.22,3738.0,Brown Hydromorphic
72.9,36.9,52.3,32.1,68.9,6.58,1593.9,Loamy
90.7,52.7,111.9,26.9,84.5,6.5,2748.6,Riverine Alluvial
50.6,16.2,68.5,29.5,78.1,6.22,3934.3,Laterite
85.6,53.0,80.0,29.3,88.3,7.05,2859.9,Riverine Alluvial
75.5,19.3,57.3,32.4,79.7,5.61,3694.1,Laterite
117.7,39.0,47.8,27.3,92.9,4.94,2833.3,Peaty
89.6,31.7,47.1,28.8,90.5,4.99,3223.6,Brown Hydromorphic
121.1,22.8,53.0,31.0,95.8,4.67,2977.5,Peaty
75.5,43.4,62.8,29.7,92.9,4.22,3662.8,Brown Hydromorphic
69.0,17.6,87.4,26.0,76.1,6.21,2004.1,Red Loam
70.1,31.4,89.5,30.2,76.8,6.1,2064.3,Red Loam
57.1,9.0,61.6,29.8,79.3,4.29,2778.4,Laterite
55.9,55.0,51.9,30.9,82.0,7.31,2269.3,Coastal Alluvial
60.7,36.2,96.5,31.3,70.4,6.92,3405.6,Riverine Alluvial
68.3,62.4,82.9,30.7,76.1,6.61,2579.0,Riverine Alluvial
48.2,37.7,84.3,27.9,78.0,6.6,2995.6,Red Loam
87.7,30.8,60.9,29.2,88.0,4.7,3991.9,Brown Hydromorphic
132.6,59.5,88.7,19.9,82.8,6.14,3729.4,Forest Loam
102.6,33.7,53.4,26.8,92.6,4.51,2419.9,Brown Hydromorphic
50.3,20.8,57.3,23.8,83.4,5.14,3066.8,Laterite
40.3,33.4,36.5,29.4,84.7,7.79,2147.7,Coastal Alluvial
65.0,65.7,67.8,24.6,73.8,6.73,2399.0,Riverine Alluvial
35.7,41.3,36.0,33.3,83.8,8.1,1903.9,Coastal Alluvial
78.1,25.9,68.1,32.0,67.9,8.32,1396.3,Black Cotton
59.3,15.2,74.0,28.6,84.0,5.63,2507.1,Laterite
54.1,31.8,55.7,30.5,91.6,4.79,3050.1,Brown Hydromorphic
93.2,42.1,66.9,23.0,84.9,5.99,3987.9,Forest Loam
49.6,31.7,45.0,24.6,86.6,5.94,2064.6,Red Loam
52.9,42.2,66.6,31.3,83.2,7.27,1600.5,Coastal Alluvial
74.8,70.1,94.1,27.8,81.4,6.72,2636.5,Riverine Alluvial
96.2,42.1,86.1,29.5,78.0,6.77,2968.7,Riverine Alluvial
65.8,33.6,32.2,25.4,90.2,4.45,3346.6,Brown Hydromorphic
86.1,28.5,40.3,27.6,84.6,4.66,2835.5,Brown Hydromorphic
23.2,18.7,42.3,33.3,51.1,6.77,1278.9,Sandy
46.7,38.6,37.9,35.0,76.6,6.96,2453.9,Coastal Alluvial
41.1,49.1,70.7,31.6,87.3,8.21,2008.7,Coastal Alluvial
70.5,47.8,72.8,27.8,68.9,6.16,1431.8,Loamy
83.9,34.6,59.1,27.9,93.2,4.02,2695.5,Brown Hydromorphic
65.8,26.0,83.7,31.7,76.4,6.17,1703.2,Red Loam
76.4,33.9,69.9,27.9,78.2,6.0,2241.7,Red Loam
40.8,32.0,44.1,31.5,91.5,7.77,2291.7,Coastal Alluvial
83.8,49.8,71.2,37.8,61.1,8.61,1253.6,Black Cotton
127.8,41.2,37.2,31.9,89.5,3.43,2776.9,Peaty
70.3,22.8,87.7,29.1,71.7,6.23,2101.2,Red Loam
45.0,36.4,32.1,29.1,80.3,7.82,1890.2,Coastal Alluvial
88.3,57.2,101.4,27.6,83.6,6.51,3313.4,Riverine Alluvial
47.1,49.2,80.7,26.9,84.7,7.02,1858.6,Clayey
56.2,13.5,77.5,24.1,64.1,6.23,2999.5,Red Loam
55.8,34.1,35.8,28.9,80.2,7.72,2563.2,Coastal Alluvial
140.8,26.8,51.0,33.2,97.6,4.04,2867.6,Peaty
98.3,42.0,70.9,30.2,83.6,6.38,2768.6,Riverine Alluvial
47.3,9.5,57.0,26.1,69.1,5.29,3411.5,Laterite
45.0,6.1,85.8,27.0,82.9,5.13,3401.1,Laterite
63.4,36.1,107.8,26.4,75.9,6.86,2844.0,Riverine Alluvial
65.9,39.0,90.4,27.1,82.5,6.27,2936.3,Red Loam
150.5,27.3,36.7,31.8,96.8,4.26,3175.5,Peaty
45.6,28.4,84.4,29.7,76.8,6.12,2634.1,Red Loam
41.2,19.6,39.0,35.7,44.8,6.37,975.4,Sandy
110.1,53.0,123.5,31.1,85.6,6.19,3264.0,Riverine Alluvial
40.6,34.6,60.0,31.2,91.1,7.59,2058.1,Coastal Alluvial
69.8,47.1,63.9,26.6,57.8,7.41,1405.2,Black Cotton
65.1,50.5,76.2,27.4,65.2,6.64,1795.4,Loamy
26.6,16.1,31.0,36.3,59.4,6.72,1125.2,Sandy
53.2,19.4,117.0,28.5,73.5,6.29,2657.7,Red Loam
48.8,28.5,46.6,27.6,52.7,5.97,818.7,Sandy
64.0,15.0,77.3,28.0,83.9,5.43,4037.9,Laterite
133.1,44.0,85.1,20.9,82.1,5.93,3430.0,Forest Loam
76.6,8.3,58.4,32.7,74.6,5.42,3811.9,Laterite
56.5,12.3,68.1,27.4,86.9,5.26,2991.5,Laterite
44.2,21.8,41.5,31.4,86.2,5.17,3783.5,Laterite
76.3,30.5,91.4,32.1,75.1,6.83,2086.8,Red Loam
37.6,19.2,51.2,28.4,73.3,6.57,3303.4,Red Loam
36.5,32.6,66.4,28.6,83.7,8.6,2436.7,Coastal Alluvial
35.3,30.3,42.5,27.4,53.5,7.18,843.8,Sandy
52.7,42.8,72.5,38.0,68.3,7.24,1282.8,Black Cotton
53.5,31.5,36.5,26.8,80.7,7.74,2407.2,Coastal Alluvial
47.9,11.5,88.0,27.4,83.6,4.39,3180.6,Laterite
63.6,24.9,31.0,30.0,93.8,4.49,2731.1,Brown Hydromorphic
63.1,24.1,49.7,31.4,85.5,7.7,1797.3,Coastal Alluvial
34.4,27.2,45.2,36.5,82.6,7.21,1822.7,Coastal Alluvial
146.3,26.0,40.4,29.2,93.3,4.17,3042.1,Peaty
42.9,20.4,78.1,26.8,93.8,5.46,3425.5,Laterite
87.9,73.4,119.5,28.0,83.6,6.35,2620.2,Riverine Alluvial
144.9,24.4,45.3,32.4,89.4,4.29,2580.5,Peaty
132.5,24.6,50.6,29.0,92.5,3.68,2970.4,Peaty
93.7,31.5,72.2,30.0,86.6,7.21,3622.1,Riverine Alluvial
111.7,34.5,120.2,21.7,81.7,5.11,2784.5,Forest Loam
22.5,47.2,39.4,31.7,90.2,7.72,1878.3,Coastal Alluvial
45.0,31.0,54.8,27.1,86.4,5.04,3016.5,Brown Hydromorphic
83.1,30.9,58.2,30.8,75.1,6.4,2134.7,Red Loam
78.7,50.7,73.4,26.6,68.3,6.47,1283.6,Loamy
30.9,24.2,24.9,26.0,64.1,7.09,1677.2,Sandy
73.8,31.9,64.2,30.5,86.5,4.44,2918.1,Brown Hydromorphic
84.2,40.5,41.7,28.0,83.2,4.62,3332.4,Brown Hydromorphic
48.2,10.8,86.2,25.1,84.7,5.53,2793.4,Laterite
134.8,58.4,58.8,16.7,78.8,5.27,4421.3,Forest Loam
62.9,27.2,92.2,36.8,74.4,6.05,2870.1,Red Loam
50.3,16.6,43.0,32.9,78.2,4.82,3533.0,Laterite
33.9,35.6,56.1,27.6,93.2,7.43,2392.7,Coastal Alluvial
88.0,21.4,72.5,29.7,83.3,5.2,2952.5,Laterite
52.3,10.9,53.5,30.4,80.5,5.58,3069.6,Laterite
58.1,29.8,83.7,31.3,78.4,6.07,2414.5,Red Loam
66.2,36.4,55.0,31.3,72.3,6.36,2797.5,Red Loam
121.6,40.5,75.1,22.1,96.4,5.84,3328.6,Forest Loam
78.9,52.8,84.9,32.3,56.8,7.54,1475.1,Black Cotton
58.6,26.8,98.2,31.2,70.9,6.22,2644.0,Red Loam
59.6,37.6,50.1,33.8,79.5,7.56,2111.2,Coastal Alluvial
71.2,25.3,71.2,31.1,88.2,4.47,3072.6,Brown Hydromorphic
100.7,48.6,87.4,29.6,81.4,7.16,3403.5,Riverine Alluvial
113.3,50.9,120.4,14.2,93.9,5.74,4507.5,Forest Loam
38.9,29.3,52.0,31.7,59.4,5.7,1323.1,Sandy
64.6,40.5,70.8,35.4,62.5,7.6,1285.2,Black Cotton
52.8,53.7,55.6,32.5,67.4,6.61,2301.1,Loamy
69.2,41.1,52.8,36.5,62.8,7.94,1779.1,Black Cotton
61.2,14.7,56.2,28.0,76.7,5.57,3042.2,Laterite
51.2,15.2,79.8,29.8,78.4,6.2,3239.7,Laterite
57.7,27.1,76.9,31.9,82.8,7.7,2252.5,Coastal Alluvial
97.8,31.1,48.3,29.3,85.1,4.13,3246.9,Brown Hydromorphic
56.0,46.4,42.7,36.8,66.2,7.86,1468.1,Black Cotton
52.2,13.7,47.9,24.6,79.8,4.64,3606.4,Laterite
55.9,34.0,66.1,25.9,62.5,8.27,1726.2,Black Cotton
42.5,40.8,61.4,31.3,85.0,6.84,2032.9,Coastal Alluvial
50.5,10.6,82.9,27.9,77.0,5.81,4036.8,Laterite
45.8,25.7,67.5,27.2,77.4,4.29,3150.2,Laterite
68.6,41.1,79.4,33.6,64.0,8.42,883.3,Black Cotton
66.6,21.7,73.2,28.2,81.7,4.78,2771.7,Brown Hydromorphic
73.2,39.1,102.6,27.9,71.6,6.4,2283.1,Loamy
50.8,36.1,85.8,26.0,69.4,6.45,1642.3,Loamy
77.0,52.7,90.5,34.5,84.2,7.22,2739.0,Riverine Alluvial
41.2,19.6,54.6,28.4,84.6,4.62,3268.7,Laterite
72.6,52.7,82.3,34.4,62.0,7.41,1387.1,Black Cotton
87.8,22.2,51.3,30.4,82.1,5.2,3531.9,Brown Hydromorphic
59.2,23.2,27.0,32.5,90.5,4.53,3173.9,Brown Hydromorphic
99.4,53.2,103.0,26.0,85.1,7.69,1734.3,Clayey
45.8,25.4,63.7,32.6,73.1,6.42,1953.4,Red Loam
79.2,45.9,68.5,29.4,67.0,7.71,1526.0,Black Cotton
55.0,21.3,90.8,23.6,80.6,6.37,3471.3,Red Loam
67.0,46.9,71.4,27.7,74.9,7.05,1483.1,Loamy
68.5,33.2,59.0,27.7,84.3,4.48,3106.1,Brown Hydromorphic
89.8,18.3,78.8,32.0,89.8,6.31,2672.1,Red Loam
119.5,66.3,115.8,17.1,80.8,6.26,4431.7,Forest Loam
45.9,47.8,63.5,30.9,68.9,7.12,956.2,Black Cotton
103.8,62.5,108.0,24.3,77.7,6.58,2598.0,Riverine Alluvial
134.0,49.7,82.1,16.9,89.7,5.71,4592.3,Forest Loam
64.5,28.5,32.3,32.2,97.7,4.84,2920.7,Brown Hydromorphic
54.9,38.2,84.1,33.1,54.3,7.58,1100.5,Black Cotton
65.2,42.6,60.5,25.3,79.6,6.86,1125.3,Clayey
74.2,48.2,104.7,30.8,82.7,6.78,2981.7,Riverine Alluvial
79.8,34.8,71.5,26.0,87.8,4.66,2890.6,Brown Hydromorphic
52.5,18.9,75.4,30.4,84.3,7.62,2355.7,Coastal Alluvial
94.7,46.4,86.5,31.1,83.1,6.63,2504.6,Riverine Alluvial
52.6,40.6,54.6,27.3,90.1,4.66,3090.4,Brown Hydromorphic
61.9,4.5,61.0,28.2,75.1,5.41,2622.1,Laterite
59.0,38.6,59.9,30.8,84.4,7.45,1987.6,Coastal Alluvial
71.9,25.5,60.8,31.8,92.1,5.1,2890.7,Brown Hydromorphic
51.2,9.2,84.2,32.3,88.0,5.05,3368.5,Laterite
42.9,28.1,91.6,27.2,85.1,5.96,2874.9,Red Loam
80.3,19.3,97.9,29.8,79.2,6.11,2553.7,Red Loam
85.0,29.0,71.2,26.2,89.9,4.24,3556.6,Brown Hydromorphic
76.8,58.8,89.4,29.4,72.7,6.68,3158.3,Riverine Alluvial
129.1,44.3,118.4,19.2,88.3,5.71,3971.0,Forest Loam
67.3,8.2,58.8,33.8,74.7,5.27,3632.1,Laterite
55.6,20.9,36.4,31.9,83.2,8.26,2371.3,Coastal Alluvial
51.8,39.3,44.4,30.0,83.0,7.54,1633.9,Coastal Alluvial
70.5,28.7,108.0,28.8,72.0,5.74,2054.0,Red Loam
43.6,15.1,73.5,29.6,78.1,5.09,3680.1,Laterite
66.8,58.0,86.8,27.3,81.4,6.77,2673.6,Riverine Alluvial
45.1,26.3,56.7,33.1,86.5,7.95,2592.8,Coastal Alluvial
49.0,43.2,55.3,27.7,87.4,7.75,2133.7,Coastal Alluvial
71.2,30.3,105.4,30.0,73.6,6.34,2697.5,Red Loam
65.3,22.5,55.3,30.6,61.4,8.45,1181.3,Black Cotton
83.8,64.9,79.4,30.7,78.7,7.51,3109.6,Riverine Alluvial
94.6,25.4,48.9,28.2,92.7,4.34,2880.9,Peaty
46.3,43.6,82.6,27.7,86.5,7.35,2252.7,Coastal Alluvial
36.0,36.3,66.7,30.2,91.6,7.67,1636.4,Coastal Alluvial
55.1,23.6,68.3,28.2,73.2,5.2,3229.4,Laterite
66.6,57.0,105.2,31.1,78.4,7.25,2618.5,Riverine Alluvial
65.8,55.5,68.3,24.6,66.7,6.39,1902.2,Loamy
77.2,10.2,80.3,27.8,83.7,5.84,2811.9,Laterite
134.6,32.5,42.9,27.5,93.0,4.61,2954.4,Peaty
76.4,41.1,63.7,31.3,62.4,7.47,1430.6,Black Cotton
100.1,53.8,63.6,30.2,75.4,7.02,3390.8,Riverine Alluvial
71.6,29.9,73.9,29.0,86.4,5.49,2449.3,Red Loam
84.5,28.1,82.2,30.2,80.8,5.88,2595.3,Red Loam
75.1,29.1,60.6,28.8,82.4,4.7,3511.6,Brown Hydromorphic
31.1,32.1,33.9,35.0,56.3,6.85,1533.6,Sandy
51.4,21.9,56.7,29.6,80.2,5.25,3980.6,Laterite
78.0,47.0,66.9,27.9,65.6,6.44,1572.7,Loamy
74.5,39.7,79.4,28.7,71.1,6.43,1996.6,Loamy
74.6,13.5,84.4,27.6,80.3,5.53,2697.3,Laterite
60.1,46.5,62.3,27.3,90.9,4.65,3080.4,Brown Hydromorphic
73.5,35.4,35.1,33.0,90.7,5.32,3367.3,Brown Hydromorphic
124.1,52.2,68.3,30.3,81.2,6.97,3949.7,Riverine Alluvial
49.6,20.0,55.6,27.1,85.4,6.07,3476.3,Laterite
58.1,20.0,81.0,31.7,79.8,5.04,3318.9,Laterite
56.4,31.3,101.9,24.1,81.8,6.22,2732.7,Red Loam
86.9,23.7,57.8,27.7,93.1,5.19,3266.5,Brown Hydromorphic
68.0,38.9,56.9,30.2,79.4,4.9,2683.9,Brown Hydromorphic
135.1,48.2,99.8,15.7,81.2,5.53,4078.9,Forest Loam
83.9,36.4,78.6,32.0,60.0,7.27,1381.7,Black Cotton
73.8,25.1,46.8,31.7,80.7,4.21,3120.0,Brown Hydromorphic
52.0,32.2,64.7,32.8,73.9,6.51,2158.3,Red Loam
51.1,45.1,58.9,28.6,85.5,7.44,1636.8,Coastal Alluvial
55.4,24.2,99.4,25.8,68.9,6.24,2516.0,Red Loam
61.2,41.8,73.5,33.3,71.2,5.59,2647.4,Red Loam
44.1,41.0,73.9,30.9,81.8,8.22,2033.1,Coastal Alluvial
52.0,48.2,88.5,25.2,71.9,7.14,2645.0,Clayey
63.4,37.6,63.5,32.0,58.4,7.35,1524.7,Black Cotton
38.8,15.6,80.8,27.3,78.7,5.6,2972.0,Laterite
77.7,40.1,75.5,29.0,89.8,4.85,2891.1,Brown Hydromorphic
128.5,18.9,52.1,30.7,89.9,4.1,2940.7,Peaty
33.8,14.9,32.3,38.5,57.9,6.41,1031.5,Sandy
38.7,19.3,42.1,34.8,54.5,6.91,1057.2,Sandy
48.2,39.3,49.9,31.1,87.9,8.09,1816.1,Coastal Alluvial
32.2,18.0,37.4,30.6,67.3,6.99,811.3,Sandy
37.7,28.7,77.4,31.4,81.8,7.68,2022.7,Coastal Alluvial
40.6,25.9,63.5,30.0,79.2,8.08,2015.9,Coastal Alluvial
59.6,25.2,88.2,29.9,82.9,5.74,2618.1,Red Loam
117.0,48.3,123.5,19.2,81.3,5.63,3517.6,Forest Loam
74.3,30.0,67.2,24.2,70.4,6.0,1481.9,Loamy
149.8,32.2,53.6,27.4,93.5,4.14,2970.6,Peaty
59.9,16.0,87.4,29.7,80.4,4.96,3315.2,Laterite
65.2,19.1,73.7,27.6,80.6,4.68,3549.1,Laterite
67.0,29.7,77.3,31.0,74.5,6.1,2859.8,Red Loam
112.8,63.7,78.0,27.7,88.5,6.2,3212.0,Riverine Alluvial
93.5,47.1,62.0,29.8,73.0,6.74,2191.6,Clayey
92.1,30.7,72.2,31.1,89.2,5.13,3305.8,Brown Hydromorphic
135.3,51.7,80.9,24.0,84.2,5.64,4513.5,Forest Loam
126.7,62.8,92.1,19.3,85.5,6.12,4458.9,Forest Loam
152.6,22.0,33.3,30.6,92.1,4.35,2893.2,Peaty
101.4,44.8,89.5,24.1,78.5,6.44,2833.9,Riverine Alluvial
90.0,59.0,83.3,29.6,76.4,7.19,3401.5,Riverine Alluvial
108.7,49.2,102.3,28.4,82.8,7.11,2527.6,Riverine Alluvial
32.1,17.8,65.4,30.8,72.0,5.44,3462.1,Laterite
70.5,40.9,59.4,36.1,65.4,7.81,1699.8,Black Cotton
79.9,51.2,53.6,27.7,74.1,8.01,1735.5,Black Cotton
96.1,54.8,103.0,26.2,82.7,6.24,2683.0,Riverine Alluvial
128.2,56.1,95.3,23.2,83.2,5.61,3735.5,Forest Loam
48.2,36.6,58.0,31.1,88.3,7.69,1976.5,Coastal Alluvial
74.4,27.9,58.5,29.4,81.1,5.49,3311.9,Brown Hydromorphic
85.5,29.9,73.0,30.0,79.9,6.15,2211.9,Red Loam
47.8,37.0,51.8,31.5,86.8,7.71,2304.4,Coastal Alluvial
36.7,42.9,58.9,31.1,88.1,7.58,2432.5,Coastal Alluvial
48.6,26.5,44.1,33.9,80.8,7.67,1852.6,Coastal Alluvial
106.3,61.1,74.9,21.4,86.5,5.93,3723.5,Forest Loam
119.6,62.9,100.4,24.9,82.8,4.84,3909.1,Forest Loam
84.4,24.4,79.2,31.0,83.6,5.1,3551.9,Laterite
70.5,61.3,105.2,28.5,77.0,6.94,3208.8,Riverine Alluvial
147.1,44.0,85.8,21.0,79.0,5.88,4256.8,Forest Loam
97.2,38.4,91.5,27.3,69.3,6.74,1965.5,Loamy
73.3,17.2,68.4,27.4,72.5,6.32,3203.6,Red Loam
33.5,11.4,61.9,34.9,73.9,5.52,2990.1,Laterite
102.5,42.2,104.8,30.2,77.7,6.87,2947.3,Riverine Alluvial
63.7,27.9,43.1,29.2,87.2,5.07,3065.3,Brown Hydromorphic
71.6,56.4,105.9,31.4,80.2,6.47,2976.1,Riverine Alluvial
56.9,47.0,92.2,23.8,78.7,6.52,1563.9,Loamy
82.7,38.0,77.9,28.8,94.6,4.55,3199.1,Brown Hydromorphic
62.6,62.9,83.0,29.4,78.8,6.88,3385.6,Riverine Alluvial
95.7,27.1,57.6,30.6,88.7,5.38,2994.5,Brown Hydromorphic
59.3,21.0,77.0,32.0,79.0,6.6,2637.2,Red Loam
108.3,49.8,93.7,29.1,82.2,6.63,2507.6,Riverine Alluvial
94.3,28.8,54.8,30.7,68.2,8.52,1417.8,Black Cotton
43.6,13.6,101.0,27.0,82.9,5.42,4398.8,Laterite
75.6,24.2,80.7,29.1,78.5,6.5,2476.2,Red Loam
73.0,15.7,82.8,27.7,75.7,4.63,2823.8,Laterite
85.0,61.3,95.4,30.3,80.2,6.97,3027.5,Riverine Alluvial
33.3,44.0,62.1,32.5,83.3,7.53,2776.7,Coastal Alluvial
137.8,59.8,113.7,20.2,85.4,5.86,4328.4,Forest Loam
36.9,11.5,65.4,26.5,72.8,5.37,3231.0,Laterite
52.4,9.4,84.9,27.1,84.0,5.86,3093.3,Laterite
64.8,46.5,60.6,33.6,65.1,6.98,1341.9,Black Cotton
82.5,54.9,95.5,26.7,75.8,7.01,3630.3,Riverine Alluvial
56.8,17.9,83.7,28.4,79.1,5.33,3432.1,Laterite
56.3,18.8,56.5,24.9,87.2,6.21,3430.9,Laterite
69.2,38.3,66.7,30.3,70.6,6.46,2508.4,Red Loam
38.8,21.8,61.0,29.7,77.1,4.9,3227.3,Laterite
149.7,60.6,95.8,17.3,89.9,5.86,3665.1,Forest Loam
44.7,4.5,74.1,31.9,86.2,5.53,3439.6,Laterite
78.1,9.4,60.7,33.5,88.7,4.74,4012.2,Laterite
65.8,32.4,53.3,33.5,60.4,7.35,1393.4,Black Cotton
68.8,30.6,105.4,29.4,73.5,6.2,2984.3,Red Loam
60.2,55.3,49.6,28.6,67.9,7.92,1313.1,Black Cotton
55.7,20.4,47.0,27.1,70.3,6.02,3159.3,Laterite
71.6,62.0,92.2,22.9,88.4,6.68,2804.1,Riverine Alluvial
46.9,28.7,45.1,34.1,84.6,7.25,2106.9,Coastal Alluvial
92.4,49.3,103.5,24.9,84.1,6.98,3112.4,Riverine Alluvial
54.2,22.6,77.3,33.2,85.3,6.78,2031.0,Red Loam
122.1,32.0,110.3,19.0,89.4,6.1,4581.8,Forest Loam
56.7,39.1,53.8,28.1,82.2,7.99,2085.1,Coastal Alluvial
53.7,53.4,63.0,29.4,89.6,3.97,3062.7,Brown Hydromorphic
60.6,25.3,111.2,27.8,69.1,6.13,3729.0,Red Loam
30.8,6.9,61.4,29.9,84.8,5.03,3311.8,Laterite
31.6,33.3,71.4,29.4,81.7,8.2,1968.4,Coastal Alluvial
64.0,32.8,89.4,31.6,77.6,5.59,2031.2,Red Loam
55.2,49.0,68.8,35.8,60.7,7.24,1456.7,Black Cotton
59.4,52.1,87.8,27.3,73.5,6.58,1619.0,Loamy
79.1,30.0,36.4,33.8,94.0,4.55,2835.9,Brown Hydromorphic
49.5,11.1,75.5,26.1,73.7,5.41,3658.9,Laterite
87.7,56.4,111.9,30.9,78.6,6.85,2506.1,Riverine Alluvial
26.8,40.8,58.7,28.2,78.5,7.17,2212.8,Coastal Alluvial
117.7,47.6,82.4,22.3,83.0,5.19,3967.8,Forest Loam
59.4,60.8,80.7,28.5,77.0,7.01,2397.0,Riverine Alluvial
105.5,57.4,78.2,24.6,85.2,6.34,4419.6,Forest Loam
87.6,25.5,35.0,28.4,90.1,4.64,3777.1,Brown Hydromorphic
51.7,14.9,68.2,30.8,82.8,5.46,3495.1,Laterite
47.8,32.4,74.7,24.7,90.3,7.65,2123.0,Coastal Alluvial
75.0,35.0,70.9,27.3,67.6,5.73,2762.5,Red Loam
88.4,35.1,37.7,33.6,89.1,4.4,3207.1,Brown Hydromorphic
137.9,38.5,31.0,30.5,92.1,4.36,3244.1,Peaty
55.1,25.1,65.1,31.9,73.8,5.88,2486.2,Red Loam
26.5,31.2,57.3,35.8,84.7,7.27,1711.0,Coastal Alluvial
152.7,33.1,39.6,33.2,89.5,4.17,2713.8,Peaty
111.1,51.7,106.5,22.4,89.5,6.02,2550.0,Forest Loam
60.2,49.4,110.5,28.7,87.1,7.34,2283.7,Clayey
60.1,20.9,62.2,30.8,76.8,5.42,3445.9,Laterite
141.3,30.7,78.5,18.0,81.2,6.25,4434.4,Forest Loam
73.3,36.4,67.3,29.0,92.1,5.35,3067.5,Brown Hydromorphic
92.1,52.8,49.5,29.2,72.1,6.85,2814.3,Riverine Alluvial
49.1,15.9,77.3,27.9,79.1,5.41,3289.9,Laterite
73.6,47.4,97.0,31.0,87.8,6.7,2813.7,Clayey
75.0,38.1,61.8,32.4,60.6,8.19,1291.8,Black Cotton
87.8,54.8,85.5,28.1,76.9,6.7,2881.1,Riverine Alluvial
96.7,49.5,75.9,29.5,76.5,7.37,2025.2,Clayey
90.0,22.4,61.4,29.9,88.4,5.07,3045.7,Brown Hydromorphic
80.7,40.0,87.8,28.5,70.2,7.39,2696.5,Riverine Alluvial
119.5,42.3,110.4,21.2,84.3,6.14,3974.7,Forest Loam
60.0,22.1,70.3,30.7,76.5,4.73,3331.6,Laterite
101.3,50.9,121.2,29.9,80.9,6.33,3198.3,Riverine Alluvial
33.5,24.0,35.6,30.7,90.5,7.15,2457.4,Coastal Alluvial
68.8,30.7,47.8,32.7,85.6,4.63,3501.5,Brown Hydromorphic
46.0,17.7,103.4,30.6,88.8,4.99,3979.6,Laterite
75.1,27.8,50.8,25.6,87.1,4.92,3515.1,Brown Hydromorphic
134.8,36.0,91.6,17.6,83.0,5.34,3676.7,Forest Loam
75.5,23.4,102.1,28.5,70.5,6.61,3207.9,Red Loam
64.5,34.2,110.5,24.2,72.1,7.02,1862.1,Clayey
38.7,11.1,56.2,30.4,70.6,5.1,2599.2,Laterite
73.5,36.0,77.2,29.1,57.6,8.17,1027.5,Black Cotton
49.2,44.0,69.6,29.3,86.8,7.38,1937.5,Coastal Alluvial
159.4,41.6,35.7,30.0,94.6,4.2,2747.0,Peaty
35.7,28.4,32.2,34.5,70.7,6.36,1690.3,Sandy
87.8,39.9,40.1,30.2,59.3,8.78,1568.6,Black Cotton
79.5,15.3,79.6,27.9,74.9,5.19,3218.8,Laterite
76.7,34.9,54.1,24.9,100.0,4.57,2749.4,Brown Hydromorphic
82.2,41.3,50.3,29.7,97.4,4.37,2598.7,Brown Hydromorphic
75.3,35.2,49.6,27.2,77.8,6.3,2689.4,Red Loam
47.2,18.7,49.3,27.6,56.8,6.29,1171.5,Sandy
63.6,36.3,74.6,30.2,82.8,7.95,2903.2,Coastal Alluvial
22.5,33.5,68.5,31.5,78.0,8.07,1980.0,Coastal Alluvial
50.2,9.8,83.0,32.8,80.6,5.73,3007.3,Laterite
149.7,20.8,42.6,27.6,86.6,4.24,3107.6,Peaty
62.8,22.7,79.3,28.2,80.1,6.65,2993.8,Red Loam
68.1,9.5,73.0,30.6,85.9,5.6,3678.3,Laterite
35.2,38.5,49.6,27.0,77.6,8.3,1460.4,Coastal Alluvial
99.9,46.5,111.8,24.5,81.6,7.22,3067.0,Riverine Alluvial
65.1,45.4,34.4,28.1,93.0,5.07,3290.6,Brown Hydromorphic
81.4,22.2,65.0,35.7,83.0,4.66,3127.4,Brown Hydromorphic
49.0,12.1,60.4,29.4,79.4,5.04,3365.0,Laterite
97.5,48.3,72.3,30.3,71.7,7.01,2529.3,Riverine Alluvial
57.0,35.9,74.7,34.4,59.6,8.07,1342.0,Black Cotton
76.7,42.5,61.9,28.8,87.4,5.16,3250.9,Brown Hydromorphic
43.1,27.7,74.1,30.2,86.5,7.68,1627.7,Coastal Alluvial
43.2,15.6,99.3,28.1,75.1,5.51,3301.4,Laterite
143.9,18.9,37.7,34.1,95.2,4.13,3127.0,Peaty
81.7,37.2,75.4,29.5,65.7,7.36,1736.0,Black Cotton
69.2,30.5,95.1,30.4,71.0,5.82,2551.3,Red Loam
49.1,15.3,77.4,32.5,90.0,5.76,2937.7,Laterite
29.4,28.7,38.1,28.4,56.4,6.47,1014.5,Sandy
96.1,54.9,100.4,28.6,77.1,7.4,2361.4,Clayey
78.2,9.3,58.3,28.4,87.3,5.49,2901.2,Laterite
34.9,26.4,67.9,29.3,79.0,4.65,3144.1,Laterite
72.4,33.9,69.8,32.2,61.3,7.52,1365.3,Black Cotton
130.1,52.1,83.9,20.5,88.9,5.98,3165.1,Forest Loam
49.5,33.4,58.8,28.0,88.8,4.52,3093.5,Brown Hydromorphic
59.1,17.2,46.9,27.8,74.3,5.43,2835.4,Laterite
77.4,26.9,64.4,28.5,96.9,4.91,2821.1,Brown Hydromorphic
64.2,28.4,101.0,25.7,79.7,6.37,2175.5,Red Loam
84.7,49.3,91.9,27.8,78.8,7.28,3718.1,Riverine Alluvial
86.8,35.7,55.6,33.9,65.1,8.04,1242.2,Black Cotton
110.0,49.5,75.4,32.6,79.2,7.52,2439.8,Clayey
53.2,18.7,95.2,25.8,85.1,5.81,3184.7,Laterite
71.2,57.3,109.8,27.1,72.4,7.79,2550.8,Clayey
80.9,40.7,57.1,28.2,89.9,4.79,3176.8,Brown Hydromorphic
31.9,22.6,36.2,32.7,64.1,6.95,1471.9,Sandy
22.5,25.4,45.6,35.3,90.2,8.21,1839.7,Coastal Alluvial
114.6,54.0,104.2,19.5,83.6,5.68,3315.5,Forest Loam
52.3,29.9,67.9,30.1,66.7,7.96,1490.7,Black Cotton
74.5,37.3,60.3,31.2,62.3,7.94,1293.0,Black Cotton
109.9,26.2,41.6,28.7,91.2,4.71,3198.8,Peaty
122.1,51.5,115.5,29.0,78.4,6.42,2637.2,Riverine Alluvial
67.3,21.1,75.6,29.4,85.3,5.27,3644.5,Laterite
48.0,49.0,67.9,33.6,77.9,7.95,1989.7,Coastal Alluvial
61.4,23.1,87.0,32.5,92.2,5.35,3170.9,Laterite
28.5,21.6,28.0,23.8,53.8,7.16,1309.9,Sandy
71.0,31.8,54.5,29.5,90.8,5.44,3123.2,Brown Hydromorphic
63.1,23.5,90.2,31.4,75.8,6.36,1894.5,Red Loam
65.6,23.9,81.0,24.6,79.2,4.87,3073.5,Laterite
63.3,59.1,90.7,29.2,91.8,7.04,1840.3,Clayey
80.9,52.0,97.2,27.9,81.3,7.22,2396.5,Riverine Alluvial
30.9,14.6,36.3,32.5,49.3,7.16,794.7,Sandy
84.4,37.8,36.9,28.1,96.6,4.4,2471.5,Brown Hydromorphic
56.5,21.2,80.2,24.2,73.4,6.0,2022.1,Red Loam
138.7,41.7,103.9,19.3,89.1,5.87,4959.8,Forest Loam
58.4,24.5,56.9,31.2,89.6,7.73,1925.6,Coastal Alluvial
162.8,21.2,27.2,31.7,98.2,4.48,2869.0,Peaty
91.1,69.0,65.8,28.7,91.8,7.22,2772.7,Riverine Alluvial
39.1,9.8,85.9,23.3,71.3,5.58,2944.1,Laterite
60.6,8.6,55.3,34.0,80.4,5.34,2780.6,Laterite
61.2,29.2,72.7,30.7,84.0,7.84,2090.6,Coastal Alluvial
54.4,6.9,55.1,28.2,87.1,4.72,2957.2,Laterite
32.6,36.9,57.3,30.4,77.7,7.58,2025.7,Coastal Alluvial
98.8,44.4,89.0,26.3,77.5,6.75,3355.8,Riverine Alluvial
43.0,8.8,75.3,29.9,79.6,4.8,3146.2,Laterite
48.8,12.2,77.8,32.4,82.8,5.57,3326.4,Laterite
154.1,38.4,84.4,23.1,80.5,5.63,3092.0,Forest Loam
58.9,46.3,48.7,30.1,83.3,4.16,3343.2,Brown Hydromorphic
112.4,68.2,82.8,26.0,73.4,7.11,2777.3,Riverine Alluvial
73.8,49.9,66.7,26.9,68.1,6.4,1860.7,Loamy
83.1,45.3,73.9,29.2,74.7,7.37,2490.7,Clayey
52.7,10.7,55.4,31.5,89.4,5.09,3684.8,Laterite
86.3,20.9,56.1,29.6,93.3,4.59,3056.3,Brown Hydromorphic
116.1,49.0,86.1,26.4,88.5,7.47,2707.2,Riverine Alluvial
78.6,47.6,80.4,24.7,83.7,7.08,3208.3,Riverine Alluvial
62.5,39.4,40.9,26.3,96.7,4.96,2956.2,Brown Hydromorphic
62.4,39.3,67.6,29.8,56.2,7.15,1204.5,Black Cotton
134.6,31.3,47.5,28.4,95.7,4.01,2963.8,Peaty
68.7,28.6,66.9,23.1,65.4,6.25,2438.2,Red Loam
67.0,23.3,52.9,29.3,77.7,5.88,2590.7,Red Loam
42.7,21.3,54.7,27.6,78.2,5.41,3809.8,Laterite
54.9,23.1,86.2,30.0,82.3,4.69,2701.2,Laterite
36.6,19.6,88.9,26.2,75.4,6.13,2393.6,Red Loam
159.0,24.3,27.7,30.0,92.8,4.18,2756.6,Peaty
101.1,41.1,85.8,29.6,81.9,6.94,2096.1,Riverine Alluvial
71.4,27.0,82.2,29.1,69.9,7.36,1599.1,Clayey
22.5,33.5,47.7,35.1,81.8,8.79,1731.0,Coastal Alluvial
168.6,29.1,61.4,30.8,96.2,3.81,2945.7,Peaty
99.6,35.2,71.6,30.7,90.1,4.28,3426.6,Brown Hydromorphic
90.0,23.6,37.3,29.4,94.9,4.38,3161.8,Peaty
60.6,23.1,79.6,29.8,70.6,5.59,3355.4,Laterite
83.2,36.2,73.6,30.1,63.4,8.08,1581.0,Black Cotton
40.7,56.1,68.2,31.8,64.7,7.53,1849.9,Black Cotton
34.8,35.1,34.1,31.2,45.7,6.61,1336.7,Sandy
120.8,43.8,111.8,21.2,90.8,5.58,3345.7,Forest Loam
111.6,46.6,94.4,17.5,84.1,5.43,3397.4,Forest Loam
89.4,55.7,87.8,27.4,75.6,6.6,3186.4,Riverine Alluvial
78.1,37.2,62.6,31.7,60.1,7.52,1811.1,Black Cotton
62.8,45.7,77.2,27.8,70.4,6.95,1885.1,Loamy
40.5,29.9,30.5,31.9,58.0,6.61,1016.2,Sandy
73.0,24.7,81.6,30.2,77.2,6.26,2689.7,Red Loam
68.0,24.0,56.4,32.6,94.1,4.35,3211.0,Brown Hydromorphic
76.7,47.3,80.3,24.7,83.9,6.61,3299.8,Riverine Alluvial
54.9,10.1,85.7,29.2,93.8,5.35,3047.6,Laterite
42.2,35.9,63.0,30.8,86.0,7.8,2238.1,Coastal Alluvial
27.0,19.2,64.6,29.2,84.8,5.25,3673.6,Laterite
70.1,26.9,83.8,34.7,78.4,5.87,2398.3,Red Loam
44.5,38.5,43.9,29.2,45.1,7.88,857.3,Sandy
46.5,20.2,97.9,25.3,85.9,5.65,2760.7,Laterite
126.5,18.4,33.6,33.5,93.3,4.67,3165.1,Peaty
84.3,40.2,106.9,26.8,78.6,7.19,2873.6,Riverine Alluvial
71.2,16.8,74.8,27.9,83.3,5.14,3909.5,Laterite
83.8,36.2,94.0,30.2,75.0,6.4,2340.6,Red Loam
137.3,33.2,51.6,30.0,90.8,4.21,3551.2,Peaty
42.7,24.7,39.2,30.1,83.9,7.13,2167.5,Coastal Alluvial
65.9,19.0,86.3,31.7,77.8,5.04,2311.0,Laterite
69.0,42.4,92.2,35.5,77.9,7.54,2057.7,Clayey
98.3,39.3,74.5,27.9,81.8,6.7,3125.6,Riverine Alluvial
89.3,48.4,103.5,23.0,87.6,5.38,3649.5,Forest Loam
95.2,43.7,104.5,23.9,87.6,5.54,3936.7,Forest Loam
62.2,45.1,40.1,28.4,84.3,4.75,2954.8,Brown Hydromorphic
80.4,20.3,92.4,25.9,74.8,6.5,2312.7,Red Loam
102.6,36.7,95.8,18.0,77.6,5.83,3468.5,Forest Loam
72.8,34.8,51.8,29.1,98.5,4.63,2999.3,Brown Hydromorphic
70.0,25.5,56.8,29.3,90.2,4.23,2782.9,Brown Hydromorphic
70.4,48.2,66.6,33.6,62.4,7.43,1352.7,Black Cotton
64.5,36.3,56.2,30.2,86.7,7.55,1988.9,Coastal Alluvial
63.9,16.2,64.7,30.9,80.4,4.65,3237.5,Laterite
140.6,53.8,74.2,22.3,89.5,6.15,3771.1,Forest Loam
54.0,36.8,68.4,29.3,88.1,7.12,2023.7,Coastal Alluvial
136.1,16.2,31.0,32.4,89.8,4.94,2854.4,Peaty
71.9,5.5,81.4,23.6,84.3,4.93,3626.9,Laterite
33.8,26.9,65.2,27.7,93.0,7.64,2186.5,Coastal Alluvial
77.4,11.8,66.5,31.8,77.9,4.7,3229.4,Laterite
32.3,22.7,45.9,26.2,66.5,6.91,793.6,Sandy
49.0,43.4,60.8,37.8,75.7,8.35,2100.2,Coastal Alluvial
122.7,57.1,104.2,21.2,90.9,6.43,4177.2,Forest Loam
47.4,18.9,73.4,29.4,75.7,5.52,3197.0,Laterite
64.8,51.1,70.2,25.8,65.4,6.07,2372.6,Loamy
61.2,13.2,96.5,33.8,80.0,5.82,3482.7,Laterite
55.4,39.4,82.9,29.3,80.7,7.67,2424.9,Coastal Alluvial
108.2,52.8,105.5,30.2,79.9,7.14,2294.4,Riverine Alluvial
57.3,17.6,66.7,31.2,79.9,5.86,2582.7,Red Loam
69.2,24.2,80.9,31.9,77.5,4.92,4329.7,Laterite
156.1,23.8,46.8,31.8,97.2,4.19,3086.1,Peaty
46.0,41.4,43.3,36.6,70.3,7.57,1535.4,Black Cotton
58.1,21.2,70.3,30.1,76.7,5.34,3090.3,Laterite
27.3,23.2,53.5,30.7,54.8,6.72,1359.6,Sandy
67.4,22.1,48.6,27.5,87.1,3.87,2741.8,Brown Hydromorphic
60.0,40.3,76.1,20.9,70.7,6.99,2002.1,Loamy
66.0,34.4,95.9,31.3,78.5,6.74,2353.3,Clayey
54.4,10.5,76.8,27.1,75.7,5.12,3429.4,Laterite
81.7,37.0,50.2,28.3,63.3,6.4,1868.7,Loamy
82.2,30.6,59.2,29.7,62.7,7.6,1722.0,Black Cotton
83.1,54.0,92.7,30.9,84.0,6.52,3333.3,Riverine Alluvial
62.6,12.9,77.5,31.3,86.4,5.62,3206.3,Laterite
80.7,36.5,66.1,26.0,67.8,6.17,1658.0,Loamy
95.2,50.7,59.9,24.8,72.7,6.19,1985.9,Loamy
40.0,8.5,59.2,27.5,91.9,5.54,3245.0,Laterite
78.0,25.4,28.1,29.1,81.2,4.77,3374.3,Brown Hydromorphic
63.7,16.4,75.2,28.9,79.0,5.71,2568.8,Laterite
98.3,47.7,94.2,23.2,85.7,5.96,3434.7,Forest Loam
146.7,24.4,45.3,28.0,92.5,4.39,3130.2,Peaty
33.8,27.5,77.2,24.5,77.4,5.65,3910.7,Laterite
32.2,22.3,27.0,31.7,84.7,8.44,2000.2,Coastal Alluvial
152.5,28.8,36.8,28.5,95.4,4.29,3014.7,Peaty
59.9,18.9,92.1,28.6,70.9,6.06,3147.3,Red Loam
68.6,9.2,80.8,27.5,93.8,5.05,3289.3,Laterite
61.3,14.0,58.2,26.8,80.7,4.43,3076.1,Laterite
156.8,24.4,46.4,27.9,90.1,4.15,2901.4,Peaty
63.8,27.8,51.3,30.0,88.2,4.98,3330.0,Brown Hydromorphic
36.4,20.6,30.9,31.6,65.0,7.05,807.5,Sandy
70.8,33.3,72.3,33.6,68.8,6.72,2171.5,Loamy
64.0,46.3,54.5,34.0,47.5,7.23,1136.4,Black Cotton
49.2,26.8,35.7,33.1,55.4,6.54,1335.4,Sandy
61.7,21.5,68.3,34.3,76.9,5.75,2685.2,Red Loam
55.4,20.3,63.5,29.0,76.4,5.07,3347.8,Laterite
30.3,11.7,30.2,29.3,71.0,7.1,889.4,Sandy
38.0,25.9,30.3,29.8,62.5,5.82,890.8,Sandy
67.4,43.9,81.8,30.5,68.0,6.24,2601.0,Red Loam
61.5,24.7,63.6,30.5,78.0,6.12,2154.3,Red Loam
100.5,41.8,121.2,25.2,76.2,6.06,4209.1,Forest Loam
138.5,52.7,108.7,19.5,79.3,5.59,4426.5,Forest Loam
42.7,24.1,75.9,31.5,75.4,5.09,3170.3,Laterite
42.2,37.8,62.6,32.3,89.6,7.16,2667.9,Coastal Alluvial
49.2,10.9,67.4,22.8,80.3,4.58,3031.3,Laterite
56.0,32.0,53.0,29.8,83.1,7.72,1959.3,Coastal Alluvial
61.3,27.5,68.7,31.7,70.0,6.24,2299.9,Red Loam
154.6,19.9,35.6,30.3,89.0,3.76,2516.4,Peaty
91.0,51.8,91.6,23.2,86.2,6.06,3947.2,Forest Loam
80.6,46.0,97.4,31.7,82.4,6.79,2606.5,Riverine Alluvial
66.9,9.9,61.6,28.6,78.0,5.08,3962.4,Laterite
50.4,13.3,73.7,33.6,81.3,5.34,2563.9,Laterite
81.6,56.9,77.4,27.9,83.8,7.03,2433.6,Clayey
55.6,15.8,103.1,28.5,82.0,5.74,2256.0,Red Loam
74.2,49.0,110.0,29.5,77.3,6.92,2277.6,Clayey
60.0,23.4,82.2,27.5,69.7,5.69,2724.6,Red Loam
72.0,28.0,86.6,25.0,73.2,6.43,2612.3,Red Loam
29.6,19.0,31.6,31.6,59.2,6.14,830.3,Sandy
48.6,46.3,37.1,32.1,81.4,7.56,2611.5,Coastal Alluvial
90.0,29.9,42.8,33.1,87.8,3.96,3016.9,Peaty
81.9,37.2,61.3,27.6,88.9,4.88,3442.4,Brown Hydromorphic
86.7,40.2,75.7,27.0,63.2,7.02,1526.9,Loamy
49.7,26.1,92.6,32.2,81.7,6.71,1623.7,Red Loam
72.5,37.4,54.3,25.6,97.7,5.37,3223.5,Brown Hydromorphic
40.7,34.2,88.0,32.4,79.7,7.35,2029.5,Coastal Alluvial
63.3,50.0,93.4,24.4,66.7,6.61,2760.0,Loamy
73.2,37.5,73.7,26.3,85.5,4.83,3032.5,Brown Hydromorphic
67.8,42.8,74.9,31.9,64.7,7.14,1381.6,Black Cotton
61.4,19.8,39.7,29.9,80.1,5.57,3624.9,Laterite
67.0,28.0,84.4,27.4,86.1,6.57,2676.3,Red Loam
44.9,24.4,57.3,29.8,72.2,5.62,3447.1,Laterite
48.8,30.5,27.0,32.1,85.0,7.76,1479.9,Coastal Alluvial
65.7,16.4,74.6,30.6,91.5,5.51,3227.1,Laterite
58.0,15.0,75.4,30.2,72.1,5.91,3662.5,Laterite
63.4,12.2,67.8,26.2,85.6,5.04,3149.5,Laterite
66.7,26.6,56.8,34.3,93.5,4.54,3647.8,Brown Hydromorphic
86.9,35.5,111.0,27.2,91.1,6.63,1707.8,Clayey
45.0,12.9,64.4,25.7,74.6,4.93,2988.8,Laterite
67.1,34.2,32.9,32.2,79.1,7.68,1710.4,Coastal Alluvial
67.3,38.6,83.8,29.9,83.6,6.4,2910.9,Riverine Alluvial
46.8,39.0,37.6,28.6,82.7,4.53,3248.6,Brown Hydromorphic
54.0,19.8,58.3,23.0,82.3,5.59,3374.5,Laterite
55.3,13.1,74.7,30.3,75.9,5.6,3026.5,Laterite
77.4,37.7,49.0,31.0,85.9,5.06,2560.3,Brown Hydromorphic
68.3,32.7,90.7,27.4,57.8,7.49,1340.2,Black Cotton
56.7,33.7,68.6,33.6,87.7,7.89,2300.6,Coastal Alluvial
141.9,31.7,38.1,27.8,94.0,4.35,2741.2,Peaty
43.3,40.4,58.7,27.3,85.7,7.87,2094.7,Coastal Alluvial
38.2,34.4,63.5,32.0,76.2,7.62,1860.6,Coastal Alluvial
57.3,18.1,90.0,31.4,79.4,5.15,3191.7,Laterite
153.5,36.7,33.9,32.4,90.7,4.8,3048.8,Peaty
41.4,28.1,48.1,29.7,86.0,6.38,2078.7,Red Loam
50.2,30.3,62.5,26.1,81.9,6.25,2682.1,Red Loam
57.2,26.6,94.3,29.9,81.7,6.45,2000.9,Red Loam
96.0,43.1,77.9,24.3,81.6,6.83,1885.5,Loamy
58.6,4.5,54.2,29.2,90.0,4.76,2394.3,Laterite
55.4,30.2,62.4,28.5,89.7,4.74,2970.5,Brown Hydromorphic
36.9,16.5,79.5,26.2,80.8,5.1,2664.2,Laterite
55.5,25.7,90.5,32.3,68.8,6.25,2995.1,Red Loam
130.8,31.3,68.1,17.3,84.7,5.75,3271.2,Forest Loam
88.4,41.9,94.8,22.0,92.4,5.76,3207.8,Forest Loam
72.5,19.4,80.2,30.6,74.1,6.18,2207.4,Red Loam
96.1,51.4,83.3,28.8,81.8,7.08,2649.5,Riverine Alluvial
51.9,43.1,64.3,32.3,74.0,8.31,2319.0,Coastal Alluvial
51.2,21.7,45.4,26.0,68.2,6.48,2077.2,Red Loam
162.9,46.0,58.6,22.6,89.6,5.58,3857.4,Forest Loam
36.6,34.2,49.7,33.7,90.9,6.99,2691.5,Coastal Alluvial
82.6,60.6,95.7,31.0,86.1,7.63,2988.6,Riverine Alluvial
111.8,41.8,78.6,23.0,80.3,5.19,3526.1,Forest Loam
40.5,49.0,59.6,29.5,66.5,7.23,1714.5,Black Cotton
61.2,33.8,75.9,36.1,76.5,6.03,2859.2,Red Loam
58.4,42.3,51.7,32.4,69.4,7.72,1522.3,Black Cotton
82.2,53.1,45.0,27.9,81.6,6.72,1327.2,Loamy
76.6,56.0,94.1,20.9,76.5,7.68,1330.5,Clayey
59.3,11.3,58.1,25.8,73.8,5.92,3039.8,Laterite
33.4,33.3,56.8,33.4,79.8,7.24,2134.7,Coastal Alluvial
109.8,51.7,134.5,17.0,87.1,5.31,4701.5,Forest Loam
77.4,53.0,97.7,31.8,78.5,6.76,2446.0,Riverine Alluvial
64.2,32.2,80.6,31.7,79.1,6.17,2588.7,Red Loam
60.7,29.0,77.6,31.3,78.8,6.51,2482.2,Red Loam
43.9,24.9,54.9,30.9,88.3,7.33,1869.8,Coastal Alluvial
82.1,60.3,103.2,29.3,86.7,6.98,3072.8,Riverine Alluvial
130.4,44.3,86.8,31.3,76.5,6.98,2656.6,Riverine Alluvial
84.2,21.7,101.5,29.4,77.8,5.94,2294.7,Red Loam
57.7,29.5,68.8,30.6,79.9,6.14,2222.5,Red Loam
84.9,34.5,77.6,34.9,62.9,7.52,1723.2,Black Cotton
82.3,55.7,128.2,26.7,71.9,6.61,2529.1,Riverine Alluvial
87.4,38.5,27.0,28.4,92.2,5.44,3245.1,Brown Hydromorphic
66.0,25.6,60.5,33.1,80.9,4.55,3066.7,Brown Hydromorphic
56.9,19.8,48.2,28.1,77.1,4.96,3300.3,Laterite
49.6,33.3,60.9,30.9,91.5,7.29,2111.6,Coastal Alluvial
125.6,52.7,106.3,17.5,81.4,5.77,3818.9,Forest Loam
69.6,18.8,63.9,27.8,70.2,6.08,2074.9,Red Loam
37.8,11.4,67.7,30.7,79.6,5.16,3603.5,Laterite
29.2,42.8,44.8,31.3,88.0,8.24,2387.7,Coastal Alluvial
54.3,31.6,63.8,31.8,63.5,8.27,1075.1,Black Cotton
78.7,65.2,87.8,28.5,77.2,6.41,2927.7,Riverine Alluvial
47.9,19.9,84.7,29.4,84.5,4.85,3457.3,Laterite
51.1,34.3,59.9,29.4,90.9,7.84,2252.0,Coastal Alluvial
86.7,52.6,128.7,21.5,89.3,6.02,3707.0,Forest Loam
46.0,26.3,47.3,30.3,79.0,7.68,2177.1,Coastal Alluvial
123.8,39.5,108.0,23.1,93.0,5.39,3684.5,Forest Loam
93.8,43.8,65.6,25.9,80.2,6.77,2646.0,Riverine Alluvial
85.2,34.0,77.9,30.4,79.3,7.05,3011.7,Riverine Alluvial
63.3,18.1,40.7,30.1,82.0,5.11,2599.8,Laterite
32.9,13.2,80.4,30.1,79.1,4.79,3562.2,Laterite
56.7,41.3,50.7,36.6,96.9,7.28,2257.8,Coastal Alluvial
89.3,34.7,70.4,29.3,66.9,7.37,1278.1,Black Cotton
49.5,38.0,48.8,33.4,92.7,8.58,2395.4,Coastal Alluvial
121.6,49.3,79.8,19.8,76.4,6.49,3831.6,Forest Loam
79.0,27.5,53.8,33.1,85.0,6.55,2654.4,Red Loam
70.2,26.9,82.2,27.1,75.6,6.59,2513.9,Red Loam
56.7,39.4,34.4,31.3,84.8,7.19,2043.0,Coastal Alluvial
58.7,37.1,39.0,28.6,93.0,7.03,2414.5,Coastal Alluvial
74.1,49.5,91.3,33.0,71.6,7.33,2159.8,Clayey
47.7,34.1,61.0,30.4,64.6,7.72,1516.9,Black Cotton
94.6,57.5,83.9,30.7,83.6,6.38,2822.6,Riverine Alluvial
71.0,38.9,92.1,26.9,77.7,7.34,1222.0,Clayey
71.9,33.8,58.6,35.6,59.1,7.52,1390.9,Black Cotton
43.9,19.0,64.5,29.1,84.4,5.62,3182.2,Laterite
48.6,33.4,33.9,33.7,84.4,7.96,2371.0,Coastal Alluvial
87.7,39.1,54.2,29.5,94.3,5.1,2965.5,Brown Hydromorphic
96.6,59.3,95.2,30.1,77.1,6.79,2971.6,Riverine Alluvial
74.8,27.3,43.2,30.1,85.6,4.9,2963.4,Brown Hydromorphic
103.0,32.8,86.6,18.2,86.8,5.57,2994.6,Forest Loam
53.1,14.9,73.1,31.9,74.7,6.43,2177.4,Red Loam
59.0,9.2,71.8,31.3,85.8,5.75,3543.2,Laterite
84.1,49.9,116.6,20.7,83.2,6.4,2676.9,Forest Loam
97.9,42.1,61.1,33.7,84.3,6.46,2877.7,Riverine Alluvial
44.5,35.6,55.1,32.2,84.1,8.03,2020.9,Coastal Alluvial
81.4,46.0,96.8,28.9,77.8,6.72,2819.2,Riverine Alluvial
44.3,14.1,83.1,22.8,75.2,5.03,2903.3,Laterite
48.2,37.7,57.5,30.4,83.3,7.75,1893.1,Coastal Alluvial
64.9,23.2,75.4,27.2,69.5,5.28,2368.1,Laterite
85.3,53.8,76.5,28.3,84.0,6.8,2138.6,Riverine Alluvial
67.7,65.2,76.4,27.8,74.2,7.02,2587.1,Riverine Alluvial
45.1,15.4,75.4,33.4,77.8,5.44,3033.7,Laterite
48.6,9.2,65.8,25.5,80.0,5.34,3744.7,Laterite
92.5,41.7,95.6,27.1,86.9,6.8,3258.5,Riverine Alluvial
77.7,46.8,78.0,21.8,78.8,6.88,1815.6,Clayey
160.9,18.4,52.0,31.2,93.4,4.61,2656.4,Peaty
110.9,43.8,101.4,21.7,84.3,6.18,3679.8,Forest Loam
93.9,37.4,112.4,19.2,92.7,5.85,3997.2,Forest Loam
62.2,27.0,93.1,28.6,67.0,6.52,2296.8,Loamy
49.1,19.6,71.8,28.8,82.1,6.1,2597.3,Laterite
66.4,13.0,54.3,28.2,85.1,5.07,3499.1,Laterite
64.1,23.3,79.8,30.1,72.8,6.31,2897.6,Red Loam
71.3,45.1,91.3,26.9,86.8,7.0,3319.3,Riverine Alluvial
122.5,46.8,71.6,22.5,89.6,5.71,4636.5,Forest Loam
56.6,36.0,60.7,29.5,87.2,7.66,2468.4,Coastal Alluvial
118.2,29.7,57.8,29.1,98.8,4.03,3051.0,Peaty
198.0,27.7,36.3,28.0,92.7,4.77,3372.6,Peaty
80.2,55.7,104.2,30.1,84.5,6.73,3268.3,Riverine Alluvial
72.4,26.7,80.3,28.0,70.5,5.7,2425.3,Red Loam
65.4,44.8,55.1,28.3,64.2,6.57,1788.7,Loamy
124.5,31.5,52.2,31.3,94.7,4.23,2648.6,Peaty
54.4,20.9,79.4,26.9,88.1,5.18,3474.0,Laterite
52.4,13.6,62.0,27.0,78.0,4.79,3728.7,Laterite
83.3,29.1,76.4,27.6,70.2,6.18,2610.2,Red Loam
57.5,26.6,65.5,34.5,81.9,7.77,2212.5,Coastal Alluvial
103.1,34.6,87.8,21.5,86.8,5.46,4006.7,Forest Loam
88.6,49.6,83.8,29.0,87.0,6.92,3083.0,Riverine Alluvial
68.8,33.2,76.8,34.6,70.8,6.09,2811.1,Red Loam
70.1,18.9,71.6,26.9,82.8,5.23,3583.2,Laterite
88.4,31.3,73.0,31.8,77.6,6.6,3008.6,Red Loam
53.1,22.2,94.1,23.7,83.1,6.19,2364.8,Red Loam
29.5,17.3,60.0,29.5,45.0,7.18,910.6,Sandy
58.0,11.6,66.9,27.9,73.3,4.97,2963.3,Laterite
92.5,46.7,87.3,20.9,70.6,6.58,1871.8,Loamy
45.7,20.8,71.6,27.2,85.1,5.17,3407.4,Laterite
151.2,39.7,125.0,20.8,89.8,6.04,3393.1,Forest Loam
165.0,56.3,94.4,15.4,83.1,6.28,3917.9,Forest Loam
71.5,29.9,93.8,27.9,81.0,6.24,2285.5,Red Loam
40.4,42.0,49.9,35.0,82.8,8.67,1891.0,Coastal Alluvial
121.8,44.0,88.6,17.1,90.5,5.71,4465.9,Forest Loam
50.1,40.7,50.3,34.1,84.1,7.68,2312.8,Coastal Alluvial
79.7,47.7,69.3,27.3,68.5,7.76,1652.6,Black Cotton
67.7,33.9,108.2,26.1,74.3,6.43,2223.7,Red Loam
51.1,34.0,111.5,29.0,83.1,6.05,2158.2,Red Loam
78.5,46.8,78.6,27.8,84.8,6.69,2614.1,Riverine Alluvial
53.0,20.6,77.3,28.7,88.8,4.88,3418.4,Laterite
66.1,38.9,81.7,25.8,75.9,6.58,2399.3,Red Loam
64.9,30.4,43.3,31.1,81.1,8.16,2666.4,Coastal Alluvial
52.4,33.0,64.7,34.1,75.0,7.74,1269.5,Black Cotton
97.4,45.9,82.7,27.9,91.3,6.46,2692.2,Riverine Alluvial
63.9,25.5,67.7,35.8,68.7,5.68,2336.4,Red Loam
67.7,25.4,80.2,30.3,78.0,4.81,3480.9,Laterite
53.9,20.5,71.2,28.4,72.1,5.24,4172.7,Laterite
75.4,25.3,69.6,28.3,97.8,5.78,3395.5,Brown Hydromorphic
52.5,22.0,77.3,26.5,76.0,5.17,2949.7,Laterite
91.9,45.3,96.0,28.1,87.0,7.03,2265.5,Riverine Alluvial
89.3,20.9,39.5,31.4,92.1,4.04,3166.7,Brown Hydromorphic
56.4,13.3,70.6,28.5,77.8,5.69,3647.3,Laterite
53.2,27.9,62.4,34.1,85.5,7.62,2983.0,Coastal Alluvial
79.0,25.9,88.7,28.2,76.9,6.17,2480.8,Red Loam
47.0,18.9,85.4,30.3,80.8,5.26,3920.6,Laterite
76.6,22.6,53.4,32.4,80.9,5.9,2296.1,Red Loam
64.5,46.8,71.0,31.9,71.5,7.05,1669.8,Black Cotton
85.6,63.6,76.9,29.0,84.3,6.82,2397.2,Riverine Alluvial
62.8,15.0,75.2,30.3,82.9,5.11,3408.7,Laterite
107.1,39.5,123.0,17.5,85.3,5.03,3945.0,Forest Loam
75.5,45.0,52.7,27.2,92.8,4.49,3077.8,Brown Hydromorphic
42.7,29.1,42.2,32.4,84.3,8.06,1813.9,Coastal Alluvial
51.5,32.8,59.6,29.5,78.8,7.63,1994.2,Coastal Alluvial
31.6,18.1,51.8,33.3,42.6,7.41,1750.0,Sandy
54.0,12.0,68.5,27.4,77.2,6.3,3247.3,Laterite
71.7,40.1,62.6,31.4,69.7,6.5,2215.5,Loamy
70.9,43.3,72.0,32.9,65.6,7.81,1398.4,Black Cotton
58.1,26.7,108.9,29.9,78.5,6.06,2825.9,Red Loam
41.3,19.1,80.1,28.5,78.3,5.91,3329.5,Laterite
85.6,45.0,76.4,25.3,83.6,7.06,2550.2,Riverine Alluvial
112.8,29.5,39.2,30.3,90.5,3.81,3078.5,Peaty
72.5,37.4,57.6,28.9,69.9,7.32,1099.3,Black Cotton
67.8,43.1,79.8,26.1,77.2,7.34,2514.8,Clayey
59.6,39.2,70.7,29.4,63.6,7.6,1636.7,Black Cotton
53.9,6.7,84.2,27.6,85.3,5.15,4172.1,Laterite
89.8,50.2,118.7,31.5,79.9,6.7,2261.9,Riverine Alluvial
55.6,27.5,53.2,30.1,89.4,4.39,3193.2,Brown Hydromorphic
135.6,13.5,36.3,29.9,92.1,4.18,3145.9,Peaty
58.2,10.3,72.8,27.0,84.0,5.37,3388.7,Laterite
45.3,49.0,50.2,29.1,81.0,8.27,1938.6,Coastal Alluvial
47.4,18.1,53.1,30.4,91.6,7.28,2155.9,Coastal Alluvial
58.6,15.8,43.7,27.5,86.3,5.25,2863.7,Laterite
179.6,44.0,33.6,31.0,95.7,4.65,2914.4,Peaty
57.3,28.0,58.0,30.4,83.5,7.76,2459.2,Coastal Alluvial
84.1,62.0,69.3,28.4,77.0,6.71,2873.2,Riverine Alluvial
59.8,15.7,78.6,31.1,66.5,5.4,3548.1,Laterite
37.2,43.1,79.1,30.4,78.1,7.89,1975.8,Coastal Alluvial
104.5,38.2,62.8,33.7,72.7,7.87,1400.0,Black Cotton
50.4,16.0,72.4,27.9,71.5,5.51,2726.4,Laterite
142.6,45.4,122.0,22.4,80.2,5.86,3743.8,Forest Loam
67.8,47.6,49.7,32.1,62.4,7.43,1292.6,Black Cotton
40.9,14.1,59.8,29.3,82.3,5.09,3435.1,Laterite
41.0,12.4,88.3,31.4,76.6,4.98,3737.8,Laterite
32.0,27.6,41.5,28.0,86.5,7.42,1934.6,Coastal Alluvial
34.1,35.6,66.0,27.5,93.4,8.35,2068.5,Coastal Alluvial
63.8,41.1,74.2,34.5,63.5,7.9,1611.3,Black Cotton
84.3,20.1,83.6,33.3,72.0,6.31,2321.1,Red Loam
70.4,52.7,82.6,29.9,78.7,6.74,3246.9,Riverine Alluvial
92.1,71.5,88.9,25.7,73.7,7.18,1912.7,Clayey
61.2,13.4,77.0,24.0,80.6,4.82,3375.7,Laterite
59.1,21.9,60.2,27.5,77.7,5.09,3607.9,Laterite
68.7,8.2,97.6,30.7,71.6,5.73,2674.8,Laterite
88.5,42.8,74.0,26.0,87.7,5.94,4344.3,Forest Loam
28.3,21.4,35.1,31.3,55.2,6.83,1473.9,Sandy
53.5,30.3,80.8,31.1,80.1,7.2,1877.7,Coastal Alluvial
163.4,32.5,36.0,31.4,93.0,4.46,3237.2,Peaty
91.4,58.7,85.3,30.3,84.0,7.31,2752.2,Riverine Alluvial
30.2,12.6,45.3,27.8,66.3,6.82,853.1,Sandy
45.6,31.7,45.9,36.3,77.8,7.5,1916.4,Coastal Alluvial
50.2,23.4,45.0,35.8,79.0,6.5,1823.1,Red Loam
81.6,60.6,84.5,27.2,77.3,6.99,2828.1,Riverine Alluvial
99.1,51.6,83.8,28.7,89.7,6.78,2736.1,Riverine Alluvial
68.9,10.3,53.0,29.2,78.6,5.72,3586.5,Laterite
111.4,69.4,94.6,29.7,75.5,6.71,3000.2,Riverine Alluvial
66.6,45.2,75.3,27.6,75.6,6.8,2177.8,Loamy
139.8,21.9,46.5,29.9,94.2,4.18,2599.5,Peaty
55.7,10.5,78.6,24.9,71.3,5.8,3955.6,Laterite
62.2,42.8,61.8,26.8,83.5,5.01,3245.0,Brown Hydromorphic
135.6,26.6,46.8,26.6,91.0,3.62,3020.7,Peaty
60.2,25.8,70.3,32.7,75.2,5.47,3180.0,Red Loam
48.9,16.3,77.8,28.5,88.1,5.45,2985.7,Laterite
47.3,41.9,74.1,25.1,60.3,6.59,2013.5,Loamy
60.8,21.5,80.1,30.6,72.2,5.43,3079.7,Laterite
39.9,18.1,61.9,27.7,86.4,5.59,3555.9,Laterite
75.0,18.6,53.2,30.0,81.7,6.07,3445.8,Laterite
88.3,21.1,64.1,29.9,84.3,6.2,2686.6,Red Loam
97.0,44.8,56.9,22.3,83.3,6.55,3794.2,Forest Loam
140.3,61.9,123.1,21.9,87.1,5.77,4034.5,Forest Loam
88.1,43.8,74.0,30.2,70.5,7.17,1568.1,Black Cotton
52.2,32.2,64.3,32.2,85.2,5.96,2464.6,Red Loam
102.0,61.5,77.1,18.9,83.2,5.76,3738.7,Forest Loam
81.9,52.3,74.0,27.3,70.8,6.58,1887.5,Loamy
88.6,38.8,36.5,28.3,85.9,4.85,3177.4,Brown Hydromorphic
102.1,35.9,73.4,28.6,82.2,7.32,2585.2,Riverine Alluvial
123.9,23.5,46.1,31.5,93.3,3.98,3292.8,Peaty
75.8,33.4,45.0,31.4,77.8,5.98,3096.2,Red Loam
31.4,15.8,49.1,25.5,79.5,5.02,3487.6,Laterite
68.4,38.7,82.6,25.5,73.3,6.35,2384.2,Red Loam
60.6,4.5,52.2,26.7,79.4,4.62,3631.5,Laterite
150.4,25.4,37.6,28.1,90.1,4.42,2702.2,Peaty
33.9,28.8,50.8,30.6,47.8,6.81,860.5,Sandy
56.2,20.8,104.3,30.2,78.5,6.15,2442.7,Red Loam
117.9,59.3,89.6,27.9,83.3,6.88,2728.7,Riverine Alluvial
144.1,28.6,55.5,27.4,87.3,4.02,3293.2,Peaty
26.0,29.9,54.0,34.3,81.2,7.88,2518.9,Coastal Alluvial
158.2,51.8,100.1,19.6,85.0,5.34,4198.4,Forest Loam
153.8,26.4,65.7,29.1,96.1,4.31,2790.8,Peaty
134.9,30.9,38.9,27.1,92.4,3.88,2811.1,Peaty
94.8,43.6,78.7,30.2,91.8,6.77,3361.9,Riverine Alluvial
70.4,26.1,56.1,30.1,76.1,6.46,2327.4,Red Loam
72.5,35.0,51.3,26.5,89.7,6.2,2114.5,Red Loam
46.5,11.9,60.3,28.7,72.2,5.7,3599.1,Laterite
39.1,33.2,73.4,26.8,64.3,6.03,2488.5,Red Loam
27.4,17.5,85.0,33.0,80.5,5.21,3630.8,Laterite
92.8,40.2,59.1,22.7,87.4,5.23,3759.7,Forest Loam
69.0,17.8,76.1,32.0,78.2,4.94,3096.4,Laterite
143.0,32.8,47.9,31.1,94.3,4.85,3078.0,Peaty
82.9,59.3,82.7,28.1,73.0,7.05,2764.2,Riverine Alluvial
71.0,43.0,46.0,30.2,83.2,5.22,2890.5,Brown Hydromorphic
111.3,23.1,61.9,29.9,90.8,4.24,3287.1,Peaty
90.1,52.0,84.1,26.6,78.9,6.28,3947.6,Forest Loam
93.5,67.6,86.6,28.7,77.2,6.6,3031.0,Riverine Alluvial
136.4,46.4,79.1,18.9,81.0,6.26,4580.4,Forest Loam
62.3,37.0,67.3,29.8,87.0,4.49,2980.1,Brown Hydromorphic
91.5,52.3,60.1,31.4,82.1,5.65,2558.4,Brown Hydromorphic
40.1,8.4,66.8,28.3,70.1,5.13,3303.4,Laterite
69.7,20.6,73.0,31.0,88.2,5.7,3792.2,Laterite
127.1,49.4,77.3,18.3,88.0,5.76,3844.4,Forest Loam
62.8,29.1,57.2,34.3,75.4,5.82,2376.4,Red Loam
74.4,12.5,90.9,24.1,84.9,4.97,2751.0,Laterite
63.4,14.6,75.7,30.5,78.9,5.45,2669.2,Laterite
87.3,49.5,76.4,24.0,77.4,7.3,2555.0,Riverine Alluvial
48.5,44.3,57.1,28.9,83.6,8.14,2035.4,Coastal Alluvial
112.0,47.9,92.9,19.3,79.5,5.59,4280.7,Forest Loam
69.7,27.5,48.3,23.8,87.4,4.97,3345.1,Brown Hydromorphic
113.1,28.4,45.4,32.3,89.8,4.37,3497.2,Peaty
55.9,35.3,70.6,28.6,72.5,6.07,2703.3,Red Loam
61.1,28.2,90.5,28.7,71.1,6.49,2715.1,Red Loam
84.2,39.8,70.6,29.3,88.3,5.0,3228.3,Brown Hydromorphic
46.7,34.8,44.5,27.9,76.1,8.07,2350.6,Coastal Alluvial
52.9,30.1,85.1,28.0,70.4,6.3,2160.1,Red Loam
77.8,34.4,58.5,27.7,90.7,4.41,2119.6,Brown Hydromorphic
78.3,31.5,74.3,26.8,69.9,6.25,1972.6,Loamy
69.9,40.0,86.1,22.3,62.1,5.98,1990.8,Loamy
113.1,45.9,87.6,22.0,87.1,5.44,4329.1,Forest Loam
38.5,4.5,73.2,27.7,76.4,5.01,3912.4,Laterite
48.7,44.5,67.4,28.4,56.4,8.07,1345.1,Black Cotton
68.9,27.3,100.3,32.6,76.7,6.29,1991.1,Red Loam
42.8,27.0,48.9,31.0,59.0,6.51,1022.9,Sandy
61.3,28.2,44.3,26.1,79.9,7.81,2365.7,Coastal Alluvial
43.8,13.3,45.8,33.1,54.7,7.03,1213.0,Sandy
75.0,38.2,73.5,38.3,58.5,7.98,1077.9,Black Cotton
60.6,25.0,102.2,29.6,71.2,6.28,2519.4,Red Loam
64.3,35.8,40.4,31.5,84.0,4.95,3715.0,Brown Hydromorphic
64.9,11.8,81.8,26.5,80.6,5.54,3403.4,Laterite
52.3,16.7,69.8,27.2,75.4,5.25,2549.1,Laterite
86.3,35.6,126.8,18.8,79.8,5.96,4652.7,Forest Loam
54.9,11.3,62.9,32.3,73.6,5.15,3560.1,Laterite
67.6,45.6,60.7,28.5,58.9,6.92,1313.3,Black Cotton
34.4,18.0,52.2,31.9,89.8,8.01,1753.4,Coastal Alluvial
91.1,43.4,53.9,29.4,75.2,6.8,2527.5,Riverine Alluvial
27.5,16.3,38.9,28.9,81.3,5.49,3010.1,Laterite
135.1,40.2,97.4,20.7,96.9,6.11,3898.4,Forest Loam
71.9,62.9,84.6,30.6,78.7,6.25,2656.1,Riverine Alluvial
87.7,37.1,41.5,30.5,89.4,5.29,3594.1,Brown Hydromorphic
68.8,22.7,76.7,31.5,74.8,6.42,2087.1,Red Loam
35.0,35.5,69.7,33.0,82.7,7.79,1481.8,Coastal Alluvial
71.5,34.0,48.3,30.9,80.7,5.62,2730.8,Brown Hydromorphic
74.2,13.8,78.3,31.6,82.1,5.28,3727.3,Laterite
61.6,40.2,67.6,30.1,73.9,7.76,1172.6,Black Cotton
42.9,34.2,54.4,35.0,86.3,7.87,1895.1,Coastal Alluvial
27.0,16.2,55.2,28.5,79.2,5.34,2958.9,Laterite
62.1,26.3,82.6,33.7,77.0,5.94,2778.1,Red Loam
82.0,54.7,95.6,27.3,82.9,6.65,2215.7,Riverine Alluvial
66.2,41.7,68.9,29.1,67.8,7.68,1211.0,Black Cotton
55.5,20.5,75.2,28.0,75.9,6.1,2251.8,Red Loam
105.4,32.5,114.1,24.1,88.1,5.77,4390.1,Forest Loam
62.6,13.8,53.1,30.8,85.3,5.88,2090.7,Laterite
35.3,30.5,53.1,30.6,47.9,6.97,1524.3,Sandy
124.2,49.4,95.7,17.9,86.3,5.5,4217.6,Forest Loam
87.1,38.9,65.3,29.8,85.1,4.69,2758.0,Brown Hydromorphic
42.0,40.8,56.8,33.1,93.1,7.29,2672.6,Coastal Alluvial
61.0,17.7,85.8,30.2,81.8,5.11,3160.4,Laterite
89.0,53.3,77.6,31.4,69.1,7.36,2360.9,Clayey
86.0,77.0,79.2,29.7,82.2,6.97,2828.2,Riverine Alluvial
52.5,48.2,50.1,25.9,90.5,8.15,1708.3,Coastal Alluvial
80.4,33.0,82.9,27.2,77.7,6.22,2755.7,Red Loam
116.2,54.4,108.4,19.9,83.9,6.06,3860.3,Forest Loam
62.0,13.6,67.2,29.1,75.9,6.07,2624.8,Laterite
70.1,44.4,44.1,31.2,91.5,5.21,3009.1,Brown Hydromorphic
42.1,30.4,33.1,31.9,81.5,8.02,2102.4,Coastal Alluvial
82.1,50.7,72.9,23.5,86.2,7.07,3288.1,Riverine Alluvial
47.2,43.3,56.6,30.4,89.2,7.48,2121.7,Coastal Alluvial
44.4,13.2,33.3,30.6,57.0,6.75,1649.0,Sandy
63.2,52.8,75.3,36.4,56.7,7.79,1369.9,Black Cotton
92.8,43.7,62.4,29.6,84.6,4.17,3325.3,Brown Hydromorphic
49.7,17.0,31.8,32.9,53.9,6.81,1482.7,Sandy
60.8,20.1,64.6,28.9,72.8,5.25,2225.0,Laterite
44.1,34.9,46.8,36.9,76.9,7.89,1893.5,Coastal Alluvial
32.0,13.1,73.4,28.6,78.1,5.05,4124.4,Laterite
57.2,28.9,45.6,30.1,75.2,5.49,2351.3,Red Loam
119.2,35.9,79.0,23.8,84.3,6.09,3868.3,Forest Loam
55.3,17.5,68.7,26.0,82.0,5.81,3616.1,Laterite
35.4,31.3,59.9,31.6,79.4,8.06,2324.0,Coastal Alluvial
54.4,37.1,87.8,32.0,76.2,5.89,2199.6,Red Loam
66.4,20.0,73.9,25.3,87.6,4.89,2176.0,Laterite
39.3,14.4,71.8,28.8,81.6,4.45,3142.4,Laterite
76.1,18.4,77.8,29.1,86.8,4.83,2978.4,Laterite
39.8,18.0,64.7,32.6,84.0,7.69,2684.9,Coastal Alluvial
90.9,31.6,35.5,30.4,93.8,3.94,3045.4,Peaty
79.1,29.6,65.8,29.6,79.9,6.18,3220.3,Red Loam
69.9,35.8,76.4,34.1,79.2,5.94,3076.4,Red Loam
60.7,16.0,64.9,31.8,84.3,5.16,3666.7,Laterite
61.1,30.6,110.0,29.2,70.2,7.23,1757.0,Loamy
78.9,28.5,82.5,25.8,73.1,5.94,2588.1,Red Loam
88.1,43.3,86.1,25.6,77.8,7.17,3027.0,Riverine Alluvial
74.3,62.5,92.4,26.5,77.7,6.89,3006.4,Riverine Alluvial
104.0,49.6,66.4,27.6,65.7,6.63,1668.0,Loamy
81.0,34.2,67.3,31.7,88.3,4.41,3339.2,Brown Hydromorphic
58.4,17.7,66.6,31.0,72.9,5.26,2854.7,Red Loam
27.0,12.0,83.9,27.4,84.7,5.3,3135.5,Laterite
57.7,52.2,71.8,29.1,73.0,6.76,1499.8,Loamy
110.4,26.1,47.1,27.6,92.5,4.52,3091.8,Peaty
54.6,34.0,51.8,29.6,83.8,4.66,3268.7,Brown Hydromorphic
99.3,46.7,81.9,27.4,73.1,6.95,2946.3,Riverine Alluvial
28.1,21.0,80.9,32.5,69.2,4.94,3453.2,Laterite
169.6,21.1,63.3,27.2,89.9,4.31,2954.3,Peaty
42.2,40.0,50.3,35.6,86.6,7.8,1639.3,Coastal Alluvial
77.6,50.4,55.2,30.1,76.5,7.12,2894.7,Riverine Alluvial
43.2,10.7,90.3,29.5,75.9,5.01,3367.0,Laterite
75.0,52.5,47.8,36.1,61.3,8.22,1275.2,Black Cotton
74.4,56.9,53.2,32.9,75.8,7.4,3171.1,Riverine Alluvial
49.7,37.4,61.9,32.2,87.0,7.35,1741.0,Coastal Alluvial
67.6,38.0,98.4,29.0,80.6,6.44,2443.4,Red Loam
92.7,55.0,93.6,28.0,80.4,7.14,1587.2,Clayey
40.5,46.9,39.7,28.1,77.0,7.89,2005.1,Coastal Alluvial
74.2,41.7,64.0,28.5,87.1,5.59,3261.0,Brown Hydromorphic
65.5,32.6,67.0,33.1,73.9,7.7,1334.2,Black Cotton
68.0,29.7,50.9,25.4,82.3,4.28,3294.3,Brown Hydromorphic
47.3,32.7,31.6,29.8,77.3,7.43,2072.1,Coastal Alluvial
77.9,49.1,50.4,27.9,76.6,6.44,2819.2,Riverine Alluvial
76.2,18.7,76.4,29.3,67.3,6.8,2416.9,Red Loam
97.0,48.0,137.7,23.3,86.1,5.92,4054.6,Forest Loam
43.7,15.8,85.7,28.0,86.3,5.15,2999.7,Laterite
48.5,43.0,50.1,28.6,94.5,6.7,2277.9,Coastal Alluvial
57.4,21.0,71.9,29.7,67.9,5.71,2447.2,Red Loam
34.7,25.8,37.5,26.9,46.3,6.69,770.2,Sandy
45.9,27.3,85.3,32.5,68.9,6.42,2886.0,Red Loam
44.8,23.3,68.2,30.1,78.6,5.73,3161.0,Red Loam
116.2,41.2,102.3,22.8,86.0,6.6,3136.4,Riverine Alluvial
78.9,27.7,66.3,30.4,63.3,7.93,1429.3,Black Cotton
117.8,55.7,89.0,20.4,87.3,5.48,3835.5,Forest Loam
149.2,44.0,38.6,31.7,98.2,4.34,2794.1,Peaty
32.0,34.0,58.0,34.0,72.1,7.95,2651.3,Coastal Alluvial
65.8,37.3,83.4,25.5,71.3,6.72,2192.8,Loamy
79.9,40.2,63.2,30.2,70.5,7.2,3515.4,Riverine Alluvial
90.8,70.4,81.6,30.9,75.5,6.65,2570.8,Riverine Alluvial
65.6,18.2,54.7,28.4,89.1,7.76,2327.0,Coastal Alluvial
112.7,27.6,51.1,29.1,88.1,4.36,2874.5,Peaty
80.0,28.3,47.4,35.7,90.6,5.1,3180.4,Brown Hydromorphic
64.3,16.1,65.9,31.9,74.9,5.26,3082.2,Laterite
127.5,40.7,95.7,16.6,87.3,5.83,5089.5,Forest Loam
43.2,18.7,41.9,29.1,86.8,5.37,3236.1,Laterite
74.8,30.6,49.9,31.1,90.6,4.4,2932.0,Brown Hydromorphic
66.2,43.2,97.1,33.1,79.3,7.19,1486.8,Clayey
44.2,24.2,107.8,33.1,79.5,5.7,2785.7,Red Loam
62.0,23.4,102.0,27.9,70.5,6.16,2694.2,Red Loam
131.3,27.0,56.7,28.4,88.7,4.13,3275.4,Peaty
65.4,18.8,76.3,29.7,69.8,4.56,3596.6,Laterite
64.4,16.7,69.9,28.6,77.8,4.85,3768.1,Laterite
25.2,32.9,47.9,34.0,60.0,6.89,838.7,Sandy
177.8,39.9,41.5,31.3,89.5,4.43,2653.9,Peaty
46.0,34.5,60.3,31.0,87.4,7.92,1747.2,Coastal Alluvial
51.7,7.4,69.2,26.4,78.1,5.6,3306.2,Laterite
95.2,47.3,97.6,24.6,87.9,6.44,3098.9,Riverine Alluvial
108.9,61.2,98.1,28.1,79.8,6.4,2606.5,Riverine Alluvial
47.3,17.3,65.6,28.8,81.0,5.12,3574.7,Laterite
108.7,46.1,74.4,29.5,82.8,6.72,2595.0,Riverine Alluvial
49.4,15.0,89.7,30.7,78.7,4.3,3103.7,Laterite
96.1,40.9,63.3,24.6,78.3,6.68,2674.2,Riverine Alluvial
86.2,45.9,86.1,28.0,88.9,6.6,2469.7,Riverine Alluvial
27.6,31.5,59.1,29.9,91.9,7.97,2670.6,Coastal Alluvial
126.3,33.9,27.0,30.5,91.0,4.23,3301.7,Peaty
80.8,42.4,69.4,23.8,69.2,6.58,1427.1,Loamy
93.8,48.5,66.8,20.8,84.7,6.45,4199.5,Forest Loam
33.6,31.0,55.0,29.6,83.6,7.5,1779.3,Coastal Alluvial
66.1,15.5,64.7,31.8,81.8,5.2,3295.2,Laterite
60.7,35.5,38.9,32.3,93.4,4.78,3130.3,Brown Hydromorphic
37.9,37.5,82.3,31.9,74.0,5.92,2407.3,Red Loam
46.0,27.6,46.5,29.5,80.1,7.99,2360.1,Coastal Alluvial
69.3,51.5,81.3,27.5,69.7,7.23,2399.6,Loamy
52.5,15.8,65.4,25.8,81.9,5.1,3247.4,Laterite
51.8,25.3,90.2,26.5,75.6,6.6,2291.2,Red Loam
82.6,43.3,54.2,30.2,95.0,4.51,4008.5,Brown Hydromorphic
52.6,5.6,56.0,32.0,78.9,4.96,3050.3,Laterite
50.6,49.3,58.6,32.6,88.6,7.64,1828.9,Coastal Alluvial
72.8,6.2,62.8,23.8,81.5,5.56,3563.6,Laterite
60.9,27.2,71.1,30.6,80.1,6.3,2515.5,Red Loam
52.3,47.3,63.3,33.2,78.9,8.09,2239.4,Coastal Alluvial
55.4,25.2,45.0,29.7,88.7,5.25,4127.4,Brown Hydromorphic
55.0,13.3,36.0,25.2,79.6,4.87,3011.2,Laterite
58.6,33.9,49.7,28.2,85.0,4.04,3736.0,Brown Hydromorphic
44.0,23.8,48.6,34.7,80.4,8.29,2445.7,Coastal Alluvial
81.9,41.7,43.9,29.5,88.9,4.91,3321.0,Brown Hydromorphic
111.6,50.8,82.7,31.4,77.7,5.93,2896.7,Riverine Alluvial
77.9,61.3,102.7,28.7,84.7,7.58,2633.7,Clayey
142.3,34.7,34.6,28.5,86.2,4.34,3360.5,Peaty
85.5,40.1,71.2,32.6,60.6,7.55,816.0,Black Cotton
58.5,32.6,51.0,33.8,91.2,7.51,2350.4,Coastal Alluvial
58.7,36.5,45.5,30.1,82.9,4.41,2874.9,Brown Hydromorphic
114.0,33.6,65.9,22.1,86.9,5.56,3417.3,Forest Loam
74.8,30.9,68.8,25.3,74.0,5.72,3507.0,Red Loam
68.7,21.0,75.5,29.3,69.7,6.66,2735.6,Red Loam
57.5,55.0,61.6,31.0,92.1,4.59,2759.3,Brown Hydromorphic
143.4,32.0,40.9,28.6,93.2,4.06,2703.1,Peaty
60.1,44.1,46.1,30.7,56.0,7.84,1344.7,Black Cotton
69.9,36.0,72.9,32.7,57.0,7.56,1556.5,Black Cotton
45.7,38.4,70.4,29.9,85.4,7.92,2151.3,Coastal Alluvial
58.2,21.1,77.0,28.1,79.5,4.72,3241.7,Laterite
53.5,42.7,69.7,29.8,87.4,7.81,1960.0,Coastal Alluvial
66.9,46.2,55.0,33.7,56.5,7.29,1432.1,Black Cotton
154.7,41.6,101.3,21.2,83.3,6.09,3333.8,Forest Loam
78.8,34.3,77.2,31.6,87.2,4.65,2663.2,Brown Hydromorphic
54.1,14.2,72.1,27.4,86.5,5.2,3496.5,Laterite
67.4,23.4,67.4,32.9,81.1,6.2,2988.9,Red Loam
73.6,31.6,88.6,33.4,83.6,6.64,2339.9,Red Loam
65.1,30.5,54.9,25.4,74.8,7.73,2062.3,Coastal Alluvial
70.1,12.0,70.8,30.0,86.4,5.28,3616.9,Laterite
93.0,38.5,85.9,27.7,84.2,6.96,3005.5,Riverine Alluvial
74.5,34.3,73.9,27.2,96.9,5.06,3380.0,Brown Hydromorphic
57.4,36.3,73.7,29.4,80.0,6.2,3511.8,Red Loam
72.6,26.4,91.0,32.1,78.1,5.71,2701.3,Red Loam
71.1,41.1,58.2,31.8,78.8,4.76,2525.7,Brown Hydromorphic
57.0,26.6,69.7,26.9,87.9,6.67,2240.3,Red Loam
54.9,43.8,57.1,31.5,93.4,7.56,2256.8,Coastal Alluvial
110.0,49.6,30.8,29.5,85.6,5.58,2971.1,Brown Hydromorphic
48.4,35.5,62.6,27.7,94.7,5.07,2765.9,Brown Hydromorphic
69.0,30.6,60.1,29.6,79.0,5.9,2958.0,Red Loam
59.9,34.0,64.2,31.7,82.5,6.96,3028.6,Red Loam
65.0,29.0,34.1,30.6,85.3,4.82,3951.8,Brown Hydromorphic
62.4,21.6,57.0,26.5,75.1,5.24,3269.8,Laterite
107.1,39.2,87.7,17.4,81.9,6.07,4105.4,Forest Loam
55.6,39.2,53.1,29.7,77.5,7.33,1588.2,Coastal Alluvial
101.6,39.9,113.6,29.6,83.6,6.9,2678.5,Riverine Alluvial
75.6,22.6,79.3,31.6,83.4,6.42,2512.1,Red Loam
61.8,24.5,64.2,32.3,57.0,7.56,1281.4,Black Cotton
70.9,18.8,95.7,24.9,76.4,6.11,2871.3,Red Loam
66.3,15.8,79.9,33.5,84.0,5.15,3176.9,Laterite
79.7,35.9,92.7,27.2,70.0,6.08,2021.9,Loamy
84.8,38.8,47.2,28.3,87.2,4.17,2800.5,Brown Hydromorphic
77.9,42.5,45.0,28.2,79.5,4.41,3541.6,Brown Hydromorphic
50.3,26.1,84.1,28.5,73.2,5.77,2668.7,Red Loam
43.2,21.7,76.5,25.8,76.5,6.34,1902.5,Red Loam
93.3,54.8,108.5,26.2,73.7,7.26,2214.2,Riverine Alluvial
52.3,16.9,29.1,32.7,50.7,6.91,2070.0,Sandy
35.0,34.2,51.5,30.7,80.5,7.6,2332.8,Coastal Alluvial
71.2,50.2,77.1,27.4,91.4,7.03,2685.4,Riverine Alluvial
100.1,31.5,70.9,30.2,80.9,6.27,2849.7,Riverine Alluvial
58.5,41.5,82.7,27.2,90.6,7.24,2377.5,Clayey
78.0,34.1,46.4,29.4,85.9,4.56,4033.2,Brown Hydromorphic
62.9,25.9,110.9,25.8,82.5,6.77,2467.6,Red Loam
60.7,42.0,39.6,35.4,87.2,7.77,2116.5,Coastal Alluvial
48.5,39.2,61.0,27.7,60.1,8.14,1267.4,Black Cotton
61.6,32.1,75.6,31.9,51.7,8.06,1655.2,Black Cotton
73.4,39.6,93.1,30.1,70.6,7.71,1505.8,Clayey
88.2,44.2,69.9,32.5,59.3,7.12,1722.1,Black Cotton
61.2,27.7,77.1,28.1,80.5,6.27,2427.7,Red Loam
87.4,32.9,27.0,28.8,89.9,5.44,2754.1,Brown Hydromorphic
77.4,41.2,47.9,30.3,95.0,4.74,3362.5,Brown Hydromorphic
83.2,37.1,56.8,29.3,86.1,4.77,3124.7,Brown Hydromorphic
61.5,33.6,93.4,28.6,78.8,5.85,2750.7,Red Loam
38.6,32.9,68.9,25.5,86.2,7.69,2535.2,Coastal Alluvial
65.5,15.1,58.3,26.2,83.6,5.32,3345.3,Laterite
68.7,38.9,53.3,27.6,85.0,4.88,3144.6,Brown Hydromorphic
18.0,28.1,38.6,31.6,56.7,6.59,1470.9,Sandy
75.8,59.4,107.3,28.3,85.5,6.88,3268.7,Riverine Alluvial
52.8,35.5,64.8,28.0,94.4,6.95,2350.9,Coastal Alluvial
72.9,32.7,73.1,28.1,93.7,5.55,2955.4,Brown Hydromorphic
90.7,57.9,75.5,29.8,71.9,7.06,2557.1,Riverine Alluvial
144.7,27.3,31.0,31.3,97.3,4.57,3059.2,Peaty
63.2,25.2,30.2,32.2,91.1,4.81,2758.6,Brown Hydromorphic
139.3,28.8,44.0,27.2,85.2,4.0,3021.6,Peaty
53.3,20.8,114.1,28.1,77.9,6.32,1921.7,Red Loam
86.4,41.4,113.0,17.1,87.0,5.43,4095.3,Forest Loam
27.9,11.4,63.1,32.1,79.2,5.08,2943.3,Laterite
46.5,27.6,65.0,33.5,85.6,7.34,1800.5,Coastal Alluvial
90.9,44.9,90.3,20.7,82.1,5.06,3753.7,Forest Loam
66.9,11.0,103.6,29.2,74.9,5.54,2793.8,Laterite
124.0,55.7,79.2,24.3,94.1,6.23,4476.5,Forest Loam
69.0,45.7,92.1,24.9,70.6,6.29,2220.8,Loamy
104.6,53.8,90.7,19.7,81.9,6.56,5306.5,Forest Loam
104.3,46.9,90.0,25.4,81.6,7.25,2715.8,Riverine Alluvial
147.9,22.6,40.7,30.6,88.2,3.36,3127.3,Peaty
53.1,13.8,56.3,32.6,70.5,5.08,2895.1,Laterite
62.3,28.5,91.8,33.9,69.7,6.3,2736.0,Red Loam
54.6,15.5,70.1,27.6,81.2,4.32,3040.4,Laterite
31.6,21.4,42.3,32.3,46.3,7.02,821.2,Sandy
58.1,36.5,101.4,25.3,83.3,6.35,1688.8,Clayey
71.3,29.5,62.3,29.7,96.8,4.74,2790.9,Brown Hydromorphic
45.2,15.9,64.0,27.1,83.0,4.68,3608.8,Laterite
65.5,8.6,62.2,29.0,82.6,4.66,2936.1,Laterite
131.2,41.2,30.5,32.6,93.6,3.91,2946.3,Peaty
83.6,60.3,63.2,25.0,73.8,6.39,1361.2,Loamy
84.7,61.1,66.4,26.1,83.9,7.79,1208.4,Clayey
48.1,17.8,69.7,26.7,73.7,4.91,3029.2,Laterite
80.3,33.3,95.8,31.4,74.9,5.96,2696.1,Red Loam
43.9,12.1,46.5,27.3,87.3,4.81,2743.2,Laterite
110.3,43.1,88.8,27.4,66.5,6.66,3171.2,Riverine Alluvial
51.1,43.0,48.0,31.1,77.2,7.76,1820.9,Coastal Alluvial
65.9,22.3,47.6,32.1,87.5,6.25,2759.1,Red Loam
47.0,49.9,60.7,35.5,59.6,7.41,1385.9,Black Cotton
51.3,9.6,84.8,30.3,82.2,4.92,3110.6,Laterite
125.3,55.4,100.2,23.1,89.6,5.41,2550.0,Forest Loam
52.7,8.3,61.0,30.9,74.5,5.41,2876.6,Laterite
77.8,19.7,64.6,25.3,84.7,4.76,4105.4,Laterite
84.7,20.1,49.9,30.3,94.9,4.73,3011.3,Brown Hydromorphic
37.7,19.8,37.3,31.6,60.9,6.55,1223.2,Sandy
63.0,36.9,56.4,38.0,57.1,7.84,1681.0,Black Cotton
72.9,33.0,70.5,33.5,62.5,8.23,1551.4,Black Cotton
43.3,20.4,74.1,28.7,71.6,6.13,2437.4,Red Loam
65.2,45.2,100.4,27.6,70.7,7.56,2253.4,Clayey
79.9,45.7,88.3,25.1,89.4,7.06,2715.2,Riverine Alluvial
58.8,11.5,44.5,27.7,77.4,5.78,3118.3,Laterite
165.5,22.6,39.4,32.4,97.8,4.48,3753.9,Peaty
100.6,47.1,72.3,28.9,61.8,6.1,2063.0,Loamy
49.7,43.7,74.9,30.1,89.3,8.02,1831.1,Coastal Alluvial
83.1,50.6,55.0,32.5,76.1,6.89,3479.2,Riverine Alluvial
42.5,24.1,54.1,25.5,89.2,8.1,1992.3,Coastal Alluvial
65.3,22.4,77.7,29.8,90.5,4.62,3017.6,Laterite
62.4,36.7,49.6,28.9,91.6,4.48,2772.2,Brown Hydromorphic
47.1,13.2,72.9,25.8,76.1,5.46,2463.2,Laterite
165.5,36.6,38.0,33.1,92.9,4.6,3168.0,Peaty
43.4,47.3,65.9,32.9,79.8,8.36,1318.4,Coastal Alluvial
47.3,25.7,30.1,28.9,59.2,6.65,1246.2,Sandy
47.1,20.0,72.4,30.3,81.2,5.54,3195.0,Laterite
140.7,27.1,36.7,30.4,94.6,4.28,2975.8,Peaty
42.0,16.9,29.4,28.1,50.4,6.47,1282.5,Sandy
55.4,25.3,54.3,29.3,82.9,5.66,3155.0,Laterite
104.1,56.3,86.4,23.4,65.4,6.72,2128.0,Loamy
57.2,18.1,90.7,26.4,85.7,5.69,2945.9,Laterite
52.9,25.8,77.1,27.6,82.0,5.09,3386.8,Laterite
64.9,29.3,101.9,24.8,72.3,5.94,2566.1,Red Loam
124.4,27.0,108.9,20.9,79.0,5.65,3476.9,Forest Loam
53.4,31.4,67.3,27.5,95.3,7.55,2274.3,Coastal Alluvial
47.9,17.2,79.7,31.9,71.3,5.6,3591.6,Laterite
72.0,33.8,51.8,26.1,91.3,4.61,3184.3,Brown Hydromorphic
82.0,51.6,60.1,32.5,86.6,5.19,3418.7,Brown Hydromorphic
42.5,55.0,54.3,30.8,85.2,7.65,2052.3,Coastal Alluvial
83.8,36.8,69.7,31.4,60.1,7.92,1551.0,Black Cotton
138.7,25.6,27.5,31.0,93.8,4.11,2689.9,Peaty
67.0,12.1,49.2,28.1,88.4,4.77,3417.1,Laterite
45.7,17.1,75.8,31.8,85.2,5.06,3839.4,Laterite
27.0,15.2,95.3,31.5,74.6,4.76,3268.6,Laterite
28.5,27.1,55.7,27.0,53.9,7.46,1323.7,Sandy
29.1,28.8,21.5,27.9,64.4,5.8,510.0,Sandy
60.6,31.6,45.5,30.8,76.6,7.66,1731.7,Coastal Alluvial
73.0,32.4,78.1,33.2,60.7,7.75,1075.0,Black Cotton
92.4,47.7,74.5,26.3,68.3,6.88,1631.2,Loamy
117.4,53.1,85.6,15.2,83.5,6.19,3783.8,Forest Loam
72.1,26.7,71.8,25.7,77.7,6.93,2751.8,Red Loam
125.5,36.0,123.2,14.2,93.7,5.3,4282.9,Forest Loam
63.8,52.5,94.7,27.4,82.1,6.39,2212.6,Riverine Alluvial
80.7,22.5,74.0,38.2,60.3,7.29,1568.7,Black Cotton
46.9,30.9,103.8,32.5,79.2,6.22,1903.0,Red Loam
69.6,23.5,72.8,30.1,68.1,5.6,2115.4,Red Loam
42.4,32.5,54.0,31.6,86.9,7.43,2042.8,Coastal Alluvial
38.6,34.3,56.8,32.0,92.3,8.35,2116.7,Coastal Alluvial
69.4,39.0,79.8,27.4,62.8,8.35,1730.7,Black Cotton
48.3,16.6,50.7,28.4,85.6,5.11,3259.4,Laterite
63.4,17.6,79.1,28.5,87.4,5.45,3588.1,Laterite
68.2,48.5,111.3,26.2,70.6,7.07,2645.7,Clayey
27.0,12.2,53.2,33.0,83.3,5.21,3665.3,Laterite
165.2,31.2,33.0,31.4,86.2,4.67,2656.3,Peaty
52.4,4.5,73.5,24.4,75.8,5.72,2661.2,Laterite
73.7,29.3,99.7,35.4,73.5,5.66,2857.1,Red Loam
60.0,8.3,55.6,29.1,80.1,5.35,3366.7,Laterite
95.8,31.5,57.4,30.1,85.0,3.99,3114.9,Peaty
123.7,57.1,82.9,18.8,93.4,6.35,4108.5,Forest Loam
77.3,56.7,84.6,28.4,86.8,6.3,2687.4,Riverine Alluvial
61.8,31.4,55.0,23.8,90.3,4.86,2446.4,Brown Hydromorphic
53.9,54.2,110.0,26.2,67.0,6.39,2054.8,Loamy
44.1,22.7,54.6,27.7,79.9,8.14,1866.2,Coastal Alluvial
80.8,53.8,74.2,27.9,82.1,6.91,2259.1,Clayey
67.4,49.1,92.3,33.4,71.7,7.26,2479.6,Clayey
73.1,22.2,36.0,28.0,81.4,4.79,3977.0,Laterite
104.2,46.2,85.8,29.0,87.0,6.49,2723.7,Riverine Alluvial
38.7,11.6,50.7,29.5,73.4,4.98,2432.3,Laterite
64.3,20.1,67.6,29.6,83.2,5.88,4067.5,Laterite
71.3,46.6,115.4,32.0,81.6,6.83,2684.4,Riverine Alluvial
105.7,43.0,75.9,30.9,76.1,6.85,3237.2,Riverine Alluvial
59.9,16.0,75.2,30.9,85.7,5.35,3371.3,Laterite
35.9,45.2,81.4,30.3,93.6,8.16,2386.2,Coastal Alluvial
87.9,56.9,74.5,24.9,84.0,7.21,3336.5,Riverine Alluvial
48.8,17.1,69.7,31.5,78.6,5.56,3056.0,Laterite
54.7,35.8,64.3,30.0,89.0,7.14,1868.0,Coastal Alluvial
59.1,44.2,72.4,24.3,62.7,6.68,1631.5,Loamy
56.3,16.1,57.4,29.7,80.2,5.01,2143.0,Laterite
142.6,55.3,95.5,21.0,81.9,5.33,3528.3,Forest Loam
31.1,32.8,61.7,26.9,75.9,7.35,1618.3,Coastal Alluvial
117.6,29.7,29.5,32.6,89.7,4.22,2769.4,Peaty
74.7,23.4,54.8,30.7,85.7,5.22,3039.5,Brown Hydromorphic
61.4,14.7,61.8,29.0,84.2,4.69,3269.6,Laterite
89.3,47.0,57.2,30.6,86.4,6.79,3161.8,Riverine Alluvial
105.3,60.4,71.0,30.1,75.2,6.66,2337.4,Riverine Alluvial
91.2,25.9,80.1,29.3,86.2,6.54,2665.8,Red Loam
41.8,35.5,88.0,28.1,91.3,7.7,2089.1,Coastal Alluvial
57.2,32.9,33.4,32.4,81.8,7.92,1845.7,Coastal Alluvial
136.4,40.1,71.1,20.0,84.1,5.47,3541.2,Forest Loam
60.9,19.5,65.4,23.8,77.8,5.62,2898.7,Laterite
59.6,30.1,33.3,33.2,81.7,8.28,2128.7,Coastal Alluvial
96.7,57.8,93.1,29.6,88.1,6.96,2973.4,Riverine Alluvial
28.4,25.7,45.7,30.0,84.8,7.45,2535.1,Coastal Alluvial
56.5,24.7,96.1,31.0,75.2,6.1,2336.0,Red Loam
47.0,33.6,45.5,30.7,82.0,7.45,1799.3,Coastal Alluvial
51.3,21.8,56.1,29.0,38.0,6.93,965.4,Sandy
102.9,43.2,55.8,27.2,99.6,3.81,2760.0,Peaty
117.1,52.5,110.2,27.3,75.6,7.42,2614.1,Riverine Alluvial
80.9,23.1,46.3,35.0,83.5,6.24,2386.9,Red Loam
55.2,35.5,51.9,32.0,75.6,7.23,1924.2,Coastal Alluvial
65.3,37.7,44.3,30.4,93.0,4.48,3024.8,Brown Hydromorphic
46.5,18.2,68.1,31.2,85.4,8.23,1980.0,Coastal Alluvial
119.3,45.9,117.7,31.9,82.4,6.85,2268.0,Riverine Alluvial
93.3,39.0,81.9,29.6,59.7,7.74,1054.9,Black Cotton
94.3,51.5,54.3,26.4,73.6,6.5,1626.9,Loamy
79.2,31.4,85.0,29.7,65.8,7.44,1693.9,Black Cotton
86.9,41.8,83.8,25.5,87.8,7.72,1916.0,Clayey
71.1,34.2,61.0,28.2,86.7,4.49,2791.3,Brown Hydromorphic
33.0,37.3,65.7,29.9,90.3,7.52,2138.1,Coastal Alluvial
50.3,13.9,87.0,30.9,85.1,5.06,3214.4,Laterite
47.5,42.5,53.3,27.7,60.0,8.19,1600.3,Black Cotton
55.3,17.7,76.6,26.5,84.7,5.36,3432.8,Laterite
41.9,40.3,59.2,34.4,84.0,7.18,2624.0,Coastal Alluvial
81.1,45.1,63.9,31.5,47.5,7.83,1493.1,Black Cotton
45.8,47.2,46.3,28.9,87.2,7.94,1946.9,Coastal Alluvial
70.0,22.2,83.2,33.2,72.2,5.45,2305.8,Red Loam
48.3,15.4,84.7,28.4,75.6,5.09,3505.5,Laterite
126.2,19.4,45.2,29.6,90.2,4.3,3690.3,Peaty
54.2,15.3,66.6,31.0,82.9,5.3,3418.4,Laterite
69.9,71.6,92.9,33.3,82.9,7.08,2846.4,Riverine Alluvial
95.7,31.2,84.0,28.2,87.9,6.72,1354.5,Clayey
56.2,39.0,93.9,26.2,80.3,7.54,1202.9,Clayey
101.2,36.1,48.8,30.9,89.7,5.14,3243.7,Brown Hydromorphic
124.0,41.7,44.2,34.7,92.9,3.89,3307.4,Peaty
57.6,32.9,45.2,32.2,88.5,4.79,2351.8,Brown Hydromorphic
52.3,36.2,64.8,27.9,85.9,7.63,2654.1,Coastal Alluvial
72.5,27.5,113.7,24.4,77.8,6.04,3091.7,Red Loam
43.1,35.0,37.0,27.3,79.2,7.57,2130.1,Coastal Alluvial
61.4,36.8,41.4,28.1,88.2,8.25,2197.0,Coastal Alluvial
65.0,22.5,76.2,31.9,72.8,5.94,2773.4,Red Loam
89.8,40.5,46.9,26.6,93.7,4.57,3165.6,Brown Hydromorphic
151.9,22.7,36.2,29.4,88.0,3.32,2843.2,Peaty
54.0,57.8,60.7,29.0,72.6,6.89,2525.7,Riverine Alluvial
59.3,12.9,73.8,29.8,72.2,5.06,3023.7,Laterite
65.5,13.0,66.0,27.6,76.7,5.12,3262.1,Laterite
79.2,43.6,95.4,27.3,73.4,6.7,1580.5,Loamy
56.9,16.9,78.9,31.4,77.3,5.5,3976.5,Laterite
83.3,44.1,62.6,27.1,88.5,4.81,2939.7,Brown Hydromorphic
75.0,43.6,60.5,28.5,89.3,3.98,3818.0,Brown Hydromorphic
123.2,19.1,56.4,30.2,89.5,4.45,3133.3,Peaty
43.2,15.9,54.4,29.3,81.8,5.09,2794.1,Laterite
90.4,34.2,65.0,38.7,56.9,7.84,1476.8,Black Cotton
97.5,53.4,109.0,28.2,88.4,6.76,2880.9,Riverine Alluvial
81.7,27.5,102.3,27.9,79.3,6.3,2626.0,Red Loam
66.5,21.7,69.7,26.8,81.0,5.77,3018.1,Red Loam
65.2,24.8,79.1,24.5,69.6,5.77,2404.7,Red Loam
104.1,46.0,101.5,20.6,84.6,5.23,4612.6,Forest Loam
124.5,49.4,98.0,16.9,87.9,5.37,3383.1,Forest Loam
58.5,20.9,82.2,31.2,81.8,5.84,2808.2,Red Loam
71.7,39.9,42.2,29.1,93.3,4.85,3230.5,Brown Hydromorphic
77.6,20.2,86.2,27.3,74.4,5.61,1530.0,Red Loam
44.4,11.6,68.2,25.7,69.8,5.33,3935.4,Laterite
82.0,33.3,112.5,27.5,76.6,6.71,1916.4,Clayey
44.3,30.4,109.0,28.8,73.4,6.24,2257.1,Red Loam
148.9,43.8,103.7,23.3,79.7,5.53,3486.4,Forest Loam
52.3,37.1,67.1,27.9,90.3,5.22,3289.5,Brown Hydromorphic
118.4,58.7,112.9,19.3,71.2,6.04,3530.0,Forest Loam
53.5,9.1,90.3,28.7,79.5,6.3,3041.9,Laterite
90.2,19.4,79.4,28.7,76.0,6.06,2714.3,Red Loam
54.3,33.8,58.0,30.8,88.6,5.07,2103.0,Brown Hydromorphic
57.8,41.2,74.3,30.7,70.4,6.63,2018.6,Loamy
95.9,43.9,77.1,23.6,72.2,7.05,2190.8,Loamy
156.2,24.9,45.0,32.2,92.0,4.14,3421.1,Peaty
56.6,25.2,96.0,24.7,68.5,5.84,1583.9,Red Loam
56.4,36.8,71.2,35.1,64.2,7.94,1093.9,Black Cotton
124.9,25.8,39.6,27.6,88.2,3.64,3400.5,Peaty
55.0,20.2,75.7,30.5,87.0,4.85,3398.1,Laterite
77.8,29.5,41.2,24.6,91.3,5.05,3383.9,Brown Hydromorphic
139.6,21.7,51.6,28.2,94.1,4.79,2825.9,Peaty
57.9,18.0,53.0,32.6,86.4,7.76,1999.9,Coastal Alluvial
30.4,40.1,46.1,27.5,80.1,7.75,2081.4,Coastal Alluvial
90.3,52.1,83.0,27.8,90.2,7.11,2410.1,Riverine Alluvial
66.2,29.6,52.1,28.4,85.4,4.67,3375.4,Brown Hydromorphic
76.2,44.1,76.1,34.1,48.8,8.29,1018.1,Black Cotton
77.1,31.5,94.9,31.3,84.7,7.04,3493.0,Riverine Alluvial
33.2,47.4,43.6,29.7,90.9,7.68,2345.9,Coastal Alluvial
101.6,70.3,115.6,27.7,81.5,7.64,2933.0,Riverine Alluvial
40.5,20.7,36.6,32.6,67.7,6.84,1014.9,Sandy
49.8,14.5,57.3,31.0,70.7,5.12,2980.7,Laterite
88.2,48.3,64.2,25.0,78.7,7.45,3133.4,Riverine Alluvial
117.1,43.1,75.4,22.8,83.9,5.81,4116.1,Forest Loam
80.1,46.2,64.3,31.8,63.4,7.55,2287.1,Clayey
69.9,26.9,49.4,26.8,92.2,5.27,3140.3,Brown Hydromorphic
62.9,14.0,86.9,26.7,76.4,5.09,2594.3,Laterite
71.6,24.3,83.0,24.1,85.6,6.91,2504.8,Red Loam
68.6,33.5,55.4,32.7,81.6,6.25,2139.8,Red Loam
52.9,34.9,84.3,29.2,78.2,6.45,2713.2,Red Loam
66.1,23.9,64.9,29.0,77.0,4.87,3317.5,Laterite
163.8,33.2,37.7,27.1,92.4,3.58,3212.0,Peaty
114.4,63.7,96.4,28.9,80.5,7.15,2378.6,Riverine Alluvial
77.6,31.5,62.8,33.0,92.7,4.85,3158.0,Brown Hydromorphic
116.0,43.3,85.3,21.8,85.8,5.74,3861.1,Forest Loam
82.1,58.0,84.7,24.4,73.0,6.79,1373.2,Loamy
107.3,51.3,56.7,31.3,72.1,6.64,3339.7,Riverine Alluvial
35.6,12.6,51.1,27.6,86.8,5.29,3502.0,Laterite
60.0,16.6,45.0,28.2,71.3,6.38,2188.9,Red Loam
69.7,36.4,59.6,28.6,90.4,4.56,3041.7,Brown Hydromorphic
96.2,34.6,64.7,26.2,93.8,4.9,2307.9,Brown Hydromorphic
54.7,36.4,56.6,28.9,99.6,4.32,2634.0,Brown Hydromorphic
67.0,46.2,94.3,34.3,63.0,8.01,1336.5,Black Cotton
90.4,35.5,54.0,20.0,89.1,5.91,4325.2,Forest Loam
52.3,25.7,58.5,29.2,92.8,4.48,3196.4,Brown Hydromorphic
86.0,54.7,69.4,28.9,71.7,6.84,3561.6,Riverine Alluvial
58.9,22.0,107.4,28.0,72.6,6.06,2538.1,Red Loam
71.4,28.5,80.2,33.6,77.8,6.02,2913.0,Red Loam
138.4,23.3,53.8,28.7,94.4,4.14,3083.3,Peaty
134.5,22.5,52.0,29.0,86.8,4.16,2715.5,Peaty
91.0,36.3,35.6,28.6,82.7,5.39,2999.3,Brown Hydromorphic
57.9,19.4,70.6,29.1,75.4,5.54,3394.5,Laterite
116.1,60.5,112.9,24.6,84.3,5.64,4007.1,Forest Loam
47.1,16.4,63.7,28.5,90.3,5.12,3469.7,Laterite
86.5,44.0,62.3,30.2,93.2,5.06,3057.5,Brown Hydromorphic
67.6,16.7,93.7,27.4,81.7,5.32,3844.3,Laterite
105.0,47.0,98.3,22.1,84.2,5.32,3693.3,Forest Loam
45.3,34.8,54.5,30.7,87.9,7.33,1957.9,Coastal Alluvial
75.6,37.8,49.0,25.7,81.8,4.81,3326.5,Brown Hydromorphic
45.7,9.5,72.8,31.0,85.0,5.45,2664.5,Laterite
71.1,33.8,82.5,25.6,92.1,4.78,2518.6,Brown Hydromorphic
39.9,14.8,66.0,27.1,81.8,4.66,3330.9,Laterite
64.2,25.2,58.6,29.5,87.8,4.55,3043.3,Brown Hydromorphic
47.2,26.0,58.0,28.0,65.9,6.33,2863.0,Red Loam
59.5,40.9,67.8,31.9,71.3,6.13,2823.6,Red Loam
63.9,20.1,90.0,30.4,74.2,6.54,1992.6,Red Loam
65.6,51.0,69.8,28.7,69.1,6.5,2189.1,Loamy
99.5,39.6,49.9,27.8,87.1,4.57,3110.9,Brown Hydromorphic
73.5,40.2,48.2,31.3,57.8,8.34,1300.5,Black Cotton
31.9,35.4,45.0,31.2,81.1,7.1,2069.1,Coastal Alluvial
47.7,32.1,53.6,32.2,82.9,7.41,1989.3,Coastal Alluvial
83.7,48.3,104.9,29.3,75.5,7.58,1848.0,Clayey
129.6,55.1,91.8,21.5,88.4,5.36,4132.7,Forest Loam
103.8,42.7,38.1,30.5,96.3,4.03,2782.0,Peaty
57.4,8.7,59.2,30.3,81.8,4.95,2330.1,Laterite
63.3,17.1,67.1,29.0,82.8,5.08,3695.5,Laterite
145.5,22.7,44.3,31.2,90.1,4.05,2996.0,Peaty
92.9,50.7,92.8,29.8,75.7,6.96,2137.6,Riverine Alluvial
93.5,53.6,96.4,29.3,85.2,6.42,3201.6,Riverine Alluvial
70.7,45.3,56.8,26.4,85.4,7.34,1698.6,Coastal Alluvial
122.1,45.7,117.7,20.6,86.4,6.02,3170.6,Forest Loam
67.4,21.7,71.5,26.3,67.5,6.08,2895.0,Red Loam
68.0,20.5,94.8,30.1,83.6,5.71,2703.3,Red Loam
54.3,5.7,73.6,30.0,76.2,5.14,3389.9,Laterite
67.5,57.4,65.5,26.3,74.0,6.77,3220.6,Riverine Alluvial
66.5,37.3,67.5,32.5,92.6,4.59,2785.7,Brown Hydromorphic
85.4,40.0,40.5,32.4,94.6,4.67,2769.7,Brown Hydromorphic
158.6,38.1,113.6,24.2,88.5,5.91,3615.6,Forest Loam
125.7,57.9,117.5,23.1,94.8,5.59,4085.3,Forest Loam
121.7,33.1,72.0,18.2,84.8,5.7,3329.5,Forest Loam
80.8,44.4,100.8,27.9,73.3,6.92,3026.5,Riverine Alluvial
36.1,16.7,47.4,26.3,75.4,5.16,3708.0,Laterite
65.2,31.9,39.1,30.7,82.3,5.36,2818.7,Brown Hydromorphic
87.8,43.2,119.4,24.3,77.0,6.93,2908.1,Riverine Alluvial
114.8,35.6,103.3,20.8,90.9,5.41,4790.8,Forest Loam
144.2,45.2,111.2,21.5,82.6,5.9,3230.6,Forest Loam
111.8,47.9,84.7,21.6,78.5,5.83,4003.0,Forest Loam
72.3,25.8,87.4,31.5,72.6,5.88,2512.9,Red Loam
39.8,41.7,49.2,26.1,74.7,7.8,2231.0,Coastal Alluvial
159.3,28.7,38.1,29.0,94.8,3.85,2818.2,Peaty
63.9,42.8,67.0,29.1,73.6,6.36,1602.6,Loamy
81.5,37.8,52.4,27.0,88.4,5.27,3728.0,Brown Hydromorphic
58.8,13.7,73.1,27.6,78.5,4.74,3106.6,Laterite
72.3,34.8,55.9,32.0,88.9,4.95,3487.6,Brown Hydromorphic
50.6,32.1,71.4,29.9,69.9,5.99,2655.2,Red Loam
36.0,29.6,73.2,33.9,72.9,6.08,2202.5,Red Loam
47.3,15.3,48.2,25.1,85.4,4.96,3979.6,Laterite
87.4,70.6,83.6,27.1,81.8,7.44,3082.9,Riverine Alluvial
55.5,31.2,78.3,27.7,88.0,6.15,2725.0,Red Loam
84.2,28.7,75.7,27.5,76.1,5.68,2777.5,Red Loam
85.1,45.5,92.9,26.8,75.7,6.55,2670.7,Riverine Alluvial
69.0,26.3,84.8,28.8,72.6,5.76,2024.7,Red Loam
56.1,22.7,77.3,27.2,86.8,8.93,1880.2,Coastal Alluvial
93.0,48.6,64.9,29.7,77.9,7.53,1534.3,Clayey
32.3,26.2,33.4,35.8,55.4,6.6,2070.0,Sandy
37.4,20.8,18.4,32.6,62.8,7.8,1378.8,Sandy
54.8,12.2,87.1,27.7,73.2,4.52,2938.8,Laterite
113.8,48.5,91.2,23.2,85.7,5.31,3995.8,Forest Loam
70.1,17.7,46.4,27.5,86.8,5.92,2243.0,Red Loam
89.9,18.0,56.6,31.2,82.7,4.19,2957.4,Brown Hydromorphic
101.1,47.3,58.8,27.0,88.3,4.02,2672.9,Brown Hydromorphic
85.4,24.0,89.4,29.7,73.3,6.42,2765.0,Red Loam
82.8,34.1,94.2,30.3,65.8,7.83,1533.0,Black Cotton
125.3,47.2,60.3,17.8,85.0,6.1,3096.9,Forest Loam
40.1,22.3,34.7,34.8,63.7,6.26,646.3,Sandy
107.0,49.3,110.2,21.5,86.9,5.68,4442.7,Forest Loam
66.3,15.7,67.6,30.8,79.1,4.69,3387.7,Laterite
67.5,36.5,38.9,30.5,81.5,4.97,3070.9,Brown Hydromorphic
45.0,50.3,65.9,29.6,76.2,6.98,1800.1,Loamy
75.2,18.5,65.9,27.9,84.0,6.72,1705.4,Red Loam
105.1,48.2,95.6,25.4,72.2,7.03,3324.9,Riverine Alluvial
48.0,22.4,58.0,27.6,89.9,7.39,2078.5,Coastal Alluvial
90.3,32.1,80.2,29.2,80.7,6.36,2533.1,Red Loam
53.2,23.0,64.8,30.6,89.3,4.9,3455.5,Brown Hydromorphic
61.4,21.6,50.5,32.1,85.8,4.29,3444.7,Brown Hydromorphic
92.8,56.6,76.8,27.8,81.5,7.16,2766.1,Riverine Alluvial
41.4,15.2,48.7,28.1,76.8,6.1,3536.5,Laterite
74.5,36.5,53.2,33.2,73.9,6.7,2840.7,Red Loam
40.8,52.3,51.9,33.7,81.0,8.0,1943.8,Coastal Alluvial
71.6,24.1,106.3,29.6,87.7,5.98,2263.8,Red Loam
82.7,21.4,72.8,28.2,73.4,5.97,2566.5,Red Loam
79.9,44.4,61.5,29.1,70.4,5.97,1663.6,Loamy
105.6,49.7,78.2,18.2,88.2,5.86,3248.4,Forest Loam
139.9,28.0,43.7,27.3,86.5,4.31,3005.1,Peaty
143.9,16.9,23.7,24.8,87.5,4.55,3159.8,Peaty
108.4,58.1,73.7,30.2,88.6,6.14,3252.6,Riverine Alluvial
140.1,24.6,39.4,30.8,90.6,3.32,3081.8,Peaty
65.6,34.6,64.3,26.6,92.5,4.44,3275.8,Brown Hydromorphic
38.9,13.2,36.2,31.8,62.5,7.12,1182.2,Sandy
53.7,32.1,51.0,31.0,73.9,7.36,2016.9,Coastal Alluvial
69.0,31.4,46.6,31.6,89.1,4.86,2981.0,Brown Hydromorphic
87.3,21.9,79.8,27.5,77.7,6.16,2132.5,Red Loam
55.8,30.8,81.9,30.3,78.4,6.09,2204.5,Red Loam
80.3,16.4,81.2,28.7,83.8,4.93,3082.6,Laterite
62.3,28.6,72.4,29.6,74.5,6.99,2217.8,Red Loam
98.3,67.9,89.6,30.2,81.2,6.41,2943.1,Riverine Alluvial
34.2,38.3,64.9,34.4,86.0,7.69,1588.6,Coastal Alluvial
89.6,43.6,119.9,25.2,75.6,7.38,1707.1,Clayey
47.2,25.1,80.9,27.8,73.2,6.13,2390.4,Red Loam
85.8,28.0,82.3,26.0,81.8,5.91,2520.9,Red Loam
68.7,32.4,91.1,28.1,80.0,6.36,2078.0,Red Loam
81.0,45.1,58.4,30.2,68.4,7.86,1395.2,Black Cotton
64.2,35.6,70.2,32.2,69.9,6.28,2331.0,Red Loam
82.3,36.4,66.7,32.2,61.1,8.26,1302.0,Black Cotton
36.1,20.8,48.1,30.2,81.1,5.01,3278.4,Laterite
88.2,26.0,52.9,28.1,95.6,4.45,2553.5,Brown Hydromorphic
62.0,51.3,52.8,23.6,75.0,6.94,1853.3,Loamy
36.0,37.4,42.7,30.8,80.8,7.5,2562.0,Coastal Alluvial
46.1,22.5,65.8,30.0,83.4,5.98,3764.0,Laterite
86.1,44.9,102.4,23.6,76.3,6.97,2071.0,Clayey
51.8,14.8,69.1,27.8,82.6,4.82,3995.8,Laterite
69.1,52.6,90.9,31.0,87.3,7.44,2524.1,Riverine Alluvial
118.5,46.7,89.9,20.7,96.9,5.61,4005.7,Forest Loam
89.6,45.4,67.6,21.1,81.8,5.86,4338.4,Forest Loam
65.9,47.4,71.9,31.6,75.3,7.41,1687.7,Black Cotton
74.0,22.7,83.6,27.4,84.2,5.31,3281.6,Laterite
76.7,43.1,30.0,29.6,82.4,4.3,3125.6,Brown Hydromorphic
50.1,22.3,83.0,28.7,83.9,5.71,2140.5,Red Loam
90.7,50.7,66.4,33.6,68.9,6.53,1948.2,Loamy
62.3,27.0,60.1,33.3,58.6,7.54,1601.8,Black Cotton
91.1,50.4,101.2,28.7,78.3,6.11,2229.8,Riverine Alluvial
75.4,32.7,116.8,34.4,84.3,5.96,2544.2,Red Loam
37.8,22.9,58.3,27.7,87.0,6.02,3649.9,Laterite
47.1,29.0,92.2,32.0,69.7,6.32,2817.8,Red Loam
114.6,43.3,130.5,20.6,84.3,5.68,3903.3,Forest Loam
35.6,13.4,50.3,31.8,89.9,5.5,3357.1,Laterite
121.9,46.3,77.8,31.7,75.9,7.33,2370.7,Riverine Alluvial
79.5,26.9,70.1,29.2,88.0,4.67,2854.0,Brown Hydromorphic
59.4,33.2,109.5,23.7,80.8,6.11,2403.5,Red Loam
43.5,39.3,60.9,32.1,85.1,7.62,1865.8,Coastal Alluvial
57.0,19.7,56.7,35.7,81.8,5.72,3617.8,Laterite
50.1,11.9,80.1,27.2,83.3,5.34,3819.1,Laterite
82.1,21.0,57.0,28.7,86.8,4.38,3053.5,Brown Hydromorphic
58.6,30.7,45.9,29.1,86.8,3.84,2736.8,Brown Hydromorphic
68.0,57.5,106.2,28.7,78.2,7.51,2188.2,Clayey
39.5,18.7,64.3,30.9,85.5,5.08,2968.4,Laterite
96.7,38.6,112.4,27.4,72.9,6.44,2595.9,Riverine Alluvial
65.7,13.7,79.4,30.3,83.6,5.56,3035.9,Laterite
89.2,55.6,75.8,28.0,71.2,6.43,1167.4,Loamy
146.9,25.2,42.7,31.1,87.2,4.23,2489.0,Peaty
34.8,41.6,36.2,31.2,83.9,7.37,2230.6,Coastal Alluvial
117.9,61.0,94.0,18.8,85.6,5.29,4236.9,Forest Loam
135.9,23.6,30.8,30.8,88.6,4.64,2806.7,Peaty
28.9,43.6,48.7,31.9,82.2,8.07,2254.3,Coastal Alluvial
89.9,51.9,76.2,32.8,78.0,6.79,3101.3,Riverine Alluvial
60.6,31.7,62.1,30.6,55.8,7.48,1887.1,Black Cotton
88.0,12.8,76.8,27.7,83.9,5.88,3044.7,Laterite
65.4,41.1,89.6,28.7,72.2,6.93,1796.9,Loamy
90.6,52.5,99.7,30.4,82.1,7.16,2038.4,Clayey
54.6,8.0,55.8,30.0,67.9,5.47,3069.3,Laterite
55.6,42.0,48.8,26.7,88.8,6.94,1826.8,Coastal Alluvial
55.8,20.8,111.6,32.4,73.1,5.8,2247.1,Red Loam
80.1,46.4,49.8,31.5,90.8,4.53,3309.8,Brown Hydromorphic
73.9,30.5,53.0,29.3,88.5,5.05,3467.8,Brown Hydromorphic
79.0,32.3,57.9,26.9,86.8,4.8,2938.3,Brown Hydromorphic
66.2,26.0,54.8,30.8,78.2,5.21,3469.2,Laterite
159.8,49.8,109.8,15.1,94.9,5.27,4350.6,Forest Loam
63.3,46.1,48.2,28.6,87.8,4.93,2401.4,Brown Hydromorphic
79.2,19.2,63.3,31.0,91.9,4.78,3148.2,Brown Hydromorphic
64.6,27.6,86.4,31.6,71.9,6.26,2767.1,Red Loam
46.8,8.2,49.7,31.6,83.8,4.27,2917.8,Laterite
46.7,34.0,47.9,32.7,87.7,7.56,2225.2,Coastal Alluvial
54.6,35.6,67.9,37.9,70.8,7.74,1395.9,Black Cotton
100.2,48.6,102.7,19.6,85.3,6.18,3074.2,Forest Loam
52.2,21.7,78.4,25.7,73.5,4.78,3141.5,Laterite
72.3,22.3,73.4,30.9,81.5,4.7,2821.1,Laterite
92.0,22.5,65.6,30.4,84.3,5.07,3122.9,Brown Hydromorphic
64.4,52.9,92.2,30.0,88.8,7.3,1872.8,Clayey
60.3,30.8,42.1,29.0,80.6,7.74,2404.2,Coastal Alluvial
41.8,13.8,79.9,30.2,82.5,5.51,2461.1,Laterite
40.6,37.8,53.5,30.0,59.3,7.88,1467.7,Black Cotton
92.4,50.6,89.8,33.8,82.0,7.19,1559.3,Clayey
60.4,33.0,82.4,26.4,75.0,5.89,3079.5,Red Loam
57.9,47.8,58.4,32.7,95.4,8.26,2194.4,Coastal Alluvial
163.1,33.7,42.2,26.9,92.4,4.52,2937.4,Peaty
68.9,46.6,99.0,27.3,69.3,6.51,1579.3,Loamy
64.2,20.7,70.3,27.1,78.2,5.12,2977.8,Laterite
50.4,39.7,75.5,36.3,61.0,7.67,1280.8,Black Cotton
62.5,26.8,103.3,29.5,77.9,6.16,2996.7,Red Loam
64.1,13.8,79.1,28.7,81.2,4.59,3597.6,Laterite
56.3,11.2,56.5,31.6,87.5,5.49,3358.1,Laterite
38.8,11.4,47.9,28.0,78.3,4.96,4359.9,Laterite
100.1,54.5,107.3,28.5,78.9,7.53,2939.2,Riverine Alluvial
79.2,17.8,74.2,28.7,78.6,5.03,3156.6,Laterite
138.8,44.4,94.1,20.3,78.6,6.02,4165.8,Forest Loam
78.3,32.2,69.7,30.4,85.8,4.72,3013.2,Brown Hydromorphic
74.9,44.4,82.1,23.9,76.0,6.66,2172.4,Riverine Alluvial
56.1,26.7,67.8,30.2,79.0,5.37,3467.3,Laterite
34.0,16.8,29.1,23.8,46.1,6.72,890.2,Sandy
75.7,38.4,45.6,26.2,93.8,4.48,3138.5,Brown Hydromorphic
68.6,15.5,75.9,27.8,78.0,5.21,3944.7,Laterite
83.8,46.4,45.9,34.1,68.2,7.91,1199.2,Black Cotton
126.6,35.7,46.1,33.3,89.5,4.6,3373.4,Peaty
129.9,17.5,29.5,28.9,93.6,3.99,3549.9,Peaty
106.7,47.3,94.0,21.0,93.9,5.4,3852.6,Forest Loam
53.7,23.6,47.4,31.4,64.4,6.79,687.3,Sandy
70.5,43.5,86.7,29.7,76.7,5.92,2851.3,Red Loam
81.1,29.2,79.2,35.1,83.0,6.53,2395.1,Red Loam
85.0,45.4,97.3,27.3,77.5,7.14,3045.1,Riverine Alluvial
60.6,26.9,82.1,29.1,82.5,6.74,2801.8,Red Loam
65.1,41.9,77.4,28.4,88.3,4.93,3061.5,Brown Hydromorphic
66.4,36.3,77.7,30.5,70.2,6.85,2263.0,Loamy
91.6,56.7,89.6,29.5,78.9,6.55,3111.6,Riverine Alluvial
90.6,42.9,82.4,25.2,76.7,6.74,2269.2,Riverine Alluvial
130.1,54.4,94.9,19.5,91.9,5.79,3880.3,Forest Loam
53.2,8.7,90.4,24.3,81.1,6.2,3602.7,Laterite
65.2,12.5,55.1,28.6,78.0,4.86,3287.2,Laterite
66.2,34.8,74.8,39.9,61.6,7.38,1027.3,Black Cotton
102.2,22.8,49.8,33.9,65.0,7.45,1789.1,Black Cotton
51.4,10.9,88.4,28.9,78.0,5.8,3282.0,Laterite
146.8,33.2,47.9,30.3,90.7,4.24,3196.7,Peaty
73.4,20.3,60.5,29.1,76.2,5.8,2883.5,Red Loam
56.3,32.0,67.0,25.1,81.3,5.67,2247.6,Red Loam
73.7,10.8,59.4,25.8,83.4,5.34,2066.6,Laterite
128.9,35.9,100.2,21.6,83.4,6.22,4296.6,Forest Loam
44.4,21.6,43.6,28.9,48.5,6.97,609.3,Sandy
106.5,41.8,100.9,21.0,89.6,5.37,3795.5,Forest Loam
47.3,45.8,56.2,26.3,87.2,4.9,2757.8,Brown Hydromorphic
48.4,18.8,76.4,28.5,81.5,4.76,3186.1,Laterite
58.2,32.8,46.8,25.4,86.4,7.2,2097.7,Coastal Alluvial
61.4,15.4,58.2,28.2,74.2,4.27,3094.5,Laterite
24.4,31.2,41.2,29.7,84.6,8.34,1531.7,Coastal Alluvial
50.9,14.5,66.5,27.7,75.1,5.12,2966.8,Laterite
36.4,14.3,58.5,26.6,75.9,5.74,3644.5,Laterite
99.7,63.7,76.6,31.9,91.8,6.84,3298.8,Riverine Alluvial
59.8,36.5,43.8,28.8,58.3,7.83,1166.2,Black Cotton
56.6,9.8,63.4,30.2,87.4,5.73,4078.1,Laterite
61.3,10.8,72.6,31.5,80.1,5.24,3477.6,Laterite
112.9,43.7,108.6,22.0,82.3,6.05,3367.1,Forest Loam
61.0,19.2,67.5,30.8,80.8,5.38,2800.5,Laterite
142.4,49.3,113.2,19.2,85.6,5.91,3540.8,Forest Loam
40.9,28.4,33.5,30.6,87.7,7.36,2394.6,Coastal Alluvial
71.9,18.0,103.0,26.3,85.9,5.97,3207.3,Laterite
155.6,40.5,50.9,28.3,92.3,4.27,2721.1,Peaty
108.9,47.7,75.1,29.5,79.7,7.08,2549.8,Riverine Alluvial
92.6,44.7,116.5,30.0,84.1,6.62,3002.0,Riverine Alluvial
78.6,42.8,72.1,26.4,71.5,6.95,1457.6,Loamy
158.1,18.0,37.6,30.0,96.8,4.72,3160.8,Peaty
39.2,27.5,70.7,27.4,80.9,4.58,3650.5,Laterite
134.7,39.4,72.2,25.9,80.2,5.39,3225.6,Forest Loam
105.4,51.1,81.1,26.0,78.4,6.96,3612.0,Riverine Alluvial
56.0,29.1,75.8,26.6,71.6,5.92,2872.4,Red Loam
81.9,38.8,47.7,29.0,81.0,4.97,3348.7,Brown Hydromorphic
62.4,21.9,68.4,24.0,74.2,5.99,3347.3,Laterite
55.9,22.5,73.1,34.9,80.4,6.06,3336.2,Red Loam
129.0,62.9,83.8,19.5,79.9,6.03,3321.7,Forest Loam
99.7,39.4,52.3,31.5,87.6,4.2,2922.5,Brown Hydromorphic
59.4,13.9,64.9,30.3,81.9,5.09,3201.2,Laterite
146.7,26.9,29.9,26.8,95.6,4.28,2946.6,Peaty
67.8,47.7,45.2,28.1,85.8,4.61,2917.4,Brown Hydromorphic
38.0,16.5,40.1,34.1,45.3,6.85,1195.8,Sandy
44.7,21.4,85.6,29.2,77.5,6.17,2686.9,Red Loam
67.0,35.9,59.1,38.2,66.7,8.17,1491.9,Black Cotton
56.5,12.3,90.9,28.8,80.6,4.67,2827.5,Laterite
107.8,51.6,75.4,20.5,92.3,6.82,3706.5,Forest Loam
49.2,21.5,106.2,24.0,80.9,5.3,3093.4,Laterite
63.0,13.1,73.7,29.7,74.8,5.33,2692.9,Laterite
47.0,37.4,48.4,28.2,99.4,4.61,2651.6,Brown Hydromorphic
77.0,28.4,74.9,30.7,78.6,6.5,2846.4,Red Loam
64.0,30.9,71.8,30.6,75.8,6.3,2609.3,Loamy
131.8,32.8,46.7,30.6,92.9,4.31,3250.5,Peaty
91.7,38.0,112.2,23.2,79.4,6.06,4156.5,Forest Loam
70.5,18.5,61.4,27.0,88.4,5.65,3083.4,Laterite
69.6,50.9,113.7,27.0,87.0,7.29,2165.5,Clayey
79.0,39.0,106.1,25.5,84.6,7.33,1990.8,Clayey
44.1,21.0,99.5,35.7,93.8,5.18,3427.8,Laterite
61.8,19.7,89.5,28.4,76.8,5.09,3090.6,Laterite
58.8,42.7,73.1,30.9,74.8,6.96,1766.8,Loamy
51.8,42.5,68.9,34.1,78.2,7.02,2391.5,Coastal Alluvial
105.0,48.9,106.5,23.6,79.9,5.77,4488.5,Forest Loam
130.1,35.0,78.1,15.3,87.8,5.68,3464.6,Forest Loam
63.1,56.1,88.4,23.8,74.8,6.75,3440.5,Riverine Alluvial
55.9,51.4,56.8,33.3,56.3,7.9,1607.0,Black Cotton
75.6,43.4,96.6,23.6,85.4,5.0,4550.1,Forest Loam
82.6,26.4,86.6,31.7,69.5,5.72,2353.6,Red Loam
127.4,51.8,128.9,26.2,71.2,6.19,3890.5,Forest Loam
58.0,18.0,87.7,28.1,88.8,5.64,4165.1,Laterite
115.3,45.5,92.4,24.1,89.7,5.57,3709.6,Forest Loam
85.0,48.0,68.8,28.9,74.0,6.85,3234.1,Riverine Alluvial
153.3,27.2,54.9,30.1,93.7,4.77,2784.5,Peaty
88.8,50.0,86.6,26.2,79.1,6.37,2753.1,Riverine Alluvial
112.5,46.9,92.0,30.6,78.9,6.53,2245.8,Riverine Alluvial
47.2,22.3,92.2,28.4,74.6,5.06,3483.2,Laterite
149.2,42.4,107.1,20.5,80.2,5.74,3538.8,Forest Loam
77.3,70.1,77.6,26.4,88.2,6.99,3244.4,Riverine Alluvial
98.1,30.2,55.3,34.5,87.6,5.09,3282.8,Brown Hydromorphic
73.3,29.3,87.3,31.7,71.5,6.09,2469.6,Red Loam
48.7,31.6,37.8,28.2,86.2,8.45,2106.2,Coastal Alluvial
173.1,18.2,43.5,28.3,92.0,4.11,3124.3,Peaty
48.1,15.4,46.4,29.1,77.5,5.52,3145.7,Laterite
90.0,25.8,49.5,25.1,86.1,6.2,2545.4,Red Loam
64.1,38.0,77.2,27.3,85.6,6.36,2685.0,Riverine Alluvial
71.4,53.7,75.4,27.5,79.7,6.84,3610.2,Riverine Alluvial
81.2,42.2,48.0,31.8,90.1,4.74,3657.2,Brown Hydromorphic
80.2,49.7,57.1,25.5,89.1,4.46,3031.9,Brown Hydromorphic
41.1,23.0,40.8,26.2,85.6,7.73,1849.4,Coastal Alluvial
47.5,34.4,60.6,26.6,92.9,4.94,2982.3,Brown Hydromorphic
69.1,12.9,62.0,29.0,92.3,4.62,4192.4,Laterite
75.6,56.0,127.1,31.0,73.9,6.82,2966.2,Riverine Alluvial
100.4,35.2,118.5,26.2,87.1,7.07,2293.6,Riverine Alluvial
121.9,38.1,53.4,28.1,90.5,4.42,3252.7,Peaty
57.5,18.0,78.7,26.0,71.4,4.61,3182.0,Laterite
80.0,31.5,45.2,31.4,92.8,4.81,2915.9,Brown Hydromorphic
79.1,41.0,63.6,28.3,88.3,4.27,2951.8,Brown Hydromorphic
32.5,14.9,34.5,32.2,60.5,6.98,998.6,Sandy
105.1,41.9,82.5,26.2,68.2,6.18,1824.2,Loamy
68.0,36.6,92.0,26.4,81.3,6.34,2626.7,Red Loam
106.7,39.4,80.5,25.5,88.0,5.72,4201.8,Forest Loam
85.1,51.8,99.2,28.5,91.3,7.27,2682.4,Riverine Alluvial
140.9,32.7,56.5,31.5,94.3,3.82,2905.6,Peaty
57.5,20.5,56.7,30.1,71.0,5.17,2778.8,Laterite
84.0,38.5,90.3,33.0,69.7,6.0,2920.4,Red Loam
81.3,22.2,44.3,29.2,92.6,4.6,3303.5,Brown Hydromorphic
59.1,26.1,72.8,30.5,86.4,5.84,2746.2,Red Loam
131.6,57.4,103.0,16.4,89.6,5.53,4242.4,Forest Loam
67.4,33.1,71.3,30.4,66.7,5.58,2133.7,Red Loam
89.8,36.5,79.1,33.0,62.8,7.67,1367.8,Black Cotton
90.7,46.8,66.6,32.4,67.7,7.81,1079.1,Black Cotton
94.7,33.5,69.1,27.0,86.9,5.48,2987.7,Brown Hydromorphic
120.9,45.4,79.7,25.2,85.1,5.54,4322.2,Forest Loam
52.9,12.9,63.8,31.2,79.8,5.3,3341.9,Laterite
143.5,27.5,45.1,30.2,92.2,4.52,2515.5,Peaty
122.4,43.4,98.2,23.3,90.1,5.43,3554.4,Forest Loam
56.3,28.7,58.6,28.3,76.1,6.78,3069.6,Red Loam
47.3,27.2,69.9,31.4,75.6,6.12,2872.4,Red Loam
51.0,22.9,78.1,31.3,84.8,5.5,3497.7,Laterite
67.6,14.9,73.1,28.3,75.2,5.44,4160.2,Laterite
65.3,34.8,59.9,31.4,63.8,6.82,1460.6,Loamy
101.8,56.3,87.7,19.8,88.9,5.66,4051.1,Forest Loam
48.5,40.5,66.8,30.5,82.7,7.77,1798.5,Coastal Alluvial
78.9,64.0,84.7,29.3,79.7,6.88,2747.1,Riverine Alluvial
49.4,11.3,83.2,32.0,82.6,5.16,3523.3,Laterite
79.7,34.0,46.9,29.5,92.8,4.75,2852.1,Brown Hydromorphic
69.7,16.7,75.6,27.4,81.5,5.27,2898.1,Laterite
78.3,54.0,84.3,27.5,68.0,6.41,2008.4,Loamy
58.5,26.7,39.6,33.3,84.0,7.0,1865.8,Coastal Alluvial
166.1,28.7,48.8,26.7,93.8,4.17,3038.0,Peaty
32.7,36.1,52.4,30.3,87.5,7.84,2220.1,Coastal Alluvial
38.4,33.9,72.9,32.3,81.1,8.11,1927.3,Coastal Alluvial
89.9,31.8,77.2,32.6,59.4,6.74,1558.8,Black Cotton
75.9,51.9,96.0,25.6,85.7,6.88,3314.0,Riverine Alluvial
87.4,29.4,43.2,27.6,94.4,5.01,3755.1,Brown Hydromorphic
58.9,46.4,84.4,27.7,73.2,6.29,2801.4,Riverine Alluvial
114.2,43.8,54.0,18.1,83.7,5.83,4004.9,Forest Loam
89.2,46.3,88.4,20.8,85.1,5.81,4008.2,Forest Loam
59.0,27.6,60.4,36.5,83.0,8.1,1935.7,Coastal Alluvial
42.1,22.3,56.1,32.0,46.8,7.09,1095.9,Sandy
58.5,29.3,27.0,31.0,94.9,7.65,2109.3,Coastal Alluvial
88.4,56.3,75.7,23.0,78.8,5.24,3044.8,Forest Loam
106.9,55.3,105.2,23.0,84.7,5.94,3072.3,Forest Loam
102.3,57.5,91.8,29.7,82.5,6.87,3178.7,Riverine Alluvial
53.0,13.9,73.2,25.1,82.0,4.73,2440.7,Laterite
47.9,29.0,60.8,27.4,86.3,7.17,2230.7,Coastal Alluvial
48.3,35.0,66.8,36.0,65.9,7.61,1157.7,Black Cotton
75.7,38.7,69.8,30.6,64.2,5.96,3202.5,Red Loam
89.1,28.9,52.2,23.1,72.5,5.88,2396.9,Red Loam
61.6,38.1,52.4,30.4,83.3,7.7,1906.7,Coastal Alluvial
144.7,18.8,52.9,30.8,86.2,4.0,2693.5,Peaty
69.2,68.0,80.6,33.1,83.3,6.59,3164.5,Riverine Alluvial
44.4,39.3,27.0,32.6,88.8,7.83,2004.5,Coastal Alluvial
33.7,29.7,37.6,32.9,93.4,7.75,2311.4,Coastal Alluvial
35.7,31.6,21.8,33.4,58.6,6.53,1319.5,Sandy
73.4,45.4,60.6,34.9,65.7,7.19,1376.2,Black Cotton
36.2,27.7,69.7,27.8,81.3,7.6,2334.3,Coastal Alluvial
52.4,9.7,83.8,25.2,82.0,5.3,3534.7,Laterite
106.4,63.7,75.0,28.2,85.8,7.09,3533.0,Riverine Alluvial
169.7,21.7,49.0,29.5,94.6,4.56,2972.1,Peaty
127.6,51.6,120.0,21.1,89.3,5.61,3415.4,Forest Loam
51.8,14.9,53.9,24.1,79.2,4.83,3738.9,Laterite
100.2,58.5,127.4,26.2,75.6,6.72,3480.2,Riverine Alluvial
53.0,17.3,71.3,28.5,80.2,5.43,3404.4,Laterite
56.9,13.4,76.5,26.3,84.3,5.45,3734.2,Laterite
67.2,29.7,57.3,33.4,62.7,7.88,1230.6,Black Cotton
56.9,32.2,101.0,30.4,76.1,6.68,3227.3,Red Loam
64.8,24.0,49.5,31.0,80.5,5.94,2791.8,Red Loam
64.1,27.9,115.7,27.4,81.2,6.24,2306.5,Red Loam
58.2,32.0,101.5,26.9,85.4,6.22,2611.7,Red Loam
64.3,46.6,59.6,32.5,73.0,6.94,2702.8,Clayey
102.3,57.7,75.4,29.1,77.9,7.09,3082.1,Riverine Alluvial
71.1,12.1,76.3,28.4,87.1,5.61,3061.4,Laterite
95.5,48.0,95.7,24.7,68.6,7.39,2602.4,Riverine Alluvial
29.0,36.6,61.2,27.8,86.4,7.77,1692.1,Coastal Alluvial
98.6,20.7,85.5,24.7,71.4,6.27,2610.4,Red Loam
99.0,21.7,53.1,30.7,75.5,5.96,1968.1,Red Loam
90.4,26.8,44.1,29.6,97.4,5.11,2787.9,Brown Hydromorphic
122.3,46.9,72.3,19.2,86.7,6.44,3772.5,Forest Loam
102.9,43.7,85.5,28.0,82.0,5.94,2800.3,Riverine Alluvial
107.9,44.4,117.1,20.8,90.9,5.58,3542.5,Forest Loam
72.6,48.7,56.8,29.2,70.3,6.69,1663.9,Loamy
40.8,17.5,71.7,31.0,81.3,4.96,3540.4,Laterite
54.0,22.7,83.5,29.8,77.8,6.17,2985.5,Red Loam
69.3,29.7,78.5,24.5,77.9,5.95,2743.3,Red Loam
69.6,21.1,104.6,28.3,75.6,5.9,2755.6,Red Loam
43.2,8.5,36.0,27.9,72.3,5.43,3160.6,Laterite
90.0,56.4,100.2,20.6,78.5,5.4,3776.7,Forest Loam
49.9,15.0,96.6,33.6,68.2,5.11,3353.1,Laterite
103.8,43.1,60.3,31.4,75.7,7.15,3007.5,Riverine Alluvial
41.4,37.9,62.9,28.6,87.3,7.96,2254.8,Coastal Alluvial
55.3,15.8,106.1,26.2,83.7,4.36,2963.6,Laterite
73.8,47.1,95.9,27.0,88.4,7.32,2774.5,Riverine Alluvial
64.0,17.6,50.3,31.9,81.0,4.71,4111.2,Laterite
70.5,41.5,43.0,26.5,91.0,5.17,3168.3,Brown Hydromorphic
61.7,28.3,31.8,30.6,87.0,7.47,1947.9,Coastal Alluvial
64.0,50.6,57.6,28.5,74.4,8.0,1658.5,Black Cotton
74.8,31.2,65.2,29.4,72.8,5.74,1906.7,Red Loam
82.9,31.8,60.0,28.6,85.1,5.27,3041.7,Brown Hydromorphic
73.8,20.1,88.0,27.6,81.8,4.65,4034.2,Laterite
52.9,5.7,59.8,34.3,91.5,5.97,2856.4,Laterite
83.9,36.5,40.8,27.7,85.7,4.27,2607.0,Brown Hydromorphic
55.5,52.7,115.1,30.6,81.4,6.72,2398.6,Riverine Alluvial
80.8,35.7,58.0,26.8,57.4,7.84,1282.2,Black Cotton
69.3,50.8,112.6,31.4,73.9,7.51,2447.6,Clayey
36.6,27.7,98.3,27.4,76.5,6.18,2466.8,Red Loam
99.7,43.7,75.1,29.5,80.6,6.67,3388.8,Riverine Alluvial
139.0,25.8,47.0,26.3,92.2,4.35,3083.4,Peaty
32.8,28.2,41.8,27.3,48.9,6.87,1086.8,Sandy
75.5,34.1,107.1,31.5,70.4,5.97,2928.0,Red Loam
75.2,38.5,82.2,32.2,83.0,7.08,2370.6,Clayey
30.6,22.1,46.5,30.1,59.1,6.86,1408.8,Sandy
132.3,21.7,57.1,30.0,91.3,4.53,3105.3,Peaty
44.5,21.0,41.4,31.4,50.0,7.45,787.5,Sandy
53.8,43.5,40.9,29.3,82.4,7.75,1780.5,Coastal Alluvial
133.0,50.7,90.1,19.7,87.3,6.14,4555.5,Forest Loam
110.4,45.6,100.7,21.9,86.4,6.16,4153.0,Forest Loam
74.5,30.3,66.9,29.0,78.8,5.98,2876.6,Red Loam
151.6,19.7,46.0,27.9,95.1,4.33,3251.9,Peaty
49.3,33.5,69.2,29.5,86.2,4.93,3213.4,Brown Hydromorphic
84.7,34.1,76.0,28.8,57.2,8.19,1615.2,Black Cotton
64.4,16.4,70.2,30.5,84.9,4.68,3321.0,Laterite
59.6,20.2,86.6,28.0,82.6,4.95,3590.0,Laterite
67.9,31.0,64.3,32.4,89.8,5.31,2989.0,Brown Hydromorphic
103.8,65.6,123.7,18.7,80.3,5.7,3587.7,Forest Loam
33.2,33.5,27.3,30.7,55.1,6.91,1098.6,Sandy
60.0,24.1,54.3,33.4,79.0,6.18,3602.6,Red Loam
133.9,24.1,36.7,25.9,87.0,4.1,2964.9,Peaty
66.4,18.8,93.5,28.7,75.4,6.42,2624.0,Red Loam
75.6,36.9,55.7,31.5,60.2,8.11,1160.6,Black Cotton
85.0,28.4,69.8,31.5,64.8,8.03,1227.5,Black Cotton
57.8,6.2,69.9,29.1,81.5,4.97,2409.6,Laterite
135.6,56.7,99.1,19.1,79.9,5.64,3182.7,Forest Loam
96.0,46.3,61.3,26.7,71.5,7.29,2502.2,Riverine Alluvial
40.5,10.6,46.5,30.7,48.0,6.24,1470.8,Sandy
152.2,23.8,38.9,32.4,94.7,4.19,3102.9,Peaty
74.3,45.5,40.1,29.7,57.0,7.92,1557.6,Black Cotton
74.8,59.5,66.9,31.2,59.8,8.14,1345.8,Black Cotton
57.4,25.7,68.2,30.0,89.3,7.63,2329.9,Coastal Alluvial
68.2,31.3,64.4,29.5,74.4,5.96,3015.9,Red Loam
34.6,9.0,18.0,35.1,52.4,7.15,1553.9,Sandy
140.6,27.2,47.1,31.9,91.4,4.8,3381.1,Peaty
90.2,45.3,79.5,24.8,88.4,7.02,1402.4,Clayey
33.0,25.8,34.3,33.1,56.1,6.98,1223.3,Sandy
99.9,47.5,91.7,25.0,78.0,6.75,3720.0,Riverine Alluvial
44.9,25.5,80.7,33.1,72.5,6.53,3112.3,Red Loam
95.1,39.4,87.9,26.0,71.6,6.58,2877.1,Riverine Alluvial
143.5,24.0,30.6,28.5,91.1,3.58,3224.5,Peaty
31.8,23.3,82.5,29.0,82.5,5.1,3776.1,Laterite
52.1,15.7,83.8,28.6,93.8,5.64,3216.0,Laterite
80.0,37.8,63.0,26.4,94.9,4.53,3421.1,Brown Hydromorphic
50.8,25.6,83.1,33.1,77.5,6.21,3212.0,Red Loam
30.8,18.2,24.8,31.8,54.9,6.57,1215.2,Sandy
61.9,26.8,105.4,29.5,70.3,6.14,2335.7,Red Loam
25.1,35.4,44.9,32.6,86.3,7.96,2170.3,Coastal Alluvial
69.8,23.7,34.6,29.7,85.2,4.74,3197.4,Brown Hydromorphic
45.9,37.5,73.8,32.1,88.6,7.21,1227.0,Coastal Alluvial
45.3,35.7,50.3,28.3,79.3,6.11,2885.6,Red Loam
121.3,61.0,128.1,21.3,86.6,5.96,4098.7,Forest Loam
38.5,11.9,43.2,33.6,52.7,6.64,1565.4,Sandy
66.2,10.7,60.2,28.6,78.0,4.58,3140.8,Laterite
60.2,35.8,94.7,23.1,72.2,6.07,2554.6,Red Loam
86.7,61.3,77.9,25.4,77.5,6.4,3315.5,Riverine Alluvial
66.0,57.1,69.2,33.5,63.2,7.91,1342.3,Black Cotton
55.5,23.5,77.6,24.0,83.4,4.82,3515.5,Laterite
43.7,10.2,66.4,29.6,74.4,5.26,2411.2,Laterite
19.9,22.9,37.5,29.0,53.7,6.95,1262.7,Sandy
47.0,44.3,55.7,27.2,87.3,7.9,2089.1,Coastal Alluvial
70.2,35.0,60.0,35.7,77.8,6.04,3483.4,Red Loam
93.3,48.9,129.1,18.2,89.6,5.51,3322.9,Forest Loam
132.1,21.5,42.8,30.3,92.9,4.4,2966.2,Peaty
72.1,19.0,83.0,29.4,72.2,6.54,2490.6,Red Loam
62.8,39.6,94.3,25.5,78.8,5.36,3001.2,Red Loam
103.0,40.2,61.0,31.7,83.7,6.76,2704.5,Riverine Alluvial
41.2,27.7,76.2,37.6,87.2,7.68,1477.6,Coastal Alluvial
50.3,40.4,62.0,27.1,88.6,4.79,2905.2,Brown Hydromorphic
71.3,33.0,89.6,29.5,77.6,6.25,2428.7,Red Loam
85.7,38.4,92.9,31.4,53.0,7.71,1198.6,Black Cotton
67.6,33.2,79.5,30.8,73.0,5.8,3028.7,Red Loam
24.3,16.2,33.3,28.3,71.4,7.48,1360.2,Sandy
87.7,28.0,51.6,26.6,88.6,3.9,2442.8,Brown Hydromorphic
65.3,31.4,95.8,29.7,76.6,6.12,3110.2,Red Loam
128.2,17.8,44.4,29.6,90.5,4.75,3284.9,Peaty
139.5,23.4,48.9,29.6,94.4,4.76,3049.2,Peaty
86.9,53.6,76.3,27.7,64.6,6.9,1631.6,Loamy
63.7,19.7,55.4,28.6,80.2,5.57,3740.7,Laterite
50.5,25.5,62.6,35.1,88.9,8.39,2652.2,Coastal Alluvial
38.9,20.6,60.5,30.9,84.2,5.18,3858.4,Laterite
54.1,5.7,78.4,31.8,79.8,5.31,2830.4,Laterite
26.7,38.2,57.7,27.8,85.2,7.91,2076.3,Coastal Alluvial
86.4,46.1,58.6,25.6,67.5,7.05,1581.6,Loamy
70.4,53.6,87.8,28.6,77.3,7.25,3252.3,Riverine Alluvial
60.1,47.5,28.2,23.8,79.4,5.0,3211.3,Brown Hydromorphic
103.7,77.0,86.7,27.6,91.6,6.77,3195.7,Riverine Alluvial
81.1,56.6,84.2,25.6,80.4,6.99,2786.8,Riverine Alluvial
108.7,40.9,60.0,27.3,73.2,6.55,2536.0,Riverine Alluvial
49.6,23.4,82.2,30.7,85.8,4.97,2677.1,Laterite
39.3,25.7,57.0,28.3,76.7,4.62,3291.9,Laterite
121.8,60.0,84.8,28.5,78.6,6.67,2955.7,Riverine Alluvial
46.7,18.5,101.5,24.7,78.8,4.79,3055.3,Laterite
45.0,23.6,56.4,32.3,86.1,4.97,3429.9,Brown Hydromorphic
48.1,16.9,71.3,33.2,89.8,5.81,3274.6,Laterite
63.2,57.8,106.4,31.8,80.1,7.55,3061.0,Riverine Alluvial
73.6,42.2,64.0,32.6,53.3,7.66,1530.7,Black Cotton
57.7,27.5,67.4,27.9,84.8,5.86,2544.1,Red Loam
47.0,32.8,41.4,32.5,78.4,8.16,2101.7,Coastal Alluvial
89.0,50.9,103.9,29.4,76.2,7.5,2728.7,Riverine Alluvial
117.0,67.5,75.6,26.5,77.0,6.74,2700.7,Riverine Alluvial
96.5,63.8,66.7,28.7,85.1,6.57,3044.7,Riverine Alluvial
48.4,31.7,81.5,32.8,58.0,8.2,1416.0,Black Cotton
93.6,59.2,93.4,20.9,78.0,6.05,3429.6,Forest Loam
35.0,16.3,54.0,23.6,66.9,5.77,3233.1,Laterite
37.1,35.2,37.7,30.2,85.5,7.2,1895.7,Coastal Alluvial
54.5,13.6,68.1,30.2,77.4,5.0,4172.2,Laterite
31.1,22.2,41.0,31.1,48.1,6.81,1365.1,Sandy
45.8,22.1,102.5,30.2,82.2,5.14,2937.8,Laterite
146.1,27.8,38.5,28.1,92.6,4.4,2553.0,Peaty
69.8,48.3,82.2,23.1,67.0,7.01,2135.9,Loamy
131.1,22.6,45.9,28.1,93.7,4.37,2884.2,Peaty
53.6,14.6,82.9,26.2,88.7,5.54,2990.2,Laterite
36.4,15.7,66.1,28.6,88.3,5.44,3381.9,Laterite
92.3,29.9,65.8,36.8,55.3,8.05,1165.8,Black Cotton
55.6,22.7,85.6,29.9,71.4,6.22,2859.0,Red Loam
61.8,21.3,60.1,28.1,74.0,6.15,2000.2,Red Loam
58.6,16.2,83.8,28.4,73.8,5.52,3289.8,Laterite
62.1,26.2,101.4,27.7,75.7,6.87,2470.7,Red Loam
58.1,14.0,58.4,28.8,85.4,5.21,3462.9,Laterite
54.8,15.4,68.7,29.1,71.3,5.21,3269.7,Laterite
152.2,40.0,53.4,31.5,88.9,4.49,3214.8,Peaty
71.4,52.4,106.3,28.9,77.5,6.48,2500.0,Riverine Alluvial
68.1,30.4,90.9,27.5,81.0,6.47,2802.6,Red Loam
65.3,7.7,87.0,28.7,79.6,5.01,4584.5,Laterite
47.7,42.0,70.6,29.7,69.3,7.25,1581.8,Black Cotton
52.8,27.9,45.5,30.3,85.4,7.88,2094.2,Coastal Alluvial
63.1,13.5,99.0,31.2,77.2,5.94,2323.6,Red Loam
56.2,9.1,74.5,27.5,88.7,5.03,3436.2,Laterite
147.4,17.1,49.7,31.1,89.1,4.1,2213.7,Peaty
74.3,27.4,56.0,30.4,70.0,6.18,3007.5,Red Loam
80.3,38.5,60.4,31.1,92.8,4.86,3756.4,Brown Hydromorphic
55.7,11.0,77.9,32.5,87.2,4.48,3110.1,Laterite
101.9,38.6,111.6,19.9,88.6,5.49,4692.0,Forest Loam
84.6,35.4,52.5,26.3,91.8,5.15,2931.7,Brown Hydromorphic
68.8,14.7,95.4,29.0,79.1,5.07,3350.3,Laterite
44.4,11.2,63.6,27.7,78.7,5.76,2999.8,Laterite
52.1,21.0,57.2,26.6,74.4,5.74,3035.1,Laterite
70.3,38.4,69.5,27.3,87.6,5.36,2795.7,Brown Hydromorphic
106.8,35.6,50.9,28.6,93.7,5.16,2809.6,Brown Hydromorphic
86.7,40.8,43.8,27.2,96.7,4.92,3921.7,Brown Hydromorphic
153.9,48.6,63.6,20.9,87.0,5.07,3397.8,Forest Loam
63.3,35.1,66.8,33.2,57.6,7.52,1481.6,Black Cotton
83.1,59.4,98.9,25.2,88.3,5.32,3337.4,Forest Loam
57.9,31.4,83.2,30.3,89.8,5.96,2849.2,Red Loam
38.2,15.9,101.1,28.7,82.8,5.35,3805.9,Laterite
45.0,47.6,91.5,21.5,60.2,5.97,1984.0,Loamy
71.5,15.5,69.7,28.6,87.0,6.39,2778.7,Red Loam
40.3,23.1,60.0,25.8,81.7,5.24,3571.2,Laterite
106.0,44.5,106.4,24.0,79.9,5.85,3725.4,Forest Loam
29.1,26.6,37.8,34.1,58.4,6.54,1143.8,Sandy
40.6,27.5,77.7,29.5,73.9,6.94,2799.1,Red Loam
54.2,38.5,63.2,27.5,84.6,7.91,2115.9,Coastal Alluvial
57.4,8.6,56.6,31.5,75.9,5.44,2640.8,Laterite
54.0,29.9,48.4,28.8,84.3,7.87,2161.7,Coastal Alluvial
27.6,36.7,44.8,30.7,94.7,7.82,1866.2,Coastal Alluvial
99.0,28.7,75.3,27.8,84.0,6.53,2592.5,Red Loam
52.5,24.5,83.9,26.6,76.7,5.82,3003.6,Red Loam
82.4,45.4,109.9,26.8,80.0,6.61,2745.6,Riverine Alluvial
69.2,12.5,65.1,27.3,81.2,5.42,2420.3,Laterite
47.0,32.1,62.7,32.3,88.7,5.59,3342.0,Brown Hydromorphic
49.9,32.4,36.3,31.7,89.1,7.98,2148.6,Coastal Alluvial
32.0,40.9,66.7,31.7,91.7,7.72,1816.2,Coastal Alluvial
56.3,29.6,50.5,29.6,100.0,4.48,2970.8,Brown Hydromorphic
54.2,23.7,72.4,32.0,72.8,6.1,2577.5,Red Loam
54.4,11.8,87.6,28.6,82.1,4.9,3082.7,Laterite
82.2,25.8,50.8,29.4,89.4,4.31,2681.4,Brown Hydromorphic
77.1,30.9,94.5,30.6,74.7,6.66,2242.0,Red Loam
47.6,21.4,59.2,22.9,76.5,5.69,3040.9,Red Loam
44.0,33.7,111.2,32.1,81.7,5.22,2341.8,Red Loam
56.6,25.2,82.2,28.8,74.4,6.22,2590.7,Red Loam
41.6,33.8,66.6,35.3,85.5,7.85,2309.7,Coastal Alluvial
107.1,48.8,90.3,20.8,84.2,5.71,3414.7,Forest Loam
39.3,28.2,64.2,28.8,86.6,7.98,2452.0,Coastal Alluvial
40.1,21.9,56.4,26.8,81.4,7.68,1837.5,Coastal Alluvial
116.0,42.3,78.1,14.6,86.8,6.02,3328.2,Forest Loam
34.9,31.1,42.8,29.3,62.8,6.73,1468.9,Sandy
81.9,60.4,75.0,28.9,80.6,6.49,3243.0,Riverine Alluvial
69.7,26.2,116.0,30.8,80.7,6.26,2781.8,Red Loam
90.6,52.2,72.8,18.0,71.2,5.51,3661.8,Forest Loam
53.8,9.6,45.5,30.8,84.5,5.31,2756.9,Laterite
47.7,8.1,81.1,27.1,81.9,5.05,3485.4,Laterite
67.2,17.9,93.1,26.5,79.5,6.43,2832.4,Red Loam
94.6,40.5,67.5,33.6,68.7,7.61,1914.4,Black Cotton
118.3,48.0,105.3,15.7,84.2,5.04,3673.3,Forest Loam
53.9,17.6,82.7,27.5,78.8,5.2,4449.8,Laterite
34.9,27.2,52.3,29.1,58.6,6.8,1257.0,Sandy
96.6,31.6,100.4,18.3,80.4,5.17,2888.7,Forest Loam
84.4,45.9,82.9,31.0,77.8,6.82,3003.9,Riverine Alluvial
78.9,60.7,90.8,27.3,89.6,6.47,2844.7,Riverine Alluvial
153.1,32.9,44.2,30.5,90.8,4.39,2638.2,Peaty
71.5,11.1,68.0,28.8,71.1,5.46,3224.2,Laterite
90.0,27.6,49.9,24.7,93.3,3.96,2975.2,Peaty
82.7,40.6,100.5,30.8,85.2,6.75,2773.8,Riverine Alluvial
67.4,22.7,49.0,30.5,85.8,5.57,2665.8,Laterite
99.1,72.3,89.4,28.6,77.2,6.89,2964.1,Riverine Alluvial
91.0,59.1,61.9,28.1,79.9,7.04,2956.9,Riverine Alluvial
70.4,28.2,74.6,34.7,67.8,6.11,2845.6,Red Loam
62.7,46.7,116.0,29.1,85.3,7.3,1725.2,Clayey
140.1,28.5,43.0,33.0,90.3,4.12,3047.3,Peaty
62.6,22.0,82.5,28.8,87.3,4.95,3814.5,Laterite
75.1,41.1,95.0,24.1,73.9,7.12,1775.0,Loamy
48.9,9.4,84.0,27.1,80.7,5.66,3840.3,Laterite
41.9,11.3,79.2,29.3,75.2,5.79,3721.2,Laterite
125.4,62.6,75.7,24.4,89.0,5.33,4299.3,Forest Loam
84.7,37.1,97.4,26.8,81.7,7.46,2982.8,Riverine Alluvial
78.5,41.7,58.4,31.0,71.4,6.91,1526.8,Loamy
113.1,29.3,45.6,30.9,96.0,4.31,2826.7,Peaty
50.1,41.2,106.1,24.9,79.8,6.91,1614.1,Clayey
54.8,44.8,45.7,30.7,80.4,7.41,1678.8,Coastal Alluvial
59.6,50.2,84.9,24.8,61.3,7.29,1929.6,Loamy
59.8,25.9,93.5,29.3,76.3,5.92,2232.5,Red Loam
70.2,45.5,76.6,27.1,81.2,6.69,3189.2,Riverine Alluvial
40.1,24.1,51.1,29.9,66.6,5.9,3012.2,Red Loam
116.3,44.7,76.8,24.8,79.3,5.64,3971.0,Forest Loam
139.4,47.7,107.2,18.6,92.7,6.32,3562.1,Forest Loam
51.3,36.4,86.4,28.3,83.7,6.24,2667.1,Red Loam
58.4,9.8,59.3,29.0,85.8,5.5,3271.9,Laterite
99.8,55.3,72.1,27.7,77.3,6.58,2249.5,Riverine Alluvial
136.6,44.0,34.2,30.5,95.3,4.67,3276.1,Peaty
64.6,48.7,56.3,36.5,62.9,7.89,1450.0,Black Cotton
99.8,67.2,98.3,27.6,78.0,6.92,3080.2,Riverine Alluvial
57.5,25.6,100.5,32.1,63.1,6.17,2166.5,Red Loam
46.6,6.3,81.5,27.1,82.9,5.28,3016.3,Laterite
47.5,26.7,88.0,32.0,88.1,5.07,2809.7,Laterite
101.7,38.0,43.8,28.2,96.0,4.14,2630.9,Peaty
73.2,23.0,82.4,27.5,77.0,5.95,2598.7,Red Loam
158.3,33.7,25.6,30.6,91.0,4.41,2539.3,Peaty
58.8,10.8,57.9,27.3,73.5,5.41,4081.0,Laterite
88.0,41.3,77.5,28.9,72.3,6.85,1805.3,Loamy
34.5,45.1,53.6,30.9,79.0,8.38,2024.1,Coastal Alluvial
134.5,58.4,72.8,19.2,78.5,5.38,3803.3,Forest Loam
95.5,48.1,73.6,30.3,83.4,6.67,3585.8,Riverine Alluvial
75.3,67.0,89.3,27.8,78.6,6.3,3378.8,Riverine Alluvial
32.2,9.3,78.3,26.7,76.0,5.12,3879.9,Laterite
88.8,21.4,50.2,27.4,65.2,5.98,2842.5,Red Loam
72.2,29.6,84.3,29.6,82.1,5.97,2897.8,Red Loam
79.7,29.6,54.1,28.1,75.6,5.8,3139.4,Red Loam
27.0,21.1,83.2,26.3,72.4,5.26,2661.8,Laterite
53.3,27.8,91.0,31.2,79.4,6.04,2521.9,Red Loam
60.0,28.6,83.2,28.4,83.7,5.22,1925.6,Red Loam
36.6,41.9,56.3,31.8,86.5,7.56,2051.9,Coastal Alluvial
57.7,15.7,51.2,33.5,77.1,5.34,3261.2,Laterite
56.9,47.2,58.3,31.2,84.2,7.13,2229.5,Clayey
128.5,53.5,112.5,21.6,82.5,5.98,4106.1,Forest Loam
73.6,11.0,56.9,27.3,78.1,5.41,3223.7,Laterite
56.7,34.0,27.0,34.7,86.0,8.07,2260.4,Coastal Alluvial
45.9,24.7,52.2,30.7,89.0,7.58,2170.8,Coastal Alluvial
46.1,20.6,87.8,35.4,83.4,5.34,3931.6,Laterite
98.2,44.3,91.0,26.6,75.1,6.99,2694.4,Riverine Alluvial
64.2,21.5,77.2,30.8,78.4,5.46,2802.4,Red Loam
69.5,39.6,91.3,32.7,70.9,6.98,2443.3,Red Loam
151.3,20.5,42.2,30.3,96.8,4.75,2687.1,Peaty
119.9,53.2,79.1,20.4,89.7,5.69,3656.7,Forest Loam
50.0,50.2,73.2,28.5,73.1,6.93,1770.0,Loamy
65.1,21.8,68.3,32.0,79.8,4.88,4471.1,Laterite
26.7,36.3,60.8,30.4,96.9,7.65,1603.1,Coastal Alluvial
136.2,44.7,85.2,21.3,80.1,6.04,4107.2,Forest Loam
70.7,41.6,70.3,28.4,67.9,8.03,1440.9,Black Cotton
73.6,36.0,57.7,33.9,68.1,8.63,1240.1,Black Cotton
63.0,43.7,58.4,27.4,92.1,4.86,3089.2,Brown Hydromorphic
118.8,33.9,33.5,28.2,86.9,4.47,2949.7,Peaty
59.8,35.2,40.4,23.8,83.5,4.84,3137.2,Brown Hydromorphic
56.8,36.3,60.8,31.7,88.9,7.44,2344.6,Coastal Alluvial
83.7,35.7,104.8,32.7,71.3,5.89,3290.9,Red Loam
57.3,50.7,106.0,25.8,81.9,7.81,1665.3,Clayey
75.7,15.0,66.1,27.8,78.3,4.79,3513.0,Laterite
57.5,39.9,46.2,35.3,83.2,7.28,1799.0,Coastal Alluvial
129.6,58.9,95.9,20.0,91.3,5.65,3536.8,Forest Loam
54.2,22.3,71.8,29.7,69.8,4.78,3614.9,Laterite
63.7,28.0,69.5,29.4,63.0,8.5,1341.5,Black Cotton
68.1,34.0,58.7,30.4,87.5,4.84,3866.6,Brown Hydromorphic
82.8,32.6,83.2,31.0,84.9,7.09,2877.2,Riverine Alluvial
140.7,28.2,30.3,30.4,89.8,3.63,3030.4,Peaty
57.6,19.8,54.6,27.6,87.2,4.95,3321.8,Laterite
44.7,35.9,63.2,30.6,94.3,8.35,2045.5,Coastal Alluvial
69.0,16.4,98.7,27.1,74.8,4.94,3576.0,Laterite
77.1,35.8,52.3,31.1,72.0,7.74,1697.1,Black Cotton
46.3,12.1,60.9,27.6,76.7,5.2,4054.9,Laterite
124.4,33.6,35.2,33.2,97.6,3.79,2759.7,Peaty
54.2,44.6,58.0,29.6,91.8,4.42,3671.1,Brown Hydromorphic
36.6,17.9,32.7,27.2,52.4,6.71,988.2,Sandy
55.6,6.6,56.9,28.5,77.3,5.65,3553.5,Laterite
71.7,24.0,79.5,31.9,70.7,6.51,3286.2,Red Loam
106.2,51.5,104.2,22.9,82.9,6.58,3795.2,Forest Loam
83.8,45.4,53.1,31.7,94.4,4.71,2546.1,Brown Hydromorphic
102.5,54.0,79.0,28.6,86.2,6.91,1940.2,Clayey
66.9,48.5,63.3,26.4,86.2,4.64,2610.5,Brown Hydromorphic
57.9,23.3,68.6,25.2,81.3,5.23,4334.2,Laterite
43.0,28.3,73.6,29.7,81.7,6.43,2992.8,Red Loam
100.6,69.0,93.4,29.0,73.6,7.02,2963.7,Riverine Alluvial
60.7,26.0,55.6,27.4,90.2,4.51,2841.1,Brown Hydromorphic
77.2,6.6,63.8,26.9,87.9,5.49,3143.1,Laterite
60.4,16.3,65.2,29.2,87.9,5.73,3437.9,Laterite
45.0,36.5,65.2,30.2,88.6,4.26,2687.0,Brown Hydromorphic
36.6,38.4,56.9,26.1,84.8,7.34,2361.9,Coastal Alluvial
59.6,10.4,69.7,30.2,81.6,5.35,3395.7,Laterite
74.3,48.3,59.5,28.0,70.1,6.07,1803.6,Loamy
64.6,35.1,75.6,31.8,74.8,5.82,3386.1,Red Loam
95.6,49.1,96.3,16.2,86.0,5.15,3528.4,Forest Loam
66.4,18.6,43.0,32.0,79.6,5.33,3750.9,Laterite
75.1,37.9,76.0,35.2,78.8,6.21,2352.7,Red Loam
59.8,4.5,42.4,25.4,93.8,5.65,3545.9,Laterite
72.8,36.1,81.0,32.1,66.0,5.83,2409.2,Red Loam
105.5,63.3,105.6,27.7,76.7,7.21,2780.8,Riverine Alluvial
51.4,39.1,66.0,28.6,89.4,4.89,2680.2,Brown Hydromorphic
70.1,25.0,66.5,31.1,68.1,5.82,2931.4,Red Loam
41.7,46.2,62.5,26.3,88.0,7.43,2155.4,Coastal Alluvial
40.6,21.2,39.9,31.4,64.5,6.62,890.8,Sandy
43.9,4.5,51.4,33.3,79.8,4.69,4058.2,Laterite
81.7,20.2,39.2,31.0,83.6,4.56,2599.3,Brown Hydromorphic
78.1,38.7,65.2,31.8,62.5,7.44,1642.4,Black Cotton
59.8,36.9,57.0,25.5,94.2,4.9,3020.2,Brown Hydromorphic
122.3,42.6,93.4,23.1,79.1,5.46,3811.6,Forest Loam
78.8,45.0,80.6,28.3,74.0,8.28,3204.7,Clayey
80.1,34.3,76.0,29.1,80.4,6.44,2962.3,Red Loam
100.2,42.6,66.0,38.4,59.5,8.01,1123.8,Black Cotton
160.3,17.4,24.2,26.2,87.6,4.75,3289.2,Peaty
63.5,45.2,75.6,25.6,67.3,7.0,2171.5,Clayey
98.2,40.2,57.2,27.4,97.6,5.06,3469.8,Brown Hydromorphic
65.7,42.0,78.7,28.1,52.2,7.59,1623.2,Black Cotton
27.0,12.3,78.1,25.3,70.5,5.31,3285.5,Laterite
18.0,19.9,47.3,39.2,51.9,6.85,1533.1,Sandy
45.2,32.7,41.7,28.8,64.2,6.86,1001.7,Sandy
161.4,22.9,43.4,29.3,97.1,4.13,3035.5,Peaty
94.5,31.0,46.9,32.9,84.4,5.25,2965.3,Brown Hydromorphic
67.4,28.5,68.8,32.9,80.1,6.05,2544.8,Red Loam
71.7,29.8,56.4,29.7,83.8,6.28,2240.8,Red Loam
96.1,27.7,106.2,23.0,85.3,5.42,3014.9,Forest Loam
117.9,38.5,109.0,19.0,78.9,5.67,4480.3,Forest Loam
50.2,26.2,82.8,32.7,71.4,6.23,1530.0,Red Loam
145.1,23.4,37.7,28.9,96.2,4.39,2481.2,Peaty
127.4,21.7,41.8,32.3,96.1,4.56,3140.8,Peaty
44.8,40.3,76.1,35.9,64.1,7.37,1531.2,Black Cotton
75.0,27.5,64.2,29.9,78.7,5.32,3392.1,Laterite
35.3,30.8,50.7,31.7,85.0,7.76,2087.9,Coastal Alluvial
57.6,13.2,66.9,28.1,73.8,5.21,4026.6,Laterite
70.4,21.9,85.2,29.1,82.7,6.53,2151.7,Red Loam
45.5,15.6,70.8,31.6,83.5,4.59,2816.1,Laterite
73.9,12.7,50.6,31.1,86.9,5.11,3022.0,Laterite
63.2,31.4,69.8,29.7,66.2,7.61,1452.1,Black Cotton
57.4,30.9,83.1,28.9,79.5,6.41,2783.1,Red Loam
77.7,64.9,110.9,26.1,87.4,6.93,2404.3,Clayey
47.7,29.4,92.6,32.3,88.0,5.76,2335.1,Red Loam
96.3,43.1,87.1,21.3,81.2,5.23,3802.8,Forest Loam
149.5,25.7,51.9,32.8,94.0,4.89,3243.1,Peaty
104.8,41.9,119.1,21.9,76.1,5.69,3861.6,Forest Loam
99.0,42.8,116.7,28.8,80.5,6.88,2869.8,Riverine Alluvial
75.2,5.1,86.3,25.2,85.9,5.18,3087.8,Laterite
71.9,37.7,49.4,28.7,90.6,4.26,2890.3,Brown Hydromorphic
148.2,27.2,48.6,28.9,91.3,4.81,3065.7,Peaty
88.5,53.6,91.8,27.0,81.2,7.21,2779.0,Clayey
74.9,18.3,71.0,23.4,80.3,5.4,3605.5,Laterite
62.2,30.4,92.9,26.5,73.6,5.79,2649.9,Red Loam
81.3,43.1,98.8,35.5,73.1,7.11,2625.4,Clayey
55.2,11.9,66.4,31.7,75.1,4.99,3036.7,Laterite
35.9,24.8,33.5,33.0,40.6,6.66,1490.9,Sandy
44.3,5.1,82.4,29.1,77.8,5.46,3461.1,Laterite
104.8,31.9,29.5,30.5,93.6,4.37,2756.6,Peaty
67.4,51.0,119.0,28.3,75.5,6.43,3124.0,Riverine Alluvial
88.0,10.5,68.0,27.7,81.6,5.22,2297.1,Laterite
124.0,44.2,81.7,18.1,86.2,5.43,4190.7,Forest Loam
97.7,51.6,91.5,32.0,59.0,8.21,1568.5,Black Cotton
100.6,47.8,108.8,28.8,80.0,6.93,3476.2,Riverine Alluvial
88.1,32.9,63.3,30.8,57.0,7.56,1003.6,Black Cotton
92.2,56.5,109.2,28.0,82.3,6.33,2510.7,Riverine Alluvial
49.8,52.6,102.7,27.4,68.7,7.06,2199.9,Clayey
55.7,10.3,85.2,26.6,78.0,5.11,4118.8,Laterite
50.0,45.2,39.1,30.1,85.6,4.54,3447.4,Brown Hydromorphic
29.2,19.6,70.0,26.4,75.9,6.2,3266.8,Laterite
34.3,33.4,40.2,33.1,53.5,7.23,1576.7,Sandy
96.2,25.2,45.9,28.2,89.6,4.08,2804.2,Peaty
36.0,29.4,72.7,29.8,89.8,5.97,3081.4,Red Loam
88.3,43.1,119.0,17.9,92.2,5.72,3544.2,Forest Loam
59.7,49.3,74.7,32.3,71.7,7.71,1337.5,Black Cotton
106.5,44.0,31.5,27.7,91.2,4.39,3349.8,Peaty
73.3,35.2,47.1,29.5,78.8,5.0,3174.3,Brown Hydromorphic
103.1,51.9,79.4,18.7,83.4,5.43,3742.1,Forest Loam
82.8,54.8,90.1,27.7,85.7,7.48,3055.7,Riverine Alluvial
54.4,17.6,50.2,28.9,76.0,4.89,2819.4,Laterite
99.2,47.4,90.7,25.6,75.0,6.81,3048.7,Riverine Alluvial
148.2,28.0,51.1,25.4,94.3,4.82,2784.2,Peaty
101.9,51.9,83.9,22.6,79.5,5.65,4172.9,Forest Loam
67.7,18.0,67.0,29.0,80.1,4.87,3646.4,Laterite
54.7,30.4,72.7,27.5,83.5,7.47,2168.2,Coastal Alluvial
61.1,22.7,73.9,29.0,73.0,5.55,3869.6,Laterite
91.0,39.6,47.5,31.1,91.7,4.46,3166.6,Brown Hydromorphic
64.7,38.8,99.1,27.1,70.3,6.75,1623.8,Loamy
73.9,12.4,72.0,29.0,75.0,4.86,4481.6,Laterite
74.9,20.1,65.5,29.6,85.0,5.51,3329.7,Laterite
104.7,50.4,90.3,27.5,89.1,6.54,3021.9,Riverine Alluvial
66.2,44.7,69.2,30.7,77.4,6.1,1403.5,Loamy
107.6,15.3,51.9,30.4,96.4,4.02,3528.9,Peaty
36.7,26.1,80.2,30.6,80.1,7.47,1501.5,Coastal Alluvial
29.9,31.4,56.8,29.6,80.4,7.98,1603.8,Coastal Alluvial
69.8,36.4,69.0,30.1,78.6,5.05,3069.6,Brown Hydromorphic
89.2,24.5,56.4,31.0,90.7,4.2,3538.6,Brown Hydromorphic
108.2,51.2,79.9,32.2,83.5,6.64,2493.8,Riverine Alluvial
67.6,11.2,75.6,30.5,88.7,5.45,3330.0,Laterite
58.9,8.7,77.2,28.9,86.5,5.52,2316.8,Laterite
49.6,7.5,44.7,31.5,83.9,5.53,3151.3,Laterite
62.3,19.2,65.2,28.1,75.5,5.02,3575.7,Laterite
64.8,31.0,64.8,36.4,65.1,7.93,1530.3,Black Cotton
83.4,29.4,66.5,30.3,72.3,5.81,3290.6,Red Loam
48.8,17.2,67.1,25.9,84.2,4.97,3347.3,Laterite
69.6,25.8,92.5,30.0,66.9,6.57,2503.3,Red Loam
27.5,12.0,49.7,27.3,81.2,5.52,3188.4,Laterite
32.9,25.3,41.0,31.3,69.1,6.74,1148.2,Sandy
92.6,66.2,59.1,26.9,77.7,6.5,2773.1,Riverine Alluvial
100.9,39.0,56.6,31.8,93.0,4.6,3611.6,Brown Hydromorphic
44.5,33.7,73.1,29.4,83.3,8.16,2042.4,Coastal Alluvial
149.4,39.1,40.5,30.2,91.6,3.82,3548.9,Peaty
74.0,40.5,95.8,25.5,73.8,6.9,2904.9,Clayey
65.1,16.9,66.2,31.2,85.7,6.63,2410.0,Red Loam
83.0,28.5,74.7,33.7,79.8,5.94,2787.8,Red Loam
109.6,16.6,41.9,28.7,93.7,4.51,2642.4,Peaty
64.0,40.4,31.6,28.3,79.1,4.99,3645.2,Brown Hydromorphic
67.3,12.4,65.1,30.7,79.7,4.81,2809.0,Laterite
58.3,27.2,97.6,31.9,89.8,6.45,2442.7,Red Loam
55.0,37.8,61.9,28.6,89.2,5.08,3084.8,Brown Hydromorphic
69.1,11.5,84.2,27.5,78.2,4.9,4110.6,Laterite
124.5,57.1,86.9,22.2,86.5,6.07,3502.1,Forest Loam
35.2,20.1,110.0,26.4,84.5,5.23,3204.9,Laterite
95.9,38.6,68.6,30.9,69.4,7.42,1143.7,Black Cotton
72.8,29.3,88.9,30.3,80.9,6.29,2467.9,Red Loam
54.2,23.0,60.5,32.7,83.5,5.51,2594.7,Laterite
67.4,41.5,97.6,30.9,55.0,7.3,1496.0,Black Cotton
49.3,17.6,63.1,28.3,80.4,5.22,3890.5,Laterite
117.8,72.7,95.6,28.7,84.3,6.89,3358.8,Riverine Alluvial
128.1,22.8,31.6,34.2,90.2,4.61,3051.3,Peaty
86.5,49.1,62.3,37.2,60.6,8.08,1418.3,Black Cotton
134.4,20.5,55.4,32.3,92.6,4.61,3127.5,Peaty
44.3,11.9,96.3,31.7,80.8,5.41,3561.9,Laterite
99.0,42.5,86.7,19.6,85.7,6.78,3615.2,Forest Loam
34.5,33.3,60.9,28.7,90.5,8.25,1863.9,Coastal Alluvial
42.7,39.2,61.7,30.1,88.1,7.65,2458.9,Coastal Alluvial
64.5,7.4,65.5,26.6,76.5,4.64,3054.0,Laterite
122.4,53.9,89.6,19.3,84.0,6.14,3450.9,Forest Loam
49.7,46.0,51.5,31.5,61.4,7.28,1562.7,Black Cotton
76.6,33.1,45.4,29.2,94.3,4.84,3152.2,Brown Hydromorphic
94.1,48.3,103.5,28.1,73.8,7.08,1953.9,Loamy
60.4,37.8,73.2,24.7,90.4,4.72,2821.0,Brown Hydromorphic
95.5,38.9,50.3,31.6,94.2,4.36,2952.8,Peaty
66.6,46.4,60.8,28.1,93.9,4.54,3227.0,Brown Hydromorphic
66.4,29.6,68.3,35.4,77.8,6.26,2038.6,Red Loam
74.4,40.7,54.0,32.2,90.1,4.4,3213.4,Brown Hydromorphic
102.5,47.1,94.2,27.2,72.3,6.69,2953.4,Riverine Alluvial
34.8,23.6,73.2,24.5,73.4,6.02,3691.2,Laterite
85.0,38.9,45.8,31.6,89.0,4.93,2762.4,Brown Hydromorphic
61.6,24.8,77.4,27.1,73.3,5.88,1672.5,Red Loam
72.7,38.2,83.4,30.7,71.3,7.06,2705.7,Clayey
29.7,27.2,41.7,29.0,60.9,6.84,1063.8,Sandy
78.4,11.2,80.5,28.4,78.6,6.08,3843.1,Laterite
100.6,60.4,75.1,33.1,80.0,6.46,3038.6,Riverine Alluvial
94.0,51.8,69.4,26.3,80.9,6.86,2960.2,Riverine Alluvial
77.1,29.8,51.9,31.5,90.4,4.51,3896.8,Brown Hydromorphic
73.5,20.1,96.0,29.4,74.0,5.51,2346.4,Red Loam
68.8,31.3,47.6,30.7,84.6,4.67,3462.5,Brown Hydromorphic
49.5,15.9,78.0,29.3,86.2,5.73,3054.2,Laterite
94.9,46.7,109.8,28.9,64.2,6.51,1670.2,Loamy
82.2,47.6,76.3,29.5,64.3,7.05,2323.4,Clayey
77.0,25.4,86.8,30.3,72.4,5.63,2698.7,Red Loam
50.0,21.5,87.3,32.7,81.0,5.28,3433.1,Laterite
39.7,25.4,27.7,26.9,51.8,7.19,861.0,Sandy
26.6,38.4,45.5,27.1,81.5,7.77,2301.4,Coastal Alluvial
77.9,20.8,93.3,25.4,69.4,5.83,2235.8,Red Loam
74.7,41.6,60.4,30.6,83.0,5.03,2848.7,Brown Hydromorphic
55.8,28.2,86.6,26.8,83.1,6.03,2850.4,Red Loam
68.7,42.6,57.8,26.6,88.3,4.32,2735.0,Brown Hydromorphic
70.7,26.1,50.9,27.1,90.4,4.58,2891.7,Brown Hydromorphic
92.8,37.4,89.7,27.7,84.2,7.04,2946.3,Riverine Alluvial
88.1,53.7,89.6,27.6,69.9,6.88,3065.2,Riverine Alluvial
50.3,31.3,79.3,27.1,80.3,6.39,2033.6,Red Loam
64.2,44.3,72.2,21.1,85.9,7.58,2231.9,Clayey
68.3,37.3,60.4,28.5,84.0,5.86,2661.4,Red Loam
88.9,58.6,86.5,22.6,92.2,6.13,3629.1,Forest Loam
91.5,45.5,88.1,29.0,75.8,6.69,2991.1,Riverine Alluvial
74.8,57.8,99.2,23.1,83.0,6.97,3114.3,Riverine Alluvial
83.4,27.2,54.1,26.9,97.3,4.56,3122.8,Brown Hydromorphic
89.2,45.6,51.2,30.1,90.6,4.62,3045.2,Brown Hydromorphic
83.8,23.3,54.4,22.8,82.1,6.53,3025.3,Red Loam
56.1,22.2,83.6,26.1,76.0,5.91,2295.6,Red Loam
42.5,13.2,40.5,32.4,84.8,5.23,3493.3,Laterite
61.4,43.1,56.7,29.9,87.6,4.99,2730.9,Brown Hydromorphic
85.0,32.7,63.4,26.5,80.3,5.99,2644.6,Red Loam
58.5,38.8,72.1,34.5,61.1,7.54,816.0,Black Cotton
73.3,57.6,83.0,29.3,73.9,6.24,2739.4,Riverine Alluvial
74.9,28.3,87.2,27.2,77.3,5.78,2939.5,Red Loam
51.5,7.4,50.8,30.3,79.1,4.68,3212.6,Laterite
79.2,39.0,78.9,22.3,79.1,7.35,2149.8,Clayey
58.2,41.6,47.5,26.9,89.5,7.05,2511.9,Coastal Alluvial
44.1,34.5,42.8,29.4,82.1,7.49,1943.9,Coastal Alluvial
80.7,27.3,47.9,28.7,70.3,6.03,2338.3,Red Loam
57.4,38.5,72.2,31.8,82.3,4.48,2743.4,Brown Hydromorphic
75.9,35.7,76.2,25.0,85.7,4.37,3265.1,Brown Hydromorphic
110.8,52.7,91.8,25.1,84.6,7.08,2609.1,Riverine Alluvial
68.9,10.1,64.0,30.9,82.5,4.95,3783.8,Laterite
101.3,57.4,73.8,26.9,80.9,7.22,2740.7,Riverine Alluvial
53.9,14.8,71.0,27.9,72.8,5.26,3444.3,Laterite
62.5,40.0,78.0,25.9,71.6,6.24,2472.2,Red Loam
119.9,43.4,108.2,20.0,78.1,5.08,3764.2,Forest Loam
56.1,15.1,81.1,29.9,77.8,6.06,2829.5,Laterite
40.4,22.2,68.4,27.9,78.0,5.59,3504.4,Laterite
111.6,45.0,84.7,23.9,87.0,5.73,4542.6,Forest Loam
76.6,46.6,74.2,26.2,81.3,7.04,2986.4,Riverine Alluvial
100.3,52.6,83.3,28.0,81.5,7.69,1103.4,Clayey
68.1,19.8,38.4,30.8,87.0,4.96,3383.6,Laterite
124.1,55.3,113.7,20.0,96.9,5.39,3574.3,Forest Loam
53.0,29.7,55.4,29.6,93.0,7.09,2426.1,Coastal Alluvial
133.1,22.3,25.3,29.1,88.4,3.99,2996.4,Peaty
53.7,24.8,54.7,33.9,80.1,7.19,2292.4,Coastal Alluvial
87.7,58.4,111.8,17.9,82.5,5.61,3921.7,Forest Loam
75.2,48.6,64.7,27.7,72.9,6.54,2026.1,Loamy
48.7,20.1,96.7,25.6,78.4,5.9,2474.2,Red Loam
50.0,30.0,89.3,28.0,76.6,5.87,2212.5,Red Loam
96.3,50.5,51.9,28.9,64.1,6.79,1768.6,Loamy
69.9,24.6,72.2,30.7,81.7,5.95,2839.7,Red Loam
104.2,50.5,57.0,27.8,79.8,6.59,2491.7,Riverine Alluvial
45.0,37.9,65.5,27.8,90.3,4.26,3063.6,Brown Hydromorphic
130.9,31.5,82.6,21.0,84.1,6.13,3789.6,Forest Loam
86.0,46.2,55.8,29.5,87.3,4.54,3859.8,Brown Hydromorphic
82.1,34.3,95.1,27.6,70.0,6.58,1881.6,Loamy
54.1,15.3,78.8,29.3,81.3,5.28,3375.7,Laterite
59.8,12.4,66.0,29.5,81.7,5.81,3170.9,Laterite
83.6,9.9,74.9,28.3,75.6,5.43,3979.3,Laterite
103.7,49.1,112.5,21.8,76.5,5.84,3574.3,Forest Loam
90.8,54.4,73.3,26.6,84.6,7.03,2269.2,Riverine Alluvial
69.5,47.6,100.9,29.3,80.7,7.53,2152.5,Clayey
73.3,37.8,57.9,34.3,55.5,7.56,1726.5,Black Cotton
95.7,38.6,45.6,25.6,90.4,5.4,2672.4,Brown Hydromorphic
91.5,46.0,79.9,26.8,77.6,6.61,3216.0,Riverine Alluvial
47.9,55.0,45.0,33.9,91.6,7.53,2164.1,Coastal Alluvial
105.3,42.2,77.5,18.7,94.7,6.02,5388.3,Forest Loam
50.4,38.8,70.1,25.2,87.2,7.82,1932.2,Coastal Alluvial
61.6,23.7,85.4,33.2,72.7,6.45,2374.4,Red Loam
42.5,24.1,20.2,32.8,49.5,6.28,1158.3,Sandy
100.3,47.4,90.6,26.9,81.5,6.97,3504.9,Riverine Alluvial
46.3,37.0,48.4,29.4,96.9,7.31,2082.1,Coastal Alluvial
85.9,28.3,56.3,32.0,91.4,4.56,3230.4,Brown Hydromorphic
91.0,32.0,43.8,30.6,85.2,4.52,3486.3,Brown Hydromorphic
61.6,21.5,41.2,30.3,86.5,8.21,2278.9,Coastal Alluvial
58.9,26.4,64.4,31.0,89.7,4.77,2629.1,Brown Hydromorphic
65.9,49.6,66.4,33.1,76.9,6.52,1725.5,Loamy
36.7,19.9,38.0,32.0,49.3,6.25,1388.7,Sandy
180.8,25.1,35.1,27.0,91.6,3.79,3295.3,Peaty
57.0,40.1,55.2,32.5,96.9,8.0,2380.1,Coastal Alluvial
85.6,53.1,99.0,31.1,78.1,6.66,3210.1,Riverine Alluvial
46.4,40.7,79.2,34.8,82.0,7.49,1949.1,Coastal Alluvial
54.3,26.9,72.9,31.4,82.5,6.8,2584.8,Red Loam
50.5,55.8,74.7,25.2,78.2,7.5,2179.4,Clayey
70.0,18.7,84.0,29.4,73.5,5.55,2834.8,Red Loam
54.9,34.7,89.2,26.0,74.6,5.82,2986.4,Red Loam
95.4,41.5,59.5,28.8,80.7,7.12,3118.8,Riverine Alluvial
56.0,20.9,45.0,27.3,76.7,6.06,2172.2,Red Loam
80.7,36.9,67.6,25.9,69.9,7.48,1361.3,Black Cotton
88.8,40.4,42.6,29.9,95.0,4.34,3334.1,Brown Hydromorphic
110.4,40.7,73.0,18.6,86.3,6.13,3387.8,Forest Loam
49.5,50.2,65.0,28.3,72.7,6.81,1896.9,Loamy
76.7,58.1,95.2,17.1,81.6,5.38,3500.2,Forest Loam
46.6,34.4,45.5,30.6,80.5,7.56,1892.1,Coastal Alluvial
79.9,27.5,85.9,29.8,90.7,5.26,2661.4,Laterite
42.0,18.4,56.6,33.3,79.6,7.31,2113.5,Coastal Alluvial
110.1,57.4,117.8,17.6,86.9,5.47,3992.3,Forest Loam
123.5,32.7,48.2,28.4,93.1,3.87,3094.4,Peaty
48.0,8.7,69.8,32.7,74.4,5.63,3530.9,Laterite
58.4,23.9,50.1,29.8,78.1,8.27,1956.7,Coastal Alluvial
103.0,60.4,96.4,34.0,88.6,6.39,2884.5,Riverine Alluvial
70.8,14.6,83.2,27.6,82.5,5.2,2984.1,Laterite
37.9,12.4,84.7,28.4,84.3,5.3,2946.6,Laterite
124.6,25.8,45.8,27.5,94.5,4.31,2822.8,Peaty
84.5,56.0,106.6,26.2,75.6,7.22,2312.7,Riverine Alluvial
74.1,53.1,55.7,30.0,77.8,7.1,3149.2,Riverine Alluvial
71.0,22.6,73.7,33.3,78.9,5.33,3280.2,Laterite
67.8,34.6,69.1,27.9,88.2,5.83,2539.8,Red Loam
47.7,24.0,75.3,28.5,71.3,5.03,3464.0,Laterite
132.0,36.5,40.8,30.5,89.5,4.38,2634.3,Peaty
38.1,8.0,81.7,27.3,77.6,4.75,3484.7,Laterite
162.5,25.8,32.1,31.3,87.7,4.04,3612.5,Peaty
51.6,9.9,81.0,28.6,82.1,5.56,3452.9,Laterite
66.7,38.9,35.1,31.5,90.0,5.12,2776.5,Brown Hydromorphic
44.8,27.3,40.4,31.4,82.9,7.95,2102.9,Coastal Alluvial
66.1,57.7,41.9,30.0,55.5,7.33,1058.7,Black Cotton
84.5,34.6,72.6,31.0,66.5,6.9,1209.9,Black Cotton
60.6,33.8,88.2,29.8,76.0,6.46,3017.5,Red Loam
43.3,18.7,39.6,30.0,63.5,6.11,978.6,Sandy
71.1,14.6,63.7,28.9,85.1,5.99,2749.1,Red Loam
78.6,60.5,98.7,26.2,69.1,6.68,3098.3,Riverine Alluvial
62.7,30.6,64.7,35.1,57.4,7.11,1648.4,Black Cotton
51.1,15.8,62.6,25.5,77.1,5.03,3055.0,Laterite
56.0,38.3,61.6,29.5,78.4,8.2,2079.7,Coastal Alluvial
45.1,34.8,46.8,30.0,89.1,7.05,2170.0,Coastal Alluvial
77.5,53.7,90.3,27.5,81.2,6.94,2711.8,Riverine Alluvial
74.6,37.7,48.3,28.2,89.7,4.57,3026.5,Brown Hydromorphic
95.7,49.2,71.2,28.9,70.3,6.4,1598.9,Loamy
73.7,14.5,50.1,26.7,78.8,4.94,3274.1,Laterite
38.9,23.0,37.0,31.0,43.0,6.32,1123.3,Sandy
76.7,52.2,113.3,29.3,67.3,7.43,1925.8,Clayey
58.0,15.2,56.5,27.7,83.6,5.63,3556.3,Laterite
31.1,5.7,77.4,28.4,84.8,5.7,3343.8,Laterite
140.4,48.5,91.3,18.3,95.1,6.06,4047.9,Forest Loam
79.4,45.1,82.8,28.0,81.1,6.67,2488.7,Riverine Alluvial
46.4,16.6,92.1,29.2,77.8,5.43,3865.1,Laterite
73.1,42.8,69.2,24.4,74.9,6.69,1585.6,Loamy
103.4,47.1,103.5,20.5,84.8,5.23,3902.3,Forest Loam
77.8,32.4,80.4,28.0,75.1,6.29,1836.1,Loamy
57.8,14.2,69.1,35.4,74.9,5.97,2653.7,Red Loam
121.4,35.9,66.0,27.5,96.6,4.64,2987.2,Peaty
52.8,25.5,70.5,32.9,70.7,5.99,2924.3,Red Loam
94.4,27.3,77.9,33.6,76.3,6.17,2204.4,Red Loam
56.8,48.5,46.4,32.9,88.6,7.57,1454.4,Coastal Alluvial
68.7,27.9,66.1,30.6,71.3,5.93,2869.6,Red Loam
48.3,11.6,74.1,30.2,74.4,5.38,3908.3,Laterite
105.2,45.4,98.5,22.6,96.3,5.62,3681.4,Forest Loam
40.7,34.8,64.2,28.6,71.8,6.37,2490.3,Red Loam
128.2,30.6,37.5,25.6,89.8,3.69,2782.4,Peaty
41.8,18.6,39.4,31.7,58.5,7.39,759.6,Sandy
31.9,15.8,43.3,29.6,78.3,5.01,3691.3,Laterite
61.4,10.8,93.2,31.1,83.3,5.24,3604.7,Laterite
54.9,6.7,65.3,26.1,77.4,4.93,3905.4,Laterite
174.9,22.3,46.9,27.4,88.5,4.1,3187.5,Peaty
58.9,29.4,115.8,31.5,81.6,6.31,2797.5,Red Loam
47.9,42.6,65.5,30.9,82.3,7.2,2653.3,Coastal Alluvial
65.2,47.3,58.3,26.0,62.5,7.76,1567.0,Black Cotton
74.4,18.6,60.1,32.0,81.7,5.82,3057.1,Laterite
165.1,28.5,29.7,25.5,91.2,4.35,2873.1,Peaty
103.5,47.0,94.1,19.4,83.5,6.4,4644.8,Forest Loam
33.6,24.2,39.8,31.5,57.9,7.72,995.3,Sandy
64.4,30.4,103.9,30.3,79.3,5.93,2570.6,Red Loam
55.1,25.7,63.8,30.5,53.7,7.09,1239.9,Black Cotton
94.5,74.8,65.3,27.6,73.9,6.67,3022.2,Riverine Alluvial
94.6,65.0,87.3,30.3,79.5,6.94,2455.8,Riverine Alluvial
62.8,20.7,80.0,30.7,84.6,6.3,3090.2,Red Loam
46.3,37.5,63.0,28.3,86.6,7.6,1860.3,Coastal Alluvial
120.0,27.0,128.0,23.0,86.5,5.18,3355.8,Forest Loam
121.7,25.3,56.1,31.6,91.4,4.25,2494.0,Peaty
102.5,65.9,63.0,28.4,81.0,6.44,2640.7,Riverine Alluvial
97.8,35.9,53.8,31.4,95.2,5.29,3263.7,Brown Hydromorphic
42.0,27.7,52.5,28.6,83.2,7.71,1971.0,Coastal Alluvial
93.5,37.4,120.5,23.0,79.6,6.22,3676.0,Forest Loam
134.9,39.7,78.7,23.7,89.6,5.68,3484.5,Forest Loam
74.2,56.7,90.5,28.5,85.9,6.2,3590.2,Riverine Alluvial
92.3,29.0,22.5,31.6,93.6,4.21,3087.6,Peaty
51.5,49.2,50.6,35.0,78.2,7.62,1753.2,Coastal Alluvial
55.9,15.8,46.7,30.8,80.2,5.14,3474.6,Laterite
127.4,37.3,101.6,19.6,80.2,5.47,4080.0,Forest Loam
135.0,18.2,40.8,32.1,92.0,4.03,3067.1,Peaty
56.0,38.9,91.3,31.8,56.0,7.88,1373.4,Black Cotton
100.6,40.1,77.0,25.5,79.5,7.6,1940.6,Clayey
37.9,13.5,36.5,27.6,44.7,6.61,1045.4,Sandy
64.0,42.4,53.1,33.7,93.8,4.59,3471.5,Brown Hydromorphic
99.9,56.4,106.2,27.0,79.6,7.03,2628.8,Riverine Alluvial
142.8,23.9,50.9,28.8,92.3,4.48,3315.2,Peaty
58.1,35.8,27.0,33.1,79.6,4.87,2988.9,Brown Hydromorphic
67.0,29.4,61.2,30.6,98.8,4.76,3441.8,Brown Hydromorphic
72.1,52.4,115.7,23.5,78.5,5.76,4111.1,Forest Loam
30.2,15.0,29.4,33.4,50.6,6.08,951.9,Sandy
76.8,38.7,106.2,26.5,83.2,7.09,2466.7,Riverine Alluvial
72.7,48.4,44.5,31.4,91.0,4.5,2713.6,Brown Hydromorphic
79.8,36.8,96.6,34.1,63.7,8.1,1362.6,Black Cotton
86.5,30.7,78.5,30.4,76.0,6.12,2071.7,Red Loam
82.2,25.3,70.5,27.1,68.6,6.07,2490.3,Red Loam
83.4,32.3,64.8,29.5,91.8,4.55,2938.0,Brown Hydromorphic
50.9,29.6,58.5,24.7,85.2,6.06,2595.8,Red Loam
136.2,29.7,40.7,28.6,97.1,4.71,2950.9,Peaty
147.8,41.4,36.0,32.4,92.0,4.02,2886.3,Peaty
62.4,9.7,90.7,27.3,82.1,5.35,3568.6,Laterite
47.0,13.5,69.5,31.3,76.5,6.38,2565.9,Red Loam
85.1,49.8,74.5,18.4,88.2,6.01,4060.1,Forest Loam
129.8,27.0,96.9,19.6,86.9,5.31,4180.1,Forest Loam
52.9,28.8,28.5,30.3,91.2,5.08,3711.2,Brown Hydromorphic
141.9,48.2,130.9,18.9,90.6,6.48,3544.5,Forest Loam
52.2,19.6,52.0,27.7,77.1,7.62,2184.8,Coastal Alluvial
104.5,34.1,101.1,19.6,86.6,5.5,2550.0,Forest Loam
63.1,37.2,35.6,32.2,83.0,7.93,2200.8,Coastal Alluvial
44.3,18.2,37.9,29.2,62.0,6.48,820.7,Sandy
49.6,50.1,67.0,32.0,61.3,6.49,2108.2,Loamy
68.0,7.5,58.7,25.8,85.5,4.98,2894.3,Laterite
52.6,54.3,101.6,32.9,75.4,7.38,1614.1,Clayey
79.8,39.9,99.0,31.0,60.3,7.84,1228.6,Black Cotton
61.8,19.4,48.5,27.0,80.1,5.08,3846.2,Laterite
66.3,21.3,62.0,28.4,74.5,5.49,3533.0,Laterite
21.7,29.9,27.0,30.8,43.2,7.17,1229.1,Sandy
41.8,16.7,44.1,32.0,82.4,5.03,3162.2,Laterite
66.1,32.4,88.9,30.9,86.7,5.85,2566.9,Red Loam
62.1,17.3,82.3,29.4,77.9,5.04,2913.9,Laterite
124.7,53.3,121.2,24.0,83.1,6.13,3390.8,Forest Loam
124.5,41.5,63.4,24.2,80.6,6.12,4768.7,Forest Loam
87.5,62.2,96.2,30.7,82.0,7.23,3135.0,Riverine Alluvial
58.1,21.1,78.0,30.0,81.7,5.02,3047.1,Laterite
41.0,32.8,80.5,33.2,85.3,7.81,1928.8,Coastal Alluvial
53.9,15.6,94.7,32.6,79.9,6.02,2927.2,Red Loam
31.8,13.7,72.7,32.7,81.7,5.35,2990.0,Laterite
143.5,26.2,49.9,29.5,99.2,4.08,2587.6,Peaty
67.5,65.1,65.0,24.9,77.2,6.92,2416.2,Riverine Alluvial
58.4,8.5,36.0,31.1,81.1,5.48,3698.8,Laterite
52.1,52.5,83.1,29.7,54.3,7.8,1033.7,Black Cotton
66.8,26.4,102.6,35.2,78.6,6.05,2173.5,Red Loam
66.5,45.6,91.2,28.9,77.4,6.67,2983.9,Riverine Alluvial
69.1,29.0,87.2,31.8,85.6,5.91,2333.3,Red Loam
30.4,26.1,32.9,24.1,46.3,6.82,1066.1,Sandy
76.2,57.8,89.2,27.3,83.2,7.15,3278.2,Riverine Alluvial
28.5,32.4,57.6,29.1,83.2,7.67,2004.8,Coastal Alluvial
27.0,9.7,59.3,28.7,81.7,5.31,3504.2,Laterite
49.4,26.9,57.5,31.1,75.0,5.96,3145.1,Red Loam
135.1,27.6,38.3,30.8,97.6,4.67,3047.9,Peaty
72.3,37.1,60.3,29.5,52.9,7.67,1311.9,Black Cotton
95.7,76.0,74.0,30.5,76.9,6.8,3308.2,Riverine Alluvial
99.1,47.8,69.3,33.3,93.2,4.61,2720.6,Brown Hydromorphic
88.4,28.3,50.6,31.3,92.7,5.15,3216.9,Brown Hydromorphic
56.1,36.0,53.3,28.8,56.0,8.4,1324.9,Black Cotton
49.7,27.9,52.7,31.0,86.4,7.63,1958.1,Coastal Alluvial
81.4,27.5,77.3,31.8,87.4,6.2,2650.6,Red Loam
91.9,65.4,96.8,24.8,81.4,7.42,2823.8,Riverine Alluvial
138.9,48.6,117.3,22.9,90.8,5.56,3824.2,Forest Loam
100.3,61.3,108.3,26.0,81.2,6.66,2839.8,Riverine Alluvial
68.0,30.9,68.0,31.0,70.8,6.02,2531.6,Red Loam
148.0,36.8,87.6,21.8,78.7,5.62,3833.6,Forest Loam
45.2,23.3,71.2,30.1,89.7,5.37,4021.7,Laterite
49.6,40.2,56.9,29.6,74.8,7.93,2045.0,Coastal Alluvial
75.8,54.0,81.6,32.3,87.0,6.88,2984.9,Riverine Alluvial
37.9,25.4,87.8,28.4,74.4,5.04,3480.9,Laterite
45.8,42.6,60.9,29.3,89.9,7.04,1745.9,Coastal Alluvial
93.9,43.9,101.5,22.0,76.3,5.77,3985.7,Forest Loam
97.9,61.0,84.4,30.6,88.3,6.92,2574.0,Riverine Alluvial
77.5,53.4,66.2,28.5,65.1,6.91,1934.0,Loamy
48.9,32.3,47.8,30.9,89.6,7.46,2566.8,Coastal Alluvial
87.5,42.8,67.0,29.6,76.3,4.45,2560.9,Brown Hydromorphic
79.8,34.8,76.8,28.0,83.5,5.98,3174.5,Red Loam
81.0,46.3,57.1,33.9,59.0,7.33,1250.4,Black Cotton
60.3,21.0,54.3,30.3,91.6,5.01,3539.4,Laterite
96.1,62.8,103.8,28.3,78.7,6.9,3421.6,Riverine Alluvial
56.4,17.6,79.9,28.1,76.8,5.42,2995.1,Laterite
117.2,35.2,66.0,28.2,90.4,4.56,3716.1,Peaty
96.3,50.7,100.2,28.7,84.7,7.44,2683.0,Riverine Alluvial
59.9,28.3,64.1,31.2,80.0,5.83,2509.0,Red Loam
67.7,45.7,66.8,35.9,66.1,7.86,1168.5,Black Cotton
71.9,25.1,83.1,29.8,81.0,5.96,2294.8,Red Loam
84.6,26.5,49.0,30.5,89.1,4.8,2801.9,Brown Hydromorphic
42.3,35.2,69.6,34.3,82.8,8.21,2205.3,Coastal Alluvial
79.5,49.6,89.5,27.2,74.4,6.82,2748.5,Riverine Alluvial
40.0,42.2,54.6,30.8,81.0,7.71,1721.1,Coastal Alluvial
43.0,36.0,43.0,30.7,88.1,7.32,1602.5,Coastal Alluvial
57.2,32.5,49.1,25.9,88.2,7.87,2295.5,Coastal Alluvial
36.2,25.6,43.9,28.4,91.7,6.77,2471.9,Coastal Alluvial
45.9,17.5,77.9,27.0,81.9,4.79,3493.6,Laterite
60.4,33.0,47.3,32.0,89.4,5.37,2914.0,Brown Hydromorphic
126.7,23.5,40.2,33.2,98.4,4.3,2866.7,Peaty
64.0,24.7,75.0,33.4,71.4,6.2,2419.0,Red Loam
101.2,33.5,107.6,27.8,84.8,7.28,2648.6,Riverine Alluvial
96.5,31.4,94.2,21.4,87.0,5.8,3467.6,Forest Loam
119.1,45.5,88.7,18.1,82.7,6.32,4718.0,Forest Loam
122.8,50.3,103.4,22.0,78.6,5.86,3724.1,Forest Loam
129.1,44.1,83.6,20.6,88.5,5.61,4367.6,Forest Loam
71.1,20.4,52.3,26.7,86.9,4.37,3114.9,Brown Hydromorphic
86.1,38.7,104.5,26.0,74.4,8.4,2859.1,Clayey
70.4,33.4,48.2,30.7,90.7,4.91,2856.7,Brown Hydromorphic
121.7,59.7,96.9,25.9,80.9,6.85,2630.1,Riverine Alluvial
53.1,22.2,81.8,30.8,74.8,5.27,3141.3,Laterite
79.9,36.9,79.3,32.5,71.8,6.68,1902.7,Loamy
94.6,52.6,55.6,30.1,83.9,7.25,3598.0,Riverine Alluvial
58.5,40.7,89.1,29.4,73.6,6.13,2745.5,Red Loam
105.7,43.6,81.7,27.9,90.2,7.63,3060.5,Riverine Alluvial
65.2,29.3,79.4,27.7,62.7,8.02,1145.3,Black Cotton
48.6,17.2,78.3,32.7,79.6,5.33,3249.7,Laterite
35.0,23.3,32.5,34.9,53.3,6.72,1345.4,Sandy
36.7,44.3,74.8,34.5,91.0,8.39,2067.1,Coastal Alluvial
71.4,34.6,121.0,31.7,83.3,6.13,3008.8,Red Loam
27.4,33.2,31.4,31.5,81.8,8.55,2210.2,Coastal Alluvial
122.3,42.0,73.2,27.7,73.2,6.15,2423.8,Riverine Alluvial
117.7,44.3,92.6,28.1,79.8,7.13,3016.8,Riverine Alluvial
38.4,34.7,59.2,30.7,92.1,7.54,1888.9,Coastal Alluvial
85.4,60.7,78.3,29.5,72.7,6.63,3004.2,Riverine Alluvial
72.2,40.1,77.9,36.1,56.0,7.53,1394.4,Black Cotton
125.1,53.2,84.5,33.3,77.6,6.88,2436.8,Riverine Alluvial
43.3,20.1,43.6,32.0,69.2,6.27,1035.0,Sandy
86.6,31.4,50.6,32.0,87.7,5.03,3469.7,Brown Hydromorphic
98.1,56.8,74.1,17.8,86.0,6.23,4360.0,Forest Loam
65.2,16.3,79.2,27.4,77.4,4.85,2735.8,Laterite
105.5,37.3,85.6,29.8,83.6,6.94,2640.7,Riverine Alluvial
79.2,28.0,64.7,30.9,90.8,4.6,2699.6,Brown Hydromorphic
58.3,40.8,65.0,31.5,86.8,4.57,3400.3,Brown Hydromorphic
82.2,51.4,124.8,30.6,75.6,6.81,3028.8,Clayey
42.9,15.8,67.0,28.6,85.7,5.1,3391.6,Laterite
60.1,56.6,51.3,34.9,56.2,7.93,1736.4,Black Cotton
108.6,57.2,82.6,25.9,76.0,6.63,2824.8,Riverine Alluvial
79.1,30.5,49.1,29.4,84.4,4.58,3314.9,Brown Hydromorphic
64.4,23.3,73.7,27.1,69.7,5.76,2922.1,Red Loam
45.7,9.3,74.9,26.9,77.0,5.9,2955.4,Laterite
40.4,8.9,67.3,29.1,82.6,5.2,2864.8,Laterite
147.7,28.6,36.5,31.7,93.8,3.63,2782.7,Peaty
51.7,17.6,37.7,32.7,81.4,5.56,3524.8,Laterite
76.8,43.1,62.8,39.9,60.1,7.8,1375.0,Black Cotton
131.6,28.6,48.5,29.1,90.8,3.86,2674.1,Peaty
44.9,34.1,47.9,30.3,90.3,8.12,1787.9,Coastal Alluvial
59.1,19.4,72.5,26.4,72.9,5.47,3436.6,Laterite
64.3,22.2,72.5,29.6,86.8,5.99,2695.9,Laterite
95.4,61.1,86.2,29.7,87.7,6.67,2725.0,Riverine Alluvial
95.2,53.2,86.0,30.9,78.0,6.85,2755.9,Riverine Alluvial
58.8,26.5,74.3,28.6,76.4,6.11,2838.1,Red Loam
45.2,16.8,66.2,32.4,78.0,4.99,4041.3,Laterite
69.0,33.4,93.6,26.9,89.2,6.04,2768.3,Red Loam
62.5,18.6,70.8,31.4,77.5,5.09,2960.1,Laterite
42.2,25.8,43.5,33.5,40.4,6.93,1302.0,Sandy
53.4,17.3,80.3,31.6,89.7,5.26,3613.8,Laterite
58.0,18.2,82.0,25.7,70.5,6.4,2531.6,Red Loam
83.8,54.1,69.0,26.9,79.7,7.03,3488.3,Riverine Alluvial
109.9,53.1,112.9,18.6,77.5,5.02,3105.3,Forest Loam
102.2,55.8,94.5,28.8,78.9,7.16,2141.1,Riverine Alluvial
118.9,30.0,52.6,31.9,89.5,4.33,2948.6,Peaty
71.7,39.7,57.2,29.1,80.5,4.67,3501.0,Brown Hydromorphic
88.8,37.9,107.7,20.6,90.3,5.23,3633.4,Forest Loam
111.2,45.7,102.2,17.6,89.8,5.61,3672.1,Forest Loam
53.0,27.2,71.5,30.6,81.8,7.5,2515.8,Coastal Alluvial
98.9,60.8,102.2,27.9,72.0,6.98,3263.5,Riverine Alluvial
42.3,9.8,105.2,28.5,79.8,5.21,3243.4,Laterite
31.9,23.2,43.2,35.3,61.3,6.86,1087.3,Sandy
71.2,38.0,42.7,31.4,86.9,7.59,2497.2,Coastal Alluvial
64.4,37.2,82.3,35.0,64.4,6.93,1457.6,Black Cotton
39.5,18.4,44.3,27.5,78.2,4.78,2357.0,Laterite
127.0,29.5,53.5,31.4,95.1,3.78,3157.7,Peaty
117.4,33.5,79.5,20.6,87.6,5.82,4085.1,Forest Loam
44.7,7.9,76.1,30.8,78.6,5.4,4095.2,Laterite
46.4,14.6,75.4,35.7,84.4,5.24,3455.0,Laterite
51.3,15.8,79.5,28.9,92.3,5.03,3984.2,Laterite
50.1,21.8,83.6,31.9,72.9,5.76,2245.1,Red Loam
86.0,48.5,95.4,14.2,89.6,5.33,3518.2,Forest Loam
57.8,33.8,58.6,30.7,79.2,8.43,2232.3,Coastal Alluvial
50.3,29.6,113.1,29.6,79.6,5.81,3101.8,Red Loam
80.0,20.2,67.6,28.2,93.7,4.94,2802.0,Brown Hydromorphic
128.8,56.4,81.1,25.6,83.0,5.54,3842.3,Forest Loam
143.7,60.9,56.6,19.8,90.2,5.8,4103.9,Forest Loam
85.2,36.9,72.6,25.2,63.2,6.7,2024.7,Loamy
50.2,14.9,87.1,29.4,77.5,5.45,3049.5,Laterite
40.8,52.4,49.0,33.6,87.9,6.89,2515.5,Coastal Alluvial
103.0,32.8,66.8,20.2,87.0,6.05,3893.9,Forest Loam
133.8,58.1,86.4,18.3,86.1,6.14,3344.6,Forest Loam
82.1,51.5,96.2,28.8,82.6,7.23,1551.8,Clayey
64.2,14.3,90.4,34.6,76.7,5.36,2872.1,Laterite
92.6,40.2,59.0,28.4,66.1,6.3,1919.1,Loamy
78.6,46.2,88.4,19.5,79.8,5.63,4873.7,Forest Loam
84.8,45.2,101.1,29.8,81.9,6.63,2936.8,Riverine Alluvial
86.6,52.0,79.2,28.0,80.8,6.54,3088.9,Riverine Alluvial
166.1,24.8,57.0,30.7,91.7,3.89,2772.2,Peaty
63.8,40.7,84.2,25.0,75.1,6.88,1733.1,Clayey
115.1,63.1,103.5,24.2,91.6,5.59,3942.9,Forest Loam
103.0,37.7,96.0,19.7,77.1,5.72,2904.0,Forest Loam
26.5,38.2,59.9,32.3,84.3,7.77,1796.1,Coastal Alluvial
90.6,42.3,92.9,31.8,69.4,6.55,2836.3,Riverine Alluvial
67.3,42.6,38.8,28.7,96.5,4.27,2777.0,Brown Hydromorphic
76.3,30.1,58.3,26.9,83.2,4.51,2771.5,Brown Hydromorphic
62.6,43.5,37.9,31.8,90.1,4.79,3574.1,Brown Hydromorphic
55.9,13.3,67.6,28.5,74.7,5.05,3574.8,Laterite
90.0,28.8,85.7,25.0,66.5,5.94,2994.0,Red Loam
43.4,4.5,39.4,27.3,76.8,4.86,3927.9,Laterite
82.4,58.8,80.9,28.1,78.7,7.05,2050.3,Clayey
131.6,54.3,66.0,18.4,82.6,6.22,3549.0,Forest Loam
44.8,38.5,55.4,27.6,79.9,7.72,1306.3,Coastal Alluvial
124.1,28.3,50.9,27.1,88.8,3.78,2938.4,Peaty
68.9,14.8,50.5,23.8,81.1,4.65,3088.2,Laterite
51.5,22.7,62.5,27.4,85.4,5.87,3546.7,Laterite
81.0,47.7,74.3,24.8,90.4,6.5,2370.4,Riverine Alluvial
90.8,43.7,94.6,25.7,86.5,6.9,2558.3,Riverine Alluvial
64.9,35.7,81.1,31.8,73.6,5.97,2226.7,Red Loam
89.3,50.1,84.5,30.8,84.6,7.43,2885.3,Riverine Alluvial
64.6,17.1,61.6,32.0,71.3,4.83,3467.4,Laterite
40.1,31.3,60.0,32.8,86.2,7.48,2509.3,Coastal Alluvial
59.0,55.4,49.5,27.3,67.6,7.43,2383.9,Riverine Alluvial
55.4,11.4,65.3,29.5,72.3,5.85,4032.6,Laterite
70.3,67.2,128.1,27.1,78.5,6.53,2859.9,Riverine Alluvial
70.6,29.7,32.4,25.8,89.9,4.66,2911.9,Brown Hydromorphic
36.0,32.2,95.6,32.1,81.3,6.56,2753.3,Red Loam
109.8,59.6,73.5,28.2,91.8,6.47,2862.1,Riverine Alluvial
148.8,27.0,96.6,17.3,88.1,5.79,3323.8,Forest Loam
63.1,32.9,52.4,26.9,77.0,5.24,2417.2,Red Loam
128.8,33.9,41.9,30.3,91.7,4.21,3475.5,Peaty
63.5,17.2,64.6,30.9,85.1,5.05,3817.8,Laterite
67.7,13.9,78.7,26.5,82.1,5.4,3578.9,Laterite
38.8,21.8,52.1,36.5,46.6,7.11,1009.9,Sandy
57.3,10.1,58.4,28.3,72.0,5.56,3805.7,Laterite
83.3,57.8,82.0,27.8,81.8,7.6,1702.0,Clayey
39.7,41.2,37.4,31.7,80.8,7.25,1630.9,Coastal Alluvial
85.9,23.3,56.2,28.1,81.0,5.72,2284.2,Red Loam
157.9,29.8,39.3,30.2,96.4,4.48,3250.7,Peaty
84.1,34.3,61.7,30.9,68.8,7.69,1532.9,Black Cotton
62.2,14.3,72.7,30.3,80.8,5.54,2675.1,Laterite
50.4,12.3,84.0,35.1,90.1,6.1,3342.2,Laterite
65.5,25.3,85.2,28.0,78.3,6.02,2779.7,Red Loam
52.5,21.1,64.3,27.5,76.7,5.41,3577.0,Laterite
67.3,50.9,76.4,29.5,79.0,6.56,3343.1,Riverine Alluvial
50.3,41.2,101.5,35.8,80.2,6.49,3522.7,Red Loam
120.5,25.8,34.3,32.1,97.2,4.2,3148.2,Peaty
61.4,31.3,95.0,31.6,76.0,5.91,2101.5,Red Loam
65.6,20.4,93.1,32.4,81.0,6.21,2490.3,Red Loam
58.4,9.5,53.3,29.8,87.2,5.53,3649.0,Laterite
60.0,39.8,30.5,28.4,82.7,7.67,2406.0,Coastal Alluvial
112.0,33.6,60.7,32.4,93.4,4.09,3037.8,Peaty
129.2,25.8,44.5,27.2,92.1,4.18,2399.9,Peaty
83.1,34.4,80.9,21.4,67.1,6.77,1893.2,Loamy
81.7,30.0,48.4,30.8,73.3,6.39,1832.6,Red Loam
62.2,32.2,57.5,29.0,65.5,5.66,2462.0,Red Loam
139.4,32.9,113.9,23.3,80.7,5.48,4651.3,Forest Loam
81.6,47.9,87.9,22.9,74.0,7.12,2714.5,Clayey
73.4,23.2,74.3,26.6,84.2,5.27,3438.5,Laterite
70.2,34.4,82.8,26.1,83.1,6.06,3026.2,Red Loam
37.9,40.8,46.6,28.7,80.7,7.27,1569.5,Coastal Alluvial
89.2,59.1,88.4,28.0,77.9,6.89,3285.9,Riverine Alluvial
83.3,59.3,98.9,28.5,73.5,7.15,2654.6,Riverine Alluvial
31.5,35.1,64.6,30.3,79.2,7.66,1562.3,Coastal Alluvial
66.5,27.1,51.7,32.4,76.9,6.4,2862.3,Red Loam
92.5,47.0,85.1,27.1,73.2,5.85,2048.1,Loamy
46.1,26.8,52.0,32.4,78.8,6.06,2028.0,Red Loam
58.8,12.2,78.8,30.0,85.7,5.54,3112.1,Laterite
136.9,22.4,53.7,31.9,90.1,4.37,3310.2,Peaty
42.6,44.3,40.6,30.8,80.0,7.59,2191.7,Coastal Alluvial
78.7,46.9,107.0,29.4,71.6,7.06,3443.5,Riverine Alluvial
91.5,55.4,78.5,25.8,85.2,7.79,2604.8,Riverine Alluvial
40.2,35.8,39.0,32.4,91.4,7.57,2104.0,Coastal Alluvial
101.0,45.8,76.4,22.0,94.8,5.25,3501.4,Forest Loam
60.3,41.8,67.1,28.7,83.4,8.29,2211.6,Coastal Alluvial
48.8,20.8,47.0,29.9,83.8,5.46,3694.3,Laterite
71.1,42.4,100.4,27.8,75.8,6.88,3170.5,Riverine Alluvial
72.4,18.3,88.0,28.1,83.0,5.29,3737.1,Laterite
34.3,25.0,44.0,34.0,67.1,6.86,1283.4,Sandy
49.7,48.9,82.4,31.1,88.6,7.93,2099.3,Coastal Alluvial
110.0,53.8,77.7,22.1,79.3,6.68,1556.9,Loamy
107.3,72.6,105.3,30.5,82.5,6.8,3132.2,Riverine Alluvial
48.7,19.0,72.7,27.7,75.8,4.84,3942.6,Laterite
125.2,59.5,94.7,17.2,86.4,5.9,4470.1,Forest Loam
52.0,12.4,90.6,26.6,85.5,5.1,3477.6,Laterite
163.2,38.4,40.3,30.5,89.0,4.49,2833.4,Peaty
56.2,31.5,97.9,25.1,81.2,6.91,2850.7,Red Loam
32.1,37.2,63.6,33.7,79.3,7.34,2127.5,Coastal Alluvial
44.6,45.6,67.6,31.7,84.1,8.46,1330.0,Coastal Alluvial
54.2,25.6,89.4,28.6,74.4,6.02,3044.0,Red Loam
38.8,39.4,35.4,35.2,83.8,7.26,1978.9,Coastal Alluvial
92.4,41.3,99.8,23.2,87.8,6.82,3641.5,Riverine Alluvial
70.9,47.5,63.5,30.5,75.1,6.41,1859.4,Loamy
49.8,24.3,63.7,28.5,78.7,5.04,2773.4,Laterite
39.7,31.3,61.2,32.0,93.1,7.88,2091.5,Coastal Alluvial
90.2,34.3,67.5,30.6,82.3,4.97,2840.2,Brown Hydromorphic
71.9,34.0,55.9,37.4,61.3,7.96,1359.6,Black Cotton
90.8,50.3,76.4,25.1,72.3,6.47,2039.2,Loamy
112.8,45.0,89.5,28.0,76.7,7.01,2687.4,Riverine Alluvial
87.2,35.3,83.9,25.3,81.6,6.62,2767.4,Riverine Alluvial
93.3,41.1,101.3,27.0,71.2,6.68,2516.1,Riverine Alluvial
62.2,36.7,99.8,28.2,83.1,6.42,2511.1,Red Loam
61.8,22.6,77.5,28.8,69.8,5.6,3726.3,Laterite
94.2,25.9,63.4,28.3,91.3,5.16,3275.4,Brown Hydromorphic
79.1,27.0,91.8,29.6,85.5,7.0,1942.8,Clayey
67.9,27.5,73.2,33.3,76.9,8.21,1804.0,Coastal Alluvial
73.5,29.4,66.9,27.9,85.3,4.94,3153.6,Brown Hydromorphic
69.4,35.8,77.8,24.3,78.2,7.11,3014.9,Clayey
101.4,45.4,71.1,27.0,78.7,6.65,3131.6,Riverine Alluvial
76.1,37.3,36.8,32.2,83.4,4.75,2941.4,Brown Hydromorphic
113.0,42.8,91.9,29.9,80.8,7.47,3439.4,Riverine Alluvial
114.2,29.7,107.2,21.5,76.1,5.72,4688.7,Forest Loam
74.6,28.7,96.0,33.8,75.3,6.08,2841.1,Red Loam
59.7,10.1,73.8,30.7,78.4,4.99,4234.3,Laterite
46.5,32.4,46.5,33.3,82.5,7.3,1983.0,Coastal Alluvial
37.1,16.0,52.2,28.1,82.4,5.07,4004.3,Laterite
82.7,27.0,86.9,28.3,76.9,6.17,3135.8,Red Loam
79.0,33.0,41.0,28.9,91.9,4.91,3787.1,Brown Hydromorphic
36.5,30.5,43.4,32.3,66.1,6.51,1088.1,Sandy
86.4,53.5,118.8,21.1,92.6,5.7,3613.3,Forest Loam
83.5,38.2,54.0,28.7,94.2,4.91,3749.0,Brown Hydromorphic
75.7,48.1,73.0,32.3,51.0,7.32,1221.9,Black Cotton
101.5,44.6,107.2,16.0,89.5,5.59,3941.7,Forest Loam
60.6,29.9,81.1,29.5,83.6,6.28,2716.7,Red Loam
49.1,19.6,73.0,30.1,82.5,6.33,2569.3,Red Loam
44.4,38.4,47.0,27.0,81.3,7.17,1988.9,Coastal Alluvial
51.7,31.6,44.2,30.0,78.0,8.17,2002.6,Coastal Alluvial
113.9,53.3,87.1,16.2,92.1,5.65,3700.4,Forest Loam
61.5,9.2,36.0,31.3,73.9,5.44,2509.0,Laterite
71.9,40.4,90.8,28.4,79.4,6.89,2633.4,Riverine Alluvial
56.1,11.1,80.3,35.7,89.0,5.63,3715.4,Laterite
49.2,13.8,71.1,31.1,81.9,5.64,3108.5,Laterite
76.9,27.4,56.2,27.7,88.5,5.54,2925.7,Brown Hydromorphic
72.2,13.7,79.5,33.0,85.0,5.41,3189.5,Laterite
112.3,49.7,85.7,21.5,80.4,5.55,3883.9,Forest Loam
104.2,30.3,97.3,18.7,83.2,5.3,3349.3,Forest Loam
53.8,19.6,56.3,26.3,70.3,5.29,3143.4,Laterite
60.3,11.6,76.3,28.9,81.8,5.28,2797.8,Laterite
36.4,17.4,40.7,32.9,54.7,6.98,1380.3,Sandy
145.3,26.1,37.9,25.1,93.7,4.21,3428.0,Peaty
49.5,37.9,97.7,35.6,82.1,6.38,2295.3,Red Loam
68.2,11.8,80.2,30.2,75.4,4.73,3116.6,Laterite
76.9,43.5,79.2,23.9,84.1,7.67,2608.7,Riverine Alluvial
45.2,33.7,70.2,26.6,76.3,6.53,1968.2,Red Loam
48.0,37.6,63.3,30.7,69.6,7.65,964.4,Black Cotton
31.2,19.2,83.3,27.9,75.2,5.09,3216.6,Laterite
52.7,27.3,85.5,31.6,75.7,6.58,3276.3,Red Loam
62.2,17.1,53.2,30.2,82.9,5.59,2040.0,Laterite
46.2,32.0,43.4,32.6,91.3,7.39,1650.9,Coastal Alluvial
104.5,39.4,87.5,29.6,75.0,6.55,2318.0,Riverine Alluvial
75.9,43.6,48.4,30.3,91.9,4.71,2906.3,Brown Hydromorphic
25.9,54.5,84.1,32.3,94.0,7.87,2059.6,Coastal Alluvial
90.6,23.6,86.0,34.6,89.8,6.21,2634.3,Red Loam
77.9,26.8,47.4,31.0,67.7,8.18,1141.8,Black Cotton
63.2,41.7,77.1,27.6,78.7,7.39,2171.0,Clayey
98.0,19.0,37.2,31.0,89.6,4.55,2966.4,Peaty
99.4,67.4,70.5,29.2,80.5,6.23,2385.1,Riverine Alluvial
109.7,56.4,89.5,19.5,72.3,5.56,4497.2,Forest Loam
57.1,27.6,64.5,29.8,89.0,8.11,2315.7,Coastal Alluvial
59.1,27.5,106.6,27.2,74.1,6.38,2221.2,Red Loam
68.2,36.2,50.4,27.7,90.2,5.1,2603.1,Brown Hydromorphic
119.2,31.5,28.9,28.2,93.9,4.87,2924.4,Peaty
32.3,15.7,46.6,34.5,63.2,7.51,950.5,Sandy
61.0,29.6,63.6,31.3,85.7,4.35,3161.6,Brown Hydromorphic
79.1,53.5,58.9,31.7,72.0,7.36,2737.8,Clayey
79.9,39.6,58.0,28.6,96.3,4.64,3412.1,Brown Hydromorphic
42.7,13.7,47.7,29.2,73.4,5.35,3111.4,Laterite
93.0,45.2,94.4,22.9,86.4,5.84,3931.5,Forest Loam
72.6,30.0,62.9,29.3,80.0,5.92,1530.0,Red Loam
150.8,60.7,105.6,19.3,82.2,6.37,3639.8,Forest Loam
79.2,61.1,104.8,26.9,76.1,6.81,2494.2,Clayey
52.2,19.9,66.5,25.1,80.8,5.3,3383.1,Laterite
96.4,35.9,78.6,21.4,87.0,5.37,3807.5,Forest Loam
53.1,16.7,77.0,28.3,76.9,5.74,3038.7,Laterite
70.1,28.9,54.0,30.9,87.1,5.79,2194.2,Red Loam
93.8,59.4,77.5,24.3,86.7,4.95,4103.3,Forest Loam
75.8,52.8,76.0,27.3,60.7,6.18,1772.0,Loamy
62.2,40.7,58.6,26.8,58.6,8.16,1283.3,Black Cotton
61.2,40.3,91.1,31.8,78.2,6.72,1919.7,Clayey
104.6,30.2,102.4,17.0,90.6,5.61,3606.1,Forest Loam
55.1,14.8,67.8,23.3,82.8,5.46,2977.6,Laterite
90.0,19.6,43.8,28.1,94.1,4.49,3140.3,Peaty
46.9,36.1,62.3,31.3,77.2,8.28,2240.3,Coastal Alluvial
143.4,39.2,96.2,20.1,76.1,5.83,3798.2,Forest Loam
112.5,59.4,108.2,23.9,91.2,5.57,3640.3,Forest Loam
90.2,46.9,102.3,15.5,86.6,6.23,4374.2,Forest Loam
107.9,50.8,79.7,16.3,88.4,6.49,3323.3,Forest Loam
55.8,47.6,59.0,29.9,91.6,4.78,3264.2,Brown Hydromorphic
44.0,15.0,69.7,26.4,85.2,5.27,4021.4,Laterite
51.3,21.7,69.3,28.1,89.1,5.56,2216.4,Laterite
66.6,49.8,90.5,27.4,78.7,7.39,2447.7,Riverine Alluvial
42.9,26.5,67.2,33.6,89.8,6.53,2732.4,Red Loam
97.8,56.8,103.1,28.4,80.6,7.32,1068.4,Clayey
58.6,27.5,91.8,24.9,67.3,6.2,1834.4,Red Loam
35.6,29.0,30.0,35.5,51.3,6.19,1159.7,Sandy
88.0,21.6,49.6,28.6,87.5,5.29,3443.9,Laterite
51.4,24.8,78.9,32.3,74.1,6.58,2824.4,Red Loam
79.1,55.8,89.6,28.9,75.2,7.81,1622.4,Clayey
86.1,23.0,78.6,32.4,70.3,6.12,2997.2,Red Loam
147.2,27.7,45.8,27.5,86.0,3.82,3033.7,Peaty
98.0,53.0,95.4,30.3,74.2,6.83,3396.1,Riverine Alluvial
92.8,49.6,92.8,29.8,73.4,6.43,2035.4,Loamy
86.3,24.8,58.0,33.4,86.8,5.02,3171.4,Brown Hydromorphic
98.7,40.4,64.9,28.0,90.3,4.3,3272.1,Brown Hydromorphic
98.9,44.6,92.1,27.2,77.0,6.92,2243.1,Riverine Alluvial
59.2,26.7,50.2,33.8,55.1,8.15,1509.2,Black Cotton
84.8,47.0,59.0,27.3,66.4,6.55,1420.9,Loamy
30.7,47.8,56.8,31.3,82.0,7.55,1673.7,Coastal Alluvial
83.8,45.7,94.6,29.7,71.7,6.88,3364.1,Riverine Alluvial
47.9,8.5,74.6,33.3,87.0,5.28,4111.2,Laterite
61.4,21.7,77.7,33.7,70.6,6.22,2919.5,Red Loam
47.6,53.3,88.7,29.3,71.0,7.01,1768.6,Clayey
52.5,37.9,55.6,26.6,83.6,5.4,3758.9,Brown Hydromorphic
60.1,42.7,51.0,32.9,91.1,8.21,1817.0,Coastal Alluvial
152.0,22.8,36.2,30.1,93.9,4.65,2484.4,Peaty
53.8,15.4,61.8,35.3,82.8,5.61,3117.8,Laterite
66.5,12.2,62.5,28.6,82.5,5.2,2960.3,Laterite
48.9,15.0,72.9,29.7,86.8,5.54,3718.5,Laterite
45.2,22.9,33.2,27.0,49.7,6.15,1104.5,Sandy
66.7,30.9,32.6,25.1,90.0,4.34,2885.3,Brown Hydromorphic
47.0,9.8,67.1,28.0,92.1,5.46,3810.2,Laterite
60.2,9.2,80.1,29.0,86.7,5.56,3287.7,Laterite
123.5,56.5,111.3,19.5,85.6,6.1,4171.9,Forest Loam
57.6,22.7,67.3,28.9,80.2,5.74,2654.6,Laterite
120.6,69.9,120.2,17.2,85.0,5.79,4029.8,Forest Loam
64.5,36.8,46.4,29.9,92.1,4.65,3156.6,Brown Hydromorphic
55.9,19.3,36.0,26.4,76.9,5.62,3466.0,Laterite
142.5,40.7,88.0,16.8,89.1,5.74,3824.2,Forest Loam
65.8,21.5,54.7,30.9,85.3,4.46,3282.2,Brown Hydromorphic
34.1,15.9,42.4,24.6,87.5,5.37,3586.0,Laterite
59.4,9.5,83.3,31.0,83.9,5.49,3162.2,Laterite
121.9,21.0,41.3,31.3,92.3,4.75,3089.4,Peaty
72.6,46.5,54.6,27.2,61.9,6.51,1302.1,Loamy
94.5,46.1,57.7,26.1,59.4,6.58,1482.9,Loamy
53.7,22.6,83.3,30.8,81.4,6.02,2556.2,Red Loam
43.5,18.2,75.5,28.5,78.0,4.9,2964.0,Laterite
71.0,38.9,47.0,26.1,63.1,7.93,1474.0,Black Cotton
61.6,18.5,75.7,31.7,84.8,4.9,2800.4,Laterite
114.5,45.8,93.3,29.5,75.5,6.6,2967.0,Riverine Alluvial
75.5,50.0,79.6,26.5,88.2,7.47,2739.5,Clayey
97.1,31.5,79.5,24.8,77.4,7.12,2990.4,Riverine Alluvial
102.3,51.1,110.9,23.9,78.9,7.11,3095.0,Riverine Alluvial
73.4,38.3,67.3,27.4,77.9,6.12,1944.7,Loamy
33.0,39.0,47.9,32.0,96.9,7.35,2550.8,Coastal Alluvial
41.5,41.1,36.9,27.4,84.8,7.95,1600.5,Coastal Alluvial
58.1,44.0,77.1,31.6,96.7,5.14,3534.5,Brown Hydromorphic
37.5,34.4,68.5,25.9,79.7,8.05,1661.2,Coastal Alluvial
50.3,39.4,63.0,28.4,82.0,7.62,2025.2,Coastal Alluvial
85.5,24.0,96.4,30.2,83.5,5.75,2900.8,Red Loam
132.3,34.5,111.4,25.7,78.3,5.31,3362.9,Forest Loam
31.0,9.7,41.6,26.3,73.8,5.41,3908.9,Laterite
64.7,15.3,70.3,29.0,79.3,4.97,3280.8,Laterite
34.3,17.4,60.5,28.8,77.5,5.49,3103.0,Laterite
68.2,28.8,65.5,28.7,94.3,4.73,2285.9,Brown Hydromorphic
138.3,50.0,76.3,20.9,92.3,5.85,3577.0,Forest Loam
78.7,12.3,48.7,27.1,86.0,5.28,2991.2,Laterite
94.8,48.9,106.1,25.6,74.9,6.44,2742.4,Riverine Alluvial
118.6,43.8,99.4,24.4,90.6,5.47,4275.8,Forest Loam
103.5,27.3,42.2,29.3,92.8,4.69,3132.0,Peaty
65.5,19.6,92.0,29.5,85.3,6.25,2852.0,Red Loam
36.4,47.7,42.5,28.7,77.7,8.54,1497.1,Coastal Alluvial
51.4,7.1,78.1,23.9,80.5,5.96,3350.2,Laterite
95.8,44.9,90.0,28.3,77.8,7.19,2578.7,Riverine Alluvial
45.2,14.7,41.7,29.8,47.9,6.54,1723.1,Sandy
71.3,15.0,95.2,30.7,85.0,5.75,3240.1,Laterite
77.4,35.3,90.2,28.5,79.9,7.32,2694.5,Riverine Alluvial
48.0,31.2,39.8,27.6,85.6,8.67,2602.2,Coastal Alluvial
67.8,37.5,47.4,28.0,100.0,4.5,2829.2,Brown Hydromorphic
35.5,36.9,46.6,31.2,86.7,7.97,1646.4,Coastal Alluvial
88.3,52.9,98.8,30.3,74.3,6.65,2593.5,Riverine Alluvial
63.2,25.1,61.9,34.6,57.6,7.24,952.2,Black Cotton
44.7,20.2,36.0,29.3,81.9,5.37,3105.1,Laterite
65.4,13.0,101.0,31.9,85.8,4.8,2720.7,Laterite
65.3,7.8,67.2,25.9,80.1,5.77,3996.7,Laterite
95.5,55.1,69.8,30.7,76.6,7.08,3167.5,Riverine Alluvial
55.0,22.9,59.1,30.7,78.4,7.54,1864.0,Coastal Alluvial
27.4,18.8,36.4,26.2,78.4,4.77,3816.5,Laterite
36.5,31.6,84.8,30.0,90.8,7.11,2134.5,Coastal Alluvial
51.2,34.9,80.5,35.4,85.0,8.19,1640.9,Coastal Alluvial
36.8,50.5,74.1,30.3,85.3,8.02,2379.6,Coastal Alluvial
57.6,44.8,78.0,31.4,62.7,7.38,1116.4,Black Cotton
123.3,64.0,68.7,30.7,84.5,7.04,3619.5,Riverine Alluvial
36.2,35.2,23.0,26.9,55.1,6.85,1090.8,Sandy
72.0,53.7,99.0,30.6,71.7,7.27,2339.6,Riverine Alluvial
23.7,40.0,66.7,27.6,87.1,8.76,2307.0,Coastal Alluvial
56.0,10.2,82.5,28.6,89.5,5.02,3272.8,Laterite
148.2,31.8,43.8,30.2,96.6,4.07,2833.7,Peaty
147.8,20.9,52.1,28.1,90.8,4.34,3388.5,Peaty
58.5,19.4,80.9,28.1,80.5,4.86,2427.9,Laterite
107.3,40.2,89.8,27.3,83.9,6.75,3110.8,Riverine Alluvial
29.6,14.9,22.5,34.9,43.1,6.37,1096.2,Sandy
52.0,26.4,76.4,32.7,81.0,6.17,3864.0,Red Loam
144.8,26.5,32.8,30.2,92.4,4.37,2936.7,Peaty
117.6,44.0,91.9,18.5,82.2,6.05,3321.4,Forest Loam
102.5,47.5,96.0,17.8,88.3,5.38,3900.3,Forest Loam
101.5,57.3,67.7,31.7,75.8,7.08,2919.6,Riverine Alluvial
68.4,30.3,97.7,27.1,74.8,6.19,2615.4,Red Loam
57.0,9.9,68.2,28.2,85.2,5.51,3591.1,Laterite
108.9,36.9,73.4,17.5,83.7,5.93,3915.9,Forest Loam
70.8,32.6,67.4,29.3,72.4,6.46,3027.8,Red Loam
59.2,50.8,79.4,30.5,80.4,7.36,1868.1,Clayey
83.9,17.6,76.4,32.4,81.6,4.86,3951.0,Laterite
72.7,28.6,76.8,31.7,75.0,6.41,2777.8,Red Loam
39.7,20.2,72.0,33.1,90.0,5.45,3122.3,Laterite
43.8,46.8,52.3,35.0,87.9,7.49,2335.4,Coastal Alluvial
70.1,50.1,63.3,27.3,55.1,7.85,1602.9,Black Cotton
77.3,46.1,89.3,16.2,84.2,5.38,3300.5,Forest Loam
46.0,14.9,64.4,25.8,70.6,5.63,3135.6,Laterite
52.4,56.7,74.6,24.7,83.1,7.36,2190.5,Clayey
99.7,41.6,112.2,15.5,91.0,5.52,3305.9,Forest Loam
83.3,38.7,65.5,27.5,79.1,4.74,3341.2,Brown Hydromorphic
51.7,26.2,72.5,34.0,76.8,6.77,1720.9,Red Loam
122.2,38.0,106.4,22.6,91.6,5.74,4403.1,Forest Loam
61.2,22.1,72.4,28.0,75.6,6.18,2649.7,Red Loam
43.0,32.7,51.5,29.3,81.8,7.88,2014.0,Coastal Alluvial
81.9,31.7,72.5,31.0,77.5,6.4,2414.3,Red Loam
76.7,36.5,69.9,31.5,84.9,4.63,3587.5,Brown Hydromorphic
39.9,21.3,63.8,28.9,85.8,5.51,3933.5,Laterite
51.9,13.9,52.3,30.0,83.4,5.4,3425.9,Laterite
69.2,15.5,89.1,29.2,76.4,4.98,3540.5,Laterite
58.4,23.5,64.1,32.0,76.7,5.92,2576.5,Red Loam
70.6,44.7,75.8,24.7,77.7,7.65,1491.4,Clayey
63.8,19.5,91.6,29.2,68.6,5.7,3532.8,Laterite
77.2,54.4,55.4,31.1,73.1,6.55,1577.8,Loamy
97.0,35.9,100.3,29.8,68.9,7.44,2980.8,Riverine Alluvial
88.0,67.0,77.0,25.4,83.5,6.96,3407.1,Riverine Alluvial
47.1,11.8,78.9,25.8,74.1,4.61,3480.3,Laterite
183.9,36.0,56.4,29.4,89.1,4.25,2907.4,Peaty
162.1,23.3,35.8,29.6,93.1,4.0,2659.1,Peaty
93.8,43.4,81.2,35.2,60.8,7.93,1456.1,Black Cotton
125.5,45.9,90.3,22.2,96.9,5.79,3731.6,Forest Loam
65.0,11.1,54.2,33.8,78.2,5.83,3610.9,Laterite
73.3,47.9,84.8,24.4,77.5,7.5,3495.9,Riverine Alluvial
72.8,34.4,70.4,25.2,75.7,5.52,2667.0,Red Loam
45.7,10.8,58.2,27.3,69.9,6.01,3688.0,Laterite
99.0,50.1,108.2,17.6,81.1,6.28,3941.7,Forest Loam
68.2,19.9,84.4,31.0,79.7,6.3,2572.8,Red Loam
72.7,28.6,45.1,30.3,93.2,4.47,3348.9,Brown Hydromorphic
44.9,20.3,86.6,33.7,77.7,6.09,2429.1,Red Loam
113.5,51.6,116.7,23.8,91.2,6.15,4151.4,Forest Loam
83.8,29.1,72.8,33.4,75.2,6.13,2328.2,Red Loam
55.9,37.3,66.5,32.7,59.8,7.74,1367.1,Black Cotton
165.0,24.4,42.1,30.4,85.9,3.59,3229.5,Peaty
61.7,12.2,80.1,30.5,79.3,4.86,3816.1,Laterite
137.7,15.8,48.6,30.5,93.2,4.2,3070.8,Peaty
143.1,32.5,46.0,29.2,95.4,3.77,3032.7,Peaty
53.9,31.3,89.7,25.7,80.1,5.88,2617.2,Red Loam
166.6,38.0,40.5,29.0,88.5,3.32,3442.5,Peaty
55.2,29.3,90.0,30.2,65.1,6.15,2313.1,Red Loam
111.1,55.0,77.1,27.4,80.5,6.59,3057.4,Riverine Alluvial
32.3,20.9,43.6,32.9,64.1,7.1,1296.7,Sandy
51.1,27.3,101.0,29.4,79.8,6.17,2461.2,Red Loam
98.2,28.8,43.4,29.8,97.7,4.65,3165.0,Brown Hydromorphic
41.1,14.4,86.8,28.4,76.1,5.15,3065.8,Laterite
96.9,49.1,96.5,30.0,84.3,6.89,2598.8,Riverine Alluvial
24.0,42.4,69.7,29.7,88.7,7.63,2177.6,Coastal Alluvial
82.3,14.9,75.3,28.5,84.4,5.21,3453.1,Laterite
38.4,13.7,84.2,29.3,72.6,6.48,2515.7,Red Loam
62.9,20.6,70.0,27.6,68.6,5.64,3410.8,Red Loam
27.8,29.0,30.0,33.8,38.7,6.99,902.0,Sandy
81.6,56.2,98.0,28.0,84.8,7.19,2541.3,Clayey
61.8,8.9,90.6,30.7,80.2,4.89,2940.0,Laterite
60.7,31.4,40.6,28.0,89.3,4.72,2958.4,Brown Hydromorphic
42.5,21.8,62.7,28.9,85.8,4.81,3337.1,Laterite
67.9,63.2,71.5,25.6,91.8,7.06,2343.8,Riverine Alluvial
83.3,29.7,57.3,29.3,76.0,5.78,2830.6,Red Loam
100.2,47.1,88.4,16.2,79.6,5.48,3860.0,Forest Loam
77.2,32.6,74.9,25.9,74.7,7.32,1654.0,Clayey
46.5,9.8,67.7,28.7,74.2,5.38,2757.7,Laterite
81.2,34.4,52.3,29.8,78.9,4.94,3470.8,Brown Hydromorphic
60.0,26.7,53.4,29.8,65.4,6.4,2505.8,Red Loam
57.6,39.1,40.9,29.7,55.4,8.27,1811.8,Black Cotton
78.7,38.8,67.2,37.1,64.1,7.86,1781.6,Black Cotton
129.1,38.6,122.7,23.8,88.2,5.82,3357.4,Forest Loam
47.3,14.2,93.8,29.3,78.7,5.04,3176.6,Laterite
27.0,13.0,68.7,28.3,83.0,5.19,3651.9,Laterite
60.4,26.8,97.5,26.4,69.8,7.11,1847.8,Red Loam
84.8,18.5,68.8,32.1,80.6,4.53,2634.9,Laterite
70.2,42.5,62.9,31.8,59.7,7.88,1407.3,Black Cotton
42.0,11.6,72.7,30.6,82.8,5.25,3484.0,Laterite
70.2,47.9,60.1,36.0,57.3,7.19,1521.6,Black Cotton
169.1,29.3,48.5,29.9,95.4,4.59,3002.9,Peaty
81.3,38.3,68.9,32.4,67.7,8.0,1404.2,Black Cotton
70.0,43.2,44.9,28.2,81.7,4.96,3222.8,Brown Hydromorphic
70.7,62.5,92.4,24.2,76.2,6.56,2604.5,Riverine Alluvial
149.1,32.3,66.0,33.7,91.2,3.87,2848.3,Peaty
67.9,40.1,63.5,30.6,59.7,7.72,1685.0,Black Cotton
92.7,29.5,71.5,33.2,56.3,8.18,1372.1,Black Cotton
59.0,46.7,56.4,33.6,61.4,7.43,1703.3,Black Cotton
86.9,61.9,62.7,24.7,64.6,6.38,1639.3,Loamy
47.5,38.6,47.1,24.2,75.0,6.41,1416.2,Loamy
99.7,32.4,87.0,26.9,87.2,5.13,4451.2,Forest Loam
28.7,23.5,84.3,30.4,87.5,7.83,2477.5,Coastal Alluvial
169.6,34.0,63.1,30.1,87.3,3.83,3248.9,Peaty
72.6,32.0,48.5,30.0,95.0,4.92,2881.5,Brown Hydromorphic
51.2,20.2,82.1,32.2,82.9,5.69,2956.9,Laterite
103.4,69.3,49.5,28.5,81.7,6.76,2676.9,Riverine Alluvial
70.4,43.1,63.5,29.1,84.4,4.7,3251.6,Brown Hydromorphic
65.2,43.0,69.9,20.9,73.1,6.71,1840.0,Loamy
76.2,24.9,75.7,28.0,70.6,6.43,3230.5,Red Loam
71.1,32.7,70.9,31.1,75.2,5.56,2633.4,Red Loam
41.0,24.2,71.3,29.3,70.3,5.59,3144.4,Laterite
85.4,57.4,72.7,29.4,82.3,6.77,2750.0,Riverine Alluvial
49.9,22.6,59.4,25.8,89.1,5.3,3993.2,Laterite
129.9,41.5,82.4,21.4,82.1,6.07,4267.2,Forest Loam
45.7,29.2,98.8,29.2,87.7,6.56,2634.4,Red Loam
22.5,33.4,63.2,35.0,82.0,7.61,1516.7,Coastal Alluvial
42.2,37.4,47.6,30.2,77.6,8.27,2112.1,Coastal Alluvial
68.5,17.0,90.7,33.4,65.1,6.46,2878.7,Red Loam
79.8,33.0,39.6,31.6,85.9,4.5,3519.9,Brown Hydromorphic
67.9,36.9,59.4,29.2,79.1,4.58,2896.7,Brown Hydromorphic
38.0,14.8,75.0,29.3,85.3,5.51,3247.0,Laterite
41.4,39.6,76.7,31.2,96.9,8.04,2222.3,Coastal Alluvial
69.7,40.8,57.5,28.2,97.7,5.1,2729.5,Brown Hydromorphic
40.0,18.0,55.2,30.8,89.4,7.42,2520.8,Coastal Alluvial
48.1,29.3,49.2,30.6,93.2,7.69,1653.1,Coastal Alluvial
51.0,30.4,76.2,27.1,76.8,6.76,1999.5,Red Loam
44.3,29.2,47.1,33.6,92.9,8.09,2391.5,Coastal Alluvial
52.5,43.7,71.9,36.8,90.2,7.69,1921.2,Coastal Alluvial
95.9,40.3,48.3,29.8,68.1,7.54,1097.6,Black Cotton
72.1,24.7,81.8,31.5,80.3,6.39,2314.4,Red Loam
61.2,20.0,87.4,28.1,81.2,5.29,3166.3,Laterite
40.7,15.2,72.6,22.8,81.0,4.5,3227.1,Laterite
39.2,23.1,69.4,33.1,82.4,7.88,1806.5,Coastal Alluvial
74.2,18.3,64.2,27.4,94.6,4.47,3422.2,Brown Hydromorphic
72.3,9.2,73.6,30.6,69.3,5.53,3206.6,Laterite
71.3,13.5,91.2,23.3,71.0,5.77,3082.0,Red Loam
118.7,50.3,95.8,24.1,82.1,5.43,3406.6,Forest Loam
79.1,13.5,68.8,25.8,91.5,5.05,3635.6,Laterite
25.0,18.9,37.5,33.4,46.5,7.07,830.8,Sandy
56.4,17.2,46.5,26.9,70.7,5.61,2040.0,Laterite
88.0,16.3,75.4,31.0,74.4,5.78,3650.6,Laterite
78.4,49.9,81.1,28.8,84.2,6.37,2931.1,Riverine Alluvial
74.0,56.5,95.7,28.1,68.6,6.88,1581.6,Loamy
109.0,56.5,74.3,26.0,91.8,6.77,2822.6,Riverine Alluvial
78.9,38.4,114.6,31.1,84.9,6.6,2725.9,Riverine Alluvial
28.9,24.7,33.1,35.5,52.7,6.64,1043.3,Sandy
112.9,49.4,125.0,20.8,84.3,5.79,4037.0,Forest Loam
59.3,13.3,81.1,29.6,86.1,5.52,3910.8,Laterite
61.9,24.4,73.4,27.7,88.1,5.97,1943.2,Red Loam
72.1,46.8,54.0,23.8,72.3,6.94,1864.1,Clayey
68.3,36.2,67.9,32.7,70.5,6.02,2306.4,Red Loam
81.9,43.4,130.7,29.0,82.2,7.06,3335.8,Riverine Alluvial
128.6,35.1,50.2,30.8,90.5,4.17,3208.4,Peaty
62.2,36.6,53.7,34.2,82.5,7.99,2156.4,Coastal Alluvial
106.8,54.4,72.6,27.4,73.5,6.89,3637.9,Riverine Alluvial
45.6,16.9,68.9,26.2,81.2,5.74,3029.5,Laterite
43.5,32.4,50.7,34.5,89.8,7.61,1867.9,Coastal Alluvial
56.2,36.9,65.8,31.3,72.0,8.05,1337.2,Black Cotton
36.9,11.7,41.8,28.2,86.8,4.82,2647.5,Laterite
65.2,26.5,57.9,31.7,77.2,4.9,3683.9,Laterite
80.9,39.3,44.0,24.7,90.8,5.0,3442.7,Brown Hydromorphic
125.0,47.4,95.2,22.5,86.3,5.38,3963.1,Forest Loam
93.9,52.9,99.5,29.7,72.3,6.8,2555.9,Riverine Alluvial
40.9,18.9,83.6,31.2,81.1,4.98,3483.6,Laterite
65.4,56.9,68.9,30.7,76.6,7.06,1246.8,Loamy
78.0,31.0,75.8,31.0,77.4,6.15,3343.0,Red Loam
63.8,32.0,81.3,31.2,57.4,7.47,1054.4,Black Cotton
80.6,23.8,71.3,32.0,78.6,6.19,2533.3,Red Loam
41.5,10.3,73.3,23.3,68.7,5.24,3496.2,Laterite
49.6,20.2,45.2,30.3,54.1,6.88,1204.6,Sandy
145.6,13.8,44.9,28.8,87.8,4.04,3511.2,Peaty
82.1,35.9,32.2,29.8,83.1,4.83,3629.1,Brown Hydromorphic
44.3,31.2,61.5,31.5,85.2,7.74,2054.2,Coastal Alluvial
69.1,12.2,61.1,29.9,78.5,5.17,3551.8,Laterite
44.3,17.5,59.1,30.9,85.2,4.99,3563.8,Laterite
61.9,33.7,70.0,30.4,79.8,5.63,2521.9,Red Loam
45.2,47.2,52.2,32.1,80.1,7.92,1944.1,Coastal Alluvial
73.5,29.2,39.1,32.3,94.3,4.92,3087.4,Brown Hydromorphic
70.4,57.6,108.3,27.6,78.2,6.7,2768.0,Riverine Alluvial
50.9,38.4,57.1,30.2,89.0,8.0,2397.2,Coastal Alluvial
43.3,17.8,63.8,35.0,84.5,5.36,3509.3,Laterite
66.7,40.9,40.3,31.9,69.4,7.81,944.0,Black Cotton
44.2,36.5,76.1,35.6,69.9,6.18,2898.4,Red Loam
99.7,41.3,106.4,25.7,79.4,7.33,2676.8,Riverine Alluvial
158.5,35.4,40.7,30.8,95.7,4.17,2992.7,Peaty
41.0,10.0,66.2,26.2,77.5,5.98,3168.3,Laterite
63.8,32.8,98.4,29.2,79.7,6.08,2750.4,Red Loam
52.1,61.5,102.0,30.0,80.9,7.4,2569.9,Clayey
68.6,26.3,84.7,29.7,78.3,6.39,3291.6,Red Loam
34.0,30.2,29.3,27.5,48.0,6.65,1398.5,Sandy
85.5,56.4,56.4,29.2,87.1,6.91,2839.3,Riverine Alluvial
62.2,36.8,57.9,34.5,85.9,7.62,2217.0,Coastal Alluvial
107.7,27.0,116.6,25.0,82.3,5.65,3979.4,Forest Loam
79.3,28.8,85.1,27.7,79.9,6.29,2193.0,Red Loam
54.6,33.4,59.2,30.0,92.9,4.75,2532.6,Brown Hydromorphic
106.0,46.5,85.2,18.1,93.4,5.59,4099.3,Forest Loam
54.5,18.2,65.5,29.7,66.5,5.29,2993.0,Laterite
128.1,31.1,46.5,31.8,93.6,4.11,2888.6,Peaty
62.1,21.6,63.0,28.2,78.1,5.33,3738.9,Laterite
91.8,39.5,113.1,26.4,69.1,6.54,3599.6,Riverine Alluvial
48.3,19.0,74.0,28.3,79.4,6.09,2547.6,Red Loam
60.2,24.0,78.6,25.7,80.2,5.21,3292.0,Laterite
117.8,49.7,124.7,15.6,90.5,5.73,3864.4,Forest Loam
152.3,29.2,43.0,29.8,93.1,4.12,3100.0,Peaty
93.1,39.5,67.6,27.1,94.8,4.23,3211.3,Brown Hydromorphic
75.8,50.9,102.5,26.7,80.3,6.99,2399.9,Riverine Alluvial
46.3,8.0,88.7,25.2,82.9,5.23,3013.1,Laterite
73.7,28.9,51.6,30.2,61.1,7.77,1336.7,Black Cotton
31.3,7.1,67.8,30.8,86.1,4.89,3262.5,Laterite
54.9,6.4,72.5,29.3,81.1,5.56,3456.0,Laterite
54.8,24.5,59.0,24.8,86.3,8.54,2128.8,Coastal Alluvial
80.3,65.7,99.7,28.9,80.8,6.54,2278.9,Riverine Alluvial
76.2,24.1,56.8,23.8,84.9,4.65,2964.7,Brown Hydromorphic
45.5,45.8,58.8,25.4,88.2,7.66,2099.8,Coastal Alluvial
110.3,38.4,79.3,21.9,94.5,5.32,3661.2,Forest Loam
57.9,27.8,95.4,27.3,79.1,5.96,2793.7,Red Loam
77.3,17.3,52.6,29.0,86.2,5.38,3467.8,Laterite
46.1,27.6,59.8,31.6,91.4,7.47,1891.7,Coastal Alluvial
146.9,31.3,46.4,29.8,93.4,4.15,2697.3,Peaty
73.9,40.9,59.7,30.1,90.7,4.34,2651.2,Brown Hydromorphic
55.9,55.0,65.8,28.5,84.1,4.7,3600.9,Brown Hydromorphic
48.6,12.4,73.9,31.1,75.2,4.89,3761.8,Laterite
72.1,29.8,62.6,28.0,83.0,5.01,2798.2,Brown Hydromorphic
97.3,42.9,61.5,26.1,86.5,7.11,1751.4,Clayey
92.8,42.1,78.6,28.0,77.5,7.39,3398.8,Riverine Alluvial
34.4,21.3,50.2,29.3,56.6,6.72,527.0,Sandy
81.8,42.8,53.4,32.0,65.0,8.22,1304.9,Black Cotton
108.1,44.5,93.5,31.4,82.4,7.35,2421.9,Riverine Alluvial
59.8,46.8,63.7,30.4,59.5,8.12,1201.6,Black Cotton
52.9,21.3,53.1,24.4,83.3,6.17,3058.2,Red Loam
67.7,43.2,62.4,29.5,82.2,6.49,2996.1,Riverine Alluvial
41.6,26.4,37.8,31.8,62.5,6.44,1230.7,Sandy
89.0,26.5,66.8,32.8,95.6,4.53,2855.0,Brown Hydromorphic
62.0,27.2,45.0,29.6,79.9,5.63,2835.4,Red Loam
76.3,30.9,83.3,24.7,74.8,6.56,2691.3,Red Loam
103.8,50.8,84.3,26.6,76.5,6.74,2607.2,Riverine Alluvial
115.3,54.7,84.7,26.6,88.6,5.48,3943.8,Forest Loam
82.7,17.6,46.3,28.4,80.2,5.08,3429.0,Laterite
67.9,33.8,99.3,21.4,75.8,7.09,2560.7,Clayey
66.2,11.3,87.0,31.0,74.5,5.24,3450.8,Laterite
91.7,53.1,67.7,25.7,70.5,7.64,2623.1,Riverine Alluvial
55.9,16.3,67.4,24.6,79.2,5.46,3863.3,Laterite
29.8,24.5,55.6,28.8,82.3,7.63,1823.3,Coastal Alluvial
133.9,49.1,85.0,19.3,84.2,5.57,4778.0,Forest Loam
56.8,37.3,87.0,30.6,66.4,7.99,1432.6,Black Cotton
44.4,32.0,63.5,31.7,85.6,7.95,2223.5,Coastal Alluvial
90.1,49.1,80.9,27.5,76.8,6.34,2439.2,Riverine Alluvial
77.7,34.9,88.6,33.2,73.1,7.76,1446.1,Black Cotton
67.3,41.0,94.5,31.5,76.0,6.35,2464.8,Red Loam
113.7,38.6,51.6,29.6,90.0,3.69,3358.9,Peaty
139.3,53.3,112.3,18.1,88.8,5.41,3972.6,Forest Loam
57.2,21.9,76.3,28.8,84.5,4.71,3634.7,Laterite
64.5,19.4,92.3,29.2,78.0,6.08,2593.2,Red Loam
83.0,56.6,110.0,24.8,90.0,6.3,4025.0,Forest Loam
63.2,45.8,27.0,29.5,88.1,7.58,2666.8,Coastal Alluvial
79.8,14.0,65.4,27.8,77.0,5.47,3272.6,Laterite
45.5,26.4,60.5,26.1,84.7,4.89,2931.2,Brown Hydromorphic
54.0,58.1,64.6,28.1,81.0,7.34,2091.9,Riverine Alluvial
73.5,5.5,71.3,25.4,80.3,5.15,3269.6,Laterite
124.7,52.6,95.4,21.6,77.8,6.15,3876.2,Forest Loam
39.8,12.9,39.5,31.9,71.4,6.54,1231.9,Sandy
45.5,16.3,76.4,24.3,83.1,5.4,4273.2,Laterite
64.0,21.5,82.2,28.5,81.6,6.5,1930.4,Red Loam
100.8,43.3,70.9,19.5,81.8,5.69,4354.6,Forest Loam
59.4,56.6,95.1,28.8,80.9,6.7,2784.2,Riverine Alluvial
39.2,13.3,67.7,32.2,74.6,4.99,3211.9,Laterite
51.1,10.1,74.0,33.4,70.1,4.97,2407.8,Laterite
69.4,29.1,66.1,34.1,75.5,5.97,3297.3,Red Loam
116.3,55.7,93.3,22.0,71.6,6.2,3520.0,Forest Loam
81.0,28.7,92.5,26.9,75.1,5.94,2282.1,Red Loam
39.7,35.2,49.9,31.8,83.8,7.62,1735.0,Coastal Alluvial
57.6,24.3,91.4,27.4,89.8,5.85,2492.5,Red Loam
73.5,27.4,74.7,31.5,71.6,6.02,2598.5,Red Loam
95.2,39.1,90.7,26.9,91.4,7.26,3328.8,Riverine Alluvial
58.3,41.7,70.4,29.1,92.6,4.32,3332.7,Brown Hydromorphic
46.0,12.6,80.5,26.4,83.4,4.62,4050.0,Laterite
135.8,40.5,134.4,24.8,83.4,5.73,3240.1,Forest Loam
56.0,18.7,81.9,31.3,82.9,5.51,3448.9,Laterite
58.9,19.3,84.7,30.3,78.4,5.93,1962.8,Red Loam
51.1,18.5,102.6,32.0,84.5,5.81,3084.0,Laterite
56.2,12.7,45.6,31.0,73.1,5.34,3380.9,Laterite
79.1,43.1,48.5,33.7,59.0,7.65,1380.6,Black Cotton
75.8,59.8,74.4,28.9,80.5,6.9,2596.2,Riverine Alluvial
95.5,32.2,77.9,19.0,77.4,5.95,4333.5,Forest Loam
66.1,55.3,67.6,37.5,64.9,7.97,1147.8,Black Cotton
69.7,54.3,97.8,24.9,76.8,7.2,2347.7,Riverine Alluvial
79.1,37.5,89.7,30.9,76.7,7.41,1662.9,Clayey
70.0,43.7,63.4,26.7,64.0,7.04,1498.9,Black Cotton
45.2,34.2,62.0,31.0,80.1,7.99,2231.6,Coastal Alluvial
54.1,34.3,49.2,30.7,83.0,7.54,2059.8,Coastal Alluvial
112.0,43.9,107.8,18.3,88.5,6.15,3697.9,Forest Loam
51.7,16.3,86.4,29.2,80.3,5.53,3346.8,Laterite
56.5,17.3,82.9,28.0,75.5,5.52,3639.5,Laterite
87.4,29.8,109.0,20.1,85.2,5.96,3665.2,Forest Loam
70.8,29.0,73.8,36.3,69.5,7.78,1225.2,Black Cotton
104.2,43.0,102.7,22.6,74.5,6.26,3585.2,Forest Loam
112.9,58.6,92.9,19.9,80.8,6.27,3778.4,Forest Loam
56.8,29.9,77.4,27.6,76.8,6.39,2529.2,Red Loam
69.4,20.5,92.8,31.6,72.8,5.41,3270.2,Laterite
48.4,26.4,37.3,37.3,81.0,7.51,1962.9,Coastal Alluvial
44.3,11.7,84.2,26.7,77.4,5.03,2478.5,Laterite
55.6,23.1,61.6,24.6,80.4,4.85,2820.6,Laterite
46.1,34.8,52.0,28.9,80.6,7.6,1965.1,Coastal Alluvial
89.4,40.2,126.1,29.6,82.6,6.78,2897.0,Riverine Alluvial
63.0,42.4,81.5,31.2,63.6,6.01,2668.6,Red Loam
52.8,23.8,40.5,27.2,53.1,6.83,1321.6,Sandy
153.1,33.0,51.9,30.3,94.5,4.21,2739.9,Peaty
94.2,66.0,109.0,27.0,89.1,6.7,2542.9,Riverine Alluvial
45.0,33.4,44.4,29.7,80.1,7.91,1659.0,Coastal Alluvial
75.5,63.0,88.3,25.9,71.6,7.39,1728.6,Clayey
59.3,12.4,68.3,25.2,73.0,5.59,3668.9,Laterite
37.8,43.7,88.0,27.7,83.9,7.92,2104.8,Coastal Alluvial
88.1,45.1,90.3,33.2,63.2,7.62,2204.2,Clayey
131.0,50.5,93.5,20.2,89.3,5.77,3964.6,Forest Loam
65.4,41.4,74.0,31.1,63.1,7.75,1627.2,Black Cotton
23.5,35.5,50.9,31.7,79.5,7.61,2199.5,Coastal Alluvial
135.0,24.1,44.5,32.4,94.0,5.07,2958.1,Peaty
57.6,20.1,82.1,29.0,85.9,5.95,2665.5,Laterite
101.4,37.4,53.7,31.7,81.1,4.46,3471.6,Brown Hydromorphic
78.3,32.2,86.9,25.1,76.5,5.91,2798.3,Red Loam
24.0,29.7,46.3,30.0,54.6,6.24,1719.2,Sandy
77.9,30.2,68.3,33.6,72.8,6.31,2551.2,Red Loam
117.1,16.6,48.4,30.7,92.3,4.2,3290.9,Peaty
102.8,55.8,111.3,18.0,86.0,5.01,3809.7,Forest Loam
106.1,39.0,72.6,26.0,84.8,7.17,3216.3,Riverine Alluvial
82.0,40.8,82.5,31.2,92.5,4.98,2361.4,Brown Hydromorphic
62.8,38.5,55.0,30.9,81.7,8.28,2582.0,Coastal Alluvial
73.1,60.4,79.3,25.4,79.6,5.92,1937.2,Loamy
72.8,38.1,45.3,32.7,91.1,4.77,3039.3,Brown Hydromorphic
92.7,42.8,101.8,22.8,78.8,6.8,2054.1,Riverine Alluvial
80.6,39.7,40.5,32.8,62.7,8.04,1520.0,Black Cotton
54.0,26.1,100.6,25.8,75.5,6.3,2577.9,Red Loam
50.8,17.0,95.7,28.7,80.7,5.32,4427.1,Laterite
72.5,62.6,64.5,27.0,78.7,6.67,1321.7,Loamy
77.1,22.3,87.9,32.9,74.9,6.58,1910.8,Red Loam
95.9,55.8,88.9,16.3,75.5,5.9,3977.7,Forest Loam
85.9,41.6,48.5,29.2,94.3,4.25,3429.5,Brown Hydromorphic
82.6,51.6,89.4,28.5,80.5,7.03,2328.3,Riverine Alluvial
67.0,42.9,72.1,29.0,81.6,5.13,3031.9,Brown Hydromorphic
69.2,16.4,76.6,27.5,87.5,5.61,3454.2,Laterite
91.3,58.2,101.8,27.3,83.6,6.8,3322.4,Riverine Alluvial
146.0,35.4,111.3,16.5,75.2,6.13,3492.0,Forest Loam
48.7,37.7,63.6,28.9,84.6,5.94,1594.3,Red Loam
63.5,37.7,44.1,28.3,80.6,5.56,3663.6,Brown Hydromorphic
28.4,13.0,46.9,29.4,88.4,5.67,3656.1,Laterite
48.5,13.7,37.9,31.5,74.1,5.25,2441.9,Laterite
136.1,21.1,37.6,31.2,100.0,3.96,2493.6,Peaty
51.9,29.7,51.4,31.8,74.9,6.18,3355.0,Red Loam
77.6,25.9,78.3,31.5,74.6,6.06,2374.3,Red Loam
47.6,6.9,97.5,31.1,81.8,4.59,3134.1,Laterite
80.2,19.1,55.4,26.6,83.4,5.21,4316.4,Laterite
37.8,18.2,88.1,34.2,86.4,5.46,3712.8,Laterite
79.4,26.3,46.7,25.9,82.9,5.09,2843.0,Brown Hydromorphic
65.0,23.6,68.0,30.4,83.5,6.23,2685.5,Red Loam
127.4,61.3,92.8,16.3,84.4,5.3,4222.6,Forest Loam
47.8,39.7,46.6,33.6,85.4,7.24,2164.9,Coastal Alluvial
78.0,41.9,103.1,30.7,66.7,7.13,2552.6,Clayey
98.3,54.0,77.5,19.4,84.8,6.28,3133.1,Forest Loam
42.8,37.7,49.2,26.6,86.4,8.42,1904.1,Coastal Alluvial
84.5,49.3,92.9,31.7,75.5,7.27,1832.1,Clayey
73.2,49.8,76.0,30.8,76.6,7.19,2208.6,Clayey
69.3,47.9,101.8,26.7,73.4,6.83,1731.5,Loamy
55.1,21.4,99.2,27.6,81.7,6.05,2317.3,Red Loam
80.7,20.2,58.5,30.9,72.9,5.05,3801.4,Laterite
44.2,18.6,61.6,28.6,82.6,5.58,3621.4,Laterite
26.9,42.2,60.1,35.8,86.8,8.38,2424.1,Coastal Alluvial
65.5,13.9,76.9,28.8,77.9,5.29,3801.7,Laterite
90.3,60.7,100.7,31.0,80.0,6.26,2544.0,Riverine Alluvial
89.7,46.8,89.2,26.2,79.4,7.23,3063.4,Riverine Alluvial
61.0,48.4,88.8,25.6,72.5,7.02,2100.9,Clayey
70.8,39.5,63.8,28.7,94.2,5.04,2990.6,Brown Hydromorphic
58.0,20.1,39.0,27.6,82.6,5.17,3617.6,Laterite
73.7,64.2,83.2,31.2,78.4,7.32,2720.0,Riverine Alluvial
74.0,34.8,48.7,28.6,90.1,4.12,2955.8,Brown Hydromorphic
62.1,32.4,49.9,27.6,71.3,5.98,2346.5,Red Loam
101.9,53.0,98.0,30.5,69.1,6.51,3430.4,Riverine Alluvial
70.6,41.7,78.3,30.0,57.6,7.52,1777.8,Black Cotton
50.3,22.9,67.7,30.7,74.2,5.43,3098.2,Laterite
81.1,17.9,80.1,35.6,90.1,5.54,3695.2,Laterite
85.3,62.2,90.0,24.5,83.3,6.15,3076.9,Forest Loam
115.4,31.8,49.7,28.8,92.4,4.49,2941.6,Peaty
29.3,18.4,53.5,27.9,80.8,5.54,3970.4,Laterite
30.9,46.5,55.3,24.7,86.4,7.92,2005.9,Coastal Alluvial
54.5,9.0,39.5,30.7,50.5,6.52,992.1,Sandy
27.3,12.6,30.8,36.8,45.8,7.4,1069.6,Sandy
47.3,37.8,62.6,32.5,87.2,8.39,2528.1,Coastal Alluvial
92.0,38.2,70.7,27.3,68.3,7.68,1673.7,Clayey
62.4,60.8,107.1,27.7,86.9,6.99,2337.2,Clayey
95.3,34.5,100.2,29.1,84.2,6.69,2761.9,Riverine Alluvial
66.3,47.4,40.6,29.4,63.3,7.71,1609.8,Black Cotton
68.5,41.6,82.6,30.5,82.0,7.73,1564.2,Clayey
51.6,22.0,45.0,24.2,78.2,6.21,2527.8,Red Loam
27.7,25.7,43.1,31.4,58.0,6.86,1389.6,Sandy
36.1,23.6,32.5,31.8,58.5,7.24,1084.4,Sandy
62.4,38.7,33.9,30.5,90.6,5.06,3058.1,Brown Hydromorphic
88.5,50.2,90.7,27.4,79.8,6.67,3408.9,Riverine Alluvial
29.9,35.3,73.6,29.5,80.3,7.43,1616.7,Coastal Alluvial
83.5,22.4,78.5,27.4,63.1,5.67,2311.0,Red Loam
122.1,32.2,30.6,31.2,96.5,4.2,2730.5,Peaty
56.0,20.5,93.9,28.7,78.6,5.95,2559.0,Red Loam
132.7,21.0,30.6,28.1,92.7,4.12,3546.9,Peaty
52.9,33.8,68.1,34.2,60.2,7.42,1362.6,Black Cotton
40.7,32.7,48.3,34.6,84.9,7.96,1578.2,Coastal Alluvial
58.0,45.4,49.2,32.7,87.3,4.79,2944.2,Brown Hydromorphic
58.0,25.3,79.8,27.4,79.1,6.23,1881.5,Red Loam
59.2,41.1,60.4,30.1,67.0,6.44,1215.5,Loamy
110.1,58.6,97.3,28.9,80.7,6.83,2796.6,Riverine Alluvial
95.8,58.5,75.0,30.3,78.8,6.8,2512.4,Riverine Alluvial
73.2,26.2,53.8,31.6,88.2,5.14,2828.1,Brown Hydromorphic
61.2,47.4,75.3,32.5,70.1,6.27,1944.1,Loamy
56.3,30.4,99.4,29.4,73.9,6.09,2849.0,Red Loam
56.1,11.7,36.3,26.9,82.7,4.75,3845.6,Laterite
48.5,24.8,49.0,33.8,59.0,6.9,1401.9,Sandy
64.6,44.0,69.9,29.0,78.9,6.21,2591.8,Red Loam
148.2,29.4,42.2,28.2,86.6,4.34,3269.7,Peaty
75.4,34.7,79.4,26.9,78.4,6.58,2382.9,Red Loam
38.7,20.1,88.7,25.8,75.9,5.08,2624.2,Laterite
106.4,27.3,60.8,29.9,90.3,4.45,2930.1,Peaty
79.4,42.7,105.4,30.5,86.4,7.18,1426.9,Clayey
151.6,23.3,53.3,33.0,93.5,4.46,2909.4,Peaty
59.7,39.7,50.5,29.0,67.4,6.3,2123.3,Loamy
88.0,36.2,45.0,33.1,82.1,4.18,3149.5,Brown Hydromorphic
92.4,45.3,92.8,31.0,74.2,6.9,2843.0,Riverine Alluvial
71.2,33.9,54.2,31.2,67.9,7.94,1497.4,Black Cotton
70.8,31.9,45.0,29.1,67.8,7.02,1649.1,Loamy
57.2,12.9,82.9,31.3,76.2,4.49,3545.9,Laterite
37.4,7.8,59.8,30.0,89.8,5.07,3436.2,Laterite
58.3,41.3,50.2,35.3,74.8,8.41,2096.9,Coastal Alluvial
152.1,32.7,60.2,31.8,95.5,3.77,2619.6,Peaty
72.2,17.1,82.9,31.3,76.4,5.51,3744.8,Laterite
89.7,45.2,90.7,30.6,83.2,6.47,2641.5,Riverine Alluvial
25.2,21.6,45.5,33.1,54.8,6.77,1669.1,Sandy
87.9,45.5,97.2,22.3,84.0,5.04,4323.3,Forest Loam
71.5,50.7,34.5,27.1,85.5,4.49,2334.5,Brown Hydromorphic
74.6,49.8,101.2,28.2,80.1,6.68,3127.1,Riverine Alluvial
33.1,29.9,50.2,30.3,83.4,8.03,2250.0,Coastal Alluvial
67.2,58.8,76.2,28.3,86.6,7.11,2170.7,Riverine Alluvial
63.2,26.5,43.9,32.8,95.6,5.28,3396.4,Brown Hydromorphic
75.7,32.5,49.8,31.0,60.7,7.5,1116.4,Black Cotton
98.2,53.8,72.0,21.2,93.4,4.83,4141.3,Forest Loam
71.8,17.5,88.9,31.1,82.9,5.64,2580.5,Laterite
100.7,41.9,84.5,28.4,80.7,6.95,2879.3,Riverine Alluvial
88.7,46.1,83.3,28.1,90.6,6.35,1898.5,Riverine Alluvial
122.4,38.1,89.0,18.9,89.8,6.05,3402.3,Forest Loam
58.1,34.9,51.1,34.9,83.6,7.94,2077.2,Coastal Alluvial
60.6,40.4,84.8,31.9,57.3,7.34,1455.4,Black Cotton
27.0,16.9,82.4,25.9,87.7,4.58,3571.4,Laterite
31.0,42.5,44.2,30.7,85.8,7.56,2193.0,Coastal Alluvial
56.7,32.7,73.7,28.2,80.7,5.53,2435.9,Red Loam
46.9,20.8,61.8,27.6,82.1,4.82,3120.4,Laterite
127.5,30.1,24.5,28.6,85.8,5.08,3111.9,Peaty
149.2,34.5,32.8,29.4,90.0,4.2,3635.7,Peaty
69.9,11.6,86.3,29.8,87.2,5.73,3303.1,Laterite
63.0,20.3,56.7,27.2,81.3,6.14,3547.0,Laterite
67.6,35.4,54.9,29.8,92.3,4.81,3397.4,Brown Hydromorphic
142.4,37.4,46.7,30.6,92.4,4.4,2773.3,Peaty
81.0,57.9,80.9,26.5,72.4,6.2,2616.8,Riverine Alluvial
40.6,15.6,41.5,28.4,68.9,7.6,1352.9,Sandy
53.5,41.0,66.1,31.1,77.4,7.47,1667.1,Coastal Alluvial
47.1,25.1,47.4,30.4,77.6,5.09,3390.8,Laterite
73.2,31.3,85.8,29.2,70.0,6.44,2675.4,Red Loam
60.0,12.2,46.4,29.7,79.8,5.75,2040.0,Laterite
75.7,13.4,90.3,30.3,80.4,5.1,3106.9,Laterite
69.8,28.4,56.7,26.6,86.1,4.54,3074.4,Brown Hydromorphic
73.0,29.1,61.6,30.3,84.6,5.05,3147.3,Brown Hydromorphic
80.1,26.0,101.5,26.8,86.9,6.33,2857.2,Red Loam
99.0,45.1,110.4,28.5,78.0,7.08,2979.5,Riverine Alluvial
75.2,32.9,56.0,29.3,81.1,4.76,3612.7,Brown Hydromorphic
52.1,20.2,83.9,29.8,87.5,6.59,1905.7,Red Loam
55.0,19.2,72.1,29.2,76.3,4.63,3605.1,Laterite
117.3,40.7,96.6,22.1,82.2,5.77,3977.9,Forest Loam
94.5,36.1,79.3,33.9,76.5,7.62,1188.6,Black Cotton
68.4,31.9,50.7,29.7,82.4,5.01,3012.2,Brown Hydromorphic
49.0,18.0,75.6,27.6,92.8,5.33,2963.9,Laterite
45.3,17.9,68.8,33.6,80.5,5.38,3329.7,Laterite
71.7,41.1,67.3,27.0,68.1,6.98,1758.6,Loamy
68.8,14.2,81.2,29.8,83.8,6.1,2015.1,Red Loam
39.9,5.9,99.0,27.9,84.6,5.77,3488.7,Laterite
57.1,20.0,69.0,28.8,80.5,5.41,2694.9,Laterite
67.0,29.3,61.5,28.8,76.5,5.93,2131.9,Red Loam
62.1,9.3,64.0,29.4,84.8,5.14,3237.9,Laterite
76.8,40.8,79.8,35.7,54.7,7.8,1666.1,Black Cotton
31.3,33.9,48.1,30.0,81.5,7.45,2291.8,Coastal Alluvial
115.3,60.0,53.8,27.6,75.9,7.47,2370.1,Riverine Alluvial
78.2,67.0,86.3,28.5,75.7,6.51,2806.4,Riverine Alluvial
74.6,50.0,89.0,36.1,62.2,7.82,1200.0,Black Cotton
167.8,24.4,57.7,29.9,87.3,4.83,2835.3,Peaty
46.6,33.5,58.3,34.2,90.8,7.69,2204.8,Coastal Alluvial
43.4,30.5,41.6,29.6,84.5,7.67,2060.2,Coastal Alluvial
52.9,39.9,68.4,28.2,56.1,8.26,1605.2,Black Cotton
49.0,9.0,62.7,30.0,77.6,5.12,2956.9,Laterite
60.0,57.0,59.6,34.2,74.4,6.92,1124.6,Black Cotton
42.8,25.1,51.4,31.2,83.7,7.44,1827.0,Coastal Alluvial
140.1,49.0,120.2,21.0,95.1,6.0,3935.7,Forest Loam
58.4,15.7,77.1,24.2,78.4,4.27,3234.4,Laterite
138.6,48.4,110.2,16.5,82.4,5.97,4029.0,Forest Loam
38.0,32.3,62.2,27.1,90.0,7.5,1862.4,Coastal Alluvial
78.6,24.4,47.4,34.2,86.0,5.92,2190.0,Red Loam
80.8,36.8,56.2,29.9,91.7,4.74,3411.7,Brown Hydromorphic
50.1,43.7,34.0,33.2,85.1,8.12,2242.4,Coastal Alluvial
73.4,42.3,88.2,20.7,90.5,5.56,2877.7,Forest Loam
79.6,59.7,85.0,27.5,80.1,6.68,2859.8,Riverine Alluvial
45.3,8.8,53.4,26.5,78.0,4.86,2771.1,Laterite
72.4,52.0,80.6,21.4,86.7,6.94,1315.8,Clayey
57.9,24.1,94.7,30.1,52.1,7.36,1350.7,Black Cotton
29.4,22.6,26.0,28.6,51.9,6.04,1337.6,Sandy
89.2,44.8,76.8,29.8,82.6,7.06,2712.7,Riverine Alluvial
87.3,60.8,66.4,32.0,75.0,6.62,3120.8,Riverine Alluvial
77.1,37.9,38.3,30.1,83.9,4.54,2813.3,Brown Hydromorphic
69.6,52.4,76.9,27.8,83.0,6.66,2489.9,Riverine Alluvial
82.2,19.6,105.8,27.9,80.8,6.06,2921.7,Red Loam
66.0,22.2,97.4,32.2,89.8,5.99,2747.3,Red Loam
68.1,46.1,61.7,29.6,64.5,8.09,1342.5,Black Cotton
62.7,26.0,71.0,30.4,71.4,6.32,2456.6,Red Loam
90.8,30.4,60.6,33.9,91.1,5.1,3350.0,Brown Hydromorphic
80.7,37.3,96.7,23.4,72.8,6.76,2947.8,Riverine Alluvial
62.6,26.7,39.6,27.1,87.3,4.94,3915.6,Brown Hydromorphic
66.2,34.3,116.1,28.2,72.7,6.87,2666.6,Clayey
144.4,61.0,113.4,19.8,82.2,6.11,3168.1,Forest Loam
50.2,17.9,38.8,29.8,79.4,5.7,2534.0,Laterite
115.7,50.2,91.4,19.1,85.9,6.06,3742.4,Forest Loam
117.9,57.3,84.9,19.6,87.3,5.71,4669.4,Forest Loam
54.1,11.4,90.0,24.4,71.7,5.04,3083.8,Laterite
31.2,30.3,45.0,30.4,92.1,7.9,2047.7,Coastal Alluvial
87.0,53.7,60.6,27.1,76.5,6.56,3576.9,Riverine Alluvial
86.2,41.5,64.4,30.0,84.2,5.04,2840.7,Brown Hydromorphic
53.7,13.7,99.8,31.8,83.7,5.98,3529.6,Laterite
81.1,51.6,73.9,31.0,84.4,7.07,3205.5,Riverine Alluvial
44.2,16.2,47.1,29.7,69.9,5.42,4135.4,Laterite
107.3,64.4,98.4,23.8,78.2,6.78,2450.4,Riverine Alluvial
87.6,39.1,78.4,29.2,74.0,6.65,1397.4,Loamy
64.0,22.0,51.8,31.5,90.8,4.83,2833.9,Brown Hydromorphic
41.4,15.7,54.8,27.6,79.4,5.24,3674.5,Laterite
46.2,24.5,68.3,30.1,85.5,7.66,1851.8,Coastal Alluvial
85.3,26.4,78.7,30.5,71.1,7.98,1018.4,Black Cotton
174.4,32.9,35.7,28.9,92.7,4.08,3079.8,Peaty
62.4,16.1,73.1,27.6,78.5,4.97,3349.9,Laterite
54.7,29.8,71.7,31.9,63.6,6.04,2918.3,Red Loam
126.5,21.3,43.1,30.1,96.5,3.38,2679.9,Peaty
75.3,24.6,74.7,34.0,81.8,6.1,2407.8,Red Loam
91.5,23.1,79.7,29.9,79.8,6.86,2154.4,Red Loam
57.5,9.1,40.1,32.6,83.5,5.48,3082.0,Laterite
69.8,48.3,65.1,25.0,82.3,7.16,2588.4,Riverine Alluvial
97.1,58.8,78.5,26.6,91.4,6.67,3000.3,Riverine Alluvial
70.5,36.5,71.6,31.8,79.3,6.46,2588.6,Red Loam
46.1,39.2,67.1,32.8,80.3,7.45,2140.1,Coastal Alluvial
77.1,32.2,44.6,31.1,86.1,4.98,3525.1,Brown Hydromorphic
58.2,30.2,70.0,27.9,71.2,7.6,2004.3,Coastal Alluvial
79.0,40.4,67.3,33.5,63.9,7.69,1114.7,Black Cotton
149.8,27.9,37.2,35.2,99.1,4.1,2709.3,Peaty
59.2,19.8,77.4,27.5,79.2,6.19,2856.3,Laterite
57.9,13.3,83.1,33.1,78.7,4.92,3698.3,Laterite
66.2,19.5,77.5,28.4,67.2,5.91,2126.1,Red Loam
57.7,10.1,65.5,29.3,83.9,5.19,3501.2,Laterite
60.7,10.1,58.3,30.0,79.0,5.57,3263.0,Laterite
40.0,30.7,68.8,32.5,83.1,7.21,2105.3,Coastal Alluvial
185.0,26.0,38.7,28.6,89.9,3.47,3262.3,Peaty
111.1,55.7,103.0,17.2,89.6,6.02,4827.6,Forest Loam
27.4,12.7,36.7,35.4,47.0,6.84,1313.1,Sandy
51.2,15.8,69.5,31.2,86.0,4.69,3999.2,Laterite
71.4,23.9,58.0,28.7,89.6,4.52,2961.7,Brown Hydromorphic
63.7,51.9,58.3,34.6,76.8,6.79,3485.5,Riverine Alluvial
22.5,34.1,70.3,31.9,91.4,7.99,2110.4,Coastal Alluvial
48.5,19.7,36.0,31.7,86.0,5.16,3257.7,Laterite
149.0,30.8,46.2,28.8,88.2,4.56,3427.1,Peaty
113.3,47.4,86.1,17.7,89.1,5.68,3542.6,Forest Loam
50.2,17.0,75.4,26.4,78.6,4.54,2921.1,Laterite
148.5,32.0,42.5,28.2,98.1,4.59,2842.4,Peaty
72.9,16.6,55.4,31.9,78.9,5.61,3418.3,Laterite
37.5,42.9,45.8,34.9,91.4,8.08,1735.3,Coastal Alluvial
102.7,43.8,132.2,18.5,79.6,6.76,4019.0,Forest Loam
64.4,36.0,95.3,24.7,74.8,6.31,1974.6,Red Loam
93.9,53.0,106.0,27.3,81.5,6.43,2764.2,Riverine Alluvial
108.4,56.4,76.6,18.4,82.6,5.59,3862.1,Forest Loam
64.0,21.4,77.6,31.2,81.1,6.35,2466.6,Red Loam
91.3,52.2,63.5,35.3,60.4,8.03,1521.0,Black Cotton
80.5,44.9,77.7,36.2,50.1,7.32,1591.1,Black Cotton
90.0,33.3,73.6,36.1,62.8,8.54,1266.3,Black Cotton
47.0,25.1,36.0,33.9,56.4,6.46,1223.7,Sandy
68.6,23.7,61.3,36.3,61.2,6.72,1365.8,Black Cotton
66.7,11.7,69.4,27.8,80.8,5.17,2960.4,Laterite
156.3,34.4,37.7,31.1,89.4,4.34,2895.6,Peaty
83.4,64.3,102.3,26.3,77.0,6.82,2275.5,Riverine Alluvial
83.1,36.6,63.5,36.7,59.9,8.16,1588.8,Black Cotton
34.8,11.9,29.4,32.0,54.3,7.04,1603.1,Sandy
99.1,52.0,116.2,24.1,74.6,6.81,2893.9,Riverine Alluvial
44.4,22.5,48.8,30.5,88.3,8.05,2414.7,Coastal Alluvial
47.7,15.5,85.7,26.0,82.2,5.46,2873.3,Red Loam
107.4,31.3,76.7,20.7,89.4,5.72,3398.7,Forest Loam
104.9,43.7,92.7,20.6,82.4,5.58,3089.2,Forest Loam
95.8,54.0,89.4,27.6,88.7,6.9,2694.0,Riverine Alluvial
113.2,61.8,82.6,28.8,86.6,6.58,2609.1,Riverine Alluvial
83.0,35.7,86.8,33.9,65.2,6.69,2454.0,Clayey
45.6,25.0,39.9,32.0,48.8,7.41,1125.3,Sandy
67.0,44.8,77.6,34.9,67.0,7.08,1791.2,Black Cotton
85.0,57.6,93.2,28.6,84.3,6.97,1836.0,Riverine Alluvial
140.7,34.8,31.8,28.6,96.6,3.76,2586.9,Peaty
27.0,22.6,57.6,27.4,87.2,4.95,3454.6,Laterite
60.9,30.1,87.4,34.7,74.6,6.12,2748.1,Red Loam
60.7,47.6,70.9,30.8,64.8,7.37,1227.8,Black Cotton
43.0,44.9,60.3,32.1,93.3,7.71,1720.3,Coastal Alluvial
75.2,39.3,50.6,28.6,85.0,4.62,3018.9,Brown Hydromorphic
154.5,25.2,38.4,31.0,94.6,4.12,3104.7,Peaty
66.3,51.4,84.1,32.2,87.6,7.04,3442.5,Riverine Alluvial
36.1,32.7,57.9,33.0,85.8,7.21,1891.0,Coastal Alluvial
61.0,16.8,68.5,31.3,77.2,5.54,3805.4,Laterite
101.0,53.2,106.5,20.2,74.7,5.58,3977.9,Forest Loam
55.8,13.6,86.1,29.4,78.9,5.21,4081.2,Laterite
132.3,40.7,88.8,22.2,86.6,5.76,4207.1,Forest Loam
44.8,40.3,52.3,29.9,80.7,7.62,1714.4,Coastal Alluvial
79.2,32.8,54.6,31.1,63.3,7.91,1555.1,Black Cotton
71.4,7.2,69.4,28.0,82.5,5.3,3485.5,Laterite
69.6,33.5,97.7,26.4,82.5,5.7,1761.0,Red Loam
52.2,32.9,88.8,29.1,82.9,6.62,2257.0,Red Loam
39.0,51.7,54.5,33.0,81.7,7.27,2239.1,Coastal Alluvial
97.4,44.3,51.5,30.5,89.7,6.42,3103.4,Riverine Alluvial
42.4,34.1,72.7,26.5,74.7,6.63,2148.6,Red Loam
75.4,25.5,86.6,34.0,78.9,6.04,3267.4,Red Loam
58.5,27.2,73.4,33.5,81.5,6.34,2828.8,Red Loam
54.9,36.7,94.1,30.9,70.3,7.49,2192.3,Clayey
134.4,62.6,110.7,23.5,92.5,5.92,3708.2,Forest Loam
39.7,22.3,80.6,29.2,86.7,5.85,3520.8,Laterite
85.4,41.7,75.8,29.3,62.3,8.36,1474.3,Black Cotton
98.6,50.8,70.8,15.9,78.2,5.82,3575.9,Forest Loam
38.9,13.7,88.6,28.5,80.3,5.12,3104.6,Laterite
53.4,34.4,82.1,26.6,81.0,6.21,2226.4,Red Loam
68.8,31.2,81.5,32.9,68.5,6.39,2227.4,Red Loam
66.7,30.9,47.1,28.6,92.7,4.62,3208.7,Brown Hydromorphic
48.4,68.1,73.1,26.7,76.2,7.01,1906.7,Clayey
99.8,40.5,63.4,30.3,87.3,4.18,3523.8,Brown Hydromorphic
52.0,27.6,67.3,31.2,74.1,5.81,2512.6,Red Loam
53.5,13.8,59.5,34.1,82.6,4.51,2742.2,Laterite
48.4,19.5,74.9,33.0,77.6,4.89,4096.0,Laterite
53.9,32.5,75.4,33.8,60.8,7.56,1226.8,Black Cotton
36.8,36.0,76.5,31.5,81.8,7.64,2259.5,Coastal Alluvial
66.5,23.5,80.4,31.5,72.7,6.57,2835.3,Red Loam
83.9,53.3,57.2,29.5,74.2,6.96,2927.1,Riverine Alluvial
52.4,38.7,77.8,29.8,91.9,8.09,2543.7,Coastal Alluvial
60.7,37.7,100.6,36.0,72.1,6.18,2267.2,Red Loam
39.6,28.3,36.9,31.9,85.5,7.66,1801.4,Coastal Alluvial
114.9,62.8,99.6,16.6,83.0,5.4,3868.7,Forest Loam
45.1,18.9,59.2,26.6,87.5,5.58,3533.2,Laterite
101.2,59.9,83.9,23.1,83.6,5.44,4203.9,Forest Loam
53.0,32.6,57.1,30.3,84.9,5.66,2732.7,Red Loam
60.1,17.5,52.1,33.2,85.1,5.45,3772.6,Laterite
83.6,35.4,31.4,27.5,84.6,4.44,3724.5,Brown Hydromorphic
64.4,27.7,90.4,35.2,82.9,6.33,2062.5,Red Loam
41.8,25.6,65.2,32.3,82.1,7.33,2532.0,Coastal Alluvial
75.9,45.8,77.2,28.0,71.8,6.86,1976.3,Loamy
39.5,5.0,76.8,34.1,81.8,5.81,3338.3,Laterite
77.6,46.1,91.6,22.4,69.4,6.15,1824.6,Loamy
79.9,18.7,69.6,27.1,61.8,5.25,3046.1,Red Loam
39.1,31.7,55.2,32.8,51.6,6.67,1318.8,Sandy
32.9,16.7,51.7,25.5,74.8,4.96,3069.0,Laterite
53.7,10.3,103.5,27.0,82.2,5.03,3420.8,Laterite
85.4,37.7,62.5,29.5,58.3,7.7,1493.6,Black Cotton
27.0,16.1,95.5,25.9,90.9,5.71,3471.3,Laterite
67.6,22.7,74.1,27.8,74.7,5.82,2276.8,Red Loam
89.7,57.2,64.9,26.4,78.3,6.68,2622.6,Riverine Alluvial
62.8,50.5,69.5,21.7,79.6,7.38,1851.8,Clayey
73.0,24.6,118.4,30.7,67.6,6.33,1934.5,Red Loam
76.5,36.5,55.2,34.6,57.4,8.01,1033.4,Black Cotton
43.4,23.7,78.6,30.9,79.4,4.59,3783.8,Laterite
51.5,43.0,68.2,34.5,87.8,8.05,2004.7,Coastal Alluvial
65.1,14.5,50.1,26.7,78.8,6.17,2491.3,Red Loam
133.3,47.0,90.6,14.2,79.6,5.62,3538.6,Forest Loam
50.0,44.2,70.7,29.0,92.1,7.53,2172.7,Coastal Alluvial
149.3,27.1,46.5,30.1,95.9,3.35,3202.0,Peaty
52.6,12.9,78.7,26.8,71.9,5.67,3738.5,Laterite
178.4,17.2,54.1,29.7,88.4,4.3,2835.8,Peaty
54.3,20.9,79.9,30.6,85.7,5.99,4225.6,Laterite
70.9,51.9,65.3,27.5,81.4,6.94,3349.8,Riverine Alluvial
67.9,15.0,76.8,26.9,80.8,5.8,3301.9,Laterite
64.2,27.7,81.1,31.0,74.5,5.91,2811.8,Red Loam
54.7,33.4,81.0,30.2,71.1,6.29,3115.5,Red Loam
96.6,44.6,102.5,30.3,72.5,7.47,1780.7,Clayey
81.7,62.0,111.9,30.6,80.6,6.95,1715.1,Clayey
46.5,21.2,83.4,24.8,75.1,5.51,2205.0,Red Loam
74.4,56.4,98.2,30.9,81.9,7.46,2614.3,Clayey
27.7,43.8,70.6,30.8,94.9,7.7,2127.4,Coastal Alluvial
140.1,42.5,96.7,16.6,85.6,5.82,3792.7,Forest Loam
55.0,36.7,57.3,31.9,91.9,8.05,2272.9,Coastal Alluvial
119.9,62.6,71.2,17.0,90.6,6.17,4802.0,Forest Loam
89.5,44.2,64.5,23.0,79.5,5.58,2710.0,Forest Loam
97.4,41.4,85.9,28.1,76.9,6.91,1945.4,Clayey
129.0,30.0,111.1,19.2,79.4,6.19,3919.1,Forest Loam
55.7,9.3,82.4,29.0,92.9,5.77,2821.7,Laterite
71.5,42.9,58.7,26.7,81.2,6.34,2406.0,Loamy
64.8,21.2,77.1,28.5,82.8,4.99,2611.6,Laterite
85.5,39.6,66.0,35.7,63.8,6.84,1624.6,Black Cotton
63.5,21.8,49.8,26.6,75.0,4.86,3229.1,Laterite
113.9,49.0,122.7,17.9,84.0,5.6,4193.0,Forest Loam
59.4,50.2,84.6,27.8,82.5,6.38,3431.9,Riverine Alluvial
62.1,30.6,75.6,30.0,79.2,6.33,2022.2,Red Loam
142.1,20.2,51.3,33.6,93.6,4.45,3028.7,Peaty
94.5,38.6,97.8,27.5,74.7,6.78,2973.0,Riverine Alluvial
79.2,55.7,74.7,28.4,77.3,6.67,3068.4,Riverine Alluvial
41.4,18.2,64.3,27.3,83.9,5.32,2991.5,Laterite
92.8,55.5,54.0,26.0,80.3,7.43,2864.3,Riverine Alluvial
79.4,29.2,56.2,28.5,85.9,5.66,2919.9,Brown Hydromorphic
122.5,43.0,80.1,21.7,79.8,5.22,4333.7,Forest Loam
76.2,39.3,55.9,31.4,88.5,4.78,3266.2,Brown Hydromorphic
76.8,19.0,65.0,32.7,87.6,5.28,3144.1,Brown Hydromorphic
50.6,30.1,44.4,29.6,62.9,6.82,1194.5,Sandy
96.9,61.6,77.5,18.7,75.4,6.15,4343.4,Forest Loam
120.0,52.9,96.9,22.1,91.6,5.64,3864.9,Forest Loam
102.9,37.5,98.4,20.3,84.0,5.44,3083.0,Forest Loam
68.7,38.0,59.5,34.5,65.7,7.77,1623.4,Black Cotton
98.7,38.0,79.6,28.6,68.9,6.37,2880.8,Riverine Alluvial
41.9,33.6,43.9,31.0,74.5,8.0,1742.5,Coastal Alluvial
58.4,50.7,81.0,28.5,61.0,7.3,1100.0,Black Cotton
22.5,30.5,48.0,29.2,82.9,7.83,1775.0,Coastal Alluvial
46.1,37.9,101.9,28.9,69.4,6.26,2982.4,Red Loam
65.7,14.8,79.0,28.7,91.3,5.33,4087.6,Laterite
165.7,30.3,39.8,31.0,90.7,4.38,3358.1,Peaty
84.6,62.7,74.2,31.3,76.1,6.92,2628.7,Riverine Alluvial
46.5,12.9,54.5,30.0,90.5,4.33,2469.7,Laterite
42.4,43.3,49.8,33.3,82.5,7.58,2166.6,Coastal Alluvial
80.4,41.6,72.5,29.1,59.7,6.82,1505.3,Black Cotton
50.3,8.9,37.9,24.6,77.3,5.98,3189.4,Laterite
77.0,56.5,94.5,31.1,66.5,7.3,2050.6,Clayey
78.3,20.9,87.2,31.9,78.2,5.14,3719.6,Laterite
40.9,8.6,82.7,30.8,82.7,5.06,3186.7,Laterite
90.9,46.3,101.5,26.7,80.4,6.7,3243.9,Riverine Alluvial
167.7,28.4,63.5,31.2,90.6,4.24,2828.2,Peaty
147.6,19.7,28.1,27.4,88.7,3.69,3270.4,Peaty
61.4,35.9,60.8,25.1,63.0,6.48,1628.1,Loamy
113.5,50.8,99.7,18.5,83.9,5.36,3857.0,Forest Loam
118.7,60.6,123.3,20.7,88.1,5.86,4686.0,Forest Loam
45.6,46.7,80.2,33.9,86.0,8.1,2341.6,Coastal Alluvial
72.3,45.7,48.6,24.3,89.5,5.08,3210.5,Brown Hydromorphic
75.5,37.0,93.9,29.0,73.3,6.24,2812.4,Red Loam
64.2,36.5,32.6,33.6,77.0,7.95,1591.6,Coastal Alluvial
82.9,48.4,68.4,29.6,75.8,7.16,2789.8,Riverine Alluvial
43.6,18.9,68.7,35.7,79.6,4.92,3491.1,Laterite
65.9,20.2,112.4,33.9,75.5,6.78,2974.6,Red Loam
161.9,37.4,43.2,28.1,93.6,4.65,3200.5,Peaty
111.8,49.6,86.7,19.9,95.2,5.74,3533.3,Forest Loam
73.7,38.7,45.1,33.3,88.0,4.54,3130.7,Brown Hydromorphic
50.4,8.9,59.1,31.7,88.2,6.25,3014.7,Laterite
67.7,11.7,92.5,29.7,80.0,5.31,3309.1,Laterite
87.1,48.1,99.0,23.2,88.0,5.93,4282.3,Forest Loam
96.6,63.0,87.0,30.2,72.4,6.8,2635.2,Riverine Alluvial
39.3,15.3,88.1,24.6,79.5,4.98,3837.2,Laterite
66.1,36.5,102.3,30.9,83.3,6.06,2618.2,Red Loam
119.8,47.8,77.2,30.0,83.0,6.49,2819.3,Riverine Alluvial
105.7,25.3,31.7,32.2,90.2,4.3,2609.5,Peaty
114.4,36.8,112.4,14.9,87.9,5.52,4225.4,Forest Loam
72.2,42.4,101.9,24.7,87.8,6.64,1020.0,Clayey
56.0,14.6,68.8,30.4,87.3,5.21,3034.1,Laterite
44.7,16.5,37.4,30.6,48.6,6.05,1073.4,Sandy
123.0,47.1,70.3,23.1,79.2,5.27,4314.7,Forest Loam
36.0,13.2,69.5,32.5,92.1,4.86,3976.0,Laterite
86.8,31.3,42.9,36.4,58.4,7.31,1396.8,Black Cotton
31.3,55.0,65.3,29.1,83.2,8.39,2272.7,Coastal Alluvial
68.6,41.6,85.6,26.8,81.2,7.22,1020.0,Clayey
77.3,64.4,94.9,24.3,63.7,7.37,2172.0,Clayey
143.9,23.4,38.2,29.5,87.6,4.34,3333.5,Peaty
120.4,40.1,67.5,20.0,76.8,5.94,4118.6,Forest Loam
113.5,54.3,95.1,25.3,80.5,6.76,3013.1,Riverine Alluvial
99.7,58.7,74.9,27.3,83.6,5.89,4515.3,Forest Loam
165.0,46.0,75.1,23.4,81.3,5.83,3812.4,Forest Loam
65.8,44.3,70.3,26.7,80.8,7.47,2697.2,Clayey
44.9,27.3,105.0,35.1,77.0,5.96,2420.2,Red Loam
122.5,17.3,66.0,28.0,87.4,4.73,2647.9,Peaty
60.5,14.9,65.2,30.6,91.6,5.01,4177.0,Laterite
94.5,58.9,70.9,18.2,88.3,5.3,4370.5,Forest Loam
120.8,24.7,35.4,28.2,90.9,4.76,3078.0,Peaty
77.5,29.4,90.6,32.4,72.8,6.43,2839.1,Red Loam
49.3,32.4,83.1,35.9,78.4,6.47,2917.6,Red Loam
35.8,35.7,76.0,30.1,91.3,7.64,1479.9,Coastal Alluvial
147.0,50.5,105.9,23.9,87.0,5.7,4485.2,Forest Loam
75.3,11.5,64.4,32.4,88.3,5.12,3318.4,Laterite
77.9,55.0,61.5,27.8,80.4,6.94,2791.1,Riverine Alluvial
112.4,36.2,49.7,26.3,91.8,4.29,2928.9,Peaty
121.0,21.7,44.2,31.0,90.1,4.84,3111.4,Peaty
33.3,26.4,37.7,27.7,52.4,7.88,1113.9,Sandy
73.9,46.2,106.8,25.3,81.2,6.97,3110.7,Riverine Alluvial
79.0,25.8,61.9,26.7,96.7,5.34,3452.0,Brown Hydromorphic
108.0,51.3,81.1,20.9,93.2,5.29,4084.2,Forest Loam
54.8,7.2,71.8,28.2,73.2,5.38,3047.0,Laterite
60.1,38.1,54.8,30.5,93.2,4.31,2988.2,Brown Hydromorphic
83.9,48.4,71.8,28.2,75.5,6.6,3418.4,Riverine Alluvial
50.2,21.8,85.5,29.4,78.6,5.45,3557.4,Laterite
59.0,27.6,56.9,32.2,97.7,4.64,2935.4,Brown Hydromorphic
32.3,33.8,47.6,31.9,81.8,8.38,1653.3,Coastal Alluvial
88.8,38.3,67.0,20.3,82.9,5.54,2990.9,Forest Loam
49.0,11.4,68.0,25.6,89.9,5.29,3438.5,Laterite
68.5,21.3,57.0,30.6,90.2,4.25,2727.2,Brown Hydromorphic
66.6,30.8,86.8,29.4,78.6,6.24,2506.7,Red Loam
127.1,45.0,127.4,17.0,87.8,5.98,4533.9,Forest Loam
148.4,33.2,35.9,28.4,94.2,3.84,3075.3,Peaty
75.0,14.7,59.1,23.9,76.9,4.97,2926.2,Laterite
70.1,60.3,75.2,26.4,76.6,6.6,2169.2,Loamy
55.4,23.8,76.0,25.4,74.5,6.2,2532.7,Red Loam
39.0,20.8,36.0,32.8,53.0,6.66,1234.5,Sandy
45.7,55.0,67.0,28.2,92.1,7.76,1742.1,Coastal Alluvial
30.4,16.1,74.2,26.6,80.2,4.86,3954.3,Laterite
71.9,24.1,68.4,31.8,90.1,4.98,3039.1,Brown Hydromorphic
66.3,35.4,50.8,32.2,79.2,5.07,3292.9,Brown Hydromorphic
89.4,60.8,52.7,25.1,85.7,6.73,3029.6,Riverine Alluvial
43.7,9.8,64.9,28.3,78.1,5.48,3302.6,Laterite
47.5,31.9,18.0,31.7,64.5,6.58,938.9,Sandy
126.0,47.6,130.4,25.8,81.5,6.9,2814.0,Riverine Alluvial
53.2,45.1,61.0,27.7,50.3,7.83,1687.0,Black Cotton
60.2,45.1,41.7,32.0,81.0,8.36,1963.2,Coastal Alluvial
166.6,20.0,30.2,28.2,95.5,4.2,3172.0,Peaty
50.2,38.4,55.5,30.1,94.8,4.77,3635.4,Brown Hydromorphic
146.6,24.8,40.2,29.4,93.5,3.69,2794.6,Peaty
52.6,38.4,31.4,28.9,80.9,8.31,2072.3,Coastal Alluvial
151.8,56.9,108.5,21.0,82.3,5.29,3470.8,Forest Loam
52.0,16.8,70.1,25.3,86.0,5.83,3778.2,Laterite
150.2,25.1,39.2,28.1,90.8,3.61,2625.9,Peaty
79.9,14.7,104.0,26.5,77.1,4.76,4096.4,Laterite
127.3,26.6,50.8,28.8,96.8,3.75,2353.4,Peaty
66.6,40.8,40.9,30.0,80.8,4.99,2742.8,Brown Hydromorphic
103.8,44.8,87.0,22.4,85.3,5.81,4294.9,Forest Loam
129.3,58.5,111.7,33.4,82.6,6.64,2816.0,Riverine Alluvial
71.4,31.6,55.1,29.0,70.1,6.24,3040.7,Red Loam
65.6,16.5,59.7,32.5,75.9,4.98,3779.8,Laterite
78.9,28.4,91.9,27.6,80.2,5.84,2653.3,Red Loam
44.6,32.3,55.5,31.4,88.4,7.04,1676.5,Coastal Alluvial
138.0,27.7,32.0,30.7,91.3,4.4,3328.2,Peaty
64.3,11.5,67.0,32.4,78.6,5.06,2854.8,Laterite
108.7,38.9,68.7,21.6,91.4,5.93,4013.6,Forest Loam
66.0,45.8,74.6,23.7,87.2,6.16,3092.0,Riverine Alluvial
92.4,45.9,77.2,30.7,80.9,6.82,2931.7,Riverine Alluvial
41.6,29.2,76.1,32.4,81.3,7.32,1630.1,Coastal Alluvial
53.1,31.9,79.6,31.5,65.7,7.62,1486.2,Black Cotton
46.2,13.5,27.4,32.4,46.8,6.86,1310.3,Sandy
44.1,12.3,64.0,28.8,79.6,5.57,3536.4,Laterite
45.7,32.3,61.2,33.8,92.0,7.63,1899.7,Coastal Alluvial
63.9,35.4,51.8,31.8,87.3,7.91,1432.7,Coastal Alluvial
44.5,10.3,55.3,29.9,83.2,5.26,3410.6,Laterite
107.2,44.8,99.9,25.9,81.8,6.99,2486.8,Riverine Alluvial
47.8,30.8,94.1,31.3,73.1,6.28,2487.5,Red Loam
46.2,9.4,87.3,31.7,89.8,4.98,3063.4,Laterite
93.3,35.1,63.6,33.6,94.0,4.74,2899.9,Brown Hydromorphic
81.8,42.4,63.3,31.6,79.6,5.71,3422.1,Brown Hydromorphic
129.1,55.7,75.6,20.9,77.4,5.98,4559.2,Forest Loam
66.7,10.8,49.3,29.2,86.9,5.49,2961.1,Laterite
85.5,66.5,101.2,28.1,79.6,7.11,2606.4,Riverine Alluvial
44.6,22.1,110.0,30.7,86.0,5.42,3109.1,Laterite
62.4,20.6,91.6,32.1,81.5,4.96,3010.0,Laterite
82.6,32.3,54.1,26.2,70.9,6.58,1309.8,Loamy
100.0,65.4,89.6,26.9,82.2,6.64,2147.8,Riverine Alluvial
52.8,23.4,43.4,25.3,84.3,7.77,1702.9,Coastal Alluvial
45.5,10.1,82.2,30.4,76.7,4.9,3883.2,Laterite
42.6,40.4,30.4,28.1,83.1,8.02,2145.4,Coastal Alluvial
22.5,20.8,49.7,30.7,90.1,6.65,2259.6,Coastal Alluvial
64.9,25.0,77.8,26.6,76.4,5.87,2347.3,Red Loam
108.4,56.9,75.3,30.3,80.9,7.01,2653.5,Riverine Alluvial
65.3,42.5,93.1,20.9,81.4,6.93,3055.0,Clayey
42.7,37.2,54.3,30.3,88.2,7.79,2287.2,Coastal Alluvial
55.5,25.6,56.9,25.5,83.4,6.15,2340.0,Red Loam
139.5,33.9,89.6,20.5,82.1,6.03,3920.3,Forest Loam
88.8,43.5,36.6,30.2,85.3,4.7,3568.5,Brown Hydromorphic
67.8,37.0,63.1,28.8,61.7,8.04,877.4,Black Cotton
85.8,31.4,54.9,28.5,84.6,6.1,2436.2,Red Loam
73.3,31.6,120.8,21.5,91.8,7.07,3059.4,Clayey
92.9,47.3,93.3,30.0,79.6,6.92,2683.4,Clayey
114.1,22.5,54.0,31.1,93.0,4.05,2878.2,Peaty
58.4,20.3,55.9,30.6,74.2,4.94,3944.9,Laterite
36.0,36.2,111.8,28.6,72.3,5.76,2113.8,Red Loam
44.8,37.7,45.5,30.0,90.0,8.35,1350.7,Coastal Alluvial
83.9,34.4,93.9,29.9,73.7,6.7,3028.9,Riverine Alluvial
50.2,26.7,62.6,30.5,88.6,7.67,1417.4,Coastal Alluvial
52.3,15.5,92.3,30.9,89.6,5.66,3136.6,Laterite
67.2,19.0,63.6,29.4,69.5,5.42,3465.1,Laterite
78.3,46.7,100.8,31.3,79.0,7.44,2794.6,Clayey
81.3,29.1,28.7,33.7,90.1,3.96,3537.6,Brown Hydromorphic
81.8,46.4,87.0,27.2,74.5,7.06,2355.3,Clayey
145.8,37.8,34.8,29.9,94.1,4.45,2921.5,Peaty
143.2,55.1,107.0,23.0,92.3,6.19,5240.1,Forest Loam
56.0,28.9,89.4,30.4,68.2,5.89,2665.3,Red Loam
73.7,29.4,86.5,28.7,72.5,6.39,3864.0,Red Loam
45.5,35.0,72.9,28.9,77.2,7.68,1836.0,Coastal Alluvial
118.4,27.0,95.6,18.6,82.3,5.23,3526.8,Forest Loam
49.1,22.4,23.9,37.5,55.2,6.49,1244.2,Sandy
58.0,21.9,78.5,28.1,68.9,6.39,2065.0,Red Loam
83.4,71.2,92.7,28.4,83.2,6.99,2873.4,Riverine Alluvial
77.4,30.8,92.4,35.7,74.5,5.74,2446.3,Red Loam
98.8,50.4,77.3,28.4,83.8,6.56,2836.7,Riverine Alluvial
89.4,39.7,53.1,31.3,89.0,4.78,3415.5,Brown Hydromorphic
68.5,28.5,75.4,29.2,80.7,6.86,2664.5,Red Loam
62.2,54.7,78.3,24.2,67.8,6.33,1485.1,Loamy
176.8,26.5,37.7,29.2,85.4,4.04,2757.4,Peaty
87.9,59.0,84.0,19.7,86.1,6.74,4379.9,Forest Loam
162.5,17.3,46.5,31.3,86.0,4.0,3015.1,Peaty
100.2,29.4,109.6,25.0,92.2,5.84,4035.1,Forest Loam
72.0,46.5,92.9,28.9,79.4,7.06,2247.8,Clayey
69.4,33.5,97.2,27.2,81.1,6.1,2343.3,Red Loam
26.8,12.9,44.6,33.0,54.6,6.52,1056.5,Sandy
97.4,53.6,111.1,29.6,88.8,6.83,2685.5,Riverine Alluvial
124.6,39.9,101.9,24.4,84.6,5.26,4016.9,Forest Loam
61.7,31.0,65.7,29.8,70.3,6.29,2652.5,Red Loam
91.6,39.3,36.9,30.6,85.7,4.66,2798.4,Brown Hydromorphic
74.3,24.8,59.1,29.7,91.6,4.78,3024.8,Brown Hydromorphic
84.2,54.0,91.5,30.6,76.0,6.46,1933.8,Loamy
127.1,34.1,48.5,28.9,92.4,4.27,2579.0,Peaty
152.8,29.9,29.2,27.7,92.1,4.82,2781.7,Peaty
54.9,40.9,48.9,35.0,74.2,7.58,1745.5,Coastal Alluvial
130.2,20.5,42.8,32.4,90.1,4.07,2654.8,Peaty
89.3,61.8,49.5,24.9,81.4,6.68,2864.8,Riverine Alluvial
133.4,40.2,109.8,23.8,80.4,5.67,4019.0,Forest Loam
106.9,33.3,76.2,16.3,87.1,5.58,3942.7,Forest Loam
71.3,29.5,86.8,26.5,85.3,6.07,2183.8,Red Loam
45.2,26.7,31.0,31.6,47.5,6.55,1374.9,Sandy
54.3,40.6,68.8,30.1,70.4,5.81,2623.1,Red Loam
76.5,56.5,67.3,28.9,81.8,7.6,2747.0,Riverine Alluvial
76.5,27.5,70.2,29.0,92.0,5.12,2886.3,Laterite
43.4,9.4,56.1,26.1,87.0,5.51,2564.6,Laterite
86.2,51.2,80.5,29.0,73.6,7.2,3154.6,Riverine Alluvial
127.2,48.3,104.3,19.4,77.1,5.84,3816.6,Forest Loam
61.2,18.9,76.1,29.2,85.1,4.8,3202.2,Laterite
46.1,36.7,64.6,32.2,84.0,7.93,2067.7,Coastal Alluvial
124.8,22.9,33.5,32.6,93.0,4.58,2834.5,Peaty
82.2,27.4,66.7,28.0,88.2,6.61,2497.8,Red Loam
31.5,25.1,46.8,33.5,42.6,6.68,1394.9,Sandy
68.7,42.5,88.5,27.1,82.4,6.94,2750.9,Clayey
36.0,26.2,36.0,30.4,40.8,6.58,960.7,Sandy
55.4,10.7,85.2,33.1,83.6,4.59,3317.3,Laterite
68.7,34.9,85.8,30.5,73.7,6.59,2976.8,Red Loam
70.3,47.0,50.6,25.5,72.3,6.11,1687.6,Loamy
112.5,59.2,95.7,28.3,79.5,6.72,2823.4,Riverine Alluvial
53.6,44.9,56.8,22.3,65.6,6.49,2182.5,Loamy
121.0,43.1,103.0,20.2,88.7,5.36,4178.3,Forest Loam
80.6,59.5,74.0,28.8,81.8,6.64,2430.2,Riverine Alluvial
40.1,22.0,46.8,34.7,64.3,6.59,1354.0,Sandy
75.4,21.3,53.9,25.7,71.3,6.52,3157.1,Red Loam
74.2,44.5,57.7,32.6,87.1,4.41,2831.3,Brown Hydromorphic
85.3,59.7,113.6,29.7,81.4,6.96,2703.2,Riverine Alluvial
51.1,55.6,82.2,31.1,55.7,8.0,1220.5,Black Cotton
79.7,21.0,83.7,26.6,72.2,5.99,1719.7,Red Loam
103.6,58.0,112.4,27.7,81.3,6.88,2374.3,Riverine Alluvial
130.3,43.0,104.8,21.5,80.5,5.8,4090.5,Forest Loam
70.4,27.1,59.4,28.1,87.1,4.15,3889.5,Brown Hydromorphic
25.6,19.4,30.4,28.5,44.2,6.36,1359.7,Sandy
53.3,33.9,58.2,27.1,85.1,4.91,3139.6,Brown Hydromorphic
35.4,29.5,39.0,30.9,56.9,7.32,894.9,Sandy
61.6,20.6,57.9,29.1,77.9,5.21,3109.5,Laterite
33.3,39.9,44.8,33.6,87.8,7.71,2177.4,Coastal Alluvial
66.0,40.5,36.4,30.2,88.0,5.22,3564.9,Brown Hydromorphic
80.7,33.7,56.8,32.7,92.3,5.0,2733.7,Brown Hydromorphic
58.4,16.3,66.9,29.5,83.4,6.43,2542.7,Red Loam
81.9,34.7,61.2,32.0,91.8,4.92,2779.5,Brown Hydromorphic
49.6,11.8,85.9,31.6,78.7,5.01,2777.8,Laterite
42.8,31.2,59.1,32.6,87.9,7.64,2029.0,Coastal Alluvial
32.4,16.9,36.3,23.8,55.0,6.96,1305.0,Sandy
77.8,43.3,97.7,24.7,82.0,6.7,1496.0,Clayey
102.3,47.1,64.0,22.2,74.7,5.81,3369.7,Forest Loam
65.6,36.7,51.3,32.7,63.7,8.19,1552.3,Black Cotton
35.7,39.8,48.3,27.6,94.6,8.77,2123.1,Coastal Alluvial
128.5,33.9,48.4,25.5,93.3,4.1,2705.4,Peaty
52.8,7.9,70.7,27.3,71.7,5.21,4651.9,Laterite
80.2,29.6,94.2,32.0,81.1,6.48,2177.8,Red Loam
82.2,39.3,97.3,27.7,85.2,6.94,2056.1,Clayey
120.9,42.0,113.2,17.6,86.9,6.18,3714.3,Forest Loam
73.9,43.2,92.6,29.7,78.8,7.0,3298.5,Riverine Alluvial
87.4,42.0,70.6,25.5,73.7,6.9,2079.5,Loamy
55.3,4.5,69.5,26.5,77.0,5.53,3174.7,Laterite
55.2,45.5,59.9,25.8,83.4,5.16,2682.5,Brown Hydromorphic
142.0,33.7,38.7,30.5,97.3,4.23,3064.1,Peaty
52.0,43.8,63.3,28.8,80.5,7.62,2557.9,Coastal Alluvial
115.7,50.5,71.3,22.4,83.9,5.94,4171.3,Forest Loam
62.4,39.4,60.3,36.4,92.8,7.05,2120.8,Coastal Alluvial
62.4,18.8,55.8,33.0,91.0,7.69,2186.2,Coastal Alluvial
40.8,47.4,62.5,33.1,85.1,7.6,1588.5,Coastal Alluvial
142.6,29.1,57.8,30.7,90.2,4.81,2756.4,Peaty
70.5,24.0,79.6,29.1,78.9,6.55,2240.9,Red Loam
142.3,60.4,98.0,18.1,82.2,5.2,4323.3,Forest Loam
80.8,45.4,50.6,29.6,84.6,4.76,2848.9,Brown Hydromorphic
75.6,66.0,78.0,26.9,74.8,6.77,1365.1,Loamy
35.9,34.2,63.5,30.1,80.3,7.66,2233.3,Coastal Alluvial
91.1,53.1,93.9,26.6,80.5,6.96,2246.3,Riverine Alluvial
45.8,16.6,98.3,29.1,76.9,4.91,3158.3,Laterite
124.1,55.7,73.4,27.9,72.4,7.06,2509.8,Riverine Alluvial
109.1,51.6,107.1,18.5,83.7,5.97,4038.3,Forest Loam
118.6,36.8,31.9,29.0,93.9,3.75,3285.5,Peaty
63.4,46.9,54.6,33.4,60.5,6.92,1364.1,Black Cotton
76.6,27.0,99.5,31.2,71.7,6.73,2337.9,Clayey
45.2,29.4,38.6,32.2,66.3,7.05,894.9,Sandy
53.9,28.9,69.7,25.9,81.2,6.53,2525.2,Red Loam
35.0,10.7,75.0,31.0,90.0,5.62,3614.6,Laterite
34.2,22.2,67.8,30.3,83.5,5.77,2921.4,Laterite
56.7,19.4,60.8,32.1,85.5,8.03,2036.2,Coastal Alluvial
72.6,36.5,85.1,24.1,70.3,6.15,1225.6,Loamy
83.1,23.8,105.9,29.3,87.7,5.87,2177.8,Red Loam
56.2,39.0,54.4,26.3,91.0,7.88,1927.2,Coastal Alluvial
74.2,44.6,66.0,31.5,66.3,8.16,1339.7,Black Cotton
33.4,26.2,43.8,29.3,55.3,6.19,1541.1,Sandy
40.5,32.1,77.8,27.7,92.1,8.02,1880.9,Coastal Alluvial
87.8,30.5,44.0,35.0,90.4,5.15,3169.0,Brown Hydromorphic
59.0,17.3,45.7,25.2,77.5,5.57,3109.8,Laterite
40.3,45.1,54.8,33.9,84.2,7.38,2223.9,Coastal Alluvial
61.3,32.2,79.2,30.6,77.7,6.24,2054.5,Red Loam
48.0,14.0,83.8,27.6,73.0,5.7,2510.8,Laterite
65.7,52.8,85.6,27.3,74.1,6.94,2725.1,Riverine Alluvial
138.0,39.1,94.5,24.3,91.0,5.72,4465.1,Forest Loam
136.9,40.1,114.4,24.0,93.1,5.33,4269.6,Forest Loam
66.3,52.8,113.8,31.9,71.8,7.57,2103.6,Clayey
59.1,16.3,68.7,30.1,67.8,5.51,3974.2,Laterite
40.4,40.2,64.5,31.5,79.6,8.16,2160.4,Coastal Alluvial
85.2,52.2,37.8,31.3,92.5,5.24,3235.7,Brown Hydromorphic
65.1,15.7,42.8,28.4,88.6,4.51,3300.0,Laterite
63.6,27.0,70.0,28.9,75.5,6.42,2836.0,Red Loam
33.7,27.7,27.0,31.5,94.6,8.66,2448.4,Coastal Alluvial
49.5,44.4,82.8,23.0,68.3,6.46,1823.6,Loamy
69.7,48.7,68.4,28.7,68.1,6.44,2119.0,Loamy
69.5,33.9,79.1,31.3,72.8,6.3,2292.8,Red Loam
100.9,33.2,53.5,30.7,60.6,8.14,1424.8,Black Cotton
60.2,37.3,78.0,31.1,81.5,7.68,2263.3,Coastal Alluvial
92.4,48.9,77.5,25.8,75.5,6.46,2937.1,Riverine Alluvial
65.5,35.4,75.2,28.2,82.4,5.74,2597.5,Red Loam
80.1,54.5,118.6,28.9,79.3,7.09,1655.6,Clayey
40.5,11.1,37.0,39.3,57.7,6.52,1018.7,Sandy
63.1,16.4,89.2,27.7,73.8,5.41,3808.6,Laterite
68.1,34.4,74.3,28.9,70.7,6.13,2631.1,Red Loam
63.4,13.5,74.7,31.7,79.1,5.09,4152.4,Laterite
39.8,17.0,47.5,29.8,56.7,6.88,1773.2,Sandy
50.3,4.6,73.5,34.0,79.1,5.36,3318.8,Laterite
109.2,49.4,97.4,23.7,88.8,5.81,3652.6,Forest Loam
154.0,27.6,50.9,26.7,94.8,4.36,2708.6,Peaty
129.6,26.4,48.0,28.0,96.6,3.85,3175.3,Peaty
148.0,31.0,39.3,33.2,94.1,4.61,2859.3,Peaty
70.5,48.5,83.2,32.4,65.2,6.4,1946.8,Loamy
71.9,22.0,78.0,30.6,70.0,6.05,2235.3,Red Loam
85.1,37.7,87.1,28.0,83.2,6.6,2792.9,Riverine Alluvial
71.7,34.5,76.5,24.9,73.4,6.61,1998.1,Loamy
48.8,39.0,76.2,30.8,72.0,7.72,2323.3,Coastal Alluvial
107.7,36.4,84.7,27.5,91.6,6.62,2863.6,Riverine Alluvial
142.7,18.1,34.6,28.7,92.7,4.58,2928.5,Peaty
71.9,25.8,67.2,32.7,73.5,4.65,3370.6,Laterite
33.9,24.1,42.9,35.9,49.3,6.21,1004.1,Sandy
85.6,20.9,104.1,26.5,86.1,5.59,2719.9,Red Loam
84.1,47.7,61.5,29.4,79.2,6.78,3864.4,Riverine Alluvial
59.4,41.8,38.8,25.2,77.6,8.26,2028.1,Coastal Alluvial
83.1,38.0,62.0,31.3,77.4,5.96,2048.8,Red Loam
57.8,14.1,70.0,24.0,76.3,5.67,2956.3,Laterite
31.8,18.5,73.7,28.0,79.3,5.39,3565.9,Laterite
149.3,15.5,48.9,31.5,94.5,4.78,2953.5,Peaty
76.0,51.1,71.4,25.3,79.8,7.24,2002.6,Clayey
61.5,22.5,60.3,29.8,76.5,7.33,1518.3,Black Cotton
32.5,26.0,49.9,30.9,86.0,8.19,1926.7,Coastal Alluvial
123.3,45.2,94.5,18.5,91.4,5.73,4798.9,Forest Loam
27.0,16.0,69.8,25.9,86.0,5.37,3134.1,Laterite
138.3,20.6,35.1,28.8,94.6,4.35,3451.7,Peaty
75.3,19.5,33.3,27.6,94.0,4.22,3296.3,Brown Hydromorphic
76.7,22.9,100.5,32.6,61.8,6.71,1730.5,Red Loam
62.1,10.0,49.2,23.2,79.0,5.94,3468.5,Laterite
104.6,41.0,83.5,19.4,88.4,5.77,3988.5,Forest Loam
51.7,33.1,51.0,30.5,86.2,4.83,3294.4,Brown Hydromorphic
52.3,22.1,97.5,26.4,72.6,5.95,1636.2,Red Loam
32.3,10.6,47.0,35.2,55.4,7.18,1297.5,Sandy
93.0,46.6,96.3,31.6,78.5,6.64,2461.5,Riverine Alluvial
79.3,42.0,53.3,29.9,91.9,4.6,2888.1,Brown Hydromorphic
88.5,72.9,87.8,29.7,84.6,6.82,2444.4,Riverine Alluvial
105.0,59.8,88.0,19.4,75.8,5.25,4390.8,Forest Loam
142.4,50.1,71.5,20.4,89.8,5.68,3829.9,Forest Loam
54.2,5.8,58.8,30.9,86.1,5.27,3114.0,Laterite
69.1,45.4,79.9,27.0,75.5,6.0,1608.7,Loamy
58.6,30.5,80.4,28.0,73.9,6.37,2369.3,Red Loam
53.8,4.5,84.2,24.9,76.0,5.85,2835.6,Laterite
96.2,66.2,83.3,29.9,81.2,6.99,3131.9,Riverine Alluvial
95.0,54.0,86.8,26.1,82.2,7.25,3018.0,Riverine Alluvial
55.1,10.6,87.8,30.3,76.4,5.03,2755.2,Laterite
110.2,53.2,69.6,29.9,82.5,6.85,2727.4,Riverine Alluvial
70.4,23.1,78.4,26.8,74.2,6.55,2445.4,Red Loam
107.4,60.2,103.3,30.0,81.7,6.84,3768.9,Riverine Alluvial
39.6,19.6,53.0,29.9,89.4,7.97,2187.5,Coastal Alluvial
97.8,29.1,54.1,29.4,95.8,4.07,2969.8,Peaty
45.1,12.4,80.2,24.0,78.5,4.88,2821.2,Laterite
151.8,34.7,25.3,31.0,88.4,4.55,2611.5,Peaty
47.5,21.2,87.5,26.7,79.0,6.04,3547.1,Laterite
64.5,38.4,77.4,31.6,88.2,6.97,2230.2,Coastal Alluvial
120.2,46.5,79.1,20.5,76.7,5.45,3224.9,Forest Loam
57.1,10.9,67.5,30.7,84.8,5.36,3344.5,Laterite
72.6,18.0,50.7,28.6,85.3,4.63,2898.4,Brown Hydromorphic
58.7,29.4,53.8,29.3,72.7,6.0,3058.3,Red Loam
56.5,38.4,92.6,24.4,76.9,7.91,3207.8,Clayey
98.4,45.6,111.9,26.8,81.9,7.18,3440.1,Clayey
48.6,23.2,54.0,32.4,87.4,4.83,3219.1,Laterite
73.0,8.7,80.9,24.0,81.5,5.99,2978.2,Laterite
43.7,36.8,88.7,38.1,68.3,7.66,1332.1,Black Cotton
45.0,33.9,82.7,23.2,69.2,7.01,1882.0,Loamy
129.5,44.1,120.2,20.8,88.1,5.5,4202.6,Forest Loam
93.7,46.9,86.2,27.3,75.4,6.97,3340.0,Riverine Alluvial
108.4,47.7,80.7,28.6,79.8,7.71,3509.5,Riverine Alluvial
73.0,34.9,50.9,29.5,93.2,5.29,3018.1,Brown Hydromorphic
69.0,28.6,55.3,32.9,92.1,5.02,2846.9,Brown Hydromorphic
99.3,48.7,98.6,29.2,74.3,6.65,3323.5,Riverine Alluvial
92.4,43.6,99.7,31.2,87.2,6.52,3433.3,Riverine Alluvial
144.4,29.4,36.0,24.7,95.1,4.04,3587.6,Peaty
83.5,34.0,48.8,25.2,91.5,5.07,2647.8,Brown Hydromorphic
54.7,24.4,75.7,30.1,91.3,8.29,1429.1,Coastal Alluvial
92.8,52.3,112.4,30.1,91.8,7.05,2552.5,Riverine Alluvial
85.3,47.7,96.5,28.6,76.0,7.84,2812.8,Clayey
77.7,56.7,66.4,29.3,91.0,6.95,3044.2,Riverine Alluvial
27.9,21.5,49.3,30.6,48.7,6.85,1387.3,Sandy
152.3,36.9,49.0,33.3,93.0,4.35,2985.2,Peaty
70.4,49.6,98.3,26.0,83.8,7.83,1784.3,Clayey
43.2,25.0,59.5,30.3,78.3,5.05,3625.1,Laterite
70.3,35.4,63.5,26.4,88.4,4.2,3032.6,Brown Hydromorphic
64.2,34.1,28.5,31.8,82.9,4.36,2649.3,Brown Hydromorphic
103.0,54.3,78.7,29.6,80.6,7.05,3110.4,Riverine Alluvial
118.8,44.8,57.8,24.4,90.1,5.19,4422.8,Forest Loam
77.4,56.2,63.1,29.8,77.3,7.39,2958.3,Clayey
126.1,43.3,88.0,18.8,90.9,5.72,3888.4,Forest Loam
49.4,31.0,92.4,28.5,78.9,5.4,2361.6,Red Loam
78.9,45.7,106.1,30.3,74.9,7.28,3173.3,Riverine Alluvial
42.5,29.1,40.1,33.5,81.6,7.73,1925.7,Coastal Alluvial
73.5,28.1,48.2,26.6,88.6,4.43,3137.3,Brown Hydromorphic
93.1,56.2,86.6,26.8,90.1,6.84,3052.4,Riverine Alluvial
56.6,29.0,51.2,29.3,74.3,5.94,3196.6,Red Loam
119.5,48.9,96.0,18.8,84.8,5.98,3451.2,Forest Loam
62.5,18.9,97.6,28.2,82.3,5.7,2979.9,Red Loam
68.7,49.9,83.0,28.4,73.7,6.66,1723.5,Loamy
61.4,58.1,98.4,26.1,81.3,7.6,3180.3,Riverine Alluvial
76.4,32.7,53.8,31.4,85.7,4.05,2826.9,Brown Hydromorphic
100.9,56.2,108.4,20.6,85.9,5.31,4398.1,Forest Loam
47.1,4.5,79.6,29.7,79.2,4.47,3520.7,Laterite
94.6,44.3,74.1,22.7,90.9,5.79,4571.8,Forest Loam
73.2,4.5,76.7,27.5,88.8,5.46,3405.5,Laterite
64.3,13.7,90.9,28.1,88.1,5.5,3483.4,Laterite
90.7,31.8,51.1,32.8,84.4,5.17,3732.4,Brown Hydromorphic
108.2,52.9,77.1,17.2,85.9,5.49,4332.3,Forest Loam
92.2,59.2,86.2,27.1,80.3,6.77,3115.4,Riverine Alluvial
84.7,60.0,102.6,30.9,83.7,7.0,2965.0,Clayey
71.9,16.1,74.7,27.9,74.9,5.06,4359.8,Laterite
56.9,32.1,92.0,27.2,75.8,5.72,2627.0,Red Loam
187.2,13.5,40.7,34.5,87.4,4.37,3042.3,Peaty
80.8,23.9,79.0,26.5,73.7,6.22,2397.9,Red Loam
47.4,34.1,52.0,31.0,89.7,8.09,2326.4,Coastal Alluvial
85.2,50.9,44.4,28.8,48.0,8.24,1244.9,Black Cotton
74.7,15.2,94.0,28.1,82.4,4.72,3034.1,Laterite
36.6,8.1,61.4,29.8,81.4,4.62,3303.5,Laterite
46.4,8.1,87.9,32.4,80.2,5.07,3077.8,Laterite
48.6,29.3,51.5,31.8,73.8,6.49,2453.4,Red Loam
137.0,29.0,49.2,30.1,93.5,4.61,3160.8,Peaty
106.9,36.1,87.4,21.6,92.2,5.67,3956.4,Forest Loam
72.8,36.4,47.6,28.4,83.8,4.83,2596.8,Brown Hydromorphic
75.3,42.3,30.2,26.0,96.9,5.01,3169.2,Brown Hydromorphic
88.9,32.3,59.1,26.5,99.0,4.53,2551.5,Brown Hydromorphic
81.2,42.0,84.4,25.0,79.5,7.16,1695.9,Clayey
36.4,41.7,62.7,30.2,89.0,7.64,2772.9,Coastal Alluvial
43.0,12.0,61.8,27.5,79.8,4.92,3095.8,Laterite
44.6,13.9,61.4,31.4,87.3,5.17,2507.5,Laterite
33.5,15.3,39.4,32.9,54.9,6.75,1532.6,Sandy
49.5,7.4,59.6,28.6,84.3,5.11,3833.8,Laterite
81.3,48.5,99.6,17.1,85.0,5.62,3929.1,Forest Loam
43.3,43.5,63.7,32.6,88.9,8.0,1885.1,Coastal Alluvial
26.3,35.2,37.6,31.4,84.1,7.59,1888.2,Coastal Alluvial
114.7,55.7,76.5,21.0,77.0,5.37,3804.5,Forest Loam
59.7,17.7,59.6,33.1,73.0,5.01,3083.6,Laterite
73.6,31.5,84.9,28.2,80.9,5.65,3317.8,Red Loam
72.7,20.4,72.5,25.8,83.3,4.62,2960.1,Laterite
99.3,28.5,44.0,33.1,92.0,3.83,2738.0,Peaty
81.3,58.1,84.4,31.1,76.3,6.47,3433.9,Riverine Alluvial
150.5,31.6,33.2,32.5,96.3,4.3,2456.9,Peaty
132.4,30.3,39.2,31.6,95.4,4.18,2941.4,Peaty
42.8,49.7,60.6,28.1,81.2,7.5,1941.8,Coastal Alluvial
58.1,18.6,80.0,27.8,74.7,5.03,3710.4,Laterite
91.9,52.3,67.1,23.9,82.3,6.78,2601.1,Riverine Alluvial
75.1,58.1,68.5,29.0,77.9,6.05,2692.5,Riverine Alluvial
81.8,40.0,71.6,28.3,87.3,4.8,2890.7,Brown Hydromorphic
82.1,45.8,72.5,27.2,57.4,7.54,1271.6,Black Cotton
109.1,55.0,104.7,21.3,86.0,5.81,3662.5,Forest Loam
41.6,22.1,80.9,29.1,84.9,5.05,3563.2,Laterite
45.6,34.0,50.4,29.9,78.6,7.84,1656.3,Coastal Alluvial
39.1,38.6,57.5,33.8,88.5,8.34,2037.0,Coastal Alluvial
128.4,42.1,36.8,27.8,91.3,4.65,3156.3,Peaty
35.9,28.5,37.4,32.7,40.9,7.2,1135.8,Sandy
48.3,18.9,95.8,30.7,85.8,5.11,2691.3,Laterite
109.6,56.8,81.9,28.4,80.1,6.9,2573.4,Riverine Alluvial
87.1,38.4,78.6,29.1,72.4,6.56,1746.2,Loamy
69.7,17.0,68.8,31.6,71.7,5.61,3256.1,Laterite
32.8,15.8,50.4,28.8,61.6,6.23,1330.3,Sandy
32.1,33.0,63.5,30.3,88.5,8.11,2067.6,Coastal Alluvial
46.1,28.7,75.9,31.8,81.3,8.19,1303.5,Coastal Alluvial
29.5,33.9,54.8,28.5,85.6,7.67,2277.3,Coastal Alluvial
57.2,8.8,70.9,32.8,82.6,5.82,3160.0,Laterite
126.2,48.7,73.0,16.6,84.6,5.98,4109.8,Forest Loam
105.0,36.0,93.9,25.1,90.7,6.28,4181.9,Forest Loam
70.4,39.1,64.9,23.3,69.2,6.4,2482.5,Red Loam
44.5,38.3,55.9,30.4,84.9,7.34,1710.2,Coastal Alluvial
81.1,27.5,54.3,32.6,81.2,4.87,3070.7,Brown Hydromorphic
74.1,45.1,84.4,29.4,83.4,6.6,3181.1,Riverine Alluvial
63.3,19.2,47.5,30.0,82.2,5.37,3443.5,Laterite
68.7,26.2,62.0,30.0,80.0,6.32,2404.6,Red Loam
47.0,19.7,70.3,28.9,80.7,5.56,3059.4,Laterite
45.8,33.7,57.7,27.3,93.3,7.25,2115.2,Coastal Alluvial
44.6,24.1,51.2,31.6,59.3,6.6,1836.1,Sandy
60.5,31.6,68.9,31.5,82.6,6.9,3069.0,Red Loam
46.6,16.5,64.1,33.6,84.4,4.57,3236.0,Laterite
48.5,32.1,55.6,31.0,83.2,8.51,2746.3,Coastal Alluvial
82.6,45.6,73.3,32.5,58.8,7.78,1415.9,Black Cotton
54.6,36.4,65.7,33.1,58.9,8.59,1517.5,Black Cotton
41.3,32.4,50.9,32.7,86.4,8.06,1957.0,Coastal Alluvial
50.4,19.8,58.8,27.5,77.7,6.5,2972.7,Red Loam
49.3,16.0,92.6,33.0,84.8,5.38,4083.6,Laterite
85.6,26.7,79.7,30.4,76.0,6.7,3157.7,Red Loam
79.2,44.6,81.1,29.7,90.1,7.17,2600.7,Clayey
88.4,52.2,82.9,23.7,74.3,6.25,1599.2,Loamy
75.4,30.1,78.5,28.2,67.4,6.55,2016.2,Loamy
51.9,27.5,58.0,30.4,81.6,5.51,2722.1,Laterite
56.6,17.8,81.6,28.7,84.7,5.91,3270.5,Laterite
99.9,41.6,75.5,29.5,70.5,7.01,3306.5,Riverine Alluvial
75.4,46.3,55.9,26.7,82.5,7.93,2502.3,Clayey
74.7,30.3,61.6,31.4,79.1,5.72,2245.5,Red Loam
70.9,43.2,55.7,32.2,55.3,7.93,1902.1,Black Cotton
128.1,40.6,76.5,18.8,92.0,5.38,3715.9,Forest Loam
114.1,36.7,94.4,19.3,81.7,5.69,4278.3,Forest Loam
46.9,38.6,54.2,35.4,81.8,7.45,2237.5,Coastal Alluvial
87.3,29.1,51.2,28.6,76.4,4.65,3768.7,Brown Hydromorphic
71.8,59.9,65.7,28.8,74.9,7.51,3714.3,Riverine Alluvial
45.0,40.7,39.4,27.1,89.1,5.33,3406.7,Brown Hydromorphic
61.8,17.3,61.3,29.5,83.8,4.78,2778.6,Laterite
47.7,17.9,79.1,35.7,83.7,5.32,3084.4,Laterite
66.1,37.8,42.6,27.6,87.8,3.8,3293.2,Brown Hydromorphic
81.8,27.9,60.4,31.3,63.6,8.04,1337.6,Black Cotton
70.3,28.9,106.4,28.2,76.9,5.98,3112.9,Red Loam
94.0,42.3,73.0,29.1,91.5,4.56,3467.2,Brown Hydromorphic
69.4,47.3,107.1,27.8,81.0,6.89,2139.7,Clayey
43.7,41.1,37.1,32.5,90.5,7.96,2052.0,Coastal Alluvial
91.4,23.7,52.1,27.8,83.4,4.22,2693.6,Brown Hydromorphic
110.6,42.0,89.3,21.6,84.3,5.68,3537.2,Forest Loam
56.0,38.9,110.7,25.8,83.8,7.58,2066.5,Clayey
67.6,38.5,62.9,30.0,71.5,5.94,2634.5,Red Loam
59.3,44.6,55.4,30.2,91.7,5.16,3033.7,Brown Hydromorphic
47.7,16.8,97.2,26.7,78.1,5.02,3669.3,Laterite
43.7,23.5,27.0,35.0,88.3,8.06,2162.3,Coastal Alluvial
109.6,37.9,80.2,17.8,79.4,5.91,4232.2,Forest Loam
37.8,35.2,27.0,31.0,84.8,7.59,2061.2,Coastal Alluvial
79.7,54.5,80.2,30.0,84.8,6.47,3104.4,Riverine Alluvial
86.7,61.2,104.0,28.9,80.2,6.36,2835.2,Riverine Alluvial
64.8,36.4,49.8,30.0,88.6,4.87,3069.5,Brown Hydromorphic
48.5,30.3,71.2,29.8,72.8,7.97,1342.4,Black Cotton
48.0,23.0,89.3,30.4,82.4,5.75,1730.1,Red Loam
107.0,67.9,114.1,25.5,81.4,6.66,2933.4,Riverine Alluvial
97.0,59.6,106.4,29.3,75.6,6.81,3536.9,Riverine Alluvial
88.1,56.4,76.3,26.0,68.4,7.37,3668.9,Riverine Alluvial
59.6,15.2,65.1,31.4,81.0,5.61,4025.2,Laterite
172.5,26.5,31.4,26.5,91.4,4.13,3561.9,Peaty
68.9,22.1,66.0,34.2,84.9,6.57,2298.3,Red Loam
57.4,43.3,58.8,32.6,86.5,7.84,1987.8,Coastal Alluvial
57.4,13.5,44.7,30.2,74.8,4.83,2929.2,Laterite
87.1,39.0,76.6,32.2,65.3,6.12,2639.8,Loamy
37.7,52.6,46.5,31.0,84.0,7.8,2485.0,Coastal Alluvial
50.7,15.4,59.3,28.8,77.8,5.38,3240.7,Laterite
33.8,42.2,38.9,29.1,94.1,8.03,2117.7,Coastal Alluvial
73.0,34.9,36.0,32.1,68.4,7.89,1319.4,Black Cotton
133.3,36.0,88.6,15.9,90.9,5.35,3360.1,Forest Loam
45.0,36.3,91.9,31.9,62.4,5.72,2381.7,Red Loam
51.3,14.4,74.6,29.9,82.9,5.31,2968.2,Laterite
89.3,35.0,76.8,24.0,70.0,5.67,2365.4,Red Loam
173.1,13.5,35.6,27.5,86.5,4.0,2768.2,Peaty
27.4,20.6,47.0,34.8,54.9,6.47,1009.1,Sandy
48.0,9.0,42.6,30.9,91.0,4.93,3552.4,Laterite
44.4,49.2,38.6,29.7,73.1,7.22,1851.0,Coastal Alluvial
66.0,56.0,70.4,25.1,74.3,6.44,1901.0,Loamy
76.2,9.6,67.4,30.1,69.3,5.68,3709.0,Laterite
31.7,39.8,38.6,29.6,81.4,8.14,2139.7,Coastal Alluvial
74.9,48.3,68.7,32.9,63.1,6.8,1534.7,Black Cotton
43.8,19.5,93.5,30.3,73.9,5.62,3116.4,Red Loam
38.9,25.4,29.6,31.5,69.0,6.59,1348.1,Sandy
67.6,49.3,92.8,27.7,77.5,6.94,1796.4,Clayey
88.3,40.7,64.7,29.4,79.3,5.06,3038.1,Brown Hydromorphic
57.1,5.8,68.4,32.7,77.2,5.59,3672.3,Laterite
117.0,46.0,62.9,27.7,84.0,7.08,3061.0,Riverine Alluvial
65.1,28.4,39.8,31.0,84.0,4.48,2715.1,Brown Hydromorphic
41.9,21.7,73.9,32.2,81.4,5.09,3715.2,Laterite
59.8,18.1,91.1,32.6,89.4,6.03,2425.1,Red Loam
39.5,19.6,90.6,24.6,80.0,5.25,3638.9,Laterite
109.0,23.5,42.9,28.6,89.4,3.76,2626.4,Peaty
39.7,11.0,52.2,30.3,77.3,5.52,2586.0,Laterite
91.8,28.9,87.1,28.8,75.2,6.2,1876.5,Red Loam
70.2,33.9,38.1,37.8,63.3,7.48,1396.0,Black Cotton
85.6,23.6,54.1,31.6,91.8,4.26,3306.3,Brown Hydromorphic
135.3,36.1,99.1,16.8,76.9,5.12,3144.8,Forest Loam
36.5,16.9,40.0,35.4,58.0,6.59,1328.3,Sandy
73.0,24.4,87.1,25.1,75.2,4.66,3274.8,Laterite
93.5,17.5,58.4,32.6,90.8,4.35,3045.1,Peaty
36.3,42.3,79.1,29.6,88.8,7.24,2607.6,Coastal Alluvial
46.8,27.9,70.7,32.1,81.4,6.18,2595.5,Red Loam
87.1,55.1,91.2,23.3,80.7,7.24,3395.4,Clayey
83.6,25.7,51.1,25.9,92.2,5.07,2906.8,Brown Hydromorphic
99.8,53.8,106.0,29.2,78.9,6.71,3148.0,Riverine Alluvial
59.0,40.6,51.1,32.6,90.3,7.44,2402.3,Coastal Alluvial
76.7,18.0,67.1,28.5,73.6,5.2,3151.5,Laterite
33.5,9.6,73.9,27.7,84.2,4.75,3020.9,Laterite
52.3,16.0,92.8,31.2,76.7,5.08,2971.7,Laterite
60.6,19.0,61.8,25.4,83.0,5.72,3226.7,Laterite
72.9,18.8,81.4,30.1,75.3,4.97,2780.6,Laterite
44.5,8.9,89.8,31.5,86.9,5.63,4176.3,Laterite
39.9,31.8,46.4,26.8,57.0,6.56,1278.6,Sandy
75.5,53.9,94.6,32.4,66.8,8.02,1961.5,Clayey
52.2,32.7,67.9,28.0,68.7,5.76,2523.1,Red Loam
73.8,26.8,71.4,31.9,79.8,6.51,2872.1,Red Loam
79.8,32.7,55.9,30.3,84.2,3.87,2617.1,Brown Hydromorphic
60.3,42.0,52.1,31.2,91.9,5.78,2579.6,Brown Hydromorphic
70.1,26.1,83.5,33.6,79.7,5.69,2144.8,Red Loam
36.2,19.1,48.8,35.2,89.7,8.26,2160.0,Coastal Alluvial
88.5,44.6,67.9,34.6,72.1,7.23,3304.9,Riverine Alluvial
64.9,36.5,64.8,33.8,90.2,4.63,2967.0,Brown Hydromorphic
140.2,19.4,35.6,35.0,94.0,3.92,3181.5,Peaty
31.4,28.6,43.8,35.3,43.2,6.55,1018.0,Sandy
86.8,40.3,45.8,28.5,69.9,7.97,1432.3,Black Cotton
81.5,32.0,44.6,27.6,86.0,4.79,3072.7,Brown Hydromorphic
91.0,59.5,78.0,25.8,72.5,6.73,3717.3,Riverine Alluvial
72.4,46.9,64.1,28.5,67.6,6.7,1672.9,Loamy
71.9,37.1,55.9,30.7,61.6,7.73,1612.4,Black Cotton
150.8,22.4,51.4,34.1,90.3,4.26,2966.9,Peaty
74.9,16.6,69.0,31.4,82.8,5.63,3937.5,Laterite
141.4,34.9,48.9,28.5,90.2,3.7,2977.9,Peaty
81.2,43.9,92.8,28.5,72.0,7.29,2928.3,Riverine Alluvial
41.3,37.1,80.3,28.4,81.5,7.9,1977.5,Coastal Alluvial
57.7,20.1,69.5,29.1,80.7,7.19,2070.3,Coastal Alluvial
58.1,29.6,37.3,32.1,83.1,7.95,2236.3,Coastal Alluvial
79.3,26.3,41.1,30.9,88.8,5.35,3072.5,Brown Hydromorphic
34.9,28.8,43.6,26.6,79.7,7.55,2050.6,Coastal Alluvial
29.8,49.8,47.9,28.7,90.0,8.03,2260.9,Coastal Alluvial
46.2,31.1,77.1,32.6,65.0,6.39,2169.0,Red Loam
40.6,21.1,75.6,30.0,76.6,5.76,3119.3,Red Loam
77.0,40.7,48.3,31.1,92.8,5.25,3487.1,Brown Hydromorphic
35.1,32.2,37.2,27.8,84.4,7.49,2003.0,Coastal Alluvial
57.8,38.9,54.5,29.2,55.1,8.04,1410.2,Black Cotton
62.8,58.7,93.4,30.1,81.3,7.24,2356.2,Riverine Alluvial
49.8,24.3,57.5,30.9,72.5,4.88,2905.2,Laterite
37.8,29.9,53.0,36.4,81.8,7.77,2502.8,Coastal Alluvial
81.5,43.5,60.1,28.1,81.0,7.46,2100.0,Clayey
120.5,45.1,108.2,21.2,80.6,5.54,4534.9,Forest Loam
68.2,31.3,49.5,31.2,85.9,5.0,2816.9,Brown Hydromorphic
124.1,52.3,88.6,19.7,81.2,5.54,4110.8,Forest Loam
48.1,26.2,82.1,27.7,84.5,5.41,2663.8,Red Loam
117.4,19.4,48.9,30.4,94.5,4.5,3261.2,Peaty
83.5,50.2,89.4,19.1,89.3,5.9,3690.9,Forest Loam
34.5,11.6,81.8,29.6,78.3,5.61,3588.8,Laterite
136.6,51.2,66.0,20.9,84.4,5.74,3915.1,Forest Loam
115.6,51.2,86.2,23.3,87.7,6.22,3367.7,Forest Loam
93.2,42.6,64.6,26.1,71.0,6.67,2993.8,Riverine Alluvial
73.6,24.6,49.1,23.2,77.9,5.58,3600.6,Laterite
58.2,35.8,60.2,29.6,81.4,8.56,2164.8,Coastal Alluvial
60.4,36.0,62.6,29.1,58.5,7.53,1547.6,Black Cotton
88.8,45.5,89.1,29.5,65.2,7.17,1947.1,Clayey
89.0,46.9,54.2,25.7,83.8,4.86,3193.4,Brown Hydromorphic
53.5,44.5,70.8,31.7,87.0,7.77,2168.8,Coastal Alluvial
95.2,55.3,56.2,27.2,71.7,6.62,2074.8,Loamy
75.1,4.5,75.0,27.5,78.0,4.97,2244.5,Laterite
67.7,40.4,97.4,29.8,68.3,6.66,1819.3,Loamy
61.4,32.2,71.5,27.7,82.3,6.23,2314.9,Red Loam
62.4,36.8,78.3,30.8,90.5,4.31,3056.6,Brown Hydromorphic
57.8,11.3,98.7,26.2,85.0,4.97,3388.0,Laterite
76.8,25.8,62.8,27.1,83.2,5.68,2448.9,Red Loam
48.2,31.6,77.2,25.5,73.2,6.23,2124.0,Red Loam
70.3,33.2,57.8,31.6,93.0,5.12,3355.3,Brown Hydromorphic
49.0,13.4,73.5,27.2,84.9,4.8,2898.7,Laterite
77.3,13.8,77.7,31.0,73.9,5.05,2657.4,Laterite
114.2,42.2,83.6,22.4,80.7,6.42,3786.9,Forest Loam
118.4,27.7,44.1,31.1,96.3,4.45,2867.2,Peaty
80.4,29.2,98.3,28.5,74.3,6.2,2238.0,Red Loam
84.9,49.2,97.3,27.7,78.2,6.53,2690.1,Riverine Alluvial
82.4,39.1,74.6,26.9,75.2,5.84,2955.2,Red Loam
143.6,30.7,41.4,30.0,98.2,4.1,2927.6,Peaty
64.4,33.6,68.0,32.5,61.7,8.25,1711.4,Black Cotton
132.9,27.0,40.8,27.9,90.5,4.86,3255.2,Peaty
37.9,32.2,92.2,24.7,83.9,6.44,2666.7,Red Loam
168.6,32.5,47.8,32.2,96.9,4.26,3096.8,Peaty
73.4,33.4,75.3,32.1,54.8,8.11,1500.4,Black Cotton
64.4,25.1,88.2,24.0,74.1,6.32,2401.2,Red Loam
99.4,32.7,90.6,26.0,74.9,7.24,2958.8,Riverine Alluvial
159.6,29.0,46.6,27.7,92.9,3.42,3322.5,Peaty
71.9,41.3,109.0,28.7,70.2,7.2,2051.9,Clayey
53.8,13.8,80.5,26.3,82.8,5.28,3587.3,Laterite
47.9,38.5,39.5,29.6,83.2,7.46,2023.3,Coastal Alluvial
43.2,31.9,48.3,26.2,86.3,7.94,2337.6,Coastal Alluvial
151.2,39.3,39.5,34.1,91.1,4.91,3884.5,Peaty
47.8,50.6,58.0,30.6,77.0,7.76,1985.6,Coastal Alluvial
48.1,38.1,36.8,33.1,78.9,7.82,2089.9,Coastal Alluvial
140.3,54.3,127.2,23.1,84.0,5.81,3535.0,Forest Loam
76.5,37.4,70.6,32.3,60.7,7.78,1678.9,Black Cotton
55.4,54.8,65.1,26.3,70.7,6.79,1353.3,Loamy
141.3,52.3,96.1,23.5,80.0,5.88,4328.2,Forest Loam
71.8,16.9,66.4,27.5,73.2,6.28,2518.8,Red Loam
63.9,27.5,40.5,30.7,81.7,6.09,3396.4,Laterite
91.0,53.1,78.5,31.2,79.7,7.39,3033.9,Riverine Alluvial
130.6,23.7,43.9,29.0,91.4,4.0,3455.9,Peaty
58.7,32.0,53.7,27.2,72.3,6.12,2756.2,Red Loam
70.5,51.5,78.2,26.7,64.9,6.5,1567.2,Loamy
110.9,44.2,108.8,21.7,88.4,5.84,4919.2,Forest Loam
22.6,15.2,39.3,39.9,67.8,6.53,1280.4,Sandy
58.4,40.5,72.2,27.6,70.9,6.6,1679.4,Loamy
56.4,35.5,55.0,34.8,77.6,7.24,1900.9,Coastal Alluvial
79.2,29.7,52.5,29.6,91.1,5.53,3556.3,Brown Hydromorphic
130.0,40.6,45.3,28.7,95.6,4.34,2538.7,Peaty
92.6,51.7,63.3,30.6,57.1,7.21,1183.3,Black Cotton
42.2,24.5,45.0,32.5,80.1,6.01,3223.1,Red Loam
41.1,27.2,57.7,30.7,80.9,7.85,1887.5,Coastal Alluvial
40.5,38.8,61.5,31.4,90.4,7.19,2620.6,Coastal Alluvial
48.4,11.6,79.1,30.3,74.1,5.81,3190.0,Laterite
51.3,30.8,42.3,31.2,76.1,7.66,1785.0,Coastal Alluvial
63.6,32.7,50.7,31.9,67.3,8.24,1496.3,Black Cotton
82.0,43.4,84.9,26.5,79.4,6.06,3853.8,Forest Loam
115.7,49.8,110.4,20.6,80.9,5.22,4371.2,Forest Loam
118.7,35.9,90.2,23.9,92.7,6.17,3330.8,Forest Loam
40.7,30.2,81.7,33.6,86.4,7.32,2361.0,Coastal Alluvial
47.6,28.0,95.7,33.1,70.7,5.77,2501.8,Red Loam
28.0,31.3,32.4,27.4,55.7,7.01,1448.1,Sandy
87.1,39.5,107.0,28.5,73.8,6.45,2685.8,Riverine Alluvial
94.2,25.7,60.8,29.4,90.9,4.07,3104.5,Brown Hydromorphic
40.8,6.2,46.6,29.4,76.1,5.2,2776.6,Laterite
58.1,32.8,94.9,26.2,79.8,6.4,2363.8,Red Loam
109.9,59.0,94.7,24.9,77.0,6.91,2560.4,Riverine Alluvial
86.8,43.9,88.3,32.0,89.7,6.67,2809.5,Riverine Alluvial
40.6,32.4,40.6,31.1,89.1,7.38,1545.4,Coastal Alluvial
75.9,48.1,54.7,33.0,64.9,7.82,1557.8,Black Cotton
57.5,25.6,34.4,33.0,95.0,7.36,2014.2,Coastal Alluvial
52.1,25.8,75.5,25.9,81.4,4.34,3100.8,Laterite
114.1,32.8,35.6,29.0,97.3,4.69,3292.4,Peaty
28.7,30.6,59.6,30.4,77.8,7.38,1987.8,Coastal Alluvial
54.7,24.9,102.5,30.5,69.6,6.35,2752.5,Red Loam
91.2,55.8,103.2,30.7,83.2,6.68,3024.6,Riverine Alluvial
52.9,26.5,60.8,31.9,88.4,7.89,2422.7,Coastal Alluvial
64.9,26.4,51.6,30.3,87.0,4.87,3024.2,Brown Hydromorphic
112.6,57.5,90.1,31.6,84.3,6.55,3330.7,Riverine Alluvial
58.0,23.6,57.4,29.0,84.7,6.15,2871.0,Red Loam
63.9,18.2,75.3,29.5,74.0,5.55,3165.4,Laterite
80.9,33.3,35.7,29.0,91.7,4.86,3099.1,Brown Hydromorphic
57.9,41.7,80.7,35.1,75.8,7.37,1327.2,Black Cotton
30.0,17.2,75.8,29.0,84.7,5.61,4229.0,Laterite
82.7,53.6,127.6,21.0,73.2,7.34,2075.2,Clayey
81.2,34.0,37.2,35.1,92.9,4.5,3011.5,Brown Hydromorphic
81.3,36.3,83.3,26.8,67.1,7.92,1359.4,Black Cotton
60.1,35.1,65.2,30.4,71.1,6.35,2161.8,Red Loam
53.2,31.5,102.3,28.7,80.7,5.93,1837.4,Red Loam
64.8,47.3,61.2,27.8,61.7,8.11,1223.6,Black Cotton
54.0,47.0,67.7,25.4,89.5,6.53,2656.9,Riverine Alluvial
18.0,26.4,32.6,34.0,59.5,6.79,1680.5,Sandy
44.6,27.6,45.6,32.9,91.3,7.99,2462.6,Coastal Alluvial
59.7,53.4,43.3,28.1,87.7,4.88,2715.3,Brown Hydromorphic
69.9,43.5,53.9,27.5,89.8,6.76,2613.4,Riverine Alluvial
54.9,7.7,52.3,29.6,87.3,5.69,3937.7,Laterite
36.0,20.5,73.8,31.0,73.7,6.47,2572.9,Red Loam
18.0,27.9,27.1,31.3,60.0,6.49,1447.9,Sandy
64.8,30.7,55.1,31.8,88.5,4.45,3149.3,Brown Hydromorphic
22.5,34.4,47.0,33.4,92.4,7.1,2484.0,Coastal Alluvial
147.2,17.6,47.6,30.2,93.7,3.32,2768.7,Peaty
109.0,49.5,102.1,18.4,83.7,5.53,4455.0,Forest Loam
43.3,4.5,75.0,25.0,82.5,5.16,4137.3,Laterite
95.7,61.0,89.8,26.4,81.8,6.4,2742.9,Riverine Alluvial
100.6,45.0,82.2,30.3,79.0,6.87,3238.0,Riverine Alluvial
95.2,57.2,54.3,24.1,86.3,7.1,2897.6,Riverine Alluvial
153.5,45.3,111.1,22.8,93.4,6.24,4582.8,Forest Loam
78.5,40.8,58.5,30.6,56.0,7.69,1337.7,Black Cotton
115.7,33.8,44.1,28.6,88.5,4.07,2843.5,Peaty
102.0,26.6,38.8,32.4,94.1,3.94,2675.5,Peaty
72.0,34.2,100.9,28.9,78.0,6.41,3190.7,Riverine Alluvial
51.5,29.0,51.6,27.1,87.5,4.73,2760.0,Brown Hydromorphic
86.6,63.2,70.8,33.9,83.0,6.42,2822.2,Riverine Alluvial
76.6,24.0,66.9,29.9,68.0,6.13,2169.6,Red Loam
93.2,50.2,102.3,29.2,81.5,6.63,2213.0,Riverine Alluvial
52.3,37.9,65.2,25.3,85.8,4.62,3050.8,Brown Hydromorphic
118.4,46.9,69.0,29.3,83.2,6.62,2885.2,Riverine Alluvial
101.8,59.9,115.0,27.9,80.3,6.68,3095.2,Riverine Alluvial
105.7,33.2,126.7,19.5,87.9,6.31,3336.5,Forest Loam
84.1,49.6,68.8,23.6,71.1,6.67,1946.2,Loamy
102.2,31.3,41.0,31.8,93.0,4.48,3038.4,Peaty
103.9,52.5,119.6,31.7,82.3,6.93,3325.0,Riverine Alluvial
89.5,54.5,80.7,28.0,79.0,6.72,1566.6,Loamy
159.9,20.2,59.8,30.4,92.6,4.0,2820.6,Peaty
82.7,34.1,70.8,30.4,84.6,4.61,3120.1,Brown Hydromorphic
63.3,34.4,42.8,27.8,88.0,5.01,3435.4,Brown Hydromorphic
69.3,17.1,68.0,32.5,84.3,5.5,2368.8,Laterite
65.8,4.5,86.6,32.0,89.6,5.55,2616.5,Laterite
77.7,19.0,73.3,33.1,61.8,5.74,2707.2,Red Loam
79.6,35.2,60.9,33.4,84.8,4.65,3429.8,Brown Hydromorphic
62.0,32.7,49.5,28.0,80.6,6.24,2011.0,Red Loam
98.4,38.0,91.7,28.2,82.2,6.37,2958.3,Riverine Alluvial
42.2,7.7,84.5,25.1,72.8,5.83,3993.5,Laterite
80.5,25.0,76.1,30.9,73.7,6.1,2711.8,Red Loam
53.7,34.0,41.5,27.7,63.1,7.93,1261.5,Black Cotton
73.5,40.9,50.1,33.4,56.4,7.63,939.8,Black Cotton
80.8,42.4,63.1,28.6,86.3,4.03,3645.3,Brown Hydromorphic
76.6,53.4,49.6,29.9,87.4,4.42,3566.1,Brown Hydromorphic
54.6,39.2,42.7,31.0,80.5,4.28,2903.0,Brown Hydromorphic
49.9,18.8,82.8,31.5,81.5,5.15,2834.5,Laterite
68.2,26.6,115.6,27.5,68.0,6.08,2041.6,Red Loam
88.1,50.7,73.7,29.4,77.8,7.39,2792.3,Riverine Alluvial
89.3,53.5,108.1,27.9,76.3,6.89,2765.2,Riverine Alluvial
126.1,40.1,104.3,23.9,87.1,6.16,3681.3,Forest Loam
73.9,38.6,64.2,32.3,68.6,7.69,1372.4,Black Cotton
75.6,25.6,77.1,25.9,82.9,5.72,2555.2,Red Loam
87.7,54.8,74.2,25.7,87.6,6.86,2394.0,Riverine Alluvial
77.8,48.9,56.3,32.3,82.3,4.8,3079.0,Brown Hydromorphic
58.6,24.5,57.4,25.3,73.6,6.39,1716.3,Red Loam
124.7,42.7,93.3,25.7,82.8,5.18,4664.0,Forest Loam
109.0,41.6,65.6,28.3,73.9,6.94,3424.7,Riverine Alluvial
137.0,25.1,36.0,28.8,94.2,4.16,3074.6,Peaty
26.7,44.6,40.5,27.8,89.3,7.31,1988.6,Coastal Alluvial
74.3,28.9,73.2,28.5,78.5,6.1,2569.7,Red Loam
64.4,23.4,65.6,22.9,79.0,5.41,2909.3,Red Loam
66.7,18.1,72.8,34.2,78.5,5.94,2401.4,Red Loam
32.5,27.9,41.0,30.6,93.1,8.13,2127.7,Coastal Alluvial
82.1,15.9,102.8,27.1,75.3,6.4,3264.7,Red Loam
73.2,51.2,60.8,29.7,79.4,6.64,2622.5,Riverine Alluvial
41.8,15.8,42.5,25.9,82.8,5.67,3048.3,Laterite
64.3,22.7,70.0,28.3,73.6,5.49,1958.9,Red Loam
82.4,52.4,102.3,27.8,78.8,6.95,2574.8,Riverine Alluvial
65.8,20.4,78.7,32.4,82.2,5.56,2949.6,Laterite
68.6,49.0,99.9,34.2,75.7,7.15,2892.4,Riverine Alluvial
41.2,4.5,66.1,26.2,73.7,4.9,3858.5,Laterite
57.1,7.6,57.1,31.4,71.4,5.77,3370.1,Laterite
117.1,49.4,104.7,22.7,78.7,5.65,3728.6,Forest Loam
174.9,30.6,30.7,26.5,85.6,4.06,2542.8,Peaty
66.8,48.5,95.5,24.2,67.1,6.98,1866.3,Loamy
139.8,29.0,36.9,27.2,89.6,4.4,3175.8,Peaty
69.4,39.1,54.8,28.8,57.6,7.51,1396.8,Black Cotton
56.8,13.7,39.9,31.0,81.0,4.69,3883.8,Laterite
120.5,39.2,100.7,21.8,79.4,5.84,4884.7,Forest Loam
127.9,38.6,47.7,32.2,94.6,4.48,2402.3,Peaty
57.5,7.1,81.4,28.8,79.9,5.17,2918.6,Laterite
126.0,56.1,100.7,23.5,80.2,5.74,4266.1,Forest Loam
94.4,31.7,49.8,28.4,70.4,6.64,1700.7,Loamy
45.5,8.0,53.4,30.6,84.6,4.64,3938.2,Laterite
76.7,24.4,75.1,29.6,71.0,5.99,2284.5,Red Loam
90.6,39.6,57.2,30.8,63.7,7.23,1528.8,Black Cotton
69.2,54.0,62.8,29.5,81.2,6.47,3013.2,Riverine Alluvial
61.6,30.1,97.6,29.4,67.4,5.78,2481.5,Red Loam
68.3,15.0,55.3,28.7,81.3,5.28,3125.2,Laterite
68.9,15.0,66.8,27.7,70.8,5.34,2786.3,Laterite
71.7,51.2,70.1,25.9,73.1,7.23,2976.3,Riverine Alluvial
71.6,31.2,31.2,25.0,86.6,4.67,3174.5,Brown Hydromorphic
107.0,41.7,90.2,29.3,71.3,7.63,2521.5,Clayey
157.6,31.8,114.4,22.8,88.8,5.37,3677.1,Forest Loam
89.0,13.5,52.7,31.0,77.4,6.32,2206.2,Red Loam
56.8,33.5,94.3,32.0,72.7,6.41,1977.2,Red Loam
21.1,20.8,49.7,31.3,51.9,6.52,1610.5,Sandy
46.1,49.5,56.6,32.1,79.7,7.79,1683.6,Coastal Alluvial
99.4,17.2,36.4,28.8,91.6,3.35,2927.6,Peaty
115.2,53.8,109.6,19.3,79.0,5.66,4390.9,Forest Loam
69.2,31.1,66.2,32.2,81.9,6.12,2514.6,Red Loam
57.6,36.4,52.8,29.3,86.7,7.64,2090.7,Coastal Alluvial
52.8,18.9,87.4,26.8,85.6,5.44,2904.0,Laterite
76.0,33.3,68.0,27.4,85.4,4.88,3227.3,Brown Hydromorphic
150.0,29.9,47.9,33.3,90.6,4.13,3286.3,Peaty
62.1,40.4,48.1,26.5,90.1,5.38,3335.3,Brown Hydromorphic
44.1,29.3,93.2,29.4,84.0,5.73,2576.0,Red Loam
39.7,23.5,91.6,25.2,67.5,6.31,1962.4,Red Loam
60.4,32.6,39.4,26.7,89.6,4.88,3192.8,Brown Hydromorphic
83.5,29.4,61.9,31.3,56.4,7.5,1690.5,Black Cotton
62.7,11.3,63.0,29.7,87.7,5.16,2651.6,Laterite
88.0,15.6,61.8,28.4,79.2,5.17,3203.4,Laterite
39.3,32.5,43.0,27.0,91.8,8.45,2347.9,Coastal Alluvial
74.3,56.4,58.5,28.7,79.5,7.05,2400.1,Riverine Alluvial
79.2,48.7,54.7,36.2,62.6,8.0,1467.0,Black Cotton
63.0,17.7,58.5,29.5,90.1,5.35,3823.5,Laterite
87.3,43.5,94.0,30.4,78.5,7.2,2277.5,Clayey
65.2,38.3,59.3,26.8,94.2,8.51,2219.6,Coastal Alluvial
52.4,37.4,72.6,24.7,89.2,7.91,1818.2,Coastal Alluvial
61.0,4.9,53.8,29.5,82.3,4.94,3488.7,Laterite
144.1,32.6,35.3,30.7,90.8,4.32,3276.4,Peaty
78.6,70.1,96.6,27.7,68.1,6.5,2343.6,Riverine Alluvial
77.8,20.6,114.1,31.2,76.8,6.64,2815.9,Red Loam
67.0,18.5,93.4,32.1,81.9,5.21,4044.8,Laterite
68.3,16.5,49.7,24.3,83.2,5.79,3305.8,Laterite
53.2,16.8,74.8,30.4,79.8,5.44,2609.4,Laterite
59.9,16.3,82.7,29.9,81.1,5.11,3724.2,Laterite
73.9,30.1,54.5,33.4,80.2,5.07,2767.7,Brown Hydromorphic
68.4,19.6,71.2,30.1,75.0,5.54,2969.5,Red Loam
46.0,18.0,55.5,35.3,83.6,8.09,2253.5,Coastal Alluvial
45.0,45.8,41.3,31.3,92.7,8.02,1446.6,Coastal Alluvial
83.2,52.2,85.4,26.9,81.1,7.4,3173.5,Riverine Alluvial
81.6,39.3,87.9,27.5,81.5,6.3,2149.2,Riverine Alluvial
60.3,13.1,84.7,28.3,72.9,5.28,4083.8,Laterite
36.0,30.5,28.0,28.9,49.6,6.9,1395.0,Sandy
74.2,38.1,64.2,31.3,62.9,7.08,1588.5,Black Cotton
102.3,35.6,104.5,17.3,83.6,5.91,3439.9,Forest Loam
114.9,36.3,108.3,18.6,92.0,6.41,3962.5,Forest Loam
24.4,31.3,60.5,32.6,91.5,7.68,1863.3,Coastal Alluvial
82.5,18.0,48.3,30.9,87.2,4.71,3043.3,Brown Hydromorphic
58.8,38.4,73.9,25.8,66.3,8.24,1293.9,Black Cotton
63.5,31.4,83.8,28.8,80.3,6.62,2339.2,Clayey
61.9,21.1,80.3,28.8,79.7,5.3,2770.4,Laterite
58.0,27.7,88.5,25.6,80.5,5.99,2459.9,Red Loam
63.0,27.5,57.8,28.4,88.4,5.77,1886.4,Red Loam
101.3,59.6,95.6,30.8,75.1,6.76,2468.5,Riverine Alluvial
44.8,16.0,69.5,26.9,71.3,5.26,3239.4,Laterite
96.4,57.9,84.4,26.2,71.5,7.56,2880.5,Riverine Alluvial
60.2,23.5,67.2,32.0,88.5,5.15,3162.6,Laterite
97.5,67.4,104.7,30.4,81.1,6.69,2953.6,Riverine Alluvial
59.5,33.8,52.9,32.3,78.6,6.26,2889.6,Red Loam
57.2,16.6,77.0,31.1,87.9,5.33,2361.9,Laterite
46.1,40.9,66.5,25.3,70.5,6.27,1422.0,Loamy
88.0,13.4,56.1,25.8,74.9,4.4,3900.2,Laterite
37.0,20.1,80.5,28.2,75.1,6.61,2467.2,Red Loam
69.9,35.5,54.4,29.1,78.6,6.09,2315.5,Red Loam
92.3,60.1,76.8,24.7,80.7,7.43,1957.4,Clayey
52.0,18.3,85.7,27.0,79.2,5.99,3970.9,Laterite
48.4,13.8,67.8,28.2,83.7,4.85,3642.6,Laterite
47.8,47.8,58.2,30.9,86.6,7.46,1961.4,Coastal Alluvial
86.0,25.0,68.8,32.4,74.6,6.15,2285.8,Red Loam
47.1,18.1,50.9,25.8,71.3,4.95,2848.3,Laterite
133.0,30.5,42.5,30.9,92.0,3.95,3218.3,Peaty
71.1,37.0,72.9,23.5,69.9,7.16,3369.0,Riverine Alluvial
66.6,40.2,55.6,32.0,65.9,8.06,1531.6,Black Cotton
77.1,57.9,81.4,27.1,86.7,7.41,1919.5,Clayey
137.8,30.3,48.1,30.0,88.2,4.49,2648.8,Peaty
69.8,20.7,37.8,31.5,94.8,4.75,2983.7,Brown Hydromorphic
43.7,47.3,76.5,29.8,85.9,7.39,1689.7,Coastal Alluvial
81.6,25.4,84.9,35.5,80.3,6.33,2325.8,Red Loam
24.8,30.8,60.2,31.3,57.3,6.55,906.5,Sandy
64.9,16.2,58.0,31.6,82.7,5.29,3550.2,Laterite
64.9,24.8,70.6,33.7,79.1,5.25,3465.5,Laterite
48.7,30.1,64.4,34.4,86.7,7.56,2059.2,Coastal Alluvial
65.2,50.3,95.8,30.6,82.4,7.73,2271.0,Clayey
80.0,38.0,87.5,25.6,72.6,7.15,1628.4,Clayey
92.5,51.5,103.6,27.6,83.2,6.63,3194.2,Riverine Alluvial
48.9,6.5,88.2,26.6,79.3,5.37,3618.9,Laterite
59.3,7.1,67.5,30.4,88.2,4.84,4256.2,Laterite
48.2,35.0,49.5,32.9,96.3,4.66,3236.5,Brown Hydromorphic
110.7,29.2,91.8,20.8,84.7,5.99,3911.1,Forest Loam
27.6,30.0,66.7,27.2,85.3,7.75,1692.4,Coastal Alluvial
102.5,49.5,95.5,32.4,83.4,6.94,2613.0,Riverine Alluvial
83.1,36.2,81.7,24.4,63.2,6.12,1918.2,Loamy
66.4,26.9,72.3,31.1,72.2,6.41,2536.2,Red Loam
66.0,17.7,79.0,27.0,74.7,5.58,4096.8,Laterite
53.8,10.8,71.9,28.6,92.8,5.02,3087.4,Laterite
88.2,45.3,106.4,17.5,80.9,5.92,4300.1,Forest Loam
65.2,23.8,110.3,26.8,63.3,5.36,2752.3,Red Loam
58.5,10.5,81.3,31.5,77.2,5.4,3338.3,Laterite
60.0,11.8,87.6,26.0,77.4,4.99,2678.0,Laterite
85.6,48.8,80.3,29.1,77.2,6.42,2142.5,Loamy
40.2,28.7,59.4,29.7,88.0,8.08,1970.5,Coastal Alluvial
76.7,51.4,73.1,33.9,69.4,8.11,1094.2,Black Cotton
58.6,24.0,68.6,33.8,72.6,6.15,3167.0,Red Loam
111.6,41.6,84.5,24.2,79.9,5.87,4691.3,Forest Loam
63.2,32.7,34.8,34.1,95.4,7.46,2414.5,Coastal Alluvial
110.6,61.3,126.1,17.7,81.3,5.48,5244.9,Forest Loam
84.4,58.3,113.7,16.3,81.2,5.61,3527.3,Forest Loam
57.5,29.8,50.3,25.9,73.5,7.95,2525.8,Coastal Alluvial
85.4,22.7,78.3,29.3,77.6,6.16,1777.8,Red Loam
72.6,31.2,68.4,27.2,74.7,6.95,1476.7,Loamy
52.7,24.8,65.2,28.6,69.7,6.35,2641.3,Red Loam
63.6,40.8,51.3,29.7,94.2,5.78,2799.6,Brown Hydromorphic
69.5,37.1,54.1,27.8,89.1,5.11,3381.4,Brown Hydromorphic
68.8,39.6,106.6,28.7,82.4,6.52,3302.9,Riverine Alluvial
83.3,34.2,77.9,33.0,64.3,7.98,1058.1,Black Cotton
54.4,25.8,68.7,26.9,79.7,6.68,1530.0,Red Loam
35.4,35.1,41.9,28.6,83.0,7.78,1674.9,Coastal Alluvial
57.4,27.5,89.0,31.2,78.8,6.1,2193.3,Red Loam
62.8,44.4,81.6,32.7,64.0,7.95,1574.7,Black Cotton
71.0,30.9,45.2,31.3,62.6,8.14,1526.0,Black Cotton
79.7,35.3,54.6,30.8,58.6,7.36,1411.6,Black Cotton
73.6,26.4,59.3,33.2,78.2,6.35,2433.2,Red Loam
52.6,10.8,89.3,26.9,79.7,5.39,2858.6,Laterite
50.2,27.9,68.0,28.4,80.6,7.99,2035.6,Coastal Alluvial
141.7,27.6,53.2,32.0,90.7,4.6,2934.1,Peaty
103.1,46.1,60.7,18.9,86.9,5.36,4393.7,Forest Loam
88.6,47.0,73.3,23.7,73.0,6.87,2183.6,Clayey
47.0,30.0,54.2,27.8,81.7,4.6,2986.2,Brown Hydromorphic
69.0,42.5,82.4,25.5,77.8,7.14,2952.4,Riverine Alluvial
47.3,9.6,73.9,23.1,77.1,5.53,3945.2,Laterite
51.8,25.5,80.6,29.3,77.9,6.21,2880.5,Red Loam
61.5,23.1,68.8,27.9,77.1,6.15,2727.7,Red Loam
59.3,21.1,31.0,29.9,92.8,7.81,1992.3,Coastal Alluvial
35.0,38.3,60.6,33.8,74.0,7.55,2183.0,Coastal Alluvial
79.9,37.9,97.8,32.3,82.7,7.11,2745.6,Riverine Alluvial
86.6,30.8,46.2,26.8,93.1,4.37,3226.2,Brown Hydromorphic
74.2,28.4,73.9,25.4,83.3,6.11,2552.0,Red Loam
33.4,25.0,33.4,26.4,47.4,7.37,1249.9,Sandy
71.8,31.3,37.9,32.5,68.8,8.16,1298.2,Black Cotton
83.7,47.6,89.7,30.4,74.6,6.6,2990.8,Riverine Alluvial
60.3,19.1,57.2,25.1,84.5,5.54,4038.2,Laterite
46.0,11.7,48.1,28.3,83.5,5.49,4088.9,Laterite
105.0,39.1,89.2,31.8,78.9,6.7,2897.7,Riverine Alluvial
95.0,38.3,105.3,26.0,78.4,6.49,2673.5,Riverine Alluvial
44.3,39.7,52.4,33.3,77.3,7.22,1745.5,Coastal Alluvial
56.5,36.1,47.8,30.6,92.9,4.1,2975.3,Brown Hydromorphic
82.6,48.9,60.0,30.9,94.9,4.56,2683.1,Brown Hydromorphic
66.1,66.7,96.7,26.2,85.9,7.28,1574.6,Clayey
67.6,27.5,64.3,32.7,79.9,4.87,2905.7,Brown Hydromorphic
69.1,26.8,87.0,31.0,78.8,6.09,2891.1,Red Loam
49.0,19.9,66.1,27.0,80.5,5.44,3278.6,Laterite
67.6,29.6,66.3,31.8,66.5,7.2,1337.0,Black Cotton
54.2,11.7,75.4,32.5,86.5,5.58,2685.5,Laterite
55.3,44.8,63.0,35.8,92.4,7.74,2424.8,Coastal Alluvial
69.6,26.7,91.6,28.3,70.2,5.8,2394.4,Red Loam
68.2,15.3,63.9,29.7,84.4,5.02,3767.1,Laterite
58.8,40.0,48.4,32.0,95.6,7.67,2168.5,Coastal Alluvial
62.5,11.4,83.9,22.8,74.6,5.94,2663.5,Laterite
166.4,31.6,54.7,27.3,92.3,4.34,3241.7,Peaty
75.1,43.6,95.6,24.8,70.7,6.83,1680.7,Loamy
90.7,61.1,81.5,25.7,77.1,6.81,3079.6,Riverine Alluvial
83.2,42.1,69.4,24.7,76.1,7.53,2042.0,Clayey
36.8,8.0,36.0,30.5,91.0,5.81,2541.9,Laterite
56.4,48.6,66.3,27.6,77.7,6.13,1719.6,Loamy
77.4,31.1,90.1,28.1,69.5,6.13,2786.0,Red Loam
78.3,51.5,61.6,28.9,75.3,6.44,2296.9,Loamy
32.2,42.5,72.9,28.7,84.7,7.88,1770.2,Coastal Alluvial
56.5,7.5,74.2,27.7,92.1,4.95,3111.6,Laterite
68.6,45.6,72.8,26.7,82.5,7.15,3358.1,Riverine Alluvial
65.1,14.5,79.1,29.3,78.8,5.37,2811.0,Laterite
146.9,25.7,29.6,25.8,97.4,4.29,3022.5,Peaty
45.2,35.9,42.8,29.0,91.3,7.79,2033.6,Coastal Alluvial
72.2,28.0,106.7,30.2,81.5,6.1,2393.6,Red Loam
66.0,31.7,70.3,31.1,75.9,5.65,2384.5,Red Loam
112.5,41.2,98.4,25.4,83.5,5.63,4014.0,Forest Loam
39.8,9.1,106.0,29.8,84.4,5.6,3702.6,Laterite
77.4,71.3,95.2,28.5,85.8,6.21,3675.4,Riverine Alluvial
85.5,45.4,92.6,28.8,69.8,7.19,2243.1,Clayey
84.6,22.4,101.2,35.6,68.8,6.85,2513.1,Red Loam
90.3,46.7,70.3,28.9,78.5,6.88,1463.7,Clayey
56.5,32.8,30.9,25.7,85.2,4.75,2745.2,Brown Hydromorphic
107.7,55.1,85.3,17.0,79.1,5.87,3790.3,Forest Loam
100.5,46.7,73.2,25.1,83.9,6.9,2804.2,Riverine Alluvial
140.2,39.1,78.2,23.3,86.9,6.38,3363.8,Forest Loam
92.4,59.7,95.2,29.3,81.0,6.68,2951.2,Riverine Alluvial
85.1,50.0,67.9,28.1,77.7,6.45,2725.5,Riverine Alluvial
73.7,37.0,51.5,27.8,83.4,4.85,2788.7,Brown Hydromorphic
46.9,34.1,75.7,29.0,64.4,6.38,2714.0,Red Loam
110.2,57.3,100.4,28.4,71.8,6.7,2581.5,Riverine Alluvial
111.7,74.8,93.5,28.7,78.1,6.77,3099.4,Riverine Alluvial
65.0,17.3,87.4,30.3,85.7,5.35,3045.1,Laterite
80.3,35.8,58.3,30.0,90.2,4.73,2979.2,Brown Hydromorphic
60.8,61.9,85.4,26.2,81.1,6.73,1977.3,Clayey
65.1,17.8,86.4,28.2,85.2,4.83,3244.3,Laterite
70.2,22.0,63.4,29.0,76.0,6.42,1530.0,Red Loam
76.7,45.8,113.9,26.3,70.9,6.78,2856.9,Riverine Alluvial
67.2,43.5,67.8,32.8,62.4,7.73,1122.1,Black Cotton
76.4,32.0,52.0,35.7,95.9,4.22,2389.1,Brown Hydromorphic
65.1,26.9,61.0,24.8,65.6,7.99,1267.3,Black Cotton
61.2,49.2,56.6,29.4,89.5,4.81,3188.7,Brown Hydromorphic
111.8,48.2,99.1,25.3,83.3,6.23,3628.7,Forest Loam
86.8,40.9,72.1,27.1,73.0,6.02,2698.9,Red Loam
148.7,26.0,53.3,30.2,91.6,4.72,3223.8,Peaty
73.2,44.3,82.0,29.1,75.7,6.62,3384.5,Riverine Alluvial
72.6,37.0,74.1,26.7,51.1,8.17,1736.2,Black Cotton
68.3,27.0,67.4,22.8,79.7,5.86,2668.7,Red Loam
89.4,27.8,64.6,26.4,84.3,5.18,3603.4,Brown Hydromorphic
52.0,12.7,70.1,30.5,79.8,5.22,3032.2,Laterite
104.0,42.1,49.5,33.2,85.4,7.48,2918.7,Riverine Alluvial
181.6,27.0,50.3,32.7,91.4,4.79,2911.2,Peaty
47.8,28.6,66.7,28.1,91.6,7.04,1894.1,Coastal Alluvial
91.1,42.9,66.3,29.6,92.4,4.53,3221.8,Brown Hydromorphic
45.5,42.7,67.3,33.7,67.5,8.93,1652.3,Black Cotton
86.2,34.8,69.2,29.8,81.3,4.66,3292.5,Brown Hydromorphic
92.4,49.1,100.6,28.7,81.8,6.32,2945.3,Riverine Alluvial
43.5,38.2,49.1,34.2,77.7,7.61,1809.0,Coastal Alluvial
84.5,37.9,111.4,30.2,82.1,8.4,2009.8,Clayey
29.7,18.9,96.1,28.6,86.3,6.0,2731.7,Laterite
45.4,34.5,81.4,33.4,71.2,6.27,2862.1,Red Loam
164.0,18.9,43.4,32.4,96.4,4.2,2643.0,Peaty
57.0,24.9,71.3,32.4,80.5,5.52,3680.7,Laterite
117.8,48.7,92.5,20.2,83.5,5.31,3880.8,Forest Loam
84.7,43.2,72.1,24.7,73.6,6.64,1813.3,Loamy
35.9,22.1,27.0,25.8,79.8,7.85,1768.9,Coastal Alluvial
58.9,50.1,94.8,29.2,70.3,7.42,1925.1,Clayey
89.3,34.4,79.0,28.1,77.2,6.73,3138.4,Riverine Alluvial
101.1,56.4,92.0,27.4,81.4,7.01,3037.0,Riverine Alluvial
36.2,32.4,46.0,33.8,79.3,7.63,2154.4,Coastal Alluvial
51.0,12.9,88.7,31.6,77.3,5.2,3584.3,Laterite
81.1,42.0,58.8,27.5,93.2,4.9,3133.8,Brown Hydromorphic
55.2,26.4,59.0,27.6,91.8,5.18,3010.3,Brown Hydromorphic
136.2,53.8,91.7,19.2,83.7,5.61,4385.6,Forest Loam
84.5,47.7,62.1,25.4,85.1,6.77,2984.2,Riverine Alluvial
80.1,50.5,70.3,31.3,75.6,7.09,3226.0,Riverine Alluvial
73.9,64.1,109.6,27.2,72.8,6.64,3050.9,Riverine Alluvial
